{"type": "FeatureCollection", "features": [{"type": "Feature", "properties": {"name": "Standard NH-29 Hill Pass via Dimapur (Guwahati to Kohima)", "distance_km": 343.5, "duration_hrs": 4.6}, "geometry": {"type": "LineString", "coordinates": [[91.736153, 26.144276], [91.736389, 26.144236], [91.73674, 26.144276], [91.737061, 26.144411], [91.737321, 26.144627], [91.737494, 26.144905], [91.737563, 26.145217], [91.737523, 26.145533], [91.737369, 26.145841], [91.737798, 26.145863], [91.737827, 26.146258], [91.737835, 26.146366], [91.737873, 26.146591], [91.737919, 26.146857], [91.737925, 26.146878], [91.737975, 26.147002], [91.738033, 26.147134], [91.738245, 26.147635], [91.738455, 26.147607], [91.73856, 26.147592], [91.738782, 26.147551], [91.739222, 26.147471], [91.739509, 26.147387], [91.739788, 26.147305], [91.739847, 26.147288], [91.740373, 26.147165], [91.740756, 26.147136], [91.740725, 26.146609], [91.740725, 26.146477], [91.740725, 26.14624], [91.740738, 26.146187], [91.740864, 26.145674], [91.740897, 26.145538], [91.741041, 26.145156], [91.741117, 26.144957], [91.741298, 26.144479], [91.741722, 26.14365], [91.741886, 26.143274], [91.741955, 26.143017], [91.74199, 26.142884], [91.741995, 26.142827], [91.742023, 26.142494], [91.74203, 26.142408], [91.741993, 26.142042], [91.741976, 26.141972], [91.741933, 26.141801], [91.741887, 26.141612], [91.741745, 26.141289], [91.74153, 26.140898], [91.741351, 26.140633], [91.740855, 26.13991], [91.740706, 26.139613], [91.740596, 26.139391], [91.740546, 26.139293], [91.74031, 26.138991], [91.740237, 26.138891], [91.740193, 26.138843], [91.740081, 26.138721], [91.739314, 26.137892], [91.738554, 26.13707], [91.737778, 26.136396], [91.737449, 26.136111], [91.737212, 26.135905], [91.736949, 26.135676], [91.736734, 26.135306], [91.73664, 26.135036], [91.736607, 26.134902], [91.736554, 26.134682], [91.736545, 26.134634], [91.736483, 26.134279], [91.736468, 26.134196], [91.736415, 26.133623], [91.736384, 26.133285], [91.736382, 26.133264], [91.736382, 26.132414], [91.736382, 26.132347], [91.736413, 26.131784], [91.736416, 26.131707], [91.73642, 26.131582], [91.736429, 26.131206], [91.736601, 26.130647], [91.736938, 26.130105], [91.736955, 26.130079], [91.737449, 26.129392], [91.738092, 26.12873], [91.738367, 26.128494], [91.738833, 26.128094], [91.739487, 26.12776], [91.73953, 26.127738], [91.739826, 26.127586], [91.739906, 26.127545], [91.740249, 26.127398], [91.740914, 26.127112], [91.741461, 26.126948], [91.742009, 26.126802], [91.742352, 26.12671], [91.743173, 26.126551], [91.743728, 26.126435], [91.743993, 26.126412], [91.744104, 26.126402], [91.745356, 26.126014], [91.747019, 26.125503], [91.747824, 26.125224], [91.748349, 26.124896], [91.748489, 26.124636], [91.748468, 26.123353], [91.748466, 26.123241], [91.748472, 26.123029], [91.74848, 26.122928], [91.748613, 26.121284], [91.74862, 26.121199], [91.748636, 26.120629], [91.748642, 26.120417], [91.748666, 26.119598], [91.748642, 26.118279], [91.748639, 26.118079], [91.748639, 26.118052], [91.748638, 26.117915], [91.748632, 26.116947], [91.748631, 26.116689], [91.748623, 26.116257], [91.748616, 26.115831], [91.748609, 26.115437], [91.748605, 26.115215], [91.748653, 26.114567], [91.748731, 26.114064], [91.748809, 26.11371], [91.748862, 26.113556], [91.748877, 26.113496], [91.748915, 26.113447], [91.749071, 26.112715], [91.749228, 26.112261], [91.749435, 26.111868], [91.750469, 26.111867], [91.750993, 26.111853], [91.752325, 26.111807], [91.752365, 26.111806], [91.752872, 26.111795], [91.754674, 26.111766], [91.755097, 26.111762], [91.756834, 26.111741], [91.756906, 26.11174], [91.758268, 26.111725], [91.758411, 26.111724], [91.758405, 26.111505], [91.758566, 26.111501], [91.765535, 26.111397], [91.767248, 26.111393], [91.776305, 26.111201], [91.777382, 26.1112], [91.778455, 26.111131], [91.77982, 26.111191], [91.781161, 26.111215], [91.782017, 26.111239], [91.783597, 26.111299], [91.784638, 26.11134], [91.786081, 26.111376], [91.788188, 26.111397], [91.788329, 26.111398], [91.78921, 26.111424], [91.789608, 26.111436], [91.791267, 26.111536], [91.791735, 26.111559], [91.792381, 26.111595], [91.79301, 26.111672], [91.793245, 26.1117], [91.793711, 26.111756], [91.795953, 26.112054], [91.798171, 26.112372], [91.799099, 26.112494], [91.799804, 26.11257], [91.801028, 26.112712], [91.801358, 26.112762], [91.801496, 26.112788], [91.801739, 26.112845], [91.801894, 26.112886], [91.802211, 26.112975], [91.802754, 26.113141], [91.803255, 26.11331], [91.804345, 26.113654], [91.805996, 26.114124], [91.806074, 26.114147], [91.807092, 26.114422], [91.807548, 26.114546], [91.807957, 26.11467], [91.808922, 26.114931], [91.810971, 26.115461], [91.811457, 26.115608], [91.811862, 26.115736], [91.811909, 26.115754], [91.812074, 26.115817], [91.812241, 26.115891], [91.812575, 26.116073], [91.813235, 26.116477], [91.815183, 26.117713], [91.815445, 26.117862], [91.815713, 26.117995], [91.81588, 26.11807], [91.816061, 26.11814], [91.816271, 26.118217], [91.816489, 26.118292], [91.816698, 26.118357], [91.816801, 26.11839], [91.817017, 26.118447], [91.817256, 26.1185], [91.818034, 26.118647], [91.819281, 26.118872], [91.819538, 26.118919], [91.820837, 26.119183], [91.821372, 26.119283], [91.824327, 26.11981], [91.824565, 26.119813], [91.824696, 26.119803], [91.824849, 26.119779], [91.825101, 26.119738], [91.82533, 26.119691], [91.82564, 26.119633], [91.826233, 26.119524], [91.826802, 26.119427], [91.827405, 26.119305], [91.82839, 26.11912], [91.82928, 26.118965], [91.829723, 26.118883], [91.830002, 26.118835], [91.830264, 26.118787], [91.830398, 26.118751], [91.830486, 26.118718], [91.830573, 26.118669], [91.830644, 26.118609], [91.830711, 26.11853], [91.830759, 26.118449], [91.830805, 26.118338], [91.830844, 26.11822], [91.8309, 26.118084], [91.830947, 26.11801], [91.831009, 26.11795], [91.831082, 26.117907], [91.831179, 26.117878], [91.831293, 26.117858], [91.831418, 26.117839], [91.831559, 26.117816], [91.831694, 26.117779], [91.831801, 26.117744], [91.831901, 26.117696], [91.831971, 26.117644], [91.83202, 26.117587], [91.832047, 26.117529], [91.832055, 26.117456], [91.832047, 26.117395], [91.832023, 26.117333], [91.831995, 26.117284], [91.831945, 26.11723], [91.831897, 26.117188], [91.831797, 26.117111], [91.83172, 26.11705], [91.831669, 26.117002], [91.831633, 26.116957], [91.831612, 26.116917], [91.831601, 26.11686], [91.8316, 26.116798], [91.83161, 26.116749], [91.831637, 26.116698], [91.831678, 26.116659], [91.831723, 26.116631], [91.831776, 26.116615], [91.831831, 26.116612], [91.831892, 26.116618], [91.831967, 26.116643], [91.832021, 26.116673], [91.832154, 26.116761], [91.832283, 26.116852], [91.832376, 26.116902], [91.832432, 26.11693], [91.832477, 26.116946], [91.832519, 26.116957], [91.832575, 26.116963], [91.832625, 26.11696], [91.832699, 26.116941], [91.832753, 26.116919], [91.83281, 26.116884], [91.832876, 26.116825], [91.832929, 26.116764], [91.83299, 26.116678], [91.833028, 26.116596], [91.833051, 26.116478], [91.833067, 26.116368], [91.833089, 26.116273], [91.833125, 26.116168], [91.833173, 26.116076], [91.833232, 26.116014], [91.833287, 26.115975], [91.833354, 26.11594], [91.833416, 26.11592], [91.833489, 26.115905], [91.833573, 26.115894], [91.833668, 26.115901], [91.833783, 26.115919], [91.833881, 26.115931], [91.833941, 26.115934], [91.833994, 26.115929], [91.834055, 26.115911], [91.834105, 26.115886], [91.834152, 26.115852], [91.834191, 26.115808], [91.834231, 26.115736], [91.834269, 26.115621], [91.834316, 26.115496], [91.834369, 26.115381], [91.834434, 26.115284], [91.834493, 26.115188], [91.834538, 26.115098], [91.83456, 26.114996], [91.83456, 26.114905], [91.834548, 26.114773], [91.834525, 26.114645], [91.834514, 26.114552], [91.834514, 26.114474], [91.83453, 26.114408], [91.834576, 26.114352], [91.834632, 26.114315], [91.834701, 26.114286], [91.834803, 26.114268], [91.834921, 26.11424], [91.835027, 26.1142], [91.835111, 26.114162], [91.835181, 26.114115], [91.835249, 26.114046], [91.835296, 26.113982], [91.835331, 26.113892], [91.835358, 26.113796], [91.835391, 26.113678], [91.835425, 26.113556], [91.835481, 26.113448], [91.83555, 26.113364], [91.835614, 26.113303], [91.835696, 26.113239], [91.835717, 26.113227], [91.83579, 26.113186], [91.835906, 26.113144], [91.836018, 26.11311], [91.836137, 26.113069], [91.836254, 26.113022], [91.836338, 26.112975], [91.836439, 26.112906], [91.83661, 26.112801], [91.836691, 26.11276], [91.836797, 26.112705], [91.836884, 26.112659], [91.836977, 26.112589], [91.837065, 26.112503], [91.837193, 26.112384], [91.837278, 26.112313], [91.837394, 26.112248], [91.837518, 26.112196], [91.837644, 26.112161], [91.837817, 26.112141], [91.837974, 26.11214], [91.838131, 26.112141], [91.838287, 26.112139], [91.838491, 26.112122], [91.838644, 26.112098], [91.838787, 26.112057], [91.838931, 26.112004], [91.839046, 26.111948], [91.839214, 26.111869], [91.83944, 26.111756], [91.839617, 26.111669], [91.839794, 26.11157], [91.839912, 26.111492], [91.839998, 26.111416], [91.840093, 26.11131], [91.840186, 26.111168], [91.840266, 26.111044], [91.840348, 26.110943], [91.840438, 26.110854], [91.840565, 26.110751], [91.840687, 26.110669], [91.840789, 26.11062], [91.840923, 26.110578], [91.841088, 26.110562], [91.841261, 26.110561], [91.841422, 26.110565], [91.841547, 26.11056], [91.841662, 26.110541], [91.841758, 26.110513], [91.841868, 26.110463], [91.842034, 26.110367], [91.842175, 26.110285], [91.842291, 26.110224], [91.84246, 26.110152], [91.842604, 26.110101], [91.842776, 26.110055], [91.842995, 26.110007], [91.843284, 26.109944], [91.84381, 26.109836], [91.844105, 26.109772], [91.84426, 26.109725], [91.844369, 26.109679], [91.844459, 26.109624], [91.844555, 26.109547], [91.844683, 26.109449], [91.844809, 26.10937], [91.844953, 26.109297], [91.845109, 26.109233], [91.845283, 26.109176], [91.845418, 26.109151], [91.845562, 26.109145], [91.845706, 26.109154], [91.845841, 26.109183], [91.845951, 26.109207], [91.846065, 26.109232], [91.846179, 26.109236], [91.846288, 26.109227], [91.846383, 26.109201], [91.846468, 26.109156], [91.846576, 26.109088], [91.846714, 26.108981], [91.846997, 26.108773], [91.84728, 26.108614], [91.847605, 26.108464], [91.847905, 26.108325], [91.84809, 26.108243], [91.848224, 26.108197], [91.848346, 26.108171], [91.848475, 26.108163], [91.848628, 26.108177], [91.848798, 26.108219], [91.848966, 26.108274], [91.849234, 26.108358], [91.849536, 26.10846], [91.84974, 26.108525], [91.849917, 26.108581], [91.850047, 26.108613], [91.85017, 26.108637], [91.850325, 26.108656], [91.850546, 26.108664], [91.850751, 26.108667], [91.850837, 26.108666], [91.850955, 26.108664], [91.85117, 26.108657], [91.851341, 26.108638], [91.851451, 26.108616], [91.851556, 26.108581], [91.851636, 26.108543], [91.851739, 26.108472], [91.851829, 26.108391], [91.851986, 26.108239], [91.852144, 26.108095], [91.85232, 26.10793], [91.852799, 26.107481], [91.853012, 26.107276], [91.853158, 26.107137], [91.853291, 26.107014], [91.853449, 26.106872], [91.853573, 26.106765], [91.853681, 26.106683], [91.853846, 26.106572], [91.854054, 26.106453], [91.854294, 26.106332], [91.85452, 26.106224], [91.854733, 26.106115], [91.854962, 26.105998], [91.855275, 26.105843], [91.855325, 26.105817], [91.855601, 26.105678], [91.855851, 26.105549], [91.856113, 26.105413], [91.85642, 26.105253], [91.856817, 26.105051], [91.857211, 26.104852], [91.857681, 26.104619], [91.857947, 26.104497], [91.85815, 26.104413], [91.85837, 26.104326], [91.858527, 26.104264], [91.858697, 26.104194], [91.85883, 26.104124], [91.858929, 26.104066], [91.859028, 26.103993], [91.859124, 26.103928], [91.859228, 26.10387], [91.859327, 26.103829], [91.859429, 26.10381], [91.85958, 26.1038], [91.859719, 26.103803], [91.859828, 26.103801], [91.859942, 26.103791], [91.860046, 26.103763], [91.86014, 26.103716], [91.860255, 26.103644], [91.860478, 26.103481], [91.860648, 26.103347], [91.860925, 26.103127], [91.861154, 26.102944], [91.861252, 26.102892], [91.861343, 26.102869], [91.861446, 26.102863], [91.861579, 26.102869], [91.861707, 26.102872], [91.861854, 26.102864], [91.861994, 26.102833], [91.862124, 26.102799], [91.862244, 26.102763], [91.862357, 26.102739], [91.862479, 26.102727], [91.862612, 26.102733], [91.862735, 26.102762], [91.862852, 26.102799], [91.862956, 26.102832], [91.863053, 26.102849], [91.863166, 26.102852], [91.863274, 26.102837], [91.86338, 26.102802], [91.863469, 26.10276], [91.863581, 26.102685], [91.863757, 26.102561], [91.863917, 26.102435], [91.864047, 26.102313], [91.864135, 26.102201], [91.86422, 26.102085], [91.864338, 26.101923], [91.864441, 26.101791], [91.864522, 26.101702], [91.864606, 26.101641], [91.864719, 26.101587], [91.864892, 26.101522], [91.86501, 26.101472], [91.865101, 26.101425], [91.865168, 26.101382], [91.865239, 26.101308], [91.86532, 26.101205], [91.865464, 26.100974], [91.865632, 26.100726], [91.86569, 26.100652], [91.865745, 26.100605], [91.865797, 26.100574], [91.865857, 26.100552], [91.865927, 26.100539], [91.865996, 26.100539], [91.866067, 26.100551], [91.866124, 26.100571], [91.866172, 26.1006], [91.86621, 26.100635], [91.866245, 26.100673], [91.866271, 26.100714], [91.86629, 26.100757], [91.866302, 26.10081], [91.866303, 26.100863], [91.866297, 26.100914], [91.866274, 26.100966], [91.866237, 26.101036], [91.866203, 26.101096], [91.86618, 26.101155], [91.86617, 26.101218], [91.866174, 26.101277], [91.866191, 26.10134], [91.866218, 26.101389], [91.86625, 26.101425], [91.866292, 26.101463], [91.866334, 26.101491], [91.866381, 26.101515], [91.866432, 26.101532], [91.86649, 26.101541], [91.86658, 26.101546], [91.866679, 26.101535], [91.86683, 26.101499], [91.867074, 26.10144], [91.867264, 26.101402], [91.867365, 26.101377], [91.867483, 26.101337], [91.867569, 26.101294], [91.867641, 26.101246], [91.867724, 26.101174], [91.867827, 26.101065], [91.867951, 26.100934], [91.868084, 26.1008], [91.868281, 26.1006], [91.868413, 26.100477], [91.868523, 26.10038], [91.868608, 26.100325], [91.868676, 26.100293], [91.868727, 26.100276], [91.868776, 26.100268], [91.86884, 26.100267], [91.868923, 26.100272], [91.868989, 26.100279], [91.869077, 26.100287], [91.86926, 26.10031], [91.869393, 26.100322], [91.869509, 26.100323], [91.869639, 26.100321], [91.869749, 26.100316], [91.869881, 26.100305], [91.87005, 26.100297], [91.870177, 26.100303], [91.8703, 26.100326], [91.870425, 26.100361], [91.870601, 26.100414], [91.87077, 26.100459], [91.870944, 26.100504], [91.871118, 26.100561], [91.871259, 26.1006], [91.871403, 26.100635], [91.871577, 26.100663], [91.871723, 26.100679], [91.871853, 26.100699], [91.871987, 26.100727], [91.872111, 26.100754], [91.872237, 26.100787], [91.872327, 26.100801], [91.872416, 26.100807], [91.872523, 26.100799], [91.872599, 26.100787], [91.872678, 26.100765], [91.872795, 26.100734], [91.872921, 26.100705], [91.87307, 26.100691], [91.873243, 26.100688], [91.873405, 26.100687], [91.873554, 26.100673], [91.87368, 26.100651], [91.873768, 26.100624], [91.87387, 26.100587], [91.874027, 26.100511], [91.87422, 26.100411], [91.874401, 26.100325], [91.874643, 26.100216], [91.875002, 26.100049], [91.875301, 26.099897], [91.875612, 26.099726], [91.875769, 26.099645], [91.875913, 26.099592], [91.875981, 26.09957], [91.876085, 26.099551], [91.876251, 26.099526], [91.876402, 26.099518], [91.876554, 26.099533], [91.876689, 26.09956], [91.876841, 26.099589], [91.877148, 26.099666], [91.877547, 26.09976], [91.87782, 26.099814], [91.878088, 26.099865], [91.878355, 26.099902], [91.878501, 26.099936], [91.878597, 26.099973], [91.878646, 26.100002], [91.878698, 26.100033], [91.878819, 26.100134], [91.878929, 26.100208], [91.879011, 26.100253], [91.879094, 26.100279], [91.879216, 26.100282], [91.879343, 26.100276], [91.879475, 26.100242], [91.879582, 26.100202], [91.879673, 26.100176], [91.879735, 26.100168], [91.879797, 26.100171], [91.87985, 26.100182], [91.879913, 26.100217], [91.879955, 26.100257], [91.879987, 26.100307], [91.880004, 26.100373], [91.880001, 26.100435], [91.87998, 26.100487], [91.879944, 26.100537], [91.87988, 26.100591], [91.879803, 26.100644], [91.879656, 26.100739], [91.879429, 26.100909], [91.87926, 26.101078], [91.879171, 26.101197], [91.879106, 26.101311], [91.879068, 26.101405], [91.879042, 26.101533], [91.87904, 26.101677], [91.879054, 26.10176], [91.87909, 26.101844], [91.879157, 26.101908], [91.879231, 26.101961], [91.879382, 26.10199], [91.879467, 26.101986], [91.879534, 26.101969], [91.879595, 26.101933], [91.879647, 26.101896], [91.879691, 26.101843], [91.879743, 26.101754], [91.879789, 26.101661], [91.879848, 26.101581], [91.879925, 26.101509], [91.880011, 26.101459], [91.880118, 26.101436], [91.880212, 26.101436], [91.880314, 26.101462], [91.880446, 26.101527], [91.880585, 26.101609], [91.88069, 26.101678], [91.880755, 26.101732], [91.880821, 26.101803], [91.880857, 26.101899], [91.880862, 26.101976], [91.880822, 26.102106], [91.88075, 26.102288], [91.880716, 26.102421], [91.880714, 26.102538], [91.880745, 26.102651], [91.880792, 26.102734], [91.880867, 26.102811], [91.88097, 26.102887], [91.881087, 26.102941], [91.881252, 26.102972], [91.881412, 26.102978], [91.881555, 26.102961], [91.881677, 26.102929], [91.881756, 26.102893], [91.881822, 26.102845], [91.881881, 26.102771], [91.881908, 26.102704], [91.881911, 26.102637], [91.881898, 26.10255], [91.881864, 26.102464], [91.881831, 26.102371], [91.881826, 26.102304], [91.881845, 26.102223], [91.881886, 26.10216], [91.881957, 26.102101], [91.882082, 26.102044], [91.882235, 26.101993], [91.88241, 26.101969], [91.882505, 26.101964], [91.882608, 26.101989], [91.882682, 26.10202], [91.882766, 26.10208], [91.882869, 26.102154], [91.882941, 26.102189], [91.883039, 26.102216], [91.883137, 26.102216], [91.883285, 26.10222], [91.883383, 26.102242], [91.883467, 26.102271], [91.883541, 26.102322], [91.883606, 26.102384], [91.883651, 26.102453], [91.883672, 26.102547], [91.883679, 26.102629], [91.883689, 26.102757], [91.883711, 26.102833], [91.883758, 26.102896], [91.883818, 26.102945], [91.883933, 26.102998], [91.884082, 26.103058], [91.884213, 26.103123], [91.884296, 26.103168], [91.884378, 26.10321], [91.884457, 26.103243], [91.884537, 26.103256], [91.884631, 26.103253], [91.884754, 26.103233], [91.884864, 26.103207], [91.884943, 26.103199], [91.885001, 26.103206], [91.88509, 26.103235], [91.885166, 26.103277], [91.885221, 26.10332], [91.885297, 26.103403], [91.885352, 26.103466], [91.885407, 26.10352], [91.885463, 26.103562], [91.88555, 26.103625], [91.885615, 26.103677], [91.885652, 26.103719], [91.885694, 26.103791], [91.885725, 26.103865], [91.885784, 26.104032], [91.885839, 26.10414], [91.88594, 26.104271], [91.886066, 26.104402], [91.886186, 26.10453], [91.886354, 26.104694], [91.886556, 26.104868], [91.886712, 26.104975], [91.886846, 26.105083], [91.886933, 26.105172], [91.887006, 26.105268], [91.88705, 26.105371], [91.887068, 26.105464], [91.887057, 26.105563], [91.88703, 26.10564], [91.88698, 26.105728], [91.886918, 26.105782], [91.886834, 26.105827], [91.886761, 26.105848], [91.886681, 26.105861], [91.886552, 26.105875], [91.886487, 26.105898], [91.886409, 26.105939], [91.886332, 26.106001], [91.886274, 26.106074], [91.886225, 26.10618], [91.886193, 26.106256], [91.886153, 26.106313], [91.886085, 26.106362], [91.885988, 26.106413], [91.885875, 26.106466], [91.885758, 26.106557], [91.885617, 26.106706], [91.885576, 26.106776], [91.885548, 26.106861], [91.885512, 26.107027], [91.885474, 26.107195], [91.885456, 26.107379], [91.885454, 26.107513], [91.885486, 26.107626], [91.885531, 26.107711], [91.885602, 26.107813], [91.885664, 26.107896], [91.885691, 26.107936], [91.885713, 26.10797], [91.885749, 26.10803], [91.885768, 26.108092], [91.88577, 26.108178], [91.885751, 26.108243], [91.885708, 26.108316], [91.885639, 26.108436], [91.885583, 26.108572], [91.885526, 26.108773], [91.885473, 26.108992], [91.885452, 26.109269], [91.885444, 26.109428], [91.88545, 26.10964], [91.885459, 26.109776], [91.88549, 26.109879], [91.885547, 26.109984], [91.885602, 26.110041], [91.885729, 26.110134], [91.885945, 26.110282], [91.886256, 26.110495], [91.88648, 26.110637], [91.886614, 26.110709], [91.886717, 26.110749], [91.88682, 26.110768], [91.886928, 26.110766], [91.88704, 26.110748], [91.887171, 26.1107], [91.887317, 26.11062], [91.887452, 26.110527], [91.887521, 26.110498], [91.887605, 26.110484], [91.887676, 26.110493], [91.887741, 26.110521], [91.887819, 26.110589], [91.887867, 26.110669], [91.88792, 26.110769], [91.887971, 26.110839], [91.888056, 26.110908], [91.888171, 26.110976], [91.888312, 26.11105], [91.888527, 26.111169], [91.888688, 26.111254], [91.888819, 26.11135], [91.888974, 26.111488], [91.889111, 26.111646], [91.889212, 26.111799], [91.889271, 26.11189], [91.889307, 26.11197], [91.889329, 26.112058], [91.889329, 26.112129], [91.889312, 26.112195], [91.889269, 26.112254], [91.889173, 26.11233], [91.889063, 26.112408], [91.889016, 26.112462], [91.888972, 26.112521], [91.888946, 26.112615], [91.888942, 26.112688], [91.888961, 26.112766], [91.889006, 26.112845], [91.889066, 26.11291], [91.889145, 26.112953], [91.889255, 26.112985], [91.889434, 26.113015], [91.889558, 26.113056], [91.889652, 26.113101], [91.889728, 26.113146], [91.889788, 26.113212], [91.889872, 26.113302], [91.889932, 26.11336], [91.889977, 26.113397], [91.890037, 26.113427], [91.89012, 26.113462], [91.890227, 26.113485], [91.890335, 26.113495], [91.890481, 26.113505], [91.890596, 26.113518], [91.89068, 26.113542], [91.890754, 26.113577], [91.890835, 26.113652], [91.890892, 26.113708], [91.890951, 26.113761], [91.891009, 26.113806], [91.891091, 26.113853], [91.891201, 26.113897], [91.891344, 26.113934], [91.891471, 26.113974], [91.891586, 26.114027], [91.891695, 26.114082], [91.891816, 26.11415], [91.891991, 26.114252], [91.892216, 26.11438], [91.892782, 26.114686], [91.89318, 26.11492], [91.893273, 26.114993], [91.893335, 26.115061], [91.893399, 26.115172], [91.89352, 26.115427], [91.893909, 26.116272], [91.894694, 26.117717], [91.894778, 26.11786], [91.89488, 26.118004], [91.894985, 26.118144], [91.895071, 26.11825], [91.895099, 26.118284], [91.895215, 26.118411], [91.895341, 26.118534], [91.895477, 26.118652], [91.895626, 26.118762], [91.895761, 26.118859], [91.895913, 26.118949], [91.896068, 26.11904], [91.896239, 26.119125], [91.896394, 26.119197], [91.896574, 26.119261], [91.896933, 26.119379], [91.898046, 26.119672], [91.898372, 26.119771], [91.901415, 26.12058], [91.901834, 26.120663], [91.902292, 26.120717], [91.902738, 26.120735], [91.903204, 26.120728], [91.905639, 26.120702], [91.907901, 26.120718], [91.909151, 26.120706], [91.909836, 26.120699], [91.91055, 26.120678], [91.91193, 26.12061], [91.912526, 26.120597], [91.913123, 26.120599], [91.914378, 26.120603], [91.915294, 26.120606], [91.916243, 26.120608], [91.91904, 26.120617], [91.919436, 26.120634], [91.919738, 26.120661], [91.920051, 26.120705], [91.926571, 26.121792], [91.927621, 26.121966], [91.928946, 26.122187], [91.92928, 26.122242], [91.929503, 26.122279], [91.92955, 26.122287], [91.929856, 26.122329], [91.929924, 26.122337], [91.930177, 26.122364], [91.930486, 26.122386], [91.930827, 26.122384], [91.931136, 26.122364], [91.93146, 26.122333], [91.931758, 26.122289], [91.93208, 26.122225], [91.932896, 26.122038], [91.93344, 26.121914], [91.933804, 26.121841], [91.934192, 26.121772], [91.934569, 26.121718], [91.934961, 26.121673], [91.935884, 26.121572], [91.936774, 26.121498], [91.9371, 26.121471], [91.937773, 26.121415], [91.937896, 26.121405], [91.93819, 26.121381], [91.938278, 26.121372], [91.940288, 26.121175], [91.940388, 26.121166], [91.940535, 26.121151], [91.941066, 26.121081], [91.941272, 26.121047], [91.941521, 26.121006], [91.942024, 26.12091], [91.942974, 26.120697], [91.945956, 26.120029], [91.947073, 26.119779], [91.948341, 26.119495], [91.948808, 26.119402], [91.949948, 26.119177], [91.951258, 26.118918], [91.951742, 26.118822], [91.952086, 26.118765], [91.952451, 26.118712], [91.952945, 26.118658], [91.954682, 26.118534], [91.955129, 26.118491], [91.95775, 26.118243], [91.95893, 26.118168], [91.959952, 26.118103], [91.960967, 26.118069], [91.961784, 26.118055], [91.962889, 26.118043], [91.964345, 26.118024], [91.964637, 26.11802], [91.96488, 26.118026], [91.965115, 26.11804], [91.965354, 26.11807], [91.965602, 26.118122], [91.965826, 26.118177], [91.966059, 26.118257], [91.96627, 26.118344], [91.966486, 26.118444], [91.966676, 26.118553], [91.966866, 26.118675], [91.967041, 26.118801], [91.967211, 26.118945], [91.967368, 26.119088], [91.967518, 26.119245], [91.967805, 26.119586], [91.968562, 26.120528], [91.968757, 26.120736], [91.96898, 26.120944], [91.969204, 26.121129], [91.969457, 26.121304], [91.969735, 26.121451], [91.970031, 26.121583], [91.970341, 26.121691], [91.97067, 26.121777], [91.973188, 26.122296], [91.973816, 26.122431], [91.97421, 26.122502], [91.974409, 26.122534], [91.974626, 26.122563], [91.974831, 26.122575], [91.975049, 26.122565], [91.975269, 26.122547], [91.975517, 26.12251], [91.975722, 26.122464], [91.975935, 26.122402], [91.976128, 26.122335], [91.976346, 26.122243], [91.976515, 26.122151], [91.976692, 26.122031], [91.976852, 26.121916], [91.977024, 26.121775], [91.97733, 26.121423], [91.977707, 26.120943], [91.978681, 26.119651], [91.97885, 26.119438], [91.979096, 26.119193], [91.979272, 26.119054], [91.9795, 26.118922], [91.979776, 26.118794], [91.980117, 26.118691], [91.980317, 26.118651], [91.98053, 26.118626], [91.980738, 26.118621], [91.980946, 26.118626], [91.981139, 26.118653], [91.981326, 26.118695], [91.981715, 26.118815], [91.982821, 26.119317], [91.983357, 26.11949], [91.983598, 26.119533], [91.983884, 26.119543], [91.984178, 26.119526], [91.985239, 26.119372], [91.986802, 26.119188], [91.987953, 26.119057], [91.988837, 26.118912], [91.989764, 26.118734], [91.990806, 26.118502], [91.991133, 26.118455], [91.991468, 26.118428], [91.991792, 26.118426], [91.992218, 26.118434], [91.992792, 26.118502], [91.993579, 26.118619], [91.994497, 26.118773], [91.995002, 26.118841], [91.995395, 26.118866], [91.99582, 26.118866], [91.99614, 26.118866], [91.996719, 26.118846], [91.997073, 26.118829], [91.99751, 26.118812], [91.997881, 26.118798], [91.998243, 26.118786], [91.998357, 26.118796], [91.998555, 26.118814], [91.998831, 26.118841], [91.999132, 26.118895], [91.999484, 26.118994], [91.99985, 26.119091], [92.000008, 26.11915], [92.000136, 26.119205], [92.000421, 26.119347], [92.000967, 26.119633], [92.001392, 26.119898], [92.00177, 26.12014], [92.002038, 26.120306], [92.002328, 26.120485], [92.002767, 26.120755], [92.003167, 26.121003], [92.003481, 26.1212], [92.003655, 26.121309], [92.003798, 26.121382], [92.003988, 26.121464], [92.004047, 26.121488], [92.004289, 26.121575], [92.004684, 26.121687], [92.005034, 26.121764], [92.0051, 26.121779], [92.005578, 26.121884], [92.006028, 26.121949], [92.006623, 26.122014], [92.006987, 26.122023], [92.00724, 26.122021], [92.00751, 26.12202], [92.008097, 26.122014], [92.008421, 26.122026], [92.008754, 26.122045], [92.009063, 26.122091], [92.009393, 26.122159], [92.009881, 26.12231], [92.010256, 26.122446], [92.010686, 26.122594], [92.011057, 26.122693], [92.011552, 26.122801], [92.011909, 26.122872], [92.012225, 26.122909], [92.012473, 26.122921], [92.01272, 26.122933], [92.013057, 26.122902], [92.013214, 26.122874], [92.013363, 26.122838], [92.013533, 26.122788], [92.013703, 26.122739], [92.01394, 26.122658], [92.014219, 26.122563], [92.014628, 26.122427], [92.014865, 26.122362], [92.015147, 26.122322], [92.015384, 26.122313], [92.015777, 26.122343], [92.016181, 26.122396], [92.016683, 26.122501], [92.017212, 26.122625], [92.017615, 26.12272], [92.018003, 26.122804], [92.018206, 26.122835], [92.018532, 26.122853], [92.018886, 26.122853], [92.019244, 26.122822], [92.019927, 26.122727], [92.020322, 26.122671], [92.020539, 26.12264], [92.021124, 26.122569], [92.02154, 26.122526], [92.021894, 26.122506], [92.022164, 26.122511], [92.022306, 26.122514], [92.022619, 26.122548], [92.022909, 26.122589], [92.023358, 26.122674], [92.024052, 26.122814], [92.024542, 26.122908], [92.024865, 26.12297], [92.02519, 26.123023], [92.025423, 26.123054], [92.025673, 26.123075], [92.02582, 26.123089], [92.025959, 26.123102], [92.026321, 26.123109], [92.026687, 26.12311], [92.026776, 26.12311], [92.027489, 26.123066], [92.028061, 26.123051], [92.028431, 26.123041], [92.028977, 26.123014], [92.029629, 26.123005], [92.02994, 26.123017], [92.030184, 26.123026], [92.030723, 26.12306], [92.030842, 26.123072], [92.031253, 26.123112], [92.031964, 26.123202], [92.032782, 26.123316], [92.032973, 26.123345], [92.033318, 26.123393], [92.03369, 26.123442], [92.034157, 26.123492], [92.03471, 26.123504], [92.035047, 26.123507], [92.03546, 26.123501], [92.035937, 26.123476], [92.036993, 26.123433], [92.038398, 26.123381], [92.039285, 26.123353], [92.039589, 26.123331], [92.040151, 26.123297], [92.040461, 26.123273], [92.040701, 26.123242], [92.040986, 26.123189], [92.041966, 26.122933], [92.043092, 26.122621], [92.043233, 26.122578], [92.044, 26.122344], [92.044373, 26.122221], [92.044699, 26.122088], [92.044787, 26.122049], [92.04569, 26.121644], [92.04626, 26.121404], [92.046899, 26.121149], [92.047447, 26.120954], [92.047913, 26.120791], [92.048962, 26.120424], [92.049473, 26.120204], [92.049783, 26.120057], [92.050175, 26.119827], [92.050989, 26.119361], [92.051464, 26.11904], [92.05162, 26.118935], [92.052421, 26.118405], [92.052693, 26.118213], [92.053032, 26.117947], [92.053224, 26.117791], [92.053454, 26.117572], [92.053746, 26.11725], [92.054034, 26.116913], [92.054253, 26.116669], [92.054631, 26.116249], [92.055135, 26.115921], [92.055336, 26.115825], [92.055575, 26.115728], [92.0559, 26.115657], [92.056268, 26.115616], [92.056988, 26.115562], [92.057318, 26.11552], [92.057546, 26.115482], [92.057743, 26.115436], [92.057948, 26.11536], [92.058132, 26.115278], [92.058337, 26.115157], [92.058608, 26.114944], [92.058766, 26.11481], [92.058977, 26.114629], [92.059499, 26.11416], [92.059813, 26.113903], [92.059872, 26.113855], [92.060643, 26.113239], [92.060912, 26.113045], [92.061531, 26.112596], [92.061745, 26.112466], [92.061983, 26.112351], [92.062229, 26.112259], [92.062495, 26.112183], [92.062813, 26.112137], [92.063099, 26.112133], [92.063402, 26.112151], [92.063755, 26.112209], [92.064011, 26.112268], [92.064267, 26.11234], [92.06514, 26.112568], [92.066479, 26.112919], [92.067009, 26.113059], [92.067534, 26.113209], [92.068251, 26.113435], [92.0683, 26.11345], [92.06883, 26.113636], [92.069968, 26.114033], [92.071232, 26.114483], [92.071613, 26.11462], [92.071727, 26.114658], [92.071848, 26.114698], [92.072102, 26.114765], [92.07244, 26.114827], [92.072867, 26.114878], [92.073118, 26.114901], [92.07334, 26.114915], [92.073438, 26.114921], [92.073769, 26.114944], [92.073935, 26.114956], [92.074171, 26.11497], [92.074532, 26.114983], [92.074854, 26.114974], [92.075048, 26.114959], [92.075379, 26.114912], [92.075475, 26.114895], [92.075712, 26.114852], [92.076167, 26.114791], [92.079125, 26.114259], [92.081254, 26.113889], [92.081595, 26.11385], [92.081874, 26.11383], [92.08206, 26.113836], [92.08225, 26.113858], [92.082483, 26.113904], [92.082736, 26.113977], [92.08296, 26.114071], [92.083165, 26.114185], [92.083473, 26.114405], [92.084452, 26.115181], [92.085112, 26.11562], [92.085556, 26.115904], [92.085845, 26.116065], [92.086097, 26.116166], [92.086304, 26.116237], [92.086507, 26.11629], [92.086746, 26.116327], [92.086979, 26.116339], [92.087202, 26.116328], [92.088542, 26.116216], [92.088757, 26.116203], [92.08901, 26.116204], [92.089262, 26.116219], [92.089709, 26.116287], [92.090352, 26.116433], [92.091927, 26.11679], [92.093271, 26.117095], [92.093802, 26.117231], [92.094196, 26.117361], [92.094286, 26.117394], [92.094545, 26.11749], [92.09566, 26.118013], [92.096173, 26.118254], [92.096602, 26.118414], [92.096783, 26.11846], [92.097083, 26.118538], [92.098984, 26.118816], [92.099818, 26.118939], [92.100146, 26.118972], [92.100409, 26.118976], [92.100486, 26.118977], [92.100824, 26.11896], [92.10117, 26.118912], [92.101481, 26.118845], [92.101806, 26.118744], [92.102101, 26.118623], [92.102418, 26.118477], [92.102973, 26.118135], [92.10366, 26.117712], [92.104004, 26.117501], [92.105301, 26.116656], [92.106197, 26.115983], [92.106234, 26.115954], [92.109812, 26.113159], [92.111186, 26.112114], [92.112048, 26.111543], [92.112178, 26.111452], [92.113164, 26.110869], [92.114095, 26.110306], [92.11478, 26.109893], [92.115543, 26.109447], [92.116242, 26.10904], [92.11664, 26.108799], [92.117249, 26.108449], [92.117736, 26.108184], [92.117907, 26.108091], [92.118307, 26.10793], [92.118668, 26.107785], [92.118916, 26.107718], [92.119233, 26.107659], [92.119738, 26.107594], [92.120134, 26.107566], [92.12098, 26.107505], [92.122659, 26.107373], [92.123604, 26.107296], [92.123624, 26.107295], [92.124493, 26.107205], [92.12469, 26.107185], [92.125942, 26.107036], [92.127322, 26.106861], [92.127547, 26.106826], [92.12821, 26.106686], [92.12882, 26.106525], [92.129095, 26.106456], [92.129332, 26.106396], [92.131029, 26.105856], [92.131744, 26.105628], [92.133147, 26.105187], [92.134405, 26.104859], [92.135671, 26.10442], [92.13988, 26.103364], [92.140587, 26.103252], [92.14095, 26.103226], [92.144912, 26.103009], [92.145636, 26.103007], [92.146486, 26.103079], [92.147776, 26.103209], [92.148191, 26.103243], [92.150064, 26.103399], [92.155254, 26.103963], [92.157596, 26.104254], [92.16019, 26.104591], [92.160892, 26.104662], [92.161348, 26.104742], [92.161563, 26.104793], [92.161775, 26.104861], [92.161975, 26.10493], [92.16218, 26.105017], [92.162591, 26.105216], [92.162787, 26.105325], [92.162984, 26.10545], [92.163345, 26.105716], [92.1639, 26.106247], [92.164723, 26.107043], [92.164937, 26.10725], [92.165223, 26.107497], [92.165363, 26.107634], [92.166, 26.108226], [92.166206, 26.108476], [92.166452, 26.108727], [92.166908, 26.109117], [92.166984, 26.109174], [92.167083, 26.109247], [92.167189, 26.109327], [92.167405, 26.109488], [92.168055, 26.109884], [92.168821, 26.110351], [92.169259, 26.110575], [92.169557, 26.110702], [92.16976, 26.110713], [92.170209, 26.110838], [92.170595, 26.110927], [92.171679, 26.111081], [92.171379, 26.111082], [92.173402, 26.111359], [92.174343, 26.111499], [92.175534, 26.111639], [92.176323, 26.111764], [92.177397, 26.112006], [92.177442, 26.112034], [92.17842, 26.11227], [92.179249, 26.112494], [92.180094, 26.112735], [92.18099, 26.113072], [92.182125, 26.113513], [92.185484, 26.11505], [92.187838, 26.116073], [92.188515, 26.116414], [92.189542, 26.116966], [92.19004, 26.117244], [92.191002, 26.117774], [92.191847, 26.1182], [92.193296, 26.118909], [92.193627, 26.11907], [92.193955, 26.119214], [92.194377, 26.119377], [92.194814, 26.119517], [92.195251, 26.119649], [92.195717, 26.119756], [92.197272, 26.120021], [92.197604, 26.120086], [92.199868, 26.120631], [92.200412, 26.120757], [92.200714, 26.120805], [92.201013, 26.12085], [92.201335, 26.120877], [92.201604, 26.120883], [92.202089, 26.120863], [92.20272, 26.120817], [92.203777, 26.120792], [92.204525, 26.120783], [92.205257, 26.120825], [92.206122, 26.120911], [92.206816, 26.120958], [92.20826, 26.12108], [92.208465, 26.1211], [92.208657, 26.121131], [92.209033, 26.121193], [92.209423, 26.12127], [92.210168, 26.121492], [92.210783, 26.121678], [92.212199, 26.122106], [92.212819, 26.122318], [92.213329, 26.122508], [92.213828, 26.122718], [92.215647, 26.123518], [92.215953, 26.123667], [92.21625, 26.123825], [92.216523, 26.124001], [92.216764, 26.124187], [92.218422, 26.125586], [92.218769, 26.125825], [92.219055, 26.125964], [92.219346, 26.12609], [92.219655, 26.12621], [92.220149, 26.126324], [92.220921, 26.126446], [92.221921, 26.126436], [92.22246, 26.126375], [92.222981, 26.126283], [92.223675, 26.126183], [92.224296, 26.126058], [92.229934, 26.124461], [92.230522, 26.124386], [92.230867, 26.124386], [92.231241, 26.124418], [92.23174, 26.124512], [92.235058, 26.125354], [92.235712, 26.12546], [92.235997, 26.125477], [92.236305, 26.125472], [92.237348, 26.125377], [92.238555, 26.125267], [92.239864, 26.125145], [92.240307, 26.125137], [92.240752, 26.125164], [92.24141, 26.125235], [92.242132, 26.125366], [92.242753, 26.125554], [92.243365, 26.125788], [92.244546, 26.126369], [92.245158, 26.126603], [92.246015, 26.126884], [92.246682, 26.127009], [92.24719, 26.127069], [92.247624, 26.127088], [92.247935, 26.127091], [92.251097, 26.127079], [92.251808, 26.127052], [92.252306, 26.126984], [92.252917, 26.126789], [92.253701, 26.126478], [92.255534, 26.1257], [92.255625, 26.125648], [92.256277, 26.125281], [92.257638, 26.12439], [92.258028, 26.124156], [92.258337, 26.124006], [92.258602, 26.123902], [92.258983, 26.123786], [92.259324, 26.123717], [92.259716, 26.123661], [92.263232, 26.123355], [92.263633, 26.123349], [92.263802, 26.123359], [92.264133, 26.123378], [92.264502, 26.123419], [92.265065, 26.123528], [92.266075, 26.123724], [92.266595, 26.123798], [92.267699, 26.123904], [92.268325, 26.123965], [92.268848, 26.124042], [92.272295, 26.124697], [92.273913, 26.125018], [92.274925, 26.125221], [92.275351, 26.125273], [92.275772, 26.12529], [92.276079, 26.125276], [92.276438, 26.125233], [92.276791, 26.125153], [92.277105, 26.12506], [92.277328, 26.124968], [92.277549, 26.124859], [92.277794, 26.124714], [92.278007, 26.124576], [92.278189, 26.124437], [92.278369, 26.124281], [92.278674, 26.123976], [92.278987, 26.123492], [92.279251, 26.122958], [92.27936, 26.122532], [92.279392, 26.122029], [92.279388, 26.121599], [92.279254, 26.121087], [92.278918, 26.120342], [92.278829, 26.120142], [92.278181, 26.118904], [92.276952, 26.116487], [92.276752, 26.116038], [92.276667, 26.115814], [92.276603, 26.115573], [92.276557, 26.115348], [92.27653, 26.115098], [92.276518, 26.114848], [92.276525, 26.114594], [92.276556, 26.114369], [92.276603, 26.114141], [92.276664, 26.113906], [92.276753, 26.113667], [92.276848, 26.113444], [92.276966, 26.113226], [92.2771, 26.113012], [92.277248, 26.112796], [92.278877, 26.11085], [92.27925, 26.110444], [92.279824, 26.109902], [92.280485, 26.109337], [92.281107, 26.10888], [92.282482, 26.107988], [92.283204, 26.10751], [92.284338, 26.10668], [92.286317, 26.105053], [92.286955, 26.104573], [92.28742, 26.104278], [92.287976, 26.103967], [92.289645, 26.103048], [92.290113, 26.102838], [92.290372, 26.102728], [92.290695, 26.102624], [92.291559, 26.102352], [92.293578, 26.101718], [92.293872, 26.101641], [92.293942, 26.101626], [92.294179, 26.101573], [92.294731, 26.101456], [92.296051, 26.101135], [92.297156, 26.100793], [92.297698, 26.100617], [92.299674, 26.100069], [92.300792, 26.09976], [92.3017, 26.099536], [92.302526, 26.099382], [92.303393, 26.099264], [92.305621, 26.099051], [92.305884, 26.099026], [92.306411, 26.098972], [92.306944, 26.098932], [92.307486, 26.098915], [92.308031, 26.098921], [92.308567, 26.098947], [92.309106, 26.098988], [92.309646, 26.099023], [92.309917, 26.099052], [92.310185, 26.099102], [92.310432, 26.099149], [92.31068, 26.099204], [92.311944, 26.099505], [92.312291, 26.099585], [92.312645, 26.099652], [92.312983, 26.099701], [92.31333, 26.099734], [92.313672, 26.099755], [92.314011, 26.099759], [92.314323, 26.099756], [92.314627, 26.099742], [92.31509, 26.099704], [92.315764, 26.099648], [92.316252, 26.099628], [92.316808, 26.099632], [92.317038, 26.099627], [92.318599, 26.099651], [92.318945, 26.099673], [92.319289, 26.099722], [92.319534, 26.099772], [92.319896, 26.09988], [92.320299, 26.100039], [92.320957, 26.100342], [92.32289, 26.101422], [92.323977, 26.102129], [92.324317, 26.102376], [92.324431, 26.102473], [92.324451, 26.10249], [92.324738, 26.102746], [92.324888, 26.102888], [92.325795, 26.104201], [92.326079, 26.104547], [92.327245, 26.105668], [92.32744, 26.105878], [92.327491, 26.105939], [92.327628, 26.106104], [92.327845, 26.106388], [92.327901, 26.10648], [92.328345, 26.107208], [92.329394, 26.108928], [92.329622, 26.109256], [92.329873, 26.109573], [92.330263, 26.109997], [92.330727, 26.110445], [92.331273, 26.110879], [92.33184, 26.111258], [92.334903, 26.113253], [92.335466, 26.113625], [92.336104, 26.114013], [92.336405, 26.114172], [92.336597, 26.114254], [92.336749, 26.114311], [92.337107, 26.11443], [92.337485, 26.114514], [92.338914, 26.114709], [92.339193, 26.114755], [92.339366, 26.114795], [92.33963, 26.11486], [92.339865, 26.114936], [92.340191, 26.115068], [92.34049, 26.115206], [92.342068, 26.115949], [92.34264, 26.116216], [92.343027, 26.116419], [92.343409, 26.116629], [92.343823, 26.116911], [92.344242, 26.117224], [92.344618, 26.117519], [92.345412, 26.118233], [92.345537, 26.118346], [92.346321, 26.118903], [92.346729, 26.119159], [92.347644, 26.11971], [92.347952, 26.119874], [92.348543, 26.12017], [92.348955, 26.120375], [92.349088, 26.120457], [92.349213, 26.120535], [92.349355, 26.120636], [92.34948, 26.120741], [92.349635, 26.120889], [92.34977, 26.121056], [92.349893, 26.121237], [92.349999, 26.121432], [92.35005, 26.121543], [92.35036, 26.122386], [92.350566, 26.122871], [92.350798, 26.123354], [92.350924, 26.123622], [92.351199, 26.124205], [92.351571, 26.125183], [92.351844, 26.126007], [92.351946, 26.126314], [92.352023, 26.126548], [92.352144, 26.126925], [92.352404, 26.127695], [92.352649, 26.128559], [92.352752, 26.128891], [92.353014, 26.129785], [92.353076, 26.129953], [92.353402, 26.130951], [92.353938, 26.132572], [92.354216, 26.133419], [92.354363, 26.133895], [92.354419, 26.134079], [92.354461, 26.134216], [92.355005, 26.136378], [92.355373, 26.137839], [92.355409, 26.138068], [92.355431, 26.138466], [92.355419, 26.138817], [92.355373, 26.139169], [92.355318, 26.139399], [92.35499, 26.140671], [92.354713, 26.141695], [92.354407, 26.142711], [92.353099, 26.146175], [92.352922, 26.146719], [92.352826, 26.147179], [92.352795, 26.147384], [92.352742, 26.147763], [92.352583, 26.149855], [92.352578, 26.150109], [92.352582, 26.15034], [92.352602, 26.150571], [92.352639, 26.150839], [92.352692, 26.151078], [92.352777, 26.151372], [92.353142, 26.152424], [92.353196, 26.15265], [92.353231, 26.15287], [92.353237, 26.153057], [92.353218, 26.153381], [92.353178, 26.153556], [92.353087, 26.154066], [92.352985, 26.154632], [92.352955, 26.154979], [92.352945, 26.155334], [92.352957, 26.15571], [92.352994, 26.155975], [92.353171, 26.157187], [92.353405, 26.15881], [92.353539, 26.159761], [92.353993, 26.162148], [92.354056, 26.162542], [92.354083, 26.162958], [92.354051, 26.163442], [92.353989, 26.163797], [92.35392, 26.164192], [92.353754, 26.164708], [92.353703, 26.164895], [92.353632, 26.165094], [92.353241, 26.166219], [92.353022, 26.166859], [92.352941, 26.167186], [92.352926, 26.167289], [92.352885, 26.167559], [92.352881, 26.167874], [92.352909, 26.1682], [92.352938, 26.16842], [92.352988, 26.168641], [92.353086, 26.168942], [92.353193, 26.169222], [92.353317, 26.169457], [92.353496, 26.169758], [92.353633, 26.169935], [92.353786, 26.170115], [92.353948, 26.170282], [92.354124, 26.170446], [92.354318, 26.170604], [92.354515, 26.170746], [92.354737, 26.170891], [92.354971, 26.171025], [92.355194, 26.171125], [92.355433, 26.171213], [92.355701, 26.1713], [92.355975, 26.171375], [92.356227, 26.171421], [92.356495, 26.171458], [92.356866, 26.171478], [92.357275, 26.171478], [92.359721, 26.171337], [92.359939, 26.171329], [92.360155, 26.171324], [92.360376, 26.17133], [92.360591, 26.171338], [92.360809, 26.171359], [92.361161, 26.171415], [92.361475, 26.171488], [92.361936, 26.171632], [92.362305, 26.171774], [92.362663, 26.171932], [92.363021, 26.172149], [92.363375, 26.172393], [92.363554, 26.172542], [92.36373, 26.172704], [92.363898, 26.172876], [92.364142, 26.17315], [92.364292, 26.173355], [92.364436, 26.173567], [92.364988, 26.174497], [92.365754, 26.175854], [92.366022, 26.176324], [92.366089, 26.176456], [92.366445, 26.177151], [92.366535, 26.177335], [92.366886, 26.178052], [92.367224, 26.178839], [92.368261, 26.181422], [92.369508, 26.18453], [92.370082, 26.185916], [92.370243, 26.186245], [92.370339, 26.186403], [92.370454, 26.186562], [92.370617, 26.186761], [92.370794, 26.186952], [92.370979, 26.187138], [92.371187, 26.187315], [92.371396, 26.187471], [92.371635, 26.187625], [92.371868, 26.187763], [92.372121, 26.187896], [92.373302, 26.188464], [92.373931, 26.188723], [92.374526, 26.188953], [92.375029, 26.189116], [92.37554, 26.189263], [92.37777, 26.189774], [92.378178, 26.189875], [92.378771, 26.190055], [92.379304, 26.190226], [92.37984, 26.190411], [92.380404, 26.190634], [92.380977, 26.190878], [92.384179, 26.192332], [92.38512, 26.192795], [92.38592, 26.193229], [92.386608, 26.193591], [92.387295, 26.193902], [92.387998, 26.19421], [92.388691, 26.194482], [92.389145, 26.19463], [92.389813, 26.194839], [92.390284, 26.194953], [92.390755, 26.195058], [92.39403, 26.195748], [92.397321, 26.196427], [92.399134, 26.196778], [92.400741, 26.197077], [92.403334, 26.197548], [92.403418, 26.197563], [92.405697, 26.197959], [92.406642, 26.198098], [92.407041, 26.198127], [92.407711, 26.198145], [92.409748, 26.198133], [92.41018, 26.19815], [92.410751, 26.198204], [92.41099, 26.198241], [92.411228, 26.198292], [92.411472, 26.198347], [92.41169, 26.198411], [92.416166, 26.19976], [92.41623, 26.199783], [92.418228, 26.20039], [92.418679, 26.200529], [92.41931, 26.200735], [92.420036, 26.200964], [92.420633, 26.20118], [92.420958, 26.201328], [92.421287, 26.201496], [92.421519, 26.201627], [92.421775, 26.201789], [92.421937, 26.201911], [92.42219, 26.202102], [92.422361, 26.202252], [92.422532, 26.202416], [92.422681, 26.202571], [92.422838, 26.202733], [92.423, 26.202935], [92.423169, 26.203146], [92.423319, 26.203352], [92.423469, 26.203571], [92.423704, 26.203928], [92.424001, 26.204404], [92.424258, 26.204775], [92.424434, 26.205017], [92.424591, 26.205177], [92.424818, 26.205439], [92.425015, 26.205649], [92.425213, 26.205829], [92.425428, 26.206024], [92.42566, 26.206207], [92.425825, 26.206327], [92.425975, 26.206436], [92.426195, 26.20657], [92.426467, 26.206714], [92.426742, 26.20685], [92.427029, 26.206963], [92.427368, 26.207098], [92.427659, 26.207184], [92.427909, 26.207244], [92.428169, 26.207291], [92.428435, 26.207333], [92.428778, 26.207379], [92.42925, 26.207408], [92.429758, 26.207406], [92.430026, 26.20739], [92.43024, 26.207371], [92.4306, 26.207326], [92.432345, 26.20706], [92.432536, 26.207044], [92.432819, 26.207019], [92.433295, 26.207005], [92.433559, 26.207017], [92.433825, 26.207043], [92.434236, 26.207116], [92.434806, 26.207258], [92.435062, 26.207345], [92.435541, 26.207558], [92.4368, 26.208117], [92.438648, 26.208938], [92.440444, 26.209784], [92.440928, 26.210012], [92.44127, 26.210175], [92.441766, 26.210415], [92.44193, 26.210488], [92.442249, 26.210631], [92.442656, 26.210808], [92.443006, 26.210953], [92.443388, 26.211107], [92.443841, 26.211284], [92.444308, 26.21145], [92.444687, 26.211581], [92.445091, 26.211708], [92.445494, 26.211833], [92.447359, 26.212372], [92.447873, 26.21252], [92.448266, 26.212635], [92.448611, 26.212731], [92.448885, 26.212795], [92.449134, 26.212846], [92.449349, 26.212879], [92.44962, 26.212908], [92.449961, 26.212934], [92.450354, 26.212946], [92.450942, 26.212951], [92.451802, 26.212956], [92.452486, 26.212957], [92.453118, 26.212948], [92.453511, 26.212936], [92.453895, 26.212915], [92.454661, 26.212862], [92.455415, 26.212806], [92.455768, 26.212778], [92.455929, 26.212765], [92.456409, 26.212718], [92.456733, 26.212676], [92.457024, 26.21263], [92.457564, 26.212533], [92.457782, 26.212488], [92.458196, 26.212402], [92.458579, 26.212321], [92.460278, 26.211957], [92.460621, 26.211886], [92.461056, 26.211804], [92.461731, 26.211681], [92.462504, 26.211582], [92.464097, 26.211444], [92.46602, 26.211299], [92.468939, 26.211059], [92.469582, 26.211003], [92.47021, 26.210924], [92.470985, 26.210811], [92.47187, 26.210683], [92.477249, 26.209865], [92.478717, 26.209638], [92.479028, 26.209593], [92.479529, 26.209515], [92.479771, 26.20947], [92.480074, 26.209397], [92.480318, 26.209334], [92.480604, 26.209233], [92.48087, 26.209137], [92.481073, 26.209048], [92.481316, 26.20894], [92.481568, 26.208804], [92.481647, 26.208758], [92.48179, 26.208674], [92.482179, 26.208438], [92.48269, 26.208121], [92.483739, 26.207422], [92.484222, 26.207094], [92.485013, 26.206549], [92.485995, 26.205808], [92.48637, 26.205521], [92.486668, 26.205329], [92.486944, 26.205184], [92.487212, 26.205059], [92.487438, 26.204973], [92.48766, 26.204893], [92.487845, 26.20485], [92.488377, 26.204734], [92.488985, 26.204624], [92.48984, 26.204478], [92.490184, 26.204418], [92.490772, 26.204318], [92.49112, 26.204279], [92.491445, 26.204272], [92.491776, 26.204282], [92.492035, 26.204304], [92.49227, 26.204331], [92.492502, 26.204369], [92.492832, 26.204436], [92.493105, 26.20453], [92.493325, 26.204614], [92.493564, 26.204715], [92.493787, 26.204826], [92.493992, 26.204936], [92.494213, 26.205076], [92.494462, 26.205258], [92.494606, 26.205379], [92.494786, 26.205539], [92.494928, 26.20568], [92.495116, 26.205887], [92.495359, 26.206195], [92.495377, 26.206219], [92.496235, 26.207379], [92.497045, 26.208406], [92.49771, 26.209298], [92.497841, 26.209492], [92.498028, 26.209808], [92.498185, 26.210079], [92.498321, 26.210328], [92.498545, 26.210743], [92.498735, 26.211098], [92.498954, 26.211541], [92.49925, 26.212144], [92.49943, 26.212514], [92.499626, 26.212875], [92.500098, 26.213691], [92.500538, 26.214437], [92.501067, 26.215306], [92.501801, 26.21651], [92.502324, 26.217392], [92.502565, 26.217796], [92.502726, 26.218047], [92.502866, 26.218239], [92.503032, 26.218472], [92.503217, 26.218691], [92.503519, 26.219005], [92.503837, 26.219286], [92.504271, 26.219666], [92.505207, 26.22043], [92.505729, 26.220795], [92.506586, 26.221332], [92.507454, 26.221857], [92.508075, 26.222216], [92.508614, 26.222512], [92.509161, 26.222801], [92.509527, 26.223022], [92.509671, 26.223118], [92.510011, 26.22342], [92.51029, 26.223732], [92.510438, 26.223913], [92.510599, 26.224156], [92.510746, 26.224406], [92.510875, 26.224656], [92.511028, 26.225041], [92.511283, 26.225811], [92.511427, 26.226276], [92.511642, 26.226966], [92.511903, 26.227779], [92.512109, 26.228369], [92.512208, 26.228646], [92.512318, 26.228925], [92.512416, 26.229136], [92.512522, 26.229314], [92.512648, 26.229521], [92.512771, 26.229689], [92.512954, 26.229918], [92.513101, 26.230082], [92.513238, 26.23021], [92.513415, 26.23036], [92.51362, 26.230513], [92.513816, 26.230634], [92.513889, 26.230675], [92.514073, 26.230777], [92.514195, 26.230835], [92.514316, 26.230892], [92.514567, 26.230999], [92.514775, 26.231073], [92.515436, 26.231272], [92.516402, 26.231546], [92.517715, 26.231911], [92.518297, 26.232062], [92.518912, 26.23218], [92.519419, 26.232273], [92.519968, 26.23236], [92.520497, 26.232445], [92.520968, 26.232508], [92.52118, 26.232549], [92.521362, 26.232594], [92.521574, 26.232655], [92.521777, 26.232724], [92.52203, 26.232816], [92.522229, 26.232909], [92.522411, 26.232999], [92.522581, 26.233092], [92.522791, 26.233225], [92.524216, 26.234231], [92.5251, 26.234864], [92.525128, 26.234884], [92.527349, 26.236471], [92.527501, 26.236587], [92.527596, 26.23666], [92.528272, 26.237146], [92.528457, 26.237272], [92.528632, 26.237382], [92.528867, 26.237518], [92.529095, 26.237641], [92.529319, 26.237753], [92.52961, 26.237889], [92.529892, 26.23801], [92.53023, 26.238147], [92.530556, 26.23828], [92.530763, 26.238373], [92.530946, 26.238455], [92.531198, 26.238587], [92.53139, 26.238706], [92.531631, 26.238872], [92.531797, 26.239002], [92.531995, 26.239175], [92.532233, 26.239413], [92.53572, 26.242714], [92.53596, 26.242938], [92.536152, 26.243112], [92.536406, 26.243341], [92.536647, 26.243538], [92.536939, 26.243747], [92.537249, 26.243949], [92.537629, 26.244167], [92.537967, 26.244342], [92.538303, 26.24449], [92.538892, 26.244736], [92.539343, 26.244923], [92.540018, 26.24521], [92.540156, 26.245277], [92.540818, 26.2456], [92.54123, 26.245801], [92.5414, 26.245884], [92.541532, 26.245931], [92.542765, 26.246374], [92.542933, 26.246442], [92.543194, 26.246552], [92.544062, 26.24693], [92.545993, 26.247779], [92.547079, 26.24826], [92.548895, 26.249064], [92.549527, 26.249345], [92.550248, 26.249677], [92.550711, 26.249893], [92.551179, 26.250121], [92.551931, 26.250502], [92.552495, 26.250803], [92.552837, 26.250994], [92.553106, 26.251145], [92.553715, 26.251491], [92.554189, 26.251764], [92.554873, 26.25216], [92.561342, 26.255982], [92.562297, 26.256562], [92.564056, 26.257745], [92.564195, 26.257843], [92.56433, 26.257933], [92.564901, 26.258346], [92.565064, 26.258457], [92.565837, 26.258977], [92.567512, 26.260188], [92.567708, 26.260319], [92.567891, 26.26043], [92.568097, 26.260553], [92.56834, 26.260675], [92.568569, 26.260776], [92.568804, 26.260872], [92.569004, 26.260941], [92.56922, 26.261008], [92.569493, 26.261087], [92.569771, 26.261156], [92.570252, 26.261266], [92.570963, 26.261435], [92.573393, 26.262093], [92.57414, 26.262293], [92.575508, 26.262656], [92.576295, 26.262868], [92.577037, 26.26307], [92.577308, 26.263154], [92.577624, 26.263259], [92.577929, 26.263367], [92.578251, 26.263483], [92.578593, 26.263623], [92.578807, 26.263712], [92.579007, 26.263809], [92.579242, 26.263924], [92.579498, 26.264056], [92.57986, 26.264256], [92.580213, 26.264459], [92.58276, 26.265871], [92.583643, 26.266405], [92.584822, 26.267168], [92.585888, 26.267906], [92.586521, 26.268322], [92.587447, 26.268853], [92.58775, 26.269034], [92.587941, 26.269155], [92.588104, 26.269262], [92.588322, 26.269418], [92.58847, 26.26953], [92.588715, 26.269719], [92.589276, 26.270172], [92.590121, 26.270858], [92.590496, 26.271166], [92.590938, 26.271522], [92.591745, 26.272144], [92.59235, 26.272607], [92.59263, 26.272827], [92.594716, 26.274525], [92.595257, 26.274958], [92.596311, 26.275852], [92.598041, 26.277393], [92.598576, 26.277887], [92.599012, 26.27828], [92.599334, 26.278563], [92.599726, 26.278932], [92.600137, 26.279336], [92.600451, 26.27965], [92.600707, 26.279914], [92.601027, 26.280263], [92.601429, 26.280689], [92.601713, 26.281001], [92.601961, 26.28128], [92.602311, 26.281665], [92.602522, 26.281892], [92.602731, 26.282109], [92.602963, 26.282339], [92.603482, 26.28285], [92.60402, 26.283379], [92.604532, 26.283904], [92.604792, 26.284169], [92.605037, 26.28442], [92.605305, 26.284694], [92.605537, 26.284906], [92.605785, 26.28512], [92.605943, 26.285248], [92.60614, 26.285389], [92.606368, 26.285555], [92.606634, 26.285722], [92.606903, 26.285871], [92.607138, 26.285989], [92.60742, 26.286129], [92.607782, 26.286296], [92.608176, 26.286478], [92.608537, 26.286641], [92.60881, 26.286769], [92.609018, 26.28687], [92.609257, 26.286998], [92.609508, 26.287137], [92.609747, 26.287337], [92.611178, 26.288186], [92.611201, 26.2882], [92.611527, 26.288395], [92.612751, 26.288953], [92.615699, 26.290632], [92.615822, 26.290741], [92.616504, 26.291375], [92.61714, 26.291961], [92.61753, 26.29231], [92.617889, 26.292654], [92.61843, 26.293218], [92.618849, 26.293676], [92.619221, 26.294057], [92.619584, 26.294509], [92.619903, 26.294933], [92.620238, 26.295429], [92.620654, 26.296114], [92.620881, 26.296481], [92.621023, 26.296715], [92.621327, 26.297216], [92.621644, 26.297846], [92.622013, 26.29866], [92.622465, 26.29947], [92.622898, 26.300089], [92.623003, 26.300175], [92.62367, 26.300626], [92.624236, 26.300992], [92.624608, 26.301294], [92.625225, 26.301854], [92.625879, 26.302525], [92.626585, 26.303263], [92.627019, 26.30368], [92.627237, 26.303806], [92.627527, 26.303944], [92.628324, 26.304214], [92.628619, 26.304349], [92.628824, 26.304518], [92.629011, 26.304734], [92.629196, 26.304966], [92.629485, 26.305324], [92.629588, 26.305406], [92.630053, 26.305699], [92.630968, 26.306198], [92.631448, 26.306462], [92.631767, 26.306703], [92.632112, 26.306992], [92.632514, 26.307441], [92.632872, 26.307747], [92.633311, 26.308064], [92.634815, 26.309102], [92.636858, 26.310482], [92.639401, 26.312248], [92.639706, 26.31246], [92.64064, 26.313101], [92.642104, 26.314099], [92.642931, 26.314679], [92.643901, 26.315338], [92.644553, 26.315778], [92.644994, 26.316076], [92.64569, 26.316564], [92.646674, 26.317252], [92.647365, 26.317704], [92.648092, 26.318199], [92.648888, 26.318741], [92.650127, 26.319587], [92.651013, 26.320187], [92.651696, 26.32066], [92.652431, 26.321139], [92.653005, 26.321549], [92.653818, 26.322164], [92.654005, 26.322366], [92.654263, 26.322587], [92.65446, 26.322826], [92.655093, 26.323708], [92.6556, 26.324429], [92.65572, 26.324634], [92.656076, 26.325082], [92.656258, 26.32519], [92.656331, 26.325234], [92.656496, 26.325534], [92.656788, 26.32602], [92.657325, 26.326804], [92.657986, 26.327799], [92.658583, 26.328603], [92.659275, 26.329571], [92.659739, 26.330229], [92.65976, 26.330259], [92.660336, 26.331091], [92.660507, 26.331357], [92.661591, 26.332881], [92.662439, 26.334051], [92.663075, 26.335011], [92.66369, 26.335902], [92.66421, 26.336687], [92.664765, 26.33745], [92.665517, 26.338509], [92.665725, 26.338801], [92.666035, 26.339233], [92.666326, 26.339626], [92.666553, 26.339933], [92.667216, 26.340876], [92.667799, 26.341702], [92.668324, 26.342427], [92.668747, 26.343027], [92.669133, 26.343586], [92.669727, 26.344418], [92.670347, 26.3453], [92.670896, 26.346075], [92.671317, 26.346662], [92.671743, 26.347229], [92.672145, 26.347808], [92.672319, 26.348096], [92.672843, 26.348852], [92.672937, 26.348971], [92.67305, 26.349027], [92.67316, 26.34918], [92.673497, 26.349635], [92.673548, 26.349728], [92.673592, 26.349809], [92.673755, 26.350107], [92.673873, 26.350247], [92.674098, 26.350515], [92.674344, 26.350848], [92.674463, 26.351008], [92.67464, 26.351246], [92.67486, 26.351488], [92.674934, 26.351543], [92.67502, 26.351556], [92.675349, 26.351427], [92.675395, 26.351443], [92.677018, 26.350866], [92.677468, 26.350675], [92.678834, 26.350097], [92.679087, 26.349988], [92.679809, 26.349661], [92.680107, 26.349526], [92.680916, 26.34919], [92.681263, 26.349052], [92.681311, 26.348979], [92.682129, 26.348677], [92.682986, 26.34835], [92.683738, 26.348076], [92.683792, 26.348057], [92.683813, 26.34807], [92.683838, 26.348075], [92.683863, 26.348072], [92.683886, 26.348061], [92.683902, 26.348043], [92.68391, 26.348021], [92.685857, 26.347207], [92.686411, 26.34698], [92.68748, 26.346567], [92.687702, 26.346482], [92.688723, 26.346088], [92.690476, 26.345411], [92.690709, 26.345324], [92.690938, 26.345163], [92.691142, 26.345067], [92.691361, 26.344916], [92.69143, 26.344878], [92.691539, 26.344832], [92.691564, 26.344819], [92.691803, 26.344809], [92.692767, 26.345168], [92.693232, 26.345341], [92.693764, 26.345365], [92.694201, 26.345384], [92.69452, 26.345399], [92.695829, 26.345457], [92.696312, 26.345338], [92.698611, 26.343895], [92.698822, 26.343485], [92.699384, 26.342391], [92.699432, 26.3423], [92.699462, 26.341927], [92.699495, 26.341508], [92.699539, 26.340969], [92.699483, 26.338176], [92.698611, 26.335915], [92.698537, 26.334818], [92.69863, 26.333704], [92.699019, 26.332191], [92.699573, 26.33136], [92.701355, 26.328683], [92.701517, 26.328216], [92.701814, 26.327359], [92.702404, 26.325658], [92.702581, 26.325146], [92.702594, 26.32498], [92.702719, 26.323312], [92.702861, 26.321402], [92.702883, 26.321115], [92.70311, 26.320234], [92.703323, 26.31941], [92.703719, 26.318464], [92.70403, 26.318071], [92.707872, 26.314877], [92.70802, 26.314803], [92.708499, 26.314417], [92.708579, 26.314373], [92.708699, 26.314329], [92.708951, 26.314286], [92.709012, 26.314289], [92.709108, 26.314294], [92.709206, 26.314273], [92.709296, 26.314233], [92.709374, 26.314175], [92.709436, 26.314103], [92.709468, 26.31404], [92.709478, 26.314021], [92.709499, 26.313909], [92.709485, 26.313797], [92.70948, 26.313757], [92.709589, 26.31358], [92.709653, 26.31349], [92.709714, 26.313426], [92.709817, 26.313335], [92.710277, 26.312955], [92.711406, 26.312019], [92.71428, 26.309649], [92.715781, 26.308399], [92.716327, 26.307946], [92.716665, 26.307674], [92.716941, 26.307456], [92.71724, 26.307218], [92.717645, 26.306927], [92.718022, 26.306657], [92.718408, 26.306386], [92.718667, 26.306193], [92.718849, 26.306044], [92.719057, 26.305844], [92.719198, 26.305675], [92.719335, 26.305494], [92.719493, 26.305242], [92.719735, 26.304795], [92.71982, 26.304617], [92.720905, 26.302468], [92.721112, 26.302064], [92.721379, 26.301445], [92.721698, 26.300637], [92.722198, 26.299261], [92.722386, 26.298667], [92.722458, 26.29839], [92.722493, 26.298188], [92.722501, 26.29802], [92.722495, 26.297875], [92.722469, 26.297578], [92.722412, 26.297285], [92.722182, 26.296448], [92.722075, 26.295974], [92.722053, 26.295762], [92.722049, 26.295526], [92.72206, 26.295332], [92.722096, 26.295063], [92.722161, 26.294711], [92.722727, 26.291762], [92.722759, 26.291599], [92.723107, 26.28983], [92.723502, 26.288101], [92.723671, 26.287336], [92.723727, 26.287045], [92.723754, 26.286778], [92.723778, 26.286388], [92.723765, 26.285898], [92.723727, 26.28484], [92.723726, 26.284456], [92.723748, 26.284205], [92.723786, 26.283974], [92.72384, 26.283753], [92.723899, 26.28356], [92.723976, 26.283337], [92.724124, 26.283017], [92.724298, 26.282709], [92.725875, 26.280061], [92.726369, 26.279226], [92.72686, 26.278329], [92.727394, 26.277336], [92.727512, 26.2771], [92.727656, 26.276807], [92.727906, 26.276338], [92.728212, 26.27572], [92.728654, 26.274828], [92.72904, 26.273998], [92.729381, 26.273288], [92.72958, 26.272899], [92.729773, 26.272555], [92.730137, 26.271961], [92.730773, 26.27102], [92.73161, 26.269767], [92.731897, 26.269315], [92.732069, 26.269], [92.732305, 26.268579], [92.732787, 26.267651], [92.732948, 26.26734], [92.733163, 26.26696], [92.733347, 26.26658], [92.733482, 26.266366], [92.733673, 26.266166], [92.734863, 26.265121], [92.736285, 26.263825], [92.736936, 26.263234], [92.737369, 26.262835], [92.737817, 26.262441], [92.738222, 26.262116], [92.738849, 26.261647], [92.739324, 26.261325], [92.739691, 26.261065], [92.740088, 26.260793], [92.740483, 26.260516], [92.741049, 26.260112], [92.741869, 26.259614], [92.742422, 26.259256], [92.742784, 26.258994], [92.743095, 26.258691], [92.743293, 26.258462], [92.743444, 26.25827], [92.743593, 26.25805], [92.743782, 26.257695], [92.743947, 26.257342], [92.744074, 26.256981], [92.744286, 26.256394], [92.744621, 26.255487], [92.744839, 26.254806], [92.744943, 26.254404], [92.745026, 26.253993], [92.74511, 26.25336], [92.74519, 26.252177], [92.745246, 26.25159], [92.745276, 26.251207], [92.745284, 26.25088], [92.7453, 26.250726], [92.745319, 26.25043], [92.745379, 26.249737], [92.745517, 26.247769], [92.745603, 26.246721], [92.745657, 26.24598], [92.745694, 26.245448], [92.74571, 26.245054], [92.745702, 26.2445], [92.745681, 26.244183], [92.745638, 26.243834], [92.74559, 26.243476], [92.745533, 26.243141], [92.745448, 26.242665], [92.74542, 26.24255], [92.745362, 26.242304], [92.745284, 26.242034], [92.745195, 26.241804], [92.744937, 26.241328], [92.744324, 26.240397], [92.744112, 26.240038], [92.744002, 26.239812], [92.74386, 26.239364], [92.743766, 26.239049], [92.743664, 26.238686], [92.743581, 26.238346], [92.743519, 26.237976], [92.743393, 26.236643], [92.743342, 26.23622], [92.743296, 26.235808], [92.743251, 26.235495], [92.743173, 26.235161], [92.742983, 26.234555], [92.742838, 26.234134], [92.742639, 26.23358], [92.742382, 26.232909], [92.742258, 26.232572], [92.742138, 26.232226], [92.742052, 26.231932], [92.742004, 26.231706], [92.741934, 26.231338], [92.741894, 26.230996], [92.741855, 26.230674], [92.741794, 26.230236], [92.741619, 26.228908], [92.741464, 26.227674], [92.74136, 26.226868], [92.741269, 26.226081], [92.741204, 26.225556], [92.741062, 26.224125], [92.740898, 26.221793], [92.740852, 26.221351], [92.740805, 26.221049], [92.740738, 26.220739], [92.740111, 26.218214], [92.740055, 26.21797], [92.739762, 26.216724], [92.739481, 26.214935], [92.739323, 26.213855], [92.739254, 26.213229], [92.739209, 26.212517], [92.739184, 26.21169], [92.73915, 26.209663], [92.739099, 26.207454], [92.739075, 26.206823], [92.739083, 26.206376], [92.739091, 26.205959], [92.739126, 26.205348], [92.739187, 26.204734], [92.739225, 26.204246], [92.739225, 26.203942], [92.739185, 26.203348], [92.738952, 26.20143], [92.738639, 26.198854], [92.73851, 26.197395], [92.738418, 26.196627], [92.7382, 26.19559], [92.737781, 26.194157], [92.7372, 26.192117], [92.736977, 26.191228], [92.73691, 26.190961], [92.736835, 26.190559], [92.736706, 26.189892], [92.736559, 26.189187], [92.736481, 26.188665], [92.736466, 26.188575], [92.736308, 26.187662], [92.736136, 26.186231], [92.736081, 26.185625], [92.736044, 26.185151], [92.73603, 26.184797], [92.736015, 26.184413], [92.73604, 26.183986], [92.736092, 26.183625], [92.736163, 26.183131], [92.736217, 26.182767], [92.736285, 26.182408], [92.736367, 26.18201], [92.736417, 26.181768], [92.73648, 26.181544], [92.736594, 26.181156], [92.736675, 26.180908], [92.736761, 26.180686], [92.73685, 26.180473], [92.73702, 26.180115], [92.737141, 26.17982], [92.738182, 26.178066], [92.738889, 26.176909], [92.738997, 26.176739], [92.739804, 26.175539], [92.740215, 26.174916], [92.740547, 26.174357], [92.740886, 26.173761], [92.741202, 26.173125], [92.741482, 26.172657], [92.741813, 26.172105], [92.742017, 26.171811], [92.742309, 26.171401], [92.742586, 26.17105], [92.742937, 26.170643], [92.743251, 26.170299], [92.743591, 26.169976], [92.744155, 26.169502], [92.744753, 26.169016], [92.745622, 26.168337], [92.745839, 26.168185], [92.746357, 26.167834], [92.746711, 26.167622], [92.747191, 26.167376], [92.74861, 26.166818], [92.75134, 26.165756], [92.752896, 26.165155], [92.75373, 26.164834], [92.754934, 26.16437], [92.755334, 26.164204], [92.755712, 26.164018], [92.75616, 26.163746], [92.756691, 26.16339], [92.757314, 26.162979], [92.758377, 26.162247], [92.759229, 26.161695], [92.760405, 26.160957], [92.761106, 26.16056], [92.761482, 26.16032], [92.761782, 26.160133], [92.762155, 26.159853], [92.762445, 26.159589], [92.763759, 26.158105], [92.764594, 26.157248], [92.765701, 26.156151], [92.7667, 26.155196], [92.76685, 26.155071], [92.767444, 26.15461], [92.768624, 26.153741], [92.769257, 26.153281], [92.769873, 26.152823], [92.770709, 26.152202], [92.771081, 26.151969], [92.771846, 26.151523], [92.77209, 26.151384], [92.772326, 26.151208], [92.772527, 26.151047], [92.772782, 26.150799], [92.773005, 26.150575], [92.773214, 26.150327], [92.77341, 26.150016], [92.7736, 26.149657], [92.773847, 26.149164], [92.774075, 26.148699], [92.774212, 26.148451], [92.774397, 26.148191], [92.774558, 26.147979], [92.774818, 26.147714], [92.77537, 26.147209], [92.775976, 26.146693], [92.776204, 26.146506], [92.776958, 26.145896], [92.777377, 26.145531], [92.777664, 26.145314], [92.778066, 26.145066], [92.778503, 26.144854], [92.77952, 26.144418], [92.780517, 26.143992], [92.781138, 26.143691], [92.781311, 26.143607], [92.782282, 26.14314], [92.78288, 26.142877], [92.783216, 26.142757], [92.783562, 26.142651], [92.78383, 26.142583], [92.784814, 26.142338], [92.78548, 26.142177], [92.785544, 26.142162], [92.786343, 26.142013], [92.786834, 26.141936], [92.787156, 26.141904], [92.787722, 26.141868], [92.788293, 26.141825], [92.788592, 26.141793], [92.788701, 26.141782], [92.788988, 26.141729], [92.789323, 26.141647], [92.78983, 26.141493], [92.790758, 26.141184], [92.791555, 26.140968], [92.792099, 26.140835], [92.793102, 26.14059], [92.793864, 26.140404], [92.796173, 26.139932], [92.796933, 26.13979], [92.797705, 26.139677], [92.798075, 26.139627], [92.798354, 26.139605], [92.798692, 26.139593], [92.799011, 26.139605], [92.799309, 26.139643], [92.799663, 26.139713], [92.800186, 26.139872], [92.801259, 26.140257], [92.801712, 26.140397], [92.80208, 26.140474], [92.802418, 26.14052], [92.80275, 26.140529], [92.803206, 26.140513], [92.803523, 26.140481], [92.803879, 26.140412], [92.804263, 26.140322], [92.805285, 26.140021], [92.805561, 26.139942], [92.806197, 26.139759], [92.807881, 26.139305], [92.808508, 26.139122], [92.809531, 26.13883], [92.809904, 26.138724], [92.810475, 26.13855], [92.81137, 26.138299], [92.811843, 26.138187], [92.812284, 26.13814], [92.81264, 26.138114], [92.813323, 26.138117], [92.814696, 26.138148], [92.815158, 26.138122], [92.817272, 26.137789], [92.817647, 26.137732], [92.818068, 26.137659], [92.818438, 26.137587], [92.818801, 26.1375], [92.819004, 26.137435], [92.819313, 26.137327], [92.820186, 26.136952], [92.82048, 26.136826], [92.820893, 26.13664], [92.821746, 26.136255], [92.823103, 26.135653], [92.824098, 26.13522], [92.824538, 26.135049], [92.824921, 26.134931], [92.825192, 26.134868], [92.825538, 26.134799], [92.826254, 26.134705], [92.827107, 26.134589], [92.827389, 26.134551], [92.828829, 26.134384], [92.829613, 26.134336], [92.830653, 26.134288], [92.830994, 26.134283], [92.831707, 26.134272], [92.832166, 26.134245], [92.832458, 26.134209], [92.832713, 26.134148], [92.833056, 26.134055], [92.833539, 26.133867], [92.834129, 26.133587], [92.83477, 26.133274], [92.835543, 26.132887], [92.836401, 26.132482], [92.837058, 26.132155], [92.837643, 26.131842], [92.838005, 26.131632], [92.838563, 26.1313], [92.838985, 26.131033], [92.840226, 26.130247], [92.841876, 26.129251], [92.842889, 26.128634], [92.844803, 26.127444], [92.844994, 26.12733], [92.845349, 26.127112], [92.847261, 26.125949], [92.848943, 26.124913], [92.848995, 26.124883], [92.849877, 26.12436], [92.850703, 26.123897], [92.851572, 26.123465], [92.852043, 26.123291], [92.853199, 26.122805], [92.85434, 26.122339], [92.855133, 26.122037], [92.856037, 26.121794], [92.85707, 26.121595], [92.857096, 26.12159], [92.857194, 26.121568], [92.857408, 26.121528], [92.858183, 26.121396], [92.859217, 26.121102], [92.859305, 26.12106], [92.859949, 26.120756], [92.860999, 26.120026], [92.861731, 26.119508], [92.86248, 26.119147], [92.862813, 26.119033], [92.863796, 26.118804], [92.866077, 26.118379], [92.868935, 26.117846], [92.870174, 26.117624], [92.870591, 26.117549], [92.872156, 26.117248], [92.872974, 26.117042], [92.873567, 26.116804], [92.874243, 26.116345], [92.874429, 26.116178], [92.874597, 26.116029], [92.874746, 26.115905], [92.874794, 26.1159], [92.87484, 26.115887], [92.874882, 26.115864], [92.874916, 26.115834], [92.874943, 26.115797], [92.874959, 26.115757], [92.874965, 26.115714], [92.874961, 26.11567], [92.874945, 26.115629], [92.875057, 26.115438], [92.875338, 26.115039], [92.875757, 26.114418], [92.876013, 26.11401], [92.876354, 26.113467], [92.876734, 26.112623], [92.876987, 26.111834], [92.877069, 26.111173], [92.877065, 26.110428], [92.87693, 26.109488], [92.876538, 26.107814], [92.876313, 26.107058], [92.875884, 26.106232], [92.875606, 26.105758], [92.875213, 26.105186], [92.875163, 26.10509], [92.876809, 26.104844], [92.877506, 26.104536], [92.878032, 26.104271], [92.879582, 26.104281], [92.880993, 26.104208], [92.881706, 26.103919], [92.886797, 26.10337], [92.886947, 26.10337], [92.887613, 26.103707], [92.888165, 26.103886], [92.888745, 26.103886], [92.891915, 26.103847], [92.893599, 26.104001], [92.895627, 26.104233], [92.901743, 26.104252], [92.904639, 26.10456], [92.910197, 26.10431], [92.916634, 26.103789], [92.922106, 26.103495], [92.923345, 26.103563], [92.924671, 26.103842], [92.924901, 26.10389], [92.928296, 26.1039], [92.931896, 26.103722], [92.932062, 26.104184], [92.932255, 26.104454], [92.932481, 26.104536], [92.933859, 26.104526], [92.943773, 26.105369], [92.943966, 26.10534], [92.944052, 26.105234], [92.944116, 26.103216], [92.944931, 26.103149], [92.947069, 26.102758], [92.949322, 26.10192], [92.952358, 26.101761], [92.954697, 26.101448], [92.95621, 26.101771], [92.958038, 26.101664], [92.963431, 26.101347], [92.969761, 26.100769], [92.973685, 26.100065], [92.974287, 26.099957], [92.974466, 26.099925], [92.975314, 26.099767], [92.975998, 26.099638], [92.976245, 26.099611], [92.976362, 26.099613], [92.976433, 26.099631], [92.976458, 26.099664], [92.976475, 26.099712], [92.976485, 26.099763], [92.976515, 26.099986], [92.976531, 26.100203], [92.97654, 26.100353], [92.976545, 26.100431], [92.976578, 26.100893], [92.976591, 26.100962], [92.976603, 26.100987], [92.976627, 26.101015], [92.976672, 26.101063], [92.976728, 26.101108], [92.976793, 26.101158], [92.976916, 26.101264], [92.977169, 26.101442], [92.977225, 26.101509], [92.977279, 26.101576], [92.977312, 26.101641], [92.977365, 26.101769], [92.977404, 26.101855], [92.977494, 26.102074], [92.977851, 26.102981], [92.978015, 26.10338], [92.978227, 26.103921], [92.978292, 26.104087], [92.97876, 26.105272], [92.979046, 26.106016], [92.979219, 26.106474], [92.979478, 26.107111], [92.979702, 26.107654], [92.979761, 26.107801], [92.979839, 26.107967], [92.979995, 26.108333], [92.980027, 26.108345], [92.980085, 26.108344], [92.980161, 26.108342], [92.980359, 26.108332], [92.980727, 26.108313], [92.981091, 26.10829], [92.981363, 26.10827], [92.98174, 26.108235], [92.982086, 26.108214], [92.98236, 26.108192], [92.982634, 26.108175], [92.982862, 26.108155], [92.983131, 26.10814], [92.983582, 26.108106], [92.984078, 26.108057], [92.984297, 26.108033], [92.984481, 26.108012], [92.984685, 26.10799], [92.985215, 26.107944], [92.985796, 26.107888], [92.986059, 26.107868], [92.986299, 26.107851], [92.986997, 26.107781], [92.987185, 26.107757], [92.987293, 26.107737], [92.9874, 26.107706], [92.987513, 26.107677], [92.987656, 26.107639], [92.987948, 26.107564], [92.9883, 26.107484], [92.989161, 26.107305], [92.989507, 26.107219], [92.989891, 26.107144], [92.990237, 26.107053], [92.990422, 26.106997], [92.990538, 26.106954], [92.990675, 26.106898], [92.990842, 26.106831], [92.990997, 26.106767], [92.991137, 26.1067], [92.991226, 26.10666], [92.991307, 26.10662], [92.991346, 26.106598], [92.991387, 26.106574], [92.99142, 26.10655], [92.991444, 26.106534], [92.991474, 26.10651], [92.991505, 26.106458], [92.991515, 26.106398], [92.991342, 26.105745], [92.991181, 26.105091], [92.991163, 26.10499], [92.99118, 26.104926], [92.991238, 26.10487], [92.991309, 26.104853], [92.991403, 26.104833], [92.99286, 26.10463], [92.99374, 26.104746], [92.996508, 26.1049], [92.997849, 26.104717], [92.998696, 26.104466], [92.999404, 26.103936], [92.999941, 26.103744], [93.002513, 26.103592], [93.004414, 26.103581], [93.004896, 26.103524], [93.005578, 26.103424], [93.005767, 26.103444], [93.006078, 26.103522], [93.00623, 26.103597], [93.006293, 26.103625], [93.006367, 26.103658], [93.006557, 26.103745], [93.006865, 26.103806], [93.00723, 26.103784], [93.007504, 26.103746], [93.008493, 26.103614], [93.009878, 26.103427], [93.011281, 26.103169], [93.012274, 26.103015], [93.012759, 26.102942], [93.01287, 26.102923], [93.014197, 26.102654], [93.015205, 26.102447], [93.015593, 26.102357], [93.016461, 26.101984], [93.017079, 26.101738], [93.017466, 26.101614], [93.018849, 26.101327], [93.021444, 26.100669], [93.021788, 26.100618], [93.021943, 26.100714], [93.022143, 26.100814], [93.023615, 26.101934], [93.024647, 26.102705], [93.026281, 26.103935], [93.026432, 26.104041], [93.028234, 26.105388], [93.028403, 26.105486], [93.029391, 26.106058], [93.029504, 26.106123], [93.029546, 26.106148], [93.031097, 26.107045], [93.031274, 26.107164], [93.031834, 26.107631], [93.032402, 26.108146], [93.032487, 26.108223], [93.033144, 26.109157], [93.033395, 26.109513], [93.033655, 26.109733], [93.033707, 26.109776], [93.03434, 26.109946], [93.034604, 26.110048], [93.034812, 26.11043], [93.035693, 26.112564], [93.03575, 26.112651], [93.035777, 26.112688], [93.035855, 26.112767], [93.036658, 26.112877], [93.038121, 26.113043], [93.03852, 26.11306], [93.038795, 26.113077], [93.039887, 26.113069], [93.041716, 26.113072], [93.043208, 26.112961], [93.043524, 26.113014], [93.05002, 26.112764], [93.052909, 26.112629], [93.054371, 26.112535], [93.055776, 26.112409], [93.058657, 26.112219], [93.060406, 26.11212], [93.061471, 26.112032], [93.064169, 26.111665], [93.067582, 26.110981], [93.069507, 26.110471], [93.071363, 26.109861], [93.072959, 26.109368], [93.075176, 26.108529], [93.075461, 26.108409], [93.077733, 26.107453], [93.080376, 26.106438], [93.082022, 26.105796], [93.083387, 26.105251], [93.0838, 26.105128], [93.084465, 26.104994], [93.0873, 26.104549], [93.088266, 26.104348], [93.089262, 26.104224], [93.089391, 26.104203], [93.090877, 26.103957], [93.092299, 26.103734], [93.09389, 26.103614], [93.09512, 26.10323], [93.096801, 26.102513], [93.098567, 26.101669], [93.098662, 26.101585], [93.099132, 26.101165], [93.099365, 26.100956], [93.10061, 26.099471], [93.101892, 26.097972], [93.102451, 26.097388], [93.103552, 26.096573], [93.106356, 26.094534], [93.106687, 26.094369], [93.107275, 26.094121], [93.109396, 26.093316], [93.110746, 26.092753], [93.111188, 26.09261], [93.111641, 26.092512], [93.111996, 26.092444], [93.113616, 26.092225], [93.116727, 26.091902], [93.119724, 26.091548], [93.120348, 26.091493], [93.120974, 26.091461], [93.123749, 26.091387], [93.127139, 26.09129], [93.129622, 26.091189], [93.137202, 26.090371], [93.137728, 26.09032], [93.138209, 26.090344], [93.138624, 26.090536], [93.139154, 26.090993], [93.139392, 26.090856], [93.143093, 26.089248], [93.143282, 26.089236], [93.143849, 26.089], [93.144471, 26.088688], [93.144925, 26.088408], [93.145641, 26.087895], [93.146604, 26.087214], [93.147724, 26.086419], [93.148732, 26.085682], [93.149461, 26.085149], [93.150311, 26.084511], [93.152132, 26.083151], [93.153339, 26.082208], [93.154277, 26.081471], [93.155153, 26.080816], [93.155497, 26.080582], [93.15587, 26.080378], [93.156259, 26.080195], [93.156613, 26.080123], [93.156983, 26.080086], [93.157302, 26.080088], [93.157361, 26.080089], [93.15745, 26.080098], [93.157762, 26.080133], [93.158519, 26.080341], [93.160567, 26.080956], [93.16261, 26.081576], [93.163496, 26.081863], [93.164063, 26.0821], [93.165767, 26.082814], [93.166868, 26.083292], [93.167467, 26.083523], [93.167894, 26.083674], [93.168291, 26.083775], [93.168813, 26.083868], [93.170686, 26.084124], [93.173282, 26.084465], [93.173992, 26.08455], [93.174566, 26.08459], [93.175043, 26.084596], [93.175524, 26.084596], [93.176009, 26.084566], [93.176602, 26.084497], [93.177253, 26.084378], [93.177761, 26.084257], [93.178422, 26.084068], [93.17896, 26.083882], [93.1796, 26.083592], [93.180541, 26.083096], [93.182032, 26.082206], [93.184734, 26.080662], [93.185047, 26.080484], [93.187354, 26.079133], [93.189363, 26.077957], [93.192499, 26.076101], [93.194551, 26.074916], [93.195141, 26.074551], [93.195576, 26.074269], [93.196003, 26.073978], [93.196443, 26.073619], [93.197124, 26.073066], [93.198168, 26.072146], [93.199069, 26.071222], [93.200595, 26.069635], [93.201581, 26.068653], [93.202253, 26.067968], [93.203963, 26.066221], [93.205205, 26.064937], [93.20561, 26.064397], [93.205964, 26.06391], [93.206274, 26.063356], [93.206473, 26.06292], [93.206658, 26.062496], [93.206856, 26.061829], [93.206996, 26.061298], [93.207102, 26.060657], [93.207124, 26.060405], [93.207141, 26.059863], [93.207113, 26.059152], [93.207011, 26.058073], [93.206847, 26.056404], [93.206812, 26.056035], [93.206729, 26.05516], [93.206587, 26.053769], [93.206456, 26.052074], [93.20637, 26.051161], [93.206243, 26.050219], [93.206238, 26.049891], [93.206264, 26.049546], [93.206309, 26.049332], [93.206334, 26.049216], [93.206416, 26.048943], [93.206565, 26.048568], [93.206737, 26.04822], [93.20708, 26.047776], [93.207371, 26.047505], [93.208175, 26.046807], [93.209094, 26.046096], [93.210065, 26.045349], [93.21049, 26.045041], [93.210693, 26.044927], [93.210959, 26.044834], [93.211558, 26.044679], [93.212985, 26.044342], [93.213327, 26.044238], [93.213667, 26.044105], [93.213965, 26.043945], [93.214222, 26.043738], [93.215042, 26.042998], [93.216261, 26.041952], [93.216681, 26.041582], [93.216905, 26.041321], [93.217088, 26.041038], [93.217215, 26.040772], [93.21732, 26.040453], [93.217365, 26.040182], [93.217591, 26.039122], [93.217656, 26.038753], [93.217704, 26.038346], [93.217734, 26.038101], [93.217769, 26.037457], [93.217814, 26.03706], [93.217887, 26.036665], [93.218003, 26.036289], [93.218134, 26.035899], [93.218647, 26.034416], [93.218695, 26.034275], [93.219171, 26.032847], [93.219453, 26.032088], [93.219617, 26.031439], [93.219792, 26.030478], [93.219873, 26.029967], [93.219977, 26.029193], [93.22014, 26.028128], [93.220253, 26.02749], [93.220357, 26.027176], [93.220474, 26.02691], [93.220654, 26.026622], [93.220851, 26.026376], [93.221134, 26.026104], [93.221375, 26.025926], [93.221659, 26.025761], [93.221818, 26.025686], [93.222161, 26.025522], [93.222843, 26.025268], [93.223442, 26.025101], [93.223889, 26.025018], [93.224306, 26.025003], [93.224679, 26.025031], [93.225292, 26.025129], [93.226302, 26.025339], [93.228128, 26.025709], [93.228858, 26.025853], [93.229773, 26.026252], [93.230284, 26.026441], [93.230759, 26.0266], [93.231136, 26.026661], [93.231381, 26.026662], [93.231817, 26.026578], [93.232333, 26.026397], [93.232992, 26.0262], [93.233404, 26.026125], [93.233839, 26.026094], [93.234341, 26.026051], [93.234784, 26.025995], [93.235316, 26.025906], [93.235744, 26.025802], [93.236168, 26.025645], [93.237028, 26.025346], [93.2376, 26.025208], [93.238237, 26.025119], [93.238802, 26.025043], [93.239219, 26.024934], [93.239601, 26.024773], [93.239947, 26.024582], [93.240282, 26.024331], [93.240782, 26.02383], [93.241138, 26.023475], [93.241982, 26.022639], [93.242096, 26.022407], [93.242182, 26.022152], [93.242242, 26.021816], [93.242278, 26.021324], [93.242312, 26.021027], [93.242424, 26.02069], [93.242575, 26.020444], [93.242817, 26.020151], [93.243578, 26.019438], [93.243833, 26.019165], [93.244006, 26.018946], [93.244202, 26.018645], [93.244354, 26.018373], [93.244443, 26.018188], [93.244664, 26.017729], [93.244876, 26.017414], [93.245081, 26.017232], [93.245325, 26.017076], [93.245534, 26.016987], [93.245792, 26.016934], [93.246073, 26.016903], [93.247031, 26.016938], [93.248121, 26.016982], [93.248819, 26.017049], [93.249608, 26.017181], [93.250165, 26.017238], [93.250503, 26.017254], [93.250806, 26.017243], [93.250951, 26.017221], [93.251021, 26.01721], [93.251377, 26.01714], [93.252249, 26.01693], [93.252944, 26.016824], [93.253542, 26.016766], [93.254003, 26.016688], [93.254317, 26.016616], [93.254596, 26.016527], [93.255157, 26.016255], [93.256655, 26.015661], [93.257948, 26.015241], [93.25857, 26.014992], [93.258924, 26.014787], [93.259354, 26.014477], [93.260126, 26.013809], [93.261518, 26.01258], [93.261879, 26.012234], [93.262027, 26.012027], [93.262137, 26.011813], [93.262198, 26.011593], [93.262221, 26.011277], [93.262194, 26.010881], [93.26219, 26.01045], [93.262212, 26.010087], [93.262274, 26.009814], [93.262378, 26.009561], [93.262514, 26.009388], [93.262809, 26.009105], [93.263391, 26.008605], [93.263869, 26.008193], [93.264137, 26.007919], [93.264411, 26.007566], [93.264825, 26.006984], [93.265162, 26.006536], [93.265464, 26.006234], [93.265757, 26.006002], [93.266131, 26.005737], [93.266623, 26.005371], [93.266899, 26.005141], [93.267039, 26.004973], [93.267195, 26.004664], [93.267283, 26.004381], [93.267308, 26.00406], [93.267304, 26.003615], [93.267292, 26.002927], [93.267311, 26.002569], [93.267417, 26.002234], [93.267555, 26.001882], [93.267766, 26.00152], [93.268137, 26.001067], [93.268492, 26.000752], [93.268812, 26.00053], [93.269293, 26.000307], [93.270869, 25.999655], [93.271717, 25.999277], [93.272151, 25.999136], [93.272549, 25.999099], [93.272942, 25.999104], [93.273339, 25.999095], [93.273714, 25.99903], [93.274113, 25.998878], [93.274467, 25.998743], [93.274756, 25.998635], [93.275132, 25.99858], [93.275424, 25.998605], [93.27604, 25.998777], [93.276416, 25.99891], [93.276762, 25.999041], [93.277055, 25.999099], [93.277353, 25.999094], [93.277647, 25.999017], [93.277925, 25.998909], [93.278314, 25.998647], [93.278622, 25.998389], [93.278949, 25.998056], [93.279227, 25.997688], [93.27958, 25.99736], [93.279949, 25.99716], [93.28042, 25.99677], [93.280619, 25.996542], [93.280717, 25.996342], [93.280828, 25.996016], [93.281021, 25.995695], [93.28124, 25.995382], [93.281527, 25.995045], [93.281963, 25.994718], [93.282624, 25.994336], [93.283515, 25.993858], [93.28458, 25.993442], [93.286954, 25.99256], [93.287778, 25.992342], [93.288665, 25.992183], [93.289439, 25.992061], [93.289584, 25.991957], [93.290319, 25.991769], [93.290912, 25.991568], [93.292465, 25.990871], [93.293523, 25.990647], [93.294096, 25.990759], [93.294856, 25.990994], [93.295416, 25.991128], [93.296026, 25.991251], [93.296623, 25.991374], [93.29785, 25.992], [93.298273, 25.992229], [93.298774, 25.992253], [93.29917, 25.992308], [93.299655, 25.992522], [93.299831, 25.992633], [93.300297, 25.992862], [93.300667, 25.992854], [93.301371, 25.992696], [93.301767, 25.992862], [93.302639, 25.993155], [93.304144, 25.993693], [93.304813, 25.993746], [93.305984, 25.993812], [93.30632, 25.994092], [93.307101, 25.994623], [93.307232, 25.994788], [93.307266, 25.994903], [93.307306, 25.995172], [93.307397, 25.995258], [93.307596, 25.995364], [93.307692, 25.995446], [93.307817, 25.995687], [93.308251, 25.996265], [93.308352, 25.996641], [93.308439, 25.996805], [93.308757, 25.997052], [93.308943, 25.997236], [93.309052, 25.997474], [93.309158, 25.997675], [93.309273, 25.997784], [93.30961, 25.998014], [93.310412, 25.998352], [93.310689, 25.998456], [93.311324, 25.998688], [93.311533, 25.998845], [93.311745, 25.999256], [93.312241, 25.999854], [93.312442, 26.000001], [93.312645, 26.000197], [93.312685, 26.000278], [93.312666, 26.000424], [93.312869, 26.00093], [93.313057, 26.00127], [93.313269, 26.001422], [93.313631, 26.001539], [93.314323, 26.001614], [93.316399, 26.001741], [93.317075, 26.001719], [93.3176, 26.001582], [93.318106, 26.00137], [93.318735, 26.000955], [93.319248, 26.000652], [93.319963, 26.000313], [93.320775, 26.000023], [93.321425, 25.999807], [93.321904, 25.99977], [93.322489, 25.999828], [93.323059, 25.999898], [93.323659, 25.999858], [93.32414, 25.999712], [93.324878, 25.999359], [93.325594, 25.998942], [93.325852, 25.998843], [93.326166, 25.998762], [93.326621, 25.998715], [93.327788, 25.998681], [93.328212, 25.998667], [93.328548, 25.998606], [93.329043, 25.998462], [93.329436, 25.998312], [93.329859, 25.998118], [93.330493, 25.997878], [93.331494, 25.997656], [93.331964, 25.997599], [93.332184, 25.997553], [93.332407, 25.997454], [93.332663, 25.997331], [93.332903, 25.99715], [93.333163, 25.996894], [93.333506, 25.996406], [93.333993, 25.995647], [93.334139, 25.995339], [93.334281, 25.994999], [93.334402, 25.994784], [93.334601, 25.99452], [93.334818, 25.994323], [93.335066, 25.994128], [93.335296, 25.994], [93.335556, 25.993924], [93.335868, 25.993889], [93.336169, 25.993885], [93.336449, 25.993911], [93.336718, 25.993967], [93.336987, 25.994061], [93.337341, 25.994251], [93.337619, 25.994444], [93.337826, 25.994724], [93.338012, 25.995064], [93.338235, 25.995738], [93.338418, 25.996176], [93.338613, 25.996441], [93.338886, 25.996689], [93.339198, 25.996853], [93.339462, 25.996957], [93.339736, 25.997022], [93.340855, 25.997052], [93.342092, 25.997102], [93.34253, 25.997102], [93.342894, 25.997043], [93.343318, 25.996948], [93.343814, 25.996793], [93.345488, 25.996027], [93.346132, 25.995742], [93.346538, 25.995604], [93.346878, 25.995529], [93.347328, 25.99547], [93.347808, 25.995386], [93.348157, 25.995336], [93.348545, 25.995246], [93.349636, 25.994874], [93.350549, 25.994531], [93.350952, 25.994402], [93.351416, 25.994303], [93.351759, 25.994258], [93.352101, 25.99425], [93.352509, 25.99425], [93.352914, 25.994305], [93.353236, 25.994389], [93.355182, 25.994976], [93.356385, 25.995319], [93.357846, 25.995855], [93.358233, 25.995973], [93.358577, 25.996052], [93.358964, 25.996112], [93.359416, 25.996134], [93.359946, 25.996106], [93.361453, 25.995978], [93.362025, 25.995913], [93.36243, 25.995912], [93.362861, 25.995963], [93.363223, 25.996049], [93.363643, 25.996225], [93.363999, 25.996449], [93.364656, 25.997004], [93.365666, 25.997827], [93.365983, 25.998107], [93.366239, 25.998398], [93.36648, 25.998767], [93.366665, 25.999162], [93.366785, 25.999627], [93.36686, 26.000213], [93.366842, 26.000769], [93.366805, 26.001276], [93.366814, 26.001811], [93.366851, 26.002133], [93.366964, 26.002508], [93.36714, 26.002866], [93.367341, 26.003172], [93.367591, 26.003467], [93.367967, 26.003784], [93.368244, 26.00395], [93.368652, 26.004131], [93.369274, 26.004409], [93.369884, 26.00471], [93.370671, 26.005238], [93.372029, 26.006202], [93.372951, 26.006792], [93.374129, 26.007501], [93.374455, 26.00773], [93.374674, 26.007969], [93.375143, 26.008574], [93.375607, 26.009153], [93.37582, 26.00936], [93.376134, 26.00955], [93.376484, 26.009699], [93.376827, 26.009825], [93.377188, 26.009957], [93.377498, 26.010117], [93.377749, 26.010338], [93.377921, 26.010561], [93.378037, 26.010838], [93.378106, 26.011127], [93.378134, 26.011546], [93.378138, 26.012011], [93.378175, 26.012408], [93.378256, 26.012732], [93.37838, 26.012951], [93.378716, 26.013363], [93.378955, 26.013592], [93.379834, 26.014459], [93.380601, 26.015164], [93.380849, 26.01527], [93.381013, 26.015366], [93.381216, 26.01553], [93.381341, 26.015673], [93.381453, 26.015827], [93.381499, 26.015974], [93.381481, 26.016162], [93.381453, 26.01631], [93.381468, 26.016461], [93.381528, 26.016671], [93.381605, 26.016897], [93.381907, 26.017482], [93.38194, 26.017592], [93.381951, 26.017725], [93.381935, 26.017931], [93.381899, 26.018062], [93.381873, 26.018258], [93.381883, 26.018435], [93.381953, 26.018743], [93.381979, 26.018972], [93.381954, 26.019179], [93.381959, 26.019545], [93.382039, 26.019708], [93.382114, 26.019831], [93.382345, 26.020197], [93.382592, 26.020635], [93.382654, 26.020845], [93.382642, 26.021047], [93.382625, 26.021284], [93.382659, 26.021507], [93.382719, 26.021651], [93.382857, 26.021788], [93.383065, 26.021923], [93.383573, 26.022188], [93.383821, 26.022358], [93.383981, 26.022468], [93.384396, 26.022762], [93.384627, 26.022881], [93.384897, 26.02298], [93.385069, 26.023067], [93.385242, 26.023184], [93.385384, 26.02334], [93.385792, 26.023815], [93.386085, 26.02408], [93.386383, 26.024244], [93.386666, 26.02434], [93.387043, 26.024386], [93.387682, 26.024467], [93.388463, 26.02449], [93.388932, 26.024433], [93.389233, 26.024372], [93.390142, 26.024162], [93.390729, 26.024005], [93.39127, 26.023806], [93.391589, 26.023639], [93.391761, 26.023418], [93.391938, 26.023103], [93.392013, 26.022778], [93.391983, 26.021812], [93.391948, 26.020661], [93.391957, 26.020417], [93.391979, 26.019466], [93.392166, 26.018802], [93.392431, 26.018358], [93.39259, 26.018267], [93.393095, 26.01736], [93.393161, 26.017126], [93.393208, 26.016859], [93.393177, 26.016569], [93.393084, 26.016278], [93.392903, 26.01569], [93.392858, 26.015294], [93.392935, 26.014862], [93.393218, 26.014083], [93.393271, 26.013504], [93.393277, 26.013264], [93.393219, 26.012236], [93.393245, 26.011961], [93.393389, 26.011572], [93.393735, 26.010951], [93.393921, 26.010515], [93.394002, 26.010006], [93.393924, 26.009345], [93.393644, 26.008745], [93.393199, 26.00804], [93.393178, 26.007757], [93.393215, 26.007297], [93.393492, 26.0062], [93.393589, 26.005233], [93.393626, 26.004774], [93.393739, 26.004323], [93.393864, 26.004045], [93.394053, 26.003829], [93.394343, 26.003545], [93.395012, 26.003178], [93.395588, 26.002871], [93.396438, 26.002423], [93.396903, 26.002115], [93.39741, 26.001674], [93.397943, 26.001119], [93.398313, 26.000693], [93.39903, 25.999786], [93.399469, 25.999347], [93.400071, 25.998791], [93.400588, 25.998251], [93.400977, 25.997705], [93.401261, 25.997333], [93.401522, 25.997093], [93.401849, 25.996877], [93.402411, 25.996717], [93.405753, 25.996566], [93.407279, 25.996574], [93.407626, 25.996581], [93.40797, 25.996565], [93.408333, 25.996526], [93.408693, 25.996476], [93.409109, 25.996361], [93.409655, 25.996056], [93.41015, 25.995644], [93.410697, 25.995068], [93.411263, 25.994446], [93.411855, 25.993798], [93.412152, 25.993533], [93.412493, 25.993279], [93.412919, 25.993036], [93.413476, 25.992808], [93.413982, 25.992667], [93.414601, 25.992503], [93.415804, 25.992203], [93.416594, 25.991988], [93.417938, 25.991598], [93.418684, 25.991267], [93.419956, 25.99046], [93.420575, 25.990167], [93.422065, 25.989584], [93.424528, 25.988657], [93.424722, 25.988618], [93.425017, 25.988557], [93.425616, 25.98847], [93.425821, 25.988432], [93.42977, 25.987797], [93.431072, 25.987576], [93.431692, 25.98742], [93.43241, 25.987125], [93.433032, 25.986724], [93.433416, 25.986376], [93.433735, 25.986043], [93.435906, 25.983331], [93.43636, 25.982738], [93.436455, 25.982627], [93.436686, 25.982342], [93.43767, 25.981166], [93.437916, 25.980945], [93.438187, 25.98072], [93.438444, 25.980545], [93.438864, 25.980321], [93.439227, 25.980168], [93.43957, 25.980057], [93.439905, 25.979975], [93.440149, 25.979946], [93.440346, 25.979931], [93.440947, 25.979924], [93.441448, 25.979955], [93.443056, 25.980095], [93.444234, 25.980198], [93.446698, 25.980413], [93.448443, 25.980574], [93.449144, 25.980656], [93.449883, 25.980718], [93.450375, 25.980749], [93.45084, 25.980759], [93.451342, 25.980722], [93.451676, 25.98066], [93.45205, 25.980571], [93.452363, 25.98047], [93.453154, 25.980022], [93.45359, 25.979706], [93.454725, 25.978711], [93.454756, 25.978684], [93.455086, 25.978405], [93.456472, 25.977158], [93.456928, 25.976718], [93.457028, 25.976622], [93.457335, 25.976255], [93.45764, 25.975787], [93.457846, 25.97521], [93.458081, 25.974072], [93.458462, 25.971666], [93.458816, 25.969352], [93.459043, 25.967838], [93.459118, 25.967534], [93.459201, 25.967254], [93.459335, 25.966978], [93.459442, 25.966786], [93.459625, 25.966568], [93.459795, 25.966371], [93.460103, 25.96611], [93.460683, 25.965706], [93.460947, 25.965529], [93.461006, 25.965498], [93.461235, 25.965349], [93.461789, 25.965023], [93.46267, 25.964472], [93.463043, 25.964267], [93.46344, 25.9641], [93.463861, 25.963958], [93.464491, 25.963823], [93.464985, 25.9637], [93.465277, 25.963611], [93.465658, 25.963473], [93.466095, 25.963268], [93.466511, 25.963061], [93.466943, 25.962827], [93.46734, 25.962581], [93.467597, 25.962453], [93.467882, 25.962357], [93.46812, 25.962316], [93.468426, 25.962342], [93.468633, 25.962398], [93.469048, 25.962528], [93.469504, 25.962723], [93.470486, 25.963111], [93.471224, 25.963379], [93.471715, 25.963526], [93.47216, 25.963601], [93.472471, 25.963599], [93.472793, 25.96357], [93.473123, 25.963495], [93.473525, 25.96336], [93.47455, 25.96295], [93.475411, 25.96261], [93.475633, 25.96255], [93.47584, 25.962542], [93.476143, 25.962554], [93.477259, 25.962641], [93.477503, 25.962634], [93.477833, 25.962588], [93.478932, 25.962364], [93.479324, 25.962296], [93.479764, 25.962248], [93.480247, 25.962234], [93.481379, 25.962214], [93.481969, 25.962181], [93.483079, 25.962074], [93.48331, 25.962072], [93.483557, 25.962099], [93.484007, 25.962181], [93.484448, 25.962266], [93.484615, 25.962293], [93.484775, 25.962312], [93.484997, 25.962257], [93.485401, 25.962112], [93.486249, 25.96171], [93.4874, 25.961201], [93.48776, 25.961071], [93.487969, 25.961035], [93.488154, 25.961028], [93.488529, 25.961086], [93.488773, 25.96118], [93.489927, 25.961814], [93.490431, 25.962128], [93.490761, 25.962359], [93.490992, 25.962556], [93.491292, 25.962852], [93.491527, 25.963086], [93.493054, 25.964749], [93.493296, 25.965077], [93.493524, 25.965434], [93.493738, 25.96582], [93.493945, 25.96616], [93.494106, 25.966324], [93.494272, 25.96641], [93.4945, 25.966475], [93.494749, 25.966492], [93.495015, 25.966456], [93.495844, 25.966372], [93.496192, 25.966369], [93.49656, 25.966405], [93.497528, 25.966497], [93.497944, 25.966487], [93.498301, 25.966415], [93.498606, 25.966338], [93.498998, 25.966196], [93.499109, 25.966131], [93.499344, 25.965988], [93.499703, 25.96575], [93.500221, 25.965272], [93.500878, 25.96471], [93.501146, 25.96458], [93.501463, 25.964488], [93.501822, 25.964484], [93.501982, 25.964493], [93.502639, 25.964537], [93.502901, 25.964549], [93.503708, 25.964623], [93.504024, 25.964628], [93.504413, 25.964546], [93.504759, 25.964435], [93.505095, 25.964286], [93.505427, 25.964057], [93.505628, 25.963878], [93.505884, 25.963627], [93.506009, 25.963449], [93.506542, 25.962623], [93.506634, 25.96246], [93.507147, 25.961619], [93.507723, 25.960693], [93.508067, 25.960167], [93.508635, 25.95926], [93.508791, 25.959084], [93.508882, 25.958966], [93.509032, 25.958788], [93.509244, 25.958609], [93.509445, 25.958416], [93.509687, 25.958267], [93.5101, 25.958016], [93.510735, 25.957705], [93.511851, 25.957203], [93.512358, 25.957003], [93.51286, 25.956834], [93.513439, 25.956665], [93.514244, 25.956465], [93.514606, 25.956328], [93.514936, 25.956193], [93.515354, 25.955978], [93.515837, 25.955722], [93.516542, 25.955418], [93.517065, 25.955192], [93.517556, 25.954948], [93.517892, 25.95475], [93.518211, 25.954514], [93.518455, 25.954302], [93.519394, 25.953508], [93.51963, 25.953369], [93.519882, 25.953282], [93.520212, 25.953195], [93.520501, 25.953156], [93.520839, 25.953156], [93.521054, 25.953185], [93.521467, 25.953303], [93.521754, 25.953424], [93.522132, 25.953629], [93.523328, 25.954324], [93.523964, 25.954685], [93.524189, 25.95477], [93.524471, 25.954864], [93.52479, 25.954922], [93.52523, 25.954967], [93.525862, 25.955039], [93.526485, 25.955066], [93.526832, 25.955098], [93.527204, 25.955144], [93.52759, 25.955199], [93.528092, 25.955295], [93.52876, 25.955474], [93.530219, 25.955865], [93.530817, 25.956038], [93.531088, 25.956164], [93.53127, 25.956279], [93.531386, 25.956366], [93.531533, 25.956521], [93.532, 25.95721], [93.532225, 25.957509], [93.532432, 25.957734], [93.532684, 25.957972], [93.532928, 25.958192], [93.53362, 25.958831], [93.534197, 25.95932], [93.534449, 25.959472], [93.534674, 25.959595], [93.53498, 25.959692], [93.535337, 25.959716], [93.5359, 25.959741], [93.536246, 25.959763], [93.536507, 25.959804], [93.536717, 25.95985], [93.537047, 25.959982], [93.537154, 25.960043], [93.537823, 25.96041], [93.538161, 25.960584], [93.5383, 25.960647], [93.538404, 25.960688], [93.538538, 25.960729], [93.538907, 25.960785], [93.539081, 25.960783], [93.539173, 25.960782], [93.539473, 25.960771], [93.540028, 25.960757], [93.540261, 25.960769], [93.540511, 25.960801], [93.540787, 25.960878], [93.541667, 25.961095], [93.54253, 25.961327], [93.542793, 25.961438], [93.543356, 25.961737], [93.543992, 25.962062], [93.544352, 25.96219], [93.54462, 25.962241], [93.544856, 25.962251], [93.545242, 25.962219], [93.546253, 25.962053], [93.546532, 25.961964], [93.546771, 25.961838], [93.547508, 25.961329], [93.548026, 25.960997], [93.548608, 25.960659], [93.548911, 25.960541], [93.5493, 25.960447], [93.549842, 25.960377], [93.550435, 25.960309], [93.550885, 25.960319], [93.551239, 25.960372], [93.551913, 25.960574], [93.552395, 25.960717], [93.552892, 25.960808], [93.55324, 25.960845], [93.553688, 25.960835], [93.554037, 25.960806], [93.55453, 25.960683], [93.554879, 25.96056], [93.555249, 25.960413], [93.556118, 25.959969], [93.556451, 25.959806], [93.556894, 25.959579], [93.558795, 25.95866], [93.559621, 25.958305], [93.56004, 25.958189], [93.560388, 25.958112], [93.561598, 25.957936], [93.561962, 25.957911], [93.562179, 25.957894], [93.562953, 25.95784], [93.563232, 25.957837], [93.563543, 25.957898], [93.563902, 25.958033], [93.564321, 25.958214], [93.56472, 25.958356], [93.565259, 25.958467], [93.565597, 25.95846], [93.565941, 25.958387], [93.56623, 25.958271], [93.567032, 25.957796], [93.567309, 25.957659], [93.567668, 25.957509], [93.568408, 25.957232], [93.569441, 25.956892], [93.570119, 25.956701], [93.570718, 25.956569], [93.571227, 25.956499], [93.571761, 25.956439], [93.572008, 25.956427], [93.572287, 25.956398], [93.572584, 25.956364], [93.572781, 25.956336], [93.573048, 25.956287], [93.573306, 25.956214], [93.573783, 25.956038], [93.574223, 25.955886], [93.574338, 25.955844], [93.574575, 25.955792], [93.57472, 25.955763], [93.574939, 25.955737], [93.575189, 25.955749], [93.575629, 25.955831], [93.575795, 25.95586], [93.576299, 25.955961], [93.576648, 25.956029], [93.577092, 25.956158], [93.577525, 25.956272], [93.577926, 25.956407], [93.578267, 25.956529], [93.578564, 25.956666], [93.578687, 25.956711], [93.579357, 25.957014], [93.5798, 25.957234], [93.580113, 25.957367], [93.580626, 25.957603], [93.580942, 25.957767], [93.581218, 25.957914], [93.581377, 25.958021], [93.581562, 25.958173], [93.581717, 25.958315], [93.581953, 25.95859], [93.582222, 25.958927], [93.582535, 25.959335], [93.582919, 25.959851], [93.583461, 25.960533], [93.583708, 25.960796], [93.583847, 25.960917], [93.58403, 25.961016], [93.584223, 25.961093], [93.584378, 25.961132], [93.584636, 25.961163], [93.584915, 25.961168], [93.585199, 25.961124], [93.585942, 25.960977], [93.586229, 25.960876], [93.586341, 25.960794], [93.586429, 25.960726], [93.58651, 25.96062], [93.586612, 25.960439], [93.586671, 25.960295], [93.586693, 25.960165], [93.586714, 25.959926], [93.586714, 25.959755], [93.586704, 25.9596], [93.586684, 25.959521], [93.586661, 25.959371], [93.586607, 25.959231], [93.586535, 25.959087], [93.586277, 25.958739], [93.585931, 25.958228], [93.585802, 25.957987], [93.585733, 25.957751], [93.585719, 25.957549], [93.585733, 25.957328], [93.585794, 25.957107], [93.58592, 25.956846], [93.586183, 25.956564], [93.586521, 25.956236], [93.586773, 25.955954], [93.586905, 25.955742], [93.587007, 25.955496], [93.587084, 25.955254], [93.587232, 25.954813], [93.587329, 25.954521], [93.587575, 25.953721], [93.587679, 25.953376], [93.587776, 25.953053], [93.587953, 25.952585], [93.588125, 25.95231], [93.588393, 25.952003], [93.588871, 25.951507], [93.589238, 25.95113], [93.589638, 25.950716], [93.589767, 25.950566], [93.589858, 25.950383], [93.589946, 25.950142], [93.590019, 25.949833], [93.590158, 25.94924], [93.590239, 25.948991], [93.590365, 25.94875], [93.590598, 25.948458], [93.591108, 25.948036], [93.591513, 25.947689], [93.591692, 25.947515], [93.591824, 25.947339], [93.591939, 25.947153], [93.592001, 25.946956], [93.592047, 25.946767], [93.592114, 25.946449], [93.59217, 25.946121], [93.592264, 25.945887], [93.592398, 25.945685], [93.592556, 25.945528], [93.592741, 25.9454], [93.59305, 25.945277], [93.593296, 25.945221], [93.593624, 25.945207], [93.593852, 25.945217], [93.594155, 25.945238], [93.594549, 25.945231], [93.595356, 25.945214], [93.595617, 25.945166], [93.595871, 25.945072], [93.596078, 25.944932], [93.596258, 25.944754], [93.596424, 25.944522], [93.596684, 25.944105], [93.596824, 25.943864], [93.596907, 25.943688], [93.596936, 25.943545], [93.596972, 25.943426], [93.596982, 25.943229], [93.596966, 25.943053], [93.596899, 25.942906], [93.596799, 25.942716], [93.5967, 25.942532], [93.596596, 25.94232], [93.596453, 25.942043], [93.59636, 25.941811], [93.596309, 25.941604], [93.596322, 25.941449], [93.596354, 25.941312], [93.596413, 25.941172], [93.596529, 25.941032], [93.596665, 25.940926], [93.596848, 25.940841], [93.597105, 25.940726], [93.597786, 25.94055], [93.598661, 25.940357], [93.599066, 25.940217], [93.599289, 25.940127], [93.599433, 25.940056], [93.599626, 25.939927], [93.599919, 25.939722], [93.600077, 25.939561], [93.600206, 25.939409], [93.600345, 25.939199], [93.600648, 25.93869], [93.600981, 25.938133], [93.601569, 25.937231], [93.6017, 25.937018], [93.602357, 25.936049], [93.603092, 25.934978], [93.603376, 25.934565], [93.603532, 25.934396], [93.603722, 25.934242], [93.603929, 25.934095], [93.604584, 25.933776], [93.604822, 25.933658], [93.605847, 25.933243], [93.607501, 25.932578], [93.607716, 25.932479], [93.607955, 25.932368], [93.608261, 25.932235], [93.608512, 25.932162], [93.608711, 25.932129], [93.608875, 25.932122], [93.609054, 25.932141], [93.609258, 25.932177], [93.609458, 25.932241], [93.60965, 25.932334], [93.609819, 25.932462], [93.609991, 25.932612], [93.610186, 25.9328], [93.61039, 25.932981], [93.61076, 25.93328], [93.611404, 25.933822], [93.612118, 25.934437], [93.612638, 25.934884], [93.612906, 25.935123], [93.613206, 25.93532], [93.613593, 25.935535], [93.614612, 25.936143], [93.615146, 25.936435], [93.615374, 25.936522], [93.615592, 25.936573], [93.615792, 25.936584], [93.616106, 25.936565], [93.616658, 25.936495], [93.617245, 25.936382], [93.617482, 25.936321], [93.617702, 25.93622], [93.617927, 25.936032], [93.618064, 25.935868], [93.618246, 25.935656], [93.618426, 25.935472], [93.618678, 25.935209], [93.618901, 25.935019], [93.619145, 25.934838], [93.619456, 25.934655], [93.619848, 25.93451], [93.62018, 25.934423], [93.620524, 25.934329], [93.620904, 25.934247], [93.621382, 25.934131], [93.621682, 25.934027], [93.621934, 25.933885], [93.62216, 25.933721], [93.622264, 25.933626], [93.62238, 25.93349], [93.622487, 25.933306], [93.62257, 25.933106], [93.62261, 25.93294], [93.622626, 25.932831], [93.622634, 25.932549], [93.622634, 25.932209], [93.622672, 25.931917], [93.622747, 25.931697], [93.622935, 25.931417], [93.623153, 25.931215], [93.623348, 25.930995], [93.623774, 25.930544], [93.624139, 25.930334], [93.62466, 25.930132], [93.625116, 25.929989], [93.625751, 25.929801], [93.625893, 25.929762], [93.6261, 25.929632], [93.626277, 25.929493], [93.62639, 25.929324], [93.626481, 25.929128], [93.626505, 25.928931], [93.626508, 25.928697], [93.626505, 25.928315], [93.62643, 25.927722], [93.626333, 25.926786], [93.626274, 25.92639], [93.626325, 25.925874], [93.626473, 25.925592], [93.626612, 25.925421], [93.626851, 25.92522], [93.627159, 25.925064], [93.627489, 25.924991], [93.62779, 25.924984], [93.628085, 25.92504], [93.628466, 25.92517], [93.629619, 25.925549], [93.629858, 25.925582], [93.630104, 25.925565], [93.630348, 25.92551], [93.630536, 25.92545], [93.630724, 25.925322], [93.630936, 25.925143], [93.631113, 25.924912], [93.631687, 25.924079], [93.632175, 25.923315], [93.632618, 25.922565], [93.632773, 25.922384], [93.633033, 25.92215], [93.633294, 25.921971], [93.633484, 25.921896], [93.633692, 25.921826], [93.633805, 25.921737], [93.634034, 25.921696], [93.634235, 25.921691], [93.634575, 25.921672], [93.634985, 25.921712], [93.635205, 25.921705], [93.635388, 25.921693], [93.635551, 25.921677], [93.635603, 25.921672], [93.635783, 25.921631], [93.636067, 25.921533], [93.636278, 25.921454], [93.636546, 25.921336], [93.636675, 25.921267], [93.636796, 25.92119], [93.636895, 25.921111], [93.636989, 25.920992], [93.637041, 25.920899], [93.637099, 25.920746], [93.637169, 25.920522], [93.637272, 25.920145], [93.63731, 25.919976], [93.637349, 25.919778], [93.637374, 25.919608], [93.637416, 25.919463], [93.637468, 25.919341], [93.637553, 25.91923], [93.637711, 25.919022], [93.637854, 25.918851], [93.637963, 25.918719], [93.638116, 25.918569], [93.638264, 25.918461], [93.63846, 25.918365], [93.638627, 25.91832], [93.638747, 25.918292], [93.638973, 25.918273], [93.639145, 25.918256], [93.639343, 25.918232], [93.6396, 25.918224], [93.639819, 25.918194], [93.639994, 25.918162], [93.640205, 25.918113], [93.640355, 25.918016], [93.640531, 25.917921], [93.640713, 25.917751], [93.64084, 25.917631], [93.640941, 25.917524], [93.641029, 25.917429], [93.641128, 25.917278], [93.641207, 25.917157], [93.641285, 25.917083], [93.641337, 25.916985], [93.64145, 25.91686], [93.641501, 25.916782], [93.641581, 25.916708], [93.641654, 25.916627], [93.641723, 25.916491], [93.641898, 25.916348], [93.642115, 25.916246], [93.642323, 25.916146], [93.642498, 25.916049], [93.642684, 25.915964], [93.642935, 25.915892], [93.643143, 25.915835], [93.643356, 25.915799], [93.643504, 25.915774], [93.643643, 25.915754], [93.643773, 25.91573], [93.643973, 25.915686], [93.644359, 25.915577], [93.64464, 25.915505], [93.644975, 25.915397], [93.645186, 25.915341], [93.645377, 25.915294], [93.645548, 25.915273], [93.645724, 25.915263], [93.645937, 25.915268], [93.646154, 25.915273], [93.646327, 25.915253], [93.646543, 25.915198], [93.646693, 25.915138], [93.646906, 25.91505], [93.647308, 25.914833], [93.647441, 25.914751], [93.647537, 25.914658], [93.647586, 25.914578], [93.647601, 25.914509], [93.647654, 25.914424], [93.647796, 25.914282], [93.647867, 25.914198], [93.647955, 25.914039], [93.648091, 25.913539], [93.648139, 25.913399], [93.648296, 25.913064], [93.648352, 25.912993], [93.648493, 25.912855], [93.6486, 25.912797], [93.648738, 25.912715], [93.648879, 25.912665], [93.649044, 25.912588], [93.649365, 25.912418], [93.649681, 25.912276], [93.650063, 25.912107], [93.65039, 25.911955], [93.650671, 25.911791], [93.650989, 25.911583], [93.651275, 25.9114], [93.651525, 25.91125], [93.651748, 25.91113], [93.652002, 25.911001], [93.652272, 25.910875], [93.652286, 25.910868], [93.652548, 25.910765], [93.652832, 25.91068], [93.653165, 25.910585], [93.653447, 25.910523], [93.653697, 25.910481], [93.654089, 25.910428], [93.65439, 25.910393], [93.654716, 25.910363], [93.654849, 25.910346], [93.654982, 25.910329], [93.655099, 25.910305], [93.655198, 25.910269], [93.655284, 25.91021], [93.655354, 25.91013], [93.655453, 25.909991], [93.655592, 25.909763], [93.65574, 25.909566], [93.65585, 25.909457], [93.656002, 25.909345], [93.656198, 25.909227], [93.656503, 25.909049], [93.657079, 25.908727], [93.657319, 25.908583], [93.657496, 25.908465], [93.657676, 25.908335], [93.657907, 25.908159], [93.658173, 25.907953], [93.658457, 25.907708], [93.65886, 25.907366], [93.659166, 25.907117], [93.659317, 25.90702], [93.659388, 25.906981], [93.659515, 25.906915], [93.659672, 25.906844], [93.6598, 25.906795], [93.65997, 25.906755], [93.660132, 25.906726], [93.660318, 25.906724], [93.660529, 25.906734], [93.660704, 25.906764], [93.660931, 25.906809], [93.661274, 25.906876], [93.661451, 25.906919], [93.661768, 25.907044], [93.661878, 25.906987], [93.662041, 25.906923], [93.662208, 25.906858], [93.662566, 25.906683], [93.66369, 25.906102], [93.664114, 25.905885], [93.664482, 25.905707], [93.664685, 25.905618], [93.664852, 25.905562], [93.665008, 25.905523], [93.66548, 25.905448], [93.666067, 25.905399], [93.666373, 25.905368], [93.666617, 25.905332], [93.666808, 25.905295], [93.667022, 25.905245], [93.66761, 25.905147], [93.668111, 25.905076], [93.668507, 25.905025], [93.668819, 25.90499], [93.669148, 25.904971], [93.669461, 25.904961], [93.669716, 25.904967], [93.669969, 25.904961], [93.670143, 25.904934], [93.670259, 25.904892], [93.670357, 25.90483], [93.670425, 25.904764], [93.670481, 25.904676], [93.670535, 25.904507], [93.670553, 25.904377], [93.67056, 25.904209], [93.670533, 25.903955], [93.670529, 25.903778], [93.670532, 25.903658], [93.670552, 25.903544], [93.670591, 25.903427], [93.670649, 25.903306], [93.670841, 25.902944], [93.670944, 25.902808], [93.671054, 25.902688], [93.671187, 25.902578], [93.671325, 25.902489], [93.67161, 25.902373], [93.671784, 25.902297], [93.672013, 25.902188], [93.672209, 25.90213], [93.672424, 25.902094], [93.672612, 25.902073], [93.672759, 25.902061], [93.672943, 25.902065], [93.67316, 25.902074], [93.673381, 25.902085], [93.67374, 25.902101], [93.674393, 25.902135], [93.67488, 25.902142], [93.675243, 25.902148], [93.675269, 25.902148], [93.675469, 25.902147], [93.675694, 25.902137], [93.67611, 25.902129], [93.676444, 25.902125], [93.676826, 25.902128], [93.67707, 25.902144], [93.677255, 25.902179], [93.677521, 25.902268], [93.677655, 25.902341], [93.677715, 25.902392], [93.677788, 25.902486], [93.677838, 25.902589], [93.677898, 25.902773], [93.677932, 25.902937], [93.677964, 25.903034], [93.678005, 25.903109], [93.678087, 25.903179], [93.67815, 25.903217], [93.678301, 25.903261], [93.678474, 25.903299], [93.678829, 25.903388], [93.679001, 25.903436], [93.679334, 25.903551], [93.679664, 25.903674], [93.6802, 25.903882], [93.680277, 25.903906], [93.680508, 25.903978], [93.680761, 25.904031], [93.681045, 25.904063], [93.68134, 25.904051], [93.681592, 25.904012], [93.681799, 25.903937], [93.682011, 25.903797], [93.682222, 25.903667], [93.682491, 25.903573], [93.682791, 25.903527], [93.683306, 25.903477], [93.683593, 25.903449], [93.68371, 25.903425], [93.684006, 25.903346], [93.684223, 25.903255], [93.684341, 25.903148], [93.684454, 25.902994], [93.684537, 25.902825], [93.684583, 25.902731], [93.684671, 25.902458], [93.684762, 25.902215], [93.684821, 25.902072], [93.684856, 25.902016], [93.684898, 25.901948], [93.684978, 25.901852], [93.685102, 25.901761], [93.685218, 25.901684], [93.68529, 25.901599], [93.685328, 25.901509], [93.685351, 25.901419], [93.685363, 25.901368], [93.685395, 25.901198], [93.685413, 25.90109], [93.68545, 25.900966], [93.685507, 25.900855], [93.685585, 25.900759], [93.685689, 25.900669], [93.685786, 25.900622], [93.685909, 25.900603], [93.686031, 25.900602], [93.68616, 25.900637], [93.686318, 25.900713], [93.686369, 25.900745], [93.686525, 25.900847], [93.686668, 25.900924], [93.686779, 25.900964], [93.686946, 25.901007], [93.687142, 25.901051], [93.687293, 25.901064], [93.687417, 25.901067], [93.687567, 25.901049], [93.687721, 25.901013], [93.687879, 25.900982], [93.688012, 25.900972], [93.688111, 25.900984], [93.688204, 25.901023], [93.68829, 25.901094], [93.688355, 25.901188], [93.688416, 25.901301], [93.68846, 25.901428], [93.688501, 25.901566], [93.688526, 25.901692], [93.688559, 25.901861], [93.688622, 25.902173], [93.688682, 25.902469], [93.688724, 25.902678], [93.688805, 25.903068], [93.688843, 25.903204], [93.688889, 25.903331], [93.688937, 25.903421], [93.689014, 25.903522], [93.68913, 25.903626], [93.689254, 25.903717], [93.689373, 25.903797], [93.689432, 25.903831], [93.689552, 25.9039], [93.689687, 25.903958], [93.689808, 25.903994], [93.689916, 25.904012], [93.690025, 25.904015], [93.690123, 25.904001], [93.690234, 25.90396], [93.690396, 25.903873], [93.690551, 25.90379], [93.69075, 25.903659], [93.690965, 25.903528], [93.69157, 25.903144], [93.692061, 25.902847], [93.692299, 25.902707], [93.692501, 25.902613], [93.692763, 25.902521], [93.693075, 25.902422], [93.693638, 25.902258], [93.69379, 25.902221], [93.694213, 25.902121], [93.694523, 25.90206], [93.694823, 25.90201], [93.695159, 25.901964], [93.695329, 25.901943], [93.695473, 25.901925], [93.695741, 25.901879], [93.695986, 25.901824], [93.696159, 25.901773], [93.696309, 25.901736], [93.696439, 25.90172], [93.696551, 25.90172], [93.696878, 25.901762], [93.69718, 25.901797], [93.697402, 25.901824], [93.697565, 25.901849], [93.697708, 25.901887], [93.697878, 25.901935], [93.698027, 25.901986], [93.698212, 25.902064], [93.698431, 25.902181], [93.698675, 25.902311], [93.698863, 25.902417], [93.699039, 25.902515], [93.699246, 25.902636], [93.699457, 25.902744], [93.699722, 25.902883], [93.69976, 25.902901], [93.699973, 25.903004], [93.700263, 25.903156], [93.700456, 25.903256], [93.700553, 25.903312], [93.700598, 25.903338], [93.700708, 25.903416], [93.700783, 25.903468], [93.700881, 25.903553], [93.70099, 25.903655], [93.701101, 25.903771], [93.70118, 25.903873], [93.701249, 25.903976], [93.701343, 25.904134], [93.701534, 25.904492], [93.701711, 25.904789], [93.701761, 25.904872], [93.702044, 25.905375], [93.702179, 25.90561], [93.702395, 25.905982], [93.702509, 25.906199], [93.702571, 25.906334], [93.703011, 25.907117], [93.703438, 25.90774], [93.703638, 25.908016], [93.703858, 25.908298], [93.704089, 25.908524], [93.70431, 25.908695], [93.704531, 25.908868], [93.704968, 25.909209], [93.705355, 25.909534], [93.705711, 25.909792], [93.706252, 25.910084], [93.706468, 25.910191], [93.706931, 25.910422], [93.707186, 25.910493], [93.70746, 25.910523], [93.707632, 25.910539], [93.707868, 25.910541], [93.708033, 25.910528], [93.708586, 25.910503], [93.708938, 25.910497], [93.709285, 25.910453], [93.709718, 25.910399], [93.710065, 25.910351], [93.710343, 25.910299], [93.710484, 25.910271], [93.71078, 25.910186], [93.711321, 25.910011], [93.711806, 25.909853], [93.711893, 25.909839], [93.712, 25.90983], [93.712073, 25.909838], [93.712153, 25.909848], [93.712512, 25.909938], [93.712825, 25.909997], [93.713036, 25.910006], [93.713232, 25.909988], [93.713333, 25.909963], [93.714221, 25.909687], [93.714461, 25.909566], [93.714682, 25.909427], [93.714739, 25.909399], [93.715042, 25.909308], [93.715719, 25.909069], [93.716321, 25.908843], [93.716365, 25.908823], [93.716733, 25.908655], [93.717254, 25.908444], [93.717455, 25.908354], [93.717829, 25.90816], [93.719534, 25.907246], [93.71991, 25.907148], [93.72027, 25.907066], [93.721009, 25.90697], [93.721222, 25.906939], [93.721244, 25.906936], [93.721274, 25.906922], [93.721959, 25.906807], [93.722046, 25.906774], [93.722607, 25.906704], [93.722721, 25.906709], [93.722941, 25.906715], [93.723925, 25.906973], [93.724754, 25.907173], [93.724886, 25.907188], [93.725013, 25.907187], [93.725686, 25.907081], [93.726174, 25.907003], [93.72654, 25.906948], [93.727692, 25.906655], [93.727781, 25.906634], [93.727871, 25.906613], [93.727899, 25.906606], [93.72798, 25.906587], [93.728319, 25.908], [93.72798, 25.906587], [93.727899, 25.906606], [93.727871, 25.906613], [93.727692, 25.906655], [93.727759, 25.906911], [93.727786, 25.907177], [93.727796, 25.907269], [93.728018, 25.908169], [93.72811, 25.908415], [93.728198, 25.908629], [93.728319, 25.908771], [93.728401, 25.908853], [93.728485, 25.908908], [93.728581, 25.908937], [93.728675, 25.908943], [93.728764, 25.908938], [93.728847, 25.908922], [93.728939, 25.908886], [93.729021, 25.908848], [93.729132, 25.908786], [93.729191, 25.908737], [93.729232, 25.908696], [93.729273, 25.908618], [93.729293, 25.908547], [93.729424, 25.907943], [93.729447, 25.90784], [93.729475, 25.907732], [93.729514, 25.907653], [93.729572, 25.907587], [93.729701, 25.907469], [93.729741, 25.907443], [93.729793, 25.90742], [93.729875, 25.907389], [93.73065, 25.907255], [93.730783, 25.907236], [93.731156, 25.907168], [93.731384, 25.907127], [93.731594, 25.907088], [93.732143, 25.90698], [93.732514, 25.906903], [93.733555, 25.906692], [93.735056, 25.906557], [93.73636, 25.906465], [93.736846, 25.906406], [93.737334, 25.906377], [93.737605, 25.90636], [93.73858, 25.906317], [93.7387, 25.906311], [93.738986, 25.906283], [93.739699, 25.906212], [93.740534, 25.906132], [93.740894, 25.906094], [93.741341, 25.906029], [93.74146, 25.90604], [93.742216, 25.906124], [93.742306, 25.906149], [93.742906, 25.906317], [93.744707, 25.906821], [93.744868, 25.906866], [93.745749, 25.907114], [93.745834, 25.907137], [93.746002, 25.907165], [93.746229, 25.907193], [93.746448, 25.907216], [93.747137, 25.907217], [93.747243, 25.907228], [93.747274, 25.907196], [93.747365, 25.907112], [93.747407, 25.90708], [93.747454, 25.907044], [93.747588, 25.906923], [93.747701, 25.906804], [93.7478, 25.906688], [93.747879, 25.906638], [93.748061, 25.906319], [93.748099, 25.906265], [93.748465, 25.905754], [93.748905, 25.905152], [93.749524, 25.904276], [93.750093, 25.903481], [93.750426, 25.903014], [93.750555, 25.902864], [93.750864, 25.902425], [93.751461, 25.901626], [93.751824, 25.901201], [93.752276, 25.900531], [93.752873, 25.899787], [93.752947, 25.89969], [93.753399, 25.8991], [93.753823, 25.89861], [93.754268, 25.898024], [93.754543, 25.897667], [93.754918, 25.897158], [93.755223, 25.896751], [93.755307, 25.896627], [93.755389, 25.89647], [93.755432, 25.896386], [93.755482, 25.89629], [93.755597, 25.896052], [93.755997, 25.895164], [93.756097, 25.894939], [93.756244, 25.894607], [93.756458, 25.894127], [93.756581, 25.893855], [93.756804, 25.893362], [93.757, 25.892934], [93.757115, 25.892682], [93.757175, 25.892542], [93.757391, 25.892038], [93.757517, 25.891762], [93.757743, 25.891268], [93.757891, 25.890952], [93.75824, 25.890205], [93.758555, 25.88954], [93.759009, 25.888591], [93.759282, 25.888049], [93.759505, 25.887551], [93.759585, 25.887374], [93.759655, 25.887209], [93.759781, 25.886911], [93.759964, 25.886467], [93.760186, 25.885932], [93.760285, 25.885679], [93.760379, 25.885426], [93.76053, 25.88502], [93.760693, 25.884605], [93.760873, 25.884154], [93.760975, 25.883886], [93.760988, 25.883851], [93.761039, 25.883717], [93.76124, 25.883148], [93.761441, 25.882584], [93.761476, 25.882486], [93.761656, 25.881972], [93.761779, 25.881627], [93.762007, 25.880973], [93.762439, 25.879714], [93.762686, 25.878927], [93.762933, 25.878146], [93.763196, 25.877358], [93.763572, 25.87619], [93.763826, 25.875346], [93.764045, 25.874672], [93.764293, 25.873893], [93.764512, 25.873229], [93.764593, 25.872972], [93.764793, 25.87234], [93.76512, 25.871286], [93.765336, 25.870657], [93.765574, 25.869892], [93.765805, 25.869243], [93.766009, 25.868545], [93.766294, 25.86764], [93.766382, 25.867372], [93.766511, 25.866896], [93.766707, 25.866235], [93.766805, 25.865924], [93.767053, 25.865023], [93.767222, 25.864435], [93.767353, 25.863995], [93.767427, 25.863779], [93.767637, 25.863076], [93.767814, 25.862414], [93.768024, 25.8617], [93.768228, 25.860983], [93.768522, 25.859984], [93.768702, 25.85933], [93.769035, 25.858157], [93.769099, 25.857959], [93.769166, 25.85773], [93.769255, 25.857425], [93.769442, 25.856817], [93.769644, 25.856134], [93.769788, 25.85566], [93.769831, 25.855516], [93.770185, 25.854343], [93.770349, 25.853766], [93.770572, 25.853037], [93.770845, 25.852173], [93.771017, 25.851602], [93.771087, 25.851369], [93.771323, 25.85052], [93.771519, 25.849873], [93.771698, 25.849306], [93.771843, 25.848803], [93.771991, 25.848321], [93.772138, 25.847823], [93.772259, 25.847418], [93.772398, 25.846979], [93.772565, 25.846433], [93.772699, 25.845999], [93.772811, 25.8456], [93.772897, 25.845321], [93.773026, 25.844893], [93.773187, 25.84436], [93.773278, 25.844053], [93.77349, 25.84336], [93.773651, 25.842839], [93.773831, 25.842216], [93.774038, 25.841551], [93.774245, 25.840889], [93.774466, 25.840154], [93.774649, 25.839568], [93.774796, 25.839097], [93.774855, 25.838906], [93.774989, 25.838486], [93.775072, 25.838197], [93.775263, 25.837557], [93.775314, 25.837388], [93.775625, 25.83641], [93.775823, 25.835807], [93.775984, 25.835304], [93.776108, 25.834892], [93.77621, 25.834568], [93.776462, 25.833641], [93.776613, 25.833073], [93.776799, 25.832474], [93.776823, 25.832398], [93.776988, 25.831869], [93.777103, 25.8315], [93.777181, 25.831254], [93.77743, 25.83043], [93.777578, 25.829943], [93.777648, 25.829711], [93.777827, 25.829117], [93.777879, 25.828951], [93.778093, 25.828265], [93.778412, 25.827231], [93.77864, 25.826531], [93.778841, 25.82587], [93.778939, 25.825535], [93.779058, 25.825131], [93.779234, 25.824541], [93.779361, 25.824168], [93.779375, 25.824124], [93.779446, 25.823894], [93.779542, 25.823651], [93.779635, 25.823428], [93.77978, 25.823134], [93.779941, 25.822806], [93.779987, 25.822713], [93.780124, 25.822436], [93.780256, 25.82218], [93.780448, 25.82181], [93.780608, 25.821485], [93.780659, 25.821381], [93.780879, 25.820925], [93.781166, 25.820336], [93.781329, 25.82001], [93.781453, 25.819761], [93.7817, 25.819259], [93.781783, 25.819104], [93.782052, 25.818598], [93.782346, 25.818067], [93.782455, 25.817883], [93.782635, 25.817615], [93.782864, 25.817287], [93.78328, 25.816705], [93.783578, 25.816292], [93.783901, 25.815854], [93.784474, 25.815051], [93.784744, 25.814683], [93.785233, 25.814027], [93.785503, 25.813656], [93.785791, 25.813261], [93.786105, 25.812822], [93.786129, 25.812788], [93.786349, 25.812485], [93.786555, 25.812201], [93.786939, 25.811668], [93.786949, 25.811653], [93.787346, 25.811117], [93.787759, 25.810531], [93.787914, 25.810321], [93.788008, 25.810194], [93.788132, 25.810026], [93.788513, 25.809528], [93.78883, 25.809117], [93.789162, 25.808683], [93.789221, 25.80861], [93.789311, 25.808499], [93.789575, 25.808215], [93.789987, 25.807841], [93.790427, 25.807349], [93.790978, 25.806785], [93.791611, 25.80615], [93.791698, 25.806063], [93.791962, 25.805798], [93.791997, 25.805762], [93.792598, 25.805141], [93.793038, 25.804673], [93.793105, 25.804547], [93.793302, 25.804361], [93.793513, 25.804167], [93.793567, 25.804106], [93.793637, 25.804025], [93.793692, 25.803942], [93.793722, 25.80387], [93.793734, 25.803767], [93.793727, 25.803657], [93.79371, 25.803535], [93.793674, 25.80339], [93.793628, 25.803243], [93.793513, 25.802941], [93.79346, 25.802806], [93.793411, 25.802679], [93.793372, 25.802545], [93.793338, 25.802336], [93.79332, 25.802183], [93.793315, 25.802069], [93.793328, 25.80196], [93.793358, 25.801852], [93.793413, 25.801749], [93.793493, 25.80163], [93.793597, 25.801473], [93.793723, 25.80127], [93.793813, 25.801125], [93.793919, 25.800972], [93.793993, 25.800886], [93.794077, 25.800809], [93.794202, 25.800722], [93.794341, 25.800642], [93.794556, 25.800537], [93.794591, 25.80052], [93.794785, 25.800439], [93.794868, 25.800404], [93.795286, 25.800245], [93.795587, 25.800133], [93.795732, 25.800064], [93.795838, 25.800006], [93.795931, 25.799938], [93.796028, 25.799845], [93.796038, 25.799836], [93.796199, 25.79967], [93.796332, 25.799541], [93.796475, 25.799402], [93.796721, 25.799201], [93.796946, 25.799029], [93.797195, 25.798838], [93.797386, 25.79866], [93.797571, 25.798469], [93.797756, 25.798264], [93.798008, 25.798003], [93.798255, 25.797769], [93.798579, 25.797469], [93.798815, 25.79724], [93.798998, 25.797078], [93.799175, 25.79696], [93.799424, 25.796822], [93.799717, 25.796682], [93.799993, 25.796554], [93.800261, 25.796413], [93.800375, 25.796363], [93.800488, 25.796301], [93.800591, 25.796228], [93.800676, 25.796193], [93.800723, 25.796189], [93.800769, 25.796206], [93.800825, 25.796248], [93.80141, 25.796573], [93.801503, 25.796612], [93.801612, 25.796673], [93.801962, 25.796522], [93.802296, 25.796493], [93.802627, 25.796552], [93.803035, 25.796666], [93.803404, 25.796734], [93.803808, 25.796745], [93.804068, 25.796715], [93.804364, 25.796601], [93.804603, 25.796458], [93.804789, 25.796282], [93.804958, 25.796078], [93.805812, 25.794625], [93.805882, 25.794429], [93.805884, 25.794224], [93.805884, 25.794015], [93.805844, 25.793798], [93.805766, 25.793498], [93.805639, 25.793182], [93.805485, 25.792938], [93.805271, 25.792691], [93.804984, 25.792434], [93.804694, 25.792236], [93.804257, 25.792011], [93.803986, 25.791928], [93.803692, 25.791928], [93.803443, 25.791968], [93.803232, 25.79209], [93.80317, 25.792133], [93.802932, 25.792318], [93.802605, 25.792621], [93.802344, 25.792754], [93.802096, 25.792754], [93.801877, 25.792648], [93.801731, 25.792454], [93.801699, 25.792302], [93.801725, 25.792067], [93.801821, 25.791758], [93.801927, 25.791377], [93.802052, 25.791096], [93.802294, 25.790593], [93.802388, 25.790298], [93.802387, 25.790035], [93.802305, 25.78978], [93.802218, 25.789606], [93.802016, 25.789455], [93.801869, 25.789402], [93.801659, 25.789374], [93.801384, 25.789396], [93.800972, 25.789553], [93.800768, 25.789597], [93.800435, 25.789606], [93.800244, 25.789532], [93.800077, 25.789402], [93.799938, 25.789178], [93.799819, 25.788816], [93.79981, 25.788533], [93.799864, 25.78836], [93.800041, 25.788171], [93.800332, 25.78787], [93.800885, 25.787384], [93.801241, 25.787155], [93.8015, 25.787005], [93.801707, 25.786865], [93.801949, 25.78665], [93.802175, 25.786345], [93.802319, 25.786085], [93.802346, 25.785865], [93.802327, 25.785608], [93.802261, 25.785451], [93.802129, 25.785307], [93.802006, 25.78521], [93.801696, 25.785085], [93.801093, 25.784927], [93.800531, 25.784799], [93.800296, 25.784703], [93.800204, 25.784534], [93.800209, 25.784356], [93.800324, 25.784168], [93.80064, 25.783882], [93.801486, 25.783363], [93.801883, 25.783077], [93.802134, 25.782726], [93.802176, 25.782465], [93.80209, 25.782153], [93.801926, 25.781894], [93.801681, 25.781668], [93.801352, 25.781356], [93.80114, 25.781158], [93.801002, 25.780804], [93.800794, 25.780002], [93.800853, 25.779783], [93.80099, 25.779623], [93.801391, 25.779323], [93.802312, 25.778741], [93.802666, 25.77845], [93.802848, 25.778207], [93.802998, 25.77775], [93.803012, 25.777306], [93.802935, 25.776542], [93.802935, 25.776226], [93.803058, 25.775986], [93.803863, 25.775235], [93.804205, 25.774857], [93.804432, 25.7746], [93.804526, 25.7744], [93.804628, 25.774141], [93.804748, 25.773849], [93.804848, 25.773656], [93.80495, 25.773504], [93.805078, 25.773349], [93.805247, 25.773195], [93.805503, 25.772966], [93.805655, 25.77283], [93.80577, 25.772736], [93.805878, 25.772668], [93.805951, 25.772638], [93.806067, 25.772611], [93.806165, 25.772608], [93.806377, 25.772612], [93.806548, 25.772615], [93.806678, 25.772608], [93.806772, 25.772591], [93.806837, 25.77257], [93.807011, 25.772474], [93.807132, 25.772376], [93.80735, 25.772161], [93.807608, 25.7719], [93.808023, 25.771378], [93.808227, 25.771144], [93.808404, 25.770965], [93.808529, 25.770852], [93.808658, 25.77073], [93.808741, 25.770621], [93.80882, 25.77047], [93.808895, 25.770303], [93.808977, 25.770133], [93.809055, 25.769998], [93.809136, 25.769908], [93.809234, 25.769838], [93.809359, 25.769783], [93.809536, 25.769745], [93.809788, 25.769724], [93.81003, 25.769721], [93.810295, 25.769728], [93.810647, 25.769782], [93.811349, 25.769941], [93.811597, 25.769984], [93.811746, 25.770001], [93.811864, 25.769998], [93.811985, 25.769976], [93.812175, 25.769914], [93.812346, 25.769846], [93.8125, 25.769779], [93.812623, 25.769743], [93.812764, 25.769726], [93.81291, 25.769731], [93.813044, 25.769765], [93.813235, 25.769854], [93.813331, 25.769924], [93.8135, 25.770083], [93.813648, 25.770219], [93.813769, 25.770337], [93.813871, 25.77042], [93.813991, 25.7705], [93.81415, 25.770574], [93.814372, 25.770657], [93.814665, 25.770757], [93.815008, 25.770868], [93.815222, 25.770953], [93.815555, 25.771122], [93.816091, 25.771378], [93.816258, 25.771442], [93.816413, 25.771484], [93.816562, 25.771503], [93.81672, 25.771498], [93.816769, 25.771486], [93.816833, 25.77147], [93.816911, 25.771428], [93.817005, 25.771346], [93.81708, 25.771243], [93.817159, 25.771105], [93.817328, 25.77069], [93.817521, 25.770141], [93.817618, 25.769948], [93.817762, 25.76976], [93.817899, 25.769641], [93.818063, 25.769545], [93.818277, 25.769458], [93.818434, 25.769404], [93.818511, 25.769378], [93.818792, 25.769267], [93.819085, 25.769141], [93.819299, 25.769047], [93.819533, 25.768936], [93.819696, 25.768847], [93.819954, 25.768682], [93.820289, 25.768458], [93.820788, 25.768144], [93.820859, 25.768103], [93.821265, 25.767868], [93.821966, 25.767487], [93.822298, 25.767299], [93.822454, 25.767211], [93.823124, 25.766839], [93.823757, 25.766487], [93.824162, 25.76625], [93.824471, 25.766079], [93.824744, 25.765948], [93.82508, 25.765798], [93.825865, 25.765453], [93.82638, 25.765221], [93.826802, 25.765016], [93.827166, 25.76481], [93.827456, 25.764639], [93.827826, 25.764373], [93.828164, 25.764115], [93.828376, 25.763977], [93.828687, 25.763806], [93.828993, 25.76368], [93.829553, 25.763523], [93.830168, 25.763335], [93.830567, 25.763204], [93.830747, 25.763122], [93.830974, 25.76301], [93.831128, 25.762914], [93.831289, 25.762798], [93.831431, 25.76268], [93.831584, 25.762542], [93.831737, 25.762414], [93.831841, 25.762347], [93.831906, 25.762305], [93.831998, 25.762258], [93.832048, 25.762233], [93.832217, 25.762153], [93.832574, 25.762042], [93.833078, 25.76188], [93.833561, 25.761726], [93.833875, 25.761607], [93.834156, 25.761506], [93.834211, 25.761481], [93.834253, 25.761463], [93.8344, 25.761397], [93.834672, 25.761216], [93.834827, 25.761083], [93.834966, 25.760936], [93.835041, 25.760837], [93.835103, 25.760726], [93.835178, 25.760598], [93.83528, 25.760445], [93.835342, 25.760376], [93.835393, 25.76032], [93.835575, 25.760129], [93.835701, 25.760028], [93.835873, 25.759928], [93.836109, 25.75981], [93.836377, 25.759699], [93.836854, 25.759515], [93.83731, 25.759337], [93.837699, 25.759163], [93.837926, 25.759047], [93.837951, 25.759035], [93.838241, 25.758878], [93.838391, 25.758783], [93.83856, 25.758663], [93.838759, 25.758532], [93.83904, 25.758375], [93.839531, 25.758119], [93.839668, 25.758055], [93.839891, 25.75795], [93.840205, 25.757795], [93.84045, 25.757705], [93.840717, 25.757617], [93.841315, 25.757409], [93.842067, 25.757141], [93.842278, 25.757066], [93.843042, 25.7568], [93.84352, 25.756621], [93.843804, 25.756525], [93.844029, 25.756474], [93.84434, 25.756444], [93.84455, 25.756438], [93.844703, 25.756434], [93.844926, 25.756459], [93.845146, 25.756531], [93.845545, 25.756712], [93.845953, 25.756941], [93.846089, 25.75702], [93.846256, 25.7571], [93.846422, 25.757182], [93.846738, 25.757353], [93.847192, 25.757549], [93.847377, 25.757623], [93.847523, 25.757672], [93.847644, 25.757704], [93.847747, 25.757724], [93.847886, 25.757753], [93.848008, 25.757776], [93.848135, 25.757791], [93.848488, 25.757834], [93.848761, 25.757904], [93.849022, 25.75799], [93.849466, 25.758111], [93.849854, 25.758214], [93.85014, 25.758258], [93.85042, 25.758276], [93.850893, 25.758284], [93.85166, 25.758332], [93.852116, 25.758339], [93.852494, 25.75831], [93.852773, 25.758293], [93.853047, 25.758259], [93.853371, 25.758245], [93.853594, 25.758266], [93.85398, 25.758385], [93.854393, 25.758508], [93.854898, 25.758544], [93.855769, 25.758571], [93.856207, 25.758585], [93.857141, 25.758621], [93.857656, 25.758694], [93.858249, 25.758837], [93.859598, 25.759262], [93.861483, 25.759879], [93.861684, 25.760015], [93.861757, 25.760126], [93.861777, 25.76031], [93.861783, 25.7605], [93.861868, 25.760685], [93.862299, 25.761204], [93.862402, 25.761263], [93.862512, 25.761274], [93.862708, 25.761193], [93.862973, 25.761084], [93.863261, 25.761043], [93.863646, 25.761014], [93.864012, 25.761059], [93.864598, 25.761234], [93.865194, 25.761388], [93.865635, 25.761457], [93.865951, 25.761524], [93.866145, 25.761633], [93.86632, 25.761744], [93.866576, 25.761929], [93.86675, 25.76204], [93.866905, 25.762109], [93.8671, 25.76213], [93.867434, 25.762099], [93.867972, 25.76197], [93.868423, 25.761878], [93.868678, 25.761923], [93.869059, 25.76209], [93.870075, 25.762739], [93.870285, 25.762841], [93.870469, 25.762877], [93.87064, 25.762887], [93.870855, 25.762851], [93.871094, 25.762749], [93.871398, 25.7626], [93.871686, 25.762476], [93.872029, 25.762381], [93.872379, 25.762358], [93.873136, 25.762324], [93.873876, 25.762262], [93.874332, 25.762253], [93.874757, 25.762343], [93.875048, 25.762395], [93.875375, 25.762389], [93.875821, 25.762336], [93.876736, 25.762206], [93.877155, 25.762171], [93.877553, 25.762218], [93.878028, 25.762282], [93.878191, 25.76228], [93.87842, 25.762239], [93.878578, 25.762176], [93.878618, 25.76216], [93.87891, 25.762036], [93.879106, 25.761991], [93.879569, 25.761943], [93.880146, 25.761772], [93.880333, 25.761808], [93.88044, 25.761858], [93.880612, 25.761988], [93.880859, 25.762175], [93.880964, 25.762215], [93.881278, 25.762256], [93.881599, 25.762304], [93.881832, 25.762284], [93.882104, 25.76223], [93.882441, 25.762161], [93.882536, 25.762139], [93.882668, 25.762109], [93.883019, 25.761998], [93.883378, 25.761915], [93.88351, 25.761899], [93.883659, 25.761882], [93.883952, 25.761874], [93.884308, 25.761909], [93.884563, 25.761951], [93.884659, 25.761959], [93.884868, 25.761976], [93.885153, 25.761942], [93.885303, 25.761922], [93.885954, 25.761834], [93.886356, 25.761795], [93.886493, 25.761782], [93.886931, 25.761751], [93.887189, 25.761763], [93.887364, 25.761811], [93.887504, 25.761859], [93.88764, 25.761906], [93.888006, 25.76204], [93.888281, 25.762114], [93.888341, 25.762022], [93.888395, 25.76194], [93.888428, 25.761542], [93.888457, 25.761197], [93.888463, 25.761045], [93.888422, 25.760624], [93.888451, 25.760579], [93.88851, 25.760344], [93.888509, 25.760299], [93.888508, 25.760279], [93.888463, 25.760202], [93.888284, 25.760015], [93.888154, 25.759766], [93.888057, 25.759557], [93.887987, 25.759341], [93.887965, 25.759247], [93.887943, 25.759155], [93.88791, 25.75896], [93.887914, 25.758887], [93.887996, 25.758682], [93.888122, 25.758371], [93.888207, 25.758129], [93.88829, 25.757908], [93.888313, 25.757847], [93.888338, 25.75779], [93.888398, 25.757657], [93.8885, 25.757474], [93.888612, 25.75729], [93.888759, 25.757228], [93.889013, 25.757106], [93.889449, 25.756845], [93.889895, 25.756559], [93.889974, 25.756479], [93.890136, 25.756289], [93.890247, 25.756143], [93.890372, 25.75606], [93.890718, 25.755859], [93.89089, 25.755721], [93.891017, 25.755622], [93.89111, 25.755571], [93.891212, 25.755528], [93.891349, 25.755479], [93.891375, 25.755472], [93.891498, 25.755444], [93.89178, 25.755388], [93.891935, 25.755362], [93.892113, 25.755315], [93.892259, 25.755252], [93.892517, 25.755133], [93.892642, 25.755061], [93.892687, 25.755021], [93.892717, 25.754985], [93.892742, 25.754939], [93.892755, 25.754883], [93.892764, 25.75478], [93.892785, 25.754668], [93.892801, 25.754605], [93.892823, 25.75456], [93.892869, 25.754473], [93.892904, 25.754424], [93.892957, 25.754363], [93.893007, 25.754316], [93.893067, 25.754263], [93.893091, 25.754239], [93.893124, 25.754204], [93.893208, 25.754149], [93.893554, 25.753944], [93.893612, 25.75391], [93.894019, 25.753705], [93.894554, 25.753458], [93.894862, 25.753323], [93.895092, 25.753198], [93.895348, 25.753087], [93.89548, 25.753039], [93.895552, 25.753], [93.895756, 25.752938], [93.895942, 25.752892], [93.896061, 25.752853], [93.896314, 25.752743], [93.896428, 25.752665], [93.896521, 25.752569], [93.896606, 25.752424], [93.896686, 25.75225], [93.896783, 25.752077], [93.896853, 25.751953], [93.896938, 25.751839], [93.896996, 25.751732], [93.897192, 25.75183], [93.897323, 25.751864], [93.89771, 25.751871], [93.897953, 25.751825], [93.898147, 25.751757], [93.898147, 25.751757], [93.897953, 25.751825], [93.89771, 25.751871], [93.897323, 25.751864], [93.897192, 25.75183], [93.896996, 25.751732], [93.896938, 25.751839], [93.896853, 25.751953], [93.896783, 25.752077], [93.896686, 25.75225], [93.896606, 25.752424], [93.896521, 25.752569], [93.896428, 25.752665], [93.896314, 25.752743], [93.896061, 25.752853], [93.895942, 25.752892], [93.895756, 25.752938], [93.895552, 25.753], [93.89548, 25.753039], [93.895348, 25.753087], [93.895092, 25.753198], [93.894862, 25.753323], [93.894554, 25.753458], [93.894019, 25.753705], [93.893612, 25.75391], [93.893554, 25.753944], [93.893208, 25.754149], [93.893124, 25.754204], [93.893091, 25.754239], [93.893067, 25.754263], [93.893007, 25.754316], [93.892957, 25.754363], [93.892904, 25.754424], [93.892869, 25.754473], [93.892823, 25.75456], [93.892801, 25.754605], [93.892785, 25.754668], [93.892764, 25.75478], [93.892755, 25.754883], [93.892742, 25.754939], [93.892717, 25.754985], [93.892687, 25.755021], [93.892642, 25.755061], [93.892517, 25.755133], [93.892259, 25.755252], [93.892113, 25.755315], [93.891935, 25.755362], [93.89178, 25.755388], [93.891498, 25.755444], [93.891375, 25.755472], [93.891349, 25.755479], [93.891212, 25.755528], [93.89111, 25.755571], [93.891017, 25.755622], [93.89089, 25.755721], [93.890718, 25.755859], [93.890372, 25.75606], [93.890247, 25.756143], [93.890136, 25.756289], [93.889974, 25.756479], [93.889895, 25.756559], [93.889449, 25.756845], [93.889013, 25.757106], [93.888759, 25.757228], [93.888612, 25.75729], [93.8885, 25.757474], [93.888398, 25.757657], [93.888338, 25.75779], [93.888313, 25.757847], [93.88829, 25.757908], [93.888207, 25.758129], [93.888122, 25.758371], [93.887996, 25.758682], [93.887914, 25.758887], [93.88791, 25.75896], [93.887943, 25.759155], [93.887965, 25.759247], [93.887987, 25.759341], [93.888057, 25.759557], [93.888154, 25.759766], [93.888284, 25.760015], [93.888463, 25.760202], [93.888508, 25.760279], [93.888509, 25.760299], [93.88851, 25.760344], [93.888451, 25.760579], [93.888422, 25.760624], [93.888463, 25.761045], [93.888457, 25.761197], [93.888428, 25.761542], [93.888395, 25.76194], [93.888341, 25.762022], [93.888281, 25.762114], [93.888483, 25.762134], [93.888758, 25.762157], [93.889128, 25.762279], [93.889213, 25.762334], [93.889319, 25.762402], [93.889587, 25.76275], [93.889734, 25.762888], [93.889893, 25.762921], [93.890021, 25.762889], [93.890059, 25.762846], [93.890226, 25.762656], [93.89047, 25.762344], [93.890652, 25.762175], [93.890809, 25.762166], [93.891006, 25.762204], [93.89118, 25.762288], [93.891398, 25.76241], [93.891526, 25.762508], [93.891676, 25.762727], [93.891845, 25.763142], [93.892087, 25.763549], [93.892231, 25.763663], [93.892397, 25.763677], [93.892564, 25.763595], [93.892743, 25.763414], [93.892923, 25.763236], [93.893095, 25.763156], [93.893335, 25.763101], [93.893609, 25.763093], [93.893769, 25.763107], [93.893925, 25.76316], [93.89411, 25.763256], [93.894252, 25.763409], [93.89478, 25.764332], [93.895003, 25.764655], [93.895146, 25.764707], [93.895333, 25.764697], [93.895455, 25.764625], [93.895583, 25.764435], [93.895615, 25.764173], [93.895661, 25.763935], [93.89576, 25.763733], [93.895948, 25.763555], [93.896168, 25.763355], [93.896342, 25.763236], [93.89648, 25.763215], [93.896594, 25.763236], [93.89668, 25.763299], [93.89678, 25.763488], [93.896917, 25.76379], [93.897087, 25.764003], [93.897268, 25.764174], [93.897504, 25.764296], [93.897831, 25.764438], [93.898183, 25.764615], [93.898599, 25.764946], [93.899019, 25.765245], [93.899235, 25.765394], [93.899362, 25.765518], [93.899381, 25.765714], [93.899385, 25.765911], [93.899343, 25.766304], [93.899308, 25.766539], [93.899217, 25.766845], [93.898887, 25.767517], [93.898747, 25.767648], [93.8986, 25.76772], [93.898369, 25.767799], [93.898168, 25.767896], [93.89802, 25.768026], [93.897964, 25.768207], [93.897972, 25.7684], [93.898131, 25.768768], [93.898236, 25.769069], [93.898279, 25.769405], [93.898321, 25.769795], [93.898354, 25.769904], [93.898467, 25.770037], [93.898613, 25.770106], [93.898831, 25.770124], [93.89918, 25.770078], [93.89973, 25.77002], [93.899927, 25.769945], [93.900155, 25.769793], [93.900493, 25.769483], [93.900648, 25.769395], [93.900794, 25.769379], [93.900971, 25.769409], [93.901132, 25.769498], [93.901202, 25.769615], [93.901232, 25.76979], [93.901173, 25.769968], [93.901062, 25.770158], [93.900874, 25.770385], [93.900758, 25.770655], [93.900664, 25.771016], [93.900681, 25.771317], [93.900741, 25.77147], [93.900838, 25.77164], [93.901131, 25.771929], [93.901547, 25.772281], [93.901716, 25.772357], [93.901981, 25.772408], [93.902358, 25.772443], [93.902656, 25.772499], [93.902881, 25.772609], [93.903335, 25.772941], [93.903603, 25.773103], [93.903853, 25.77319], [93.904369, 25.773311], [93.904806, 25.773449], [93.904976, 25.773461], [93.905146, 25.773407], [93.905287, 25.773295], [93.905331, 25.773125], [93.905446, 25.77222], [93.9055, 25.772096], [93.90561, 25.77199], [93.905836, 25.771918], [93.906112, 25.771843], [93.906276, 25.771712], [93.906388, 25.771534], [93.906437, 25.771291], [93.906517, 25.771183], [93.906647, 25.771125], [93.906786, 25.771145], [93.906973, 25.771259], [93.907416, 25.771588], [93.908034, 25.772195], [93.908449, 25.772725], [93.908674, 25.77292], [93.908908, 25.77301], [93.909164, 25.773023], [93.909808, 25.772912], [93.910287, 25.772856], [93.910964, 25.772896], [93.911998, 25.772971], [93.912182, 25.772986], [93.912351, 25.77303], [93.912689, 25.773153], [93.913432, 25.773471], [93.91369, 25.773574], [93.913792, 25.77364], [93.91391, 25.773757], [93.914095, 25.774051], [93.9142, 25.774239], [93.914341, 25.774371], [93.914488, 25.774435], [93.914688, 25.774456], [93.914946, 25.774459], [93.915108, 25.774515], [93.915303, 25.774624], [93.915456, 25.774782], [93.915734, 25.775104], [93.915936, 25.775261], [93.916128, 25.775322], [93.916482, 25.775366], [93.917119, 25.775401], [93.917495, 25.775458], [93.917761, 25.775542], [93.918032, 25.77563], [93.91818, 25.775666], [93.918383, 25.775677], [93.918567, 25.775656], [93.918919, 25.775493], [93.919201, 25.775372], [93.91945, 25.775371], [93.919695, 25.775408], [93.919911, 25.775486], [93.919997, 25.775505], [93.920153, 25.775538], [93.920239, 25.775557], [93.920499, 25.775524], [93.920672, 25.775521], [93.920907, 25.77555], [93.921138, 25.775663], [93.921274, 25.775779], [93.921372, 25.775959], [93.921464, 25.776215], [93.921585, 25.776388], [93.92177, 25.776534], [93.92196, 25.776658], [93.922086, 25.776753], [93.922212, 25.776899], [93.922484, 25.777384], [93.922618, 25.777731], [93.922757, 25.778066], [93.922894, 25.778224], [93.923047, 25.778326], [93.923175, 25.778363], [93.92338, 25.778354], [93.923629, 25.778295], [93.923893, 25.778243], [93.924023, 25.778225], [93.924178, 25.778239], [93.924334, 25.778297], [93.924754, 25.778574], [93.925037, 25.778771], [93.925338, 25.778913], [93.925442, 25.778955], [93.926128, 25.779173], [93.926399, 25.77923], [93.926633, 25.779206], [93.926782, 25.779152], [93.926933, 25.77904], [93.92707, 25.778899], [93.927134, 25.77876], [93.927178, 25.778542], [93.92722, 25.778326], [93.927288, 25.778142], [93.927399, 25.778002], [93.92752, 25.777894], [93.927753, 25.777821], [93.928095, 25.777746], [93.928393, 25.777637], [93.928496, 25.777582], [93.928629, 25.777511], [93.928877, 25.777345], [93.9294, 25.776838], [93.929839, 25.776356], [93.930316, 25.775947], [93.930427, 25.775881], [93.930493, 25.775842], [93.930771, 25.775767], [93.931062, 25.775698], [93.931231, 25.775615], [93.931369, 25.775507], [93.931484, 25.775351], [93.931645, 25.775228], [93.93187, 25.775167], [93.932212, 25.775093], [93.932482, 25.775], [93.932692, 25.774852], [93.932796, 25.774746], [93.932913, 25.774567], [93.932996, 25.774392], [93.932997, 25.774254], [93.932985, 25.77408], [93.932911, 25.773917], [93.932729, 25.773733], [93.93257, 25.773511], [93.932491, 25.773304], [93.932477, 25.773171], [93.932504, 25.772946], [93.932597, 25.772648], [93.932643, 25.772412], [93.932562, 25.771407], [93.932543, 25.771076], [93.932559, 25.770888], [93.9326, 25.770745], [93.932703, 25.770622], [93.932843, 25.770544], [93.933023, 25.77051], [93.933222, 25.770547], [93.933536, 25.770701], [93.933977, 25.770897], [93.934215, 25.770923], [93.934473, 25.7709], [93.934995, 25.770763], [93.935556, 25.770569], [93.936293, 25.770252], [93.936824, 25.770025], [93.937133, 25.769912], [93.937377, 25.769893], [93.937701, 25.769967], [93.938018, 25.770031], [93.938275, 25.770045], [93.938574, 25.770016], [93.939052, 25.769873], [93.939346, 25.769835], [93.939735, 25.769844], [93.940242, 25.769861], [93.94059, 25.769848], [93.940739, 25.769792], [93.940874, 25.769688], [93.940925, 25.76947], [93.940863, 25.769283], [93.940585, 25.769076], [93.939705, 25.768433], [93.939551, 25.768251], [93.939425, 25.767978], [93.939426, 25.767773], [93.939492, 25.767432], [93.93957, 25.767174], [93.939777, 25.766541], [93.939904, 25.766393], [93.940115, 25.76626], [93.940417, 25.766182], [93.940932, 25.766167], [93.941196, 25.766094], [93.941451, 25.765953], [93.941909, 25.765635], [93.942142, 25.765426], [93.942224, 25.76523], [93.942221, 25.765058], [93.942188, 25.764812], [93.942184, 25.76457], [93.942275, 25.764387], [93.94253, 25.764178], [93.942943, 25.763816], [93.943062, 25.763642], [93.943111, 25.763334], [93.943141, 25.76314], [93.943268, 25.762955], [93.943506, 25.762843], [93.9438, 25.762838], [93.944065, 25.762915], [93.94434, 25.763105], [93.944965, 25.763694], [93.9454, 25.764072], [93.945701, 25.764217], [93.945939, 25.764253], [93.946261, 25.764229], [93.946566, 25.764082], [93.947032, 25.763731], [93.947206, 25.763572], [93.947284, 25.76345], [93.947318, 25.763292], [93.947312, 25.763085], [93.947264, 25.762899], [93.947155, 25.762738], [93.946863, 25.762425], [93.946778, 25.762274], [93.94675, 25.762174], [93.946744, 25.762055], [93.946782, 25.76189], [93.946946, 25.761459], [93.947048, 25.761213], [93.947076, 25.761125], [93.947128, 25.760966], [93.947174, 25.760716], [93.947181, 25.760449], [93.947179, 25.76014], [93.947272, 25.759581], [93.947307, 25.759343], [93.947315, 25.759078], [93.947323, 25.758943], [93.947381, 25.758776], [93.947481, 25.758618], [93.947662, 25.758374], [93.94812, 25.75793], [93.948433, 25.757649], [93.948617, 25.757514], [93.948806, 25.757429], [93.948968, 25.757398], [93.949185, 25.757395], [93.949351, 25.757436], [93.949691, 25.757569], [93.950459, 25.757964], [93.950794, 25.758099], [93.951038, 25.758135], [93.951276, 25.758109], [93.951486, 25.758054], [93.951741, 25.757948], [93.951879, 25.757854], [93.952022, 25.757706], [93.952157, 25.75749], [93.952317, 25.757287], [93.952414, 25.757201], [93.952532, 25.757133], [93.95265, 25.757092], [93.952864, 25.757076], [93.953055, 25.757113], [93.953284, 25.757203], [93.953426, 25.757245], [93.95357, 25.757258], [93.953737, 25.757234], [93.953951, 25.757157], [93.954157, 25.757024], [93.954302, 25.756862], [93.95435, 25.756718], [93.954378, 25.75654], [93.954392, 25.756257], [93.954354, 25.755938], [93.954287, 25.755649], [93.954041, 25.754869], [93.95388, 25.754332], [93.953872, 25.754163], [93.95392, 25.75404], [93.954035, 25.753858], [93.954202, 25.753697], [93.954448, 25.7536], [93.95466, 25.753525], [93.954996, 25.753173], [93.955482, 25.752627], [93.955796, 25.752384], [93.956185, 25.75212], [93.956407, 25.751911], [93.956542, 25.751795], [93.956729, 25.751724], [93.957034, 25.75177], [93.957382, 25.751814], [93.957633, 25.751843], [93.957795, 25.751813], [93.958029, 25.751769], [93.958477, 25.751599], [93.959305, 25.751284], [93.959904, 25.751017], [93.960269, 25.75092], [93.960729, 25.750798], [93.960876, 25.750739], [93.961038, 25.750674], [93.961272, 25.750539], [93.961384, 25.7504], [93.96152, 25.750204], [93.961632, 25.750043], [93.961883, 25.749817], [93.96212, 25.749741], [93.96237, 25.749775], [93.962865, 25.749904], [93.96318, 25.750021], [93.963451, 25.750036], [93.963709, 25.750013], [93.964142, 25.749839], [93.964592, 25.749647], [93.964988, 25.749558], [93.96537, 25.749527], [93.965987, 25.749475], [93.966431, 25.749503], [93.966845, 25.749627], [93.967616, 25.750076], [93.968214, 25.750489], [93.968462, 25.750852], [93.968821, 25.751151], [93.969226, 25.751322], [93.96982, 25.751472], [93.972028, 25.751947], [93.972281, 25.751954], [93.972588, 25.75186], [93.972876, 25.751659], [93.973195, 25.75143], [93.973666, 25.751319], [93.974076, 25.751269], [93.974561, 25.751143], [93.97514, 25.750925], [93.975821, 25.750574], [93.976381, 25.750167], [93.976694, 25.749852], [93.976784, 25.749654], [93.976897, 25.74932], [93.977041, 25.749059], [93.977225, 25.748901], [93.977699, 25.748679], [93.978016, 25.748521], [93.978223, 25.748353], [93.97839, 25.748052], [93.978412, 25.747821], [93.978402, 25.747448], [93.978328, 25.747164], [93.978146, 25.746869], [93.978024, 25.746626], [93.977981, 25.746409], [93.977949, 25.746143], [93.978002, 25.745697], [93.97805, 25.745288], [93.978046, 25.74497], [93.977908, 25.744767], [93.977605, 25.744542], [93.977358, 25.744339], [93.977238, 25.744171], [93.977198, 25.743908], [93.977204, 25.743551], [93.977313, 25.74312], [93.977433, 25.742649], [93.977619, 25.742226], [93.977812, 25.742048], [93.977881, 25.741985], [93.978168, 25.741883], [93.9786, 25.741857], [93.979317, 25.741807], [93.979841, 25.741768], [93.980089, 25.7417], [93.980315, 25.741546], [93.980472, 25.741357], [93.980527, 25.741122], [93.980548, 25.740663], [93.980558, 25.740251], [93.98063, 25.739991], [93.980759, 25.739753], [93.980924, 25.739638], [93.981444, 25.739412], [93.982458, 25.739089], [93.982594, 25.739008], [93.982807, 25.739058], [93.982956, 25.739079], [93.983213, 25.739079], [93.983415, 25.739106], [93.983559, 25.739173], [93.98361, 25.739253], [93.983633, 25.739452], [93.983684, 25.739582], [93.983733, 25.73966], [93.983833, 25.7397], [93.984297, 25.739676], [93.984914, 25.739643], [93.985002, 25.73961], [93.985094, 25.739536], [93.98514, 25.739438], [93.985142, 25.739359], [93.985103, 25.739216], [93.985008, 25.739062], [93.984999, 25.738939], [93.985059, 25.738834], [93.985264, 25.738763], [93.985445, 25.738746], [93.985645, 25.738701], [93.985813, 25.738618], [93.985893, 25.738482], [93.985859, 25.738315], [93.985804, 25.738167], [93.985792, 25.737998], [93.985813, 25.737904], [93.985872, 25.737826], [93.986043, 25.737867], [93.986381, 25.737836], [93.986773, 25.737789], [93.987079, 25.737725], [93.987386, 25.737588], [93.987644, 25.737433], [93.988489, 25.736743], [93.988768, 25.736433], [93.989016, 25.736054], [93.989243, 25.735842], [93.989518, 25.735544], [93.989726, 25.735317], [93.989925, 25.73504], [93.990075, 25.734905], [93.990215, 25.734813], [93.990385, 25.734778], [93.990702, 25.734779], [93.991085, 25.734825], [93.991279, 25.734792], [93.991545, 25.734662], [93.9922, 25.734326], [93.992611, 25.734072], [93.992972, 25.733895], [93.993427, 25.733763], [93.993889, 25.733658], [93.99451, 25.7336], [93.995023, 25.733607], [93.995554, 25.733664], [93.996178, 25.733771], [93.996571, 25.733941], [93.996875, 25.734018], [93.997274, 25.73402], [93.997792, 25.733913], [93.997942, 25.733797], [93.998318, 25.733715], [93.998654, 25.733688], [93.998913, 25.733673], [93.999149, 25.733721], [93.999445, 25.733806], [94.000079, 25.734096], [94.000293, 25.73419], [94.000472, 25.734223], [94.000719, 25.734162], [94.000956, 25.734088], [94.001163, 25.734099], [94.001598, 25.734156], [94.002349, 25.734479], [94.002407, 25.734524], [94.002611, 25.734604], [94.002842, 25.734683], [94.003456, 25.7349], [94.003902, 25.735121], [94.004129, 25.735283], [94.004281, 25.735398], [94.004403, 25.735524], [94.004555, 25.735712], [94.004755, 25.735958], [94.004888, 25.736103], [94.005101, 25.736293], [94.005341, 25.736404], [94.00551, 25.736559], [94.005667, 25.736877], [94.005726, 25.737219], [94.005793, 25.737381], [94.00591, 25.737523], [94.006107, 25.73761], [94.006536, 25.737691], [94.006681, 25.737736], [94.006726, 25.737787], [94.006779, 25.737853], [94.006808, 25.737964], [94.006815, 25.738044], [94.006836, 25.73811], [94.006939, 25.738224], [94.007253, 25.738322], [94.007473, 25.73837], [94.007594, 25.738419], [94.007681, 25.738502], [94.007718, 25.738597], [94.007737, 25.738644], [94.007886, 25.738806], [94.008166, 25.738913], [94.008419, 25.738971], [94.008583, 25.738946], [94.008669, 25.73888], [94.008677, 25.738757], [94.008659, 25.73863], [94.008463, 25.738342], [94.008476, 25.738235], [94.008544, 25.738112], [94.0087, 25.73802], [94.008844, 25.737924], [94.008876, 25.737871], [94.008951, 25.737745], [94.009002, 25.737669], [94.009067, 25.73764], [94.00921, 25.737614], [94.009371, 25.737646], [94.009506, 25.737672], [94.00961, 25.737661], [94.009844, 25.737624], [94.010059, 25.737535], [94.010151, 25.737428], [94.010172, 25.7373], [94.010149, 25.737183], [94.010084, 25.736994], [94.010074, 25.736874], [94.010116, 25.736793], [94.010189, 25.736729], [94.010298, 25.736685], [94.010512, 25.736611], [94.010669, 25.736594], [94.010831, 25.736616], [94.010918, 25.736657], [94.011035, 25.736681], [94.011143, 25.736676], [94.011314, 25.736635], [94.011462, 25.73653], [94.011536, 25.736387], [94.011576, 25.736229], [94.011626, 25.736161], [94.011672, 25.736132], [94.011774, 25.7361], [94.011982, 25.736061], [94.01211, 25.735996], [94.012223, 25.735882], [94.012276, 25.735735], [94.012548, 25.735436], [94.012694, 25.735328], [94.012886, 25.735298], [94.013098, 25.735325], [94.013297, 25.735356], [94.013601, 25.735383], [94.013964, 25.735356], [94.014334, 25.735295], [94.014649, 25.735222], [94.015212, 25.734976], [94.015614, 25.734824], [94.015973, 25.734684], [94.0163, 25.734614], [94.016442, 25.734581], [94.016635, 25.734526], [94.016897, 25.734474], [94.017109, 25.734431], [94.017248, 25.734414], [94.017412, 25.734404], [94.017568, 25.734402], [94.017706, 25.734404], [94.017854, 25.7344], [94.017981, 25.73441], [94.018119, 25.734421], [94.018314, 25.734486], [94.018497, 25.734544], [94.018714, 25.734633], [94.018864, 25.734722], [94.019081, 25.734867], [94.019249, 25.73495], [94.019344, 25.734978], [94.019477, 25.734976], [94.019676, 25.734958], [94.019852, 25.734908], [94.020098, 25.734849], [94.020314, 25.734826], [94.020402, 25.734838], [94.020486, 25.734849], [94.020717, 25.734895], [94.020912, 25.734925], [94.021107, 25.734932], [94.021308, 25.734889], [94.021443, 25.734807], [94.021583, 25.734668], [94.021731, 25.734294], [94.021828, 25.734122], [94.022031, 25.733986], [94.022351, 25.733896], [94.022749, 25.733804], [94.023021, 25.733713], [94.023244, 25.733597], [94.023814, 25.73324], [94.024118, 25.733049], [94.025308, 25.732304], [94.025573, 25.732146], [94.025868, 25.731858], [94.026121, 25.731523], [94.026354, 25.731162], [94.026657, 25.73076], [94.026818, 25.730541], [94.027038, 25.730155], [94.027205, 25.729781], [94.027369, 25.729424], [94.027541, 25.729213], [94.027717, 25.729014], [94.027934, 25.728795], [94.028133, 25.728701], [94.028302, 25.728524], [94.028453, 25.728365], [94.028622, 25.728108], [94.02875, 25.72781], [94.028894, 25.727338], [94.029009, 25.727154], [94.029137, 25.727038], [94.029373, 25.726786], [94.029536, 25.726578], [94.029668, 25.726472], [94.029955, 25.726352], [94.030232, 25.726228], [94.030376, 25.726085], [94.030569, 25.725845], [94.030645, 25.725737], [94.030822, 25.725616], [94.031205, 25.725528], [94.031912, 25.725381], [94.032528, 25.725256], [94.032996, 25.725079], [94.035983, 25.723873], [94.036476, 25.723598], [94.036654, 25.723437], [94.0367, 25.723387], [94.036801, 25.723276], [94.037033, 25.722887], [94.037225, 25.722645], [94.037401, 25.722517], [94.037598, 25.722459], [94.03796, 25.722431], [94.038496, 25.722318], [94.038964, 25.722204], [94.039247, 25.72208], [94.039387, 25.721956], [94.039462, 25.721761], [94.039535, 25.721476], [94.039634, 25.721298], [94.039851, 25.721104], [94.040074, 25.720991], [94.040347, 25.720945], [94.040845, 25.720946], [94.041556, 25.720998], [94.041873, 25.720934], [94.042105, 25.720777], [94.0423, 25.720544], [94.042385, 25.720184], [94.042417, 25.719874], [94.042378, 25.719657], [94.042141, 25.719296], [94.041699, 25.718799], [94.041231, 25.718474], [94.040973, 25.7183], [94.040609, 25.717938], [94.040411, 25.717655], [94.040298, 25.717368], [94.040245, 25.717039], [94.040273, 25.716742], [94.040387, 25.716422], [94.040427, 25.716141], [94.040355, 25.715919], [94.039936, 25.715327], [94.039813, 25.715082], [94.039735, 25.714726], [94.039691, 25.714496], [94.03964, 25.714232], [94.039584, 25.713928], [94.039506, 25.713684], [94.039345, 25.713452], [94.039106, 25.713303], [94.038219, 25.712795], [94.037834, 25.712574], [94.037737, 25.712507], [94.037709, 25.712419], [94.037746, 25.712258], [94.037851, 25.712125], [94.037987, 25.712083], [94.038494, 25.71204], [94.038948, 25.711963], [94.039554, 25.711962], [94.03979, 25.712048], [94.04002, 25.712188], [94.040143, 25.712263], [94.040372, 25.71231], [94.040615, 25.712303], [94.040809, 25.712235], [94.040997, 25.712139], [94.04118, 25.711885], [94.041344, 25.7116], [94.041366, 25.711422], [94.041374, 25.711351], [94.041325, 25.710999], [94.041284, 25.710547], [94.041301, 25.710355], [94.04149, 25.709591], [94.041565, 25.709067], [94.041588, 25.7086], [94.041611, 25.708491], [94.041691, 25.708128], [94.041833, 25.707747], [94.04201, 25.707336], [94.04204, 25.707126], [94.042031, 25.70693], [94.041997, 25.706671], [94.041942, 25.706431], [94.041931, 25.706106], [94.042018, 25.705843], [94.042229, 25.705542], [94.042484, 25.705261], [94.042744, 25.705052], [94.043006, 25.70496], [94.043424, 25.704941], [94.043965, 25.704908], [94.044484, 25.704977], [94.045052, 25.704983], [94.045416, 25.704961], [94.045747, 25.704821], [94.046472, 25.704504], [94.04675, 25.704323], [94.046879, 25.704147], [94.046908, 25.703969], [94.046763, 25.702853], [94.046767, 25.702579], [94.046796, 25.702314], [94.04687, 25.702059], [94.047101, 25.701557], [94.047188, 25.701373], [94.047251, 25.70117], [94.04722, 25.700965], [94.047141, 25.700716], [94.047062, 25.700504], [94.047035, 25.700346], [94.047054, 25.700156], [94.047124, 25.699954], [94.047214, 25.699736], [94.047268, 25.699517], [94.047246, 25.699378], [94.047128, 25.699146], [94.047079, 25.698981], [94.047055, 25.698829], [94.047106, 25.698503], [94.047154, 25.697962], [94.047121, 25.697739], [94.046918, 25.696735], [94.046779, 25.696399], [94.046603, 25.696159], [94.04635, 25.695853], [94.046212, 25.69566], [94.045946, 25.695119], [94.045715, 25.694707], [94.045646, 25.694442], [94.045591, 25.694017], [94.045449, 25.693406], [94.045325, 25.693066], [94.045102, 25.692745], [94.044804, 25.692458], [94.044713, 25.692331], [94.04462, 25.692106], [94.044457, 25.691593], [94.044018, 25.690701], [94.043852, 25.690527], [94.043436, 25.690295], [94.043197, 25.690118], [94.043137, 25.689952], [94.043018, 25.689624], [94.04284, 25.689276], [94.042637, 25.689013], [94.042525, 25.688784], [94.042449, 25.688547], [94.042424, 25.688331], [94.042408, 25.687742], [94.04233, 25.687368], [94.042045, 25.686806], [94.041669, 25.686278], [94.041507, 25.686137], [94.0415, 25.685998], [94.041494, 25.685882], [94.041518, 25.685817], [94.041729, 25.68551], [94.041843, 25.685497], [94.041966, 25.685513], [94.042277, 25.685638], [94.04269, 25.685799], [94.042965, 25.685938], [94.043166, 25.68602], [94.043367, 25.686101], [94.043585, 25.686216], [94.043667, 25.686296], [94.043708, 25.686405], [94.043807, 25.686574], [94.043926, 25.686743], [94.044174, 25.686976], [94.044369, 25.687128], [94.044515, 25.687271], [94.044672, 25.687464], [94.044862, 25.687646], [94.0451, 25.687925], [94.045384, 25.688249], [94.045541, 25.68838], [94.04565, 25.688457], [94.045822, 25.688519], [94.046007, 25.688522], [94.046363, 25.688453], [94.046642, 25.688399], [94.046901, 25.68832], [94.047094, 25.688237], [94.047189, 25.688156], [94.047267, 25.688053], [94.047412, 25.687797], [94.047509, 25.687651], [94.047601, 25.687545], [94.047837, 25.687406], [94.047989, 25.687312], [94.048149, 25.687254], [94.048427, 25.687178], [94.048744, 25.687137], [94.048971, 25.687125], [94.049186, 25.687114], [94.049417, 25.687084], [94.049657, 25.687112], [94.049811, 25.687185], [94.049876, 25.687254], [94.049918, 25.687326], [94.049949, 25.687402], [94.049964, 25.687537], [94.049989, 25.687625], [94.049989, 25.687735], [94.050026, 25.687863], [94.050063, 25.687956], [94.050139, 25.688053], [94.050316, 25.688129], [94.050514, 25.688149], [94.050775, 25.688117], [94.051174, 25.688034], [94.051419, 25.687994], [94.051664, 25.688019], [94.051872, 25.6881], [94.052121, 25.688235], [94.052301, 25.688371], [94.052626, 25.688827], [94.053043, 25.689149], [94.053239, 25.68922], [94.053457, 25.689178], [94.054279, 25.688707], [94.054516, 25.688592], [94.054791, 25.688521], [94.055003, 25.688465], [94.055223, 25.68843], [94.05533, 25.688423], [94.055437, 25.688422], [94.055542, 25.688452], [94.055632, 25.688497], [94.05573, 25.688589], [94.055846, 25.688711], [94.055925, 25.68881], [94.056019, 25.688913], [94.056232, 25.689066], [94.05647, 25.689229], [94.056651, 25.689361], [94.056835, 25.689494], [94.056917, 25.68954], [94.057043, 25.689557], [94.057172, 25.689532], [94.057342, 25.689457], [94.05739, 25.68942], [94.057534, 25.689278], [94.057653, 25.68913], [94.057794, 25.689006], [94.058028, 25.688852], [94.058294, 25.688709], [94.058511, 25.688616], [94.058661, 25.688539], [94.058809, 25.688439], [94.059018, 25.688283], [94.059218, 25.688131], [94.059399, 25.687958], [94.059585, 25.687838], [94.059765, 25.687778], [94.059958, 25.687727], [94.060072, 25.687675], [94.060247, 25.687494], [94.060364, 25.687342], [94.060485, 25.687119], [94.060615, 25.686916], [94.060747, 25.686769], [94.060938, 25.686625], [94.061133, 25.686529], [94.061327, 25.686429], [94.06158, 25.686277], [94.061852, 25.686113], [94.062127, 25.685941], [94.062408, 25.685713], [94.062514, 25.685648], [94.062624, 25.685612], [94.06279, 25.685613], [94.062909, 25.685603], [94.062974, 25.685566], [94.063015, 25.685512], [94.063036, 25.685413], [94.062987, 25.685155], [94.062997, 25.685091], [94.063127, 25.684862], [94.063255, 25.684723], [94.0635, 25.684518], [94.063667, 25.684401], [94.063966, 25.684163], [94.064137, 25.684063], [94.064331, 25.684019], [94.064477, 25.684023], [94.064593, 25.684045], [94.064734, 25.684093], [94.064857, 25.684149], [94.064999, 25.684153], [94.065152, 25.684087], [94.065327, 25.683996], [94.065412, 25.68393], [94.065543, 25.683788], [94.065594, 25.683677], [94.065633, 25.683565], [94.065653, 25.683369], [94.065648, 25.683254], [94.065652, 25.68317], [94.065668, 25.683111], [94.065697, 25.683072], [94.06576, 25.683031], [94.065894, 25.683013], [94.066037, 25.683019], [94.066144, 25.683003], [94.066263, 25.68296], [94.066437, 25.682873], [94.066641, 25.682726], [94.066792, 25.682567], [94.066907, 25.682419], [94.067002, 25.682307], [94.067106, 25.682212], [94.067423, 25.681992], [94.06757, 25.681888], [94.067667, 25.681806], [94.067756, 25.681746], [94.067904, 25.68167], [94.068102, 25.681634], [94.068321, 25.681527], [94.068521, 25.681383], [94.068644, 25.681247], [94.068808, 25.681021], [94.068944, 25.68089], [94.069101, 25.680755], [94.069269, 25.680677], [94.069417, 25.680641], [94.069715, 25.680634], [94.069816, 25.680642], [94.069916, 25.680666], [94.070049, 25.680764], [94.070098, 25.680824], [94.070166, 25.680867], [94.070252, 25.680876], [94.070338, 25.680886], [94.070483, 25.680854], [94.070589, 25.680857], [94.070651, 25.680866], [94.070709, 25.680928], [94.070736, 25.681136], [94.070766, 25.681309], [94.070794, 25.681384], [94.070864, 25.681476], [94.071014, 25.681613], [94.071214, 25.681799], [94.071341, 25.681894], [94.071537, 25.681948], [94.071684, 25.681972], [94.071832, 25.681982], [94.071976, 25.682005], [94.07204, 25.682031], [94.072085, 25.682074], [94.072141, 25.682161], [94.072184, 25.682269], [94.072248, 25.682672], [94.072279, 25.682924], [94.072374, 25.683097], [94.072548, 25.683166], [94.072739, 25.683146], [94.072882, 25.683076], [94.073024, 25.682986], [94.07318, 25.682856], [94.073239, 25.68279], [94.073385, 25.682492], [94.073488, 25.682436], [94.073576, 25.682424], [94.073675, 25.68243], [94.07396, 25.68261], [94.074094, 25.682667], [94.074193, 25.682711], [94.074355, 25.682719], [94.074483, 25.682679], [94.074565, 25.682618], [94.074723, 25.682512], [94.07487, 25.682439], [94.07497, 25.682436], [94.075054, 25.682488], [94.075086, 25.682573], [94.07506, 25.682979], [94.075003, 25.683219], [94.075013, 25.683289], [94.075053, 25.683343], [94.075108, 25.683397], [94.075182, 25.683434], [94.075267, 25.683453], [94.075351, 25.683455], [94.07543, 25.683443], [94.075506, 25.683385], [94.075572, 25.683296], [94.075684, 25.683095], [94.075779, 25.682905], [94.075889, 25.682756], [94.076154, 25.682282], [94.076357, 25.682048], [94.076511, 25.681803], [94.076711, 25.681652], [94.076985, 25.681499], [94.077161, 25.68138], [94.07732, 25.681198], [94.07741, 25.681023], [94.077587, 25.680591], [94.077652, 25.680424], [94.077758, 25.680212], [94.077818, 25.680121], [94.077877, 25.680032], [94.077969, 25.679946], [94.078014, 25.679918], [94.078047, 25.67991], [94.078081, 25.679905], [94.078112, 25.679912], [94.078158, 25.679925], [94.078202, 25.67995], [94.078444, 25.680213], [94.078541, 25.68029], [94.078669, 25.680306], [94.078775, 25.680274], [94.078881, 25.680221], [94.079119, 25.679935], [94.079248, 25.679758], [94.079394, 25.679668], [94.079702, 25.679477], [94.079862, 25.679277], [94.079992, 25.679072], [94.080146, 25.678616], [94.080207, 25.678444], [94.080251, 25.67821], [94.080314, 25.678092], [94.080359, 25.678019], [94.080415, 25.677915], [94.08044, 25.67787], [94.080486, 25.677824], [94.080525, 25.677788], [94.080582, 25.677766], [94.080655, 25.677747], [94.080729, 25.677749], [94.080783, 25.677778], [94.08082, 25.677807], [94.080891, 25.6779], [94.081, 25.678038], [94.081066, 25.678111], [94.081435, 25.678411], [94.081626, 25.67853], [94.081745, 25.678566], [94.081857, 25.678578], [94.081946, 25.678558], [94.082035, 25.678521], [94.0828, 25.677765], [94.082921, 25.67762], [94.082991, 25.677447], [94.083052, 25.67727], [94.083118, 25.677151], [94.0832, 25.677053], [94.083379, 25.676916], [94.08358, 25.676813], [94.084265, 25.676623], [94.084826, 25.676468], [94.085143, 25.676337], [94.085218, 25.676272], [94.085263, 25.676225], [94.085301, 25.67617], [94.085428, 25.675892], [94.085488, 25.67579], [94.085557, 25.67572], [94.08563, 25.675664], [94.08581, 25.675549], [94.085936, 25.675487], [94.086153, 25.675444], [94.086286, 25.675413], [94.086434, 25.675325], [94.086507, 25.675237], [94.086587, 25.675044], [94.086614, 25.674844], [94.086596, 25.674673], [94.086517, 25.67449], [94.086253, 25.674298], [94.085814, 25.6741], [94.085672, 25.673987], [94.085611, 25.673877], [94.085561, 25.67374], [94.085483, 25.673602], [94.085404, 25.673491], [94.085332, 25.673371], [94.085275, 25.673261], [94.085251, 25.673156], [94.08528, 25.673031], [94.085457, 25.672766], [94.085526, 25.672623], [94.085635, 25.672287], [94.085717, 25.671986], [94.085748, 25.671818], [94.085779, 25.671719], [94.085898, 25.671559], [94.086033, 25.671404], [94.086165, 25.671264], [94.086347, 25.671149], [94.086434, 25.67111], [94.086472, 25.671076], [94.086529, 25.671013], [94.086551, 25.670905], [94.086531, 25.670843], [94.086451, 25.670683], [94.086426, 25.670544], [94.086433, 25.670405], [94.08646, 25.670316], [94.086512, 25.670223], [94.086618, 25.67012], [94.086695, 25.670063], [94.086743, 25.669986], [94.086765, 25.669882], [94.086764, 25.669724], [94.086756, 25.66957], [94.086719, 25.669323], [94.08661, 25.669039], [94.086412, 25.668773], [94.086356, 25.668665], [94.086322, 25.668603], [94.086298, 25.668559], [94.08628, 25.668517], [94.086269, 25.668464], [94.086273, 25.668409], [94.086286, 25.668386], [94.086311, 25.668344], [94.08647, 25.668147], [94.086548, 25.668074], [94.086658, 25.668004], [94.086846, 25.667854], [94.087008, 25.667664], [94.087105, 25.667509], [94.087153, 25.667383], [94.087138, 25.66728], [94.087058, 25.667114], [94.086967, 25.666951], [94.086953, 25.666875], [94.086979, 25.666798], [94.08702, 25.666753], [94.087177, 25.666677], [94.087339, 25.66656], [94.087498, 25.666445], [94.087632, 25.666348], [94.08777, 25.666287], [94.087893, 25.666284], [94.087996, 25.666296], [94.08805, 25.666375], [94.088101, 25.666461], [94.088125, 25.666531], [94.088173, 25.666581], [94.088225, 25.666606], [94.0883, 25.666616], [94.088368, 25.666607], [94.08846, 25.66656], [94.088563, 25.66648], [94.088635, 25.666394], [94.088692, 25.666309], [94.088769, 25.666235], [94.088922, 25.666166], [94.089035, 25.66613], [94.089182, 25.666126], [94.089269, 25.66613], [94.089316, 25.666158], [94.089361, 25.666198], [94.089412, 25.666271], [94.089405, 25.666365], [94.08933, 25.666491], [94.089205, 25.666643], [94.089147, 25.666818], [94.08911, 25.667004], [94.089133, 25.667197], [94.08915, 25.667312], [94.089163, 25.667468], [94.089201, 25.667629], [94.089242, 25.667713], [94.089321, 25.667782], [94.089446, 25.667847], [94.089569, 25.667958], [94.089703, 25.668092], [94.089798, 25.668254], [94.089866, 25.66835], [94.089911, 25.668469], [94.089969, 25.668552], [94.090029, 25.668608], [94.090112, 25.668647], [94.090214, 25.668649], [94.090355, 25.66861], [94.090521, 25.668579], [94.090712, 25.668569], [94.090838, 25.668557], [94.090956, 25.6685], [94.09107, 25.668437], [94.091338, 25.668319], [94.09146, 25.66823], [94.091521, 25.66812], [94.091593, 25.66799], [94.091701, 25.66784], [94.091816, 25.667743], [94.092047, 25.667625], [94.092385, 25.667521], [94.092638, 25.667444], [94.092706, 25.66739], [94.092778, 25.667309], [94.09281, 25.667161], [94.092856, 25.666955], [94.092909, 25.666863], [94.092997, 25.666743], [94.09316, 25.666424], [94.093211, 25.666172], [94.093226, 25.665968], [94.093224, 25.665821], [94.093243, 25.665716], [94.093277, 25.665673], [94.093364, 25.665599], [94.09346, 25.665541], [94.093629, 25.665481], [94.093832, 25.665451], [94.094199, 25.665392], [94.094395, 25.665356], [94.0946, 25.665288], [94.094703, 25.665252], [94.094998, 25.665107], [94.095183, 25.665005], [94.095216, 25.665001], [94.095278, 25.664998], [94.095332, 25.665014], [94.095356, 25.665029], [94.095391, 25.66505], [94.09549, 25.665143], [94.095547, 25.665283], [94.095549, 25.665436], [94.095485, 25.665666], [94.095418, 25.665813], [94.095374, 25.665933], [94.095372, 25.666062], [94.095412, 25.666193], [94.095495, 25.666314], [94.095646, 25.666468], [94.095787, 25.666574], [94.095878, 25.666623], [94.095952, 25.666674], [94.095966, 25.666765], [94.095956, 25.666917], [94.095977, 25.667103], [94.095937, 25.667198], [94.095853, 25.667265], [94.095758, 25.667325], [94.095686, 25.667379], [94.095621, 25.667472], [94.095583, 25.667606], [94.095605, 25.667768], [94.095666, 25.667886], [94.095775, 25.667993], [94.095872, 25.668146], [94.095885, 25.668199], [94.09585, 25.668252], [94.095789, 25.668299], [94.095567, 25.668445], [94.095348, 25.668598], [94.095276, 25.668676], [94.095252, 25.668776], [94.09526, 25.668916], [94.095269, 25.669006], [94.095262, 25.669103], [94.095254, 25.669275], [94.095237, 25.66954], [94.095229, 25.669666], [94.095229, 25.669743], [94.095254, 25.669821], [94.09532, 25.669913], [94.095442, 25.670023], [94.095605, 25.670145], [94.095965, 25.670351], [94.096095, 25.670375], [94.096209, 25.670374], [94.096447, 25.670332], [94.096711, 25.67022], [94.097038, 25.670082], [94.097275, 25.669949], [94.097365, 25.669913], [94.097518, 25.669872], [94.097653, 25.669858], [94.09777, 25.669851], [94.097899, 25.669836], [94.09803, 25.669797], [94.098159, 25.669736], [94.098253, 25.669673], [94.098374, 25.669562], [94.098468, 25.669481], [94.098596, 25.669395], [94.098718, 25.66935], [94.098864, 25.669323], [94.099062, 25.669311], [94.099264, 25.669256], [94.0994, 25.669185], [94.09947, 25.66913], [94.099543, 25.669079], [94.099632, 25.669034], [94.099761, 25.669002], [94.099907, 25.668967], [94.10008, 25.66892], [94.100429, 25.668772], [94.100719, 25.668635], [94.100856, 25.668559], [94.101213, 25.668359], [94.101318, 25.668308], [94.101417, 25.668281], [94.101489, 25.668255], [94.101592, 25.668261], [94.101731, 25.668289], [94.101916, 25.66837], [94.102051, 25.668469], [94.102185, 25.668576], [94.102333, 25.668624], [94.102462, 25.668636], [94.102686, 25.668603], [94.102797, 25.668572], [94.102981, 25.668494], [94.103098, 25.668444], [94.103191, 25.668421], [94.103246, 25.668421], [94.103305, 25.668431], [94.103404, 25.668461], [94.103491, 25.668499], [94.103503, 25.668508], [94.103536, 25.668535], [94.103585, 25.668555], [94.103657, 25.668564], [94.103754, 25.668565], [94.103816, 25.668573], [94.103915, 25.668573], [94.10409, 25.668546], [94.104166, 25.668524], [94.104326, 25.668478], [94.104765, 25.66828], [94.104894, 25.668227], [94.104995, 25.668271], [94.10538, 25.668478], [94.105694, 25.668654], [94.105809, 25.668747], [94.105886, 25.668849], [94.105949, 25.668986], [94.10605, 25.669285], [94.106106, 25.669431], [94.106208, 25.669545], [94.106416, 25.66967], [94.106607, 25.669948], [94.106735, 25.6702], [94.106824, 25.670532], [94.106871, 25.670682], [94.106939, 25.670808], [94.106999, 25.670969], [94.107005, 25.671106], [94.106977, 25.671261], [94.106975, 25.671379], [94.10703, 25.671492], [94.10705, 25.671527], [94.107087, 25.671594], [94.107298, 25.671867], [94.107686, 25.672555], [94.107786, 25.672748], [94.107824, 25.672875], [94.107872, 25.673023], [94.10792, 25.673197], [94.107946, 25.673314], [94.107939, 25.673443], [94.107929, 25.673606], [94.107921, 25.673684], [94.107917, 25.673781], [94.107927, 25.673841], [94.107956, 25.673897], [94.108022, 25.67398], [94.10809, 25.674025], [94.108174, 25.674075], [94.108272, 25.674102], [94.108399, 25.674102], [94.108587, 25.674114], [94.108641, 25.674341]]}, "leaflet_coordinates": [[26.144276, 91.736153], [26.144236, 91.736389], [26.144276, 91.73674], [26.144411, 91.737061], [26.144627, 91.737321], [26.144905, 91.737494], [26.145217, 91.737563], [26.145533, 91.737523], [26.145841, 91.737369], [26.145863, 91.737798], [26.146258, 91.737827], [26.146366, 91.737835], [26.146591, 91.737873], [26.146857, 91.737919], [26.146878, 91.737925], [26.147002, 91.737975], [26.147134, 91.738033], [26.147635, 91.738245], [26.147607, 91.738455], [26.147592, 91.73856], [26.147551, 91.738782], [26.147471, 91.739222], [26.147387, 91.739509], [26.147305, 91.739788], [26.147288, 91.739847], [26.147165, 91.740373], [26.147136, 91.740756], [26.146609, 91.740725], [26.146477, 91.740725], [26.14624, 91.740725], [26.146187, 91.740738], [26.145674, 91.740864], [26.145538, 91.740897], [26.145156, 91.741041], [26.144957, 91.741117], [26.144479, 91.741298], [26.14365, 91.741722], [26.143274, 91.741886], [26.143017, 91.741955], [26.142884, 91.74199], [26.142827, 91.741995], [26.142494, 91.742023], [26.142408, 91.74203], [26.142042, 91.741993], [26.141972, 91.741976], [26.141801, 91.741933], [26.141612, 91.741887], [26.141289, 91.741745], [26.140898, 91.74153], [26.140633, 91.741351], [26.13991, 91.740855], [26.139613, 91.740706], [26.139391, 91.740596], [26.139293, 91.740546], [26.138991, 91.74031], [26.138891, 91.740237], [26.138843, 91.740193], [26.138721, 91.740081], [26.137892, 91.739314], [26.13707, 91.738554], [26.136396, 91.737778], [26.136111, 91.737449], [26.135905, 91.737212], [26.135676, 91.736949], [26.135306, 91.736734], [26.135036, 91.73664], [26.134902, 91.736607], [26.134682, 91.736554], [26.134634, 91.736545], [26.134279, 91.736483], [26.134196, 91.736468], [26.133623, 91.736415], [26.133285, 91.736384], [26.133264, 91.736382], [26.132414, 91.736382], [26.132347, 91.736382], [26.131784, 91.736413], [26.131707, 91.736416], [26.131582, 91.73642], [26.131206, 91.736429], [26.130647, 91.736601], [26.130105, 91.736938], [26.130079, 91.736955], [26.129392, 91.737449], [26.12873, 91.738092], [26.128494, 91.738367], [26.128094, 91.738833], [26.12776, 91.739487], [26.127738, 91.73953], [26.127586, 91.739826], [26.127545, 91.739906], [26.127398, 91.740249], [26.127112, 91.740914], [26.126948, 91.741461], [26.126802, 91.742009], [26.12671, 91.742352], [26.126551, 91.743173], [26.126435, 91.743728], [26.126412, 91.743993], [26.126402, 91.744104], [26.126014, 91.745356], [26.125503, 91.747019], [26.125224, 91.747824], [26.124896, 91.748349], [26.124636, 91.748489], [26.123353, 91.748468], [26.123241, 91.748466], [26.123029, 91.748472], [26.122928, 91.74848], [26.121284, 91.748613], [26.121199, 91.74862], [26.120629, 91.748636], [26.120417, 91.748642], [26.119598, 91.748666], [26.118279, 91.748642], [26.118079, 91.748639], [26.118052, 91.748639], [26.117915, 91.748638], [26.116947, 91.748632], [26.116689, 91.748631], [26.116257, 91.748623], [26.115831, 91.748616], [26.115437, 91.748609], [26.115215, 91.748605], [26.114567, 91.748653], [26.114064, 91.748731], [26.11371, 91.748809], [26.113556, 91.748862], [26.113496, 91.748877], [26.113447, 91.748915], [26.112715, 91.749071], [26.112261, 91.749228], [26.111868, 91.749435], [26.111867, 91.750469], [26.111853, 91.750993], [26.111807, 91.752325], [26.111806, 91.752365], [26.111795, 91.752872], [26.111766, 91.754674], [26.111762, 91.755097], [26.111741, 91.756834], [26.11174, 91.756906], [26.111725, 91.758268], [26.111724, 91.758411], [26.111505, 91.758405], [26.111501, 91.758566], [26.111397, 91.765535], [26.111393, 91.767248], [26.111201, 91.776305], [26.1112, 91.777382], [26.111131, 91.778455], [26.111191, 91.77982], [26.111215, 91.781161], [26.111239, 91.782017], [26.111299, 91.783597], [26.11134, 91.784638], [26.111376, 91.786081], [26.111397, 91.788188], [26.111398, 91.788329], [26.111424, 91.78921], [26.111436, 91.789608], [26.111536, 91.791267], [26.111559, 91.791735], [26.111595, 91.792381], [26.111672, 91.79301], [26.1117, 91.793245], [26.111756, 91.793711], [26.112054, 91.795953], [26.112372, 91.798171], [26.112494, 91.799099], [26.11257, 91.799804], [26.112712, 91.801028], [26.112762, 91.801358], [26.112788, 91.801496], [26.112845, 91.801739], [26.112886, 91.801894], [26.112975, 91.802211], [26.113141, 91.802754], [26.11331, 91.803255], [26.113654, 91.804345], [26.114124, 91.805996], [26.114147, 91.806074], [26.114422, 91.807092], [26.114546, 91.807548], [26.11467, 91.807957], [26.114931, 91.808922], [26.115461, 91.810971], [26.115608, 91.811457], [26.115736, 91.811862], [26.115754, 91.811909], [26.115817, 91.812074], [26.115891, 91.812241], [26.116073, 91.812575], [26.116477, 91.813235], [26.117713, 91.815183], [26.117862, 91.815445], [26.117995, 91.815713], [26.11807, 91.81588], [26.11814, 91.816061], [26.118217, 91.816271], [26.118292, 91.816489], [26.118357, 91.816698], [26.11839, 91.816801], [26.118447, 91.817017], [26.1185, 91.817256], [26.118647, 91.818034], [26.118872, 91.819281], [26.118919, 91.819538], [26.119183, 91.820837], [26.119283, 91.821372], [26.11981, 91.824327], [26.119813, 91.824565], [26.119803, 91.824696], [26.119779, 91.824849], [26.119738, 91.825101], [26.119691, 91.82533], [26.119633, 91.82564], [26.119524, 91.826233], [26.119427, 91.826802], [26.119305, 91.827405], [26.11912, 91.82839], [26.118965, 91.82928], [26.118883, 91.829723], [26.118835, 91.830002], [26.118787, 91.830264], [26.118751, 91.830398], [26.118718, 91.830486], [26.118669, 91.830573], [26.118609, 91.830644], [26.11853, 91.830711], [26.118449, 91.830759], [26.118338, 91.830805], [26.11822, 91.830844], [26.118084, 91.8309], [26.11801, 91.830947], [26.11795, 91.831009], [26.117907, 91.831082], [26.117878, 91.831179], [26.117858, 91.831293], [26.117839, 91.831418], [26.117816, 91.831559], [26.117779, 91.831694], [26.117744, 91.831801], [26.117696, 91.831901], [26.117644, 91.831971], [26.117587, 91.83202], [26.117529, 91.832047], [26.117456, 91.832055], [26.117395, 91.832047], [26.117333, 91.832023], [26.117284, 91.831995], [26.11723, 91.831945], [26.117188, 91.831897], [26.117111, 91.831797], [26.11705, 91.83172], [26.117002, 91.831669], [26.116957, 91.831633], [26.116917, 91.831612], [26.11686, 91.831601], [26.116798, 91.8316], [26.116749, 91.83161], [26.116698, 91.831637], [26.116659, 91.831678], [26.116631, 91.831723], [26.116615, 91.831776], [26.116612, 91.831831], [26.116618, 91.831892], [26.116643, 91.831967], [26.116673, 91.832021], [26.116761, 91.832154], [26.116852, 91.832283], [26.116902, 91.832376], [26.11693, 91.832432], [26.116946, 91.832477], [26.116957, 91.832519], [26.116963, 91.832575], [26.11696, 91.832625], [26.116941, 91.832699], [26.116919, 91.832753], [26.116884, 91.83281], [26.116825, 91.832876], [26.116764, 91.832929], [26.116678, 91.83299], [26.116596, 91.833028], [26.116478, 91.833051], [26.116368, 91.833067], [26.116273, 91.833089], [26.116168, 91.833125], [26.116076, 91.833173], [26.116014, 91.833232], [26.115975, 91.833287], [26.11594, 91.833354], [26.11592, 91.833416], [26.115905, 91.833489], [26.115894, 91.833573], [26.115901, 91.833668], [26.115919, 91.833783], [26.115931, 91.833881], [26.115934, 91.833941], [26.115929, 91.833994], [26.115911, 91.834055], [26.115886, 91.834105], [26.115852, 91.834152], [26.115808, 91.834191], [26.115736, 91.834231], [26.115621, 91.834269], [26.115496, 91.834316], [26.115381, 91.834369], [26.115284, 91.834434], [26.115188, 91.834493], [26.115098, 91.834538], [26.114996, 91.83456], [26.114905, 91.83456], [26.114773, 91.834548], [26.114645, 91.834525], [26.114552, 91.834514], [26.114474, 91.834514], [26.114408, 91.83453], [26.114352, 91.834576], [26.114315, 91.834632], [26.114286, 91.834701], [26.114268, 91.834803], [26.11424, 91.834921], [26.1142, 91.835027], [26.114162, 91.835111], [26.114115, 91.835181], [26.114046, 91.835249], [26.113982, 91.835296], [26.113892, 91.835331], [26.113796, 91.835358], [26.113678, 91.835391], [26.113556, 91.835425], [26.113448, 91.835481], [26.113364, 91.83555], [26.113303, 91.835614], [26.113239, 91.835696], [26.113227, 91.835717], [26.113186, 91.83579], [26.113144, 91.835906], [26.11311, 91.836018], [26.113069, 91.836137], [26.113022, 91.836254], [26.112975, 91.836338], [26.112906, 91.836439], [26.112801, 91.83661], [26.11276, 91.836691], [26.112705, 91.836797], [26.112659, 91.836884], [26.112589, 91.836977], [26.112503, 91.837065], [26.112384, 91.837193], [26.112313, 91.837278], [26.112248, 91.837394], [26.112196, 91.837518], [26.112161, 91.837644], [26.112141, 91.837817], [26.11214, 91.837974], [26.112141, 91.838131], [26.112139, 91.838287], [26.112122, 91.838491], [26.112098, 91.838644], [26.112057, 91.838787], [26.112004, 91.838931], [26.111948, 91.839046], [26.111869, 91.839214], [26.111756, 91.83944], [26.111669, 91.839617], [26.11157, 91.839794], [26.111492, 91.839912], [26.111416, 91.839998], [26.11131, 91.840093], [26.111168, 91.840186], [26.111044, 91.840266], [26.110943, 91.840348], [26.110854, 91.840438], [26.110751, 91.840565], [26.110669, 91.840687], [26.11062, 91.840789], [26.110578, 91.840923], [26.110562, 91.841088], [26.110561, 91.841261], [26.110565, 91.841422], [26.11056, 91.841547], [26.110541, 91.841662], [26.110513, 91.841758], [26.110463, 91.841868], [26.110367, 91.842034], [26.110285, 91.842175], [26.110224, 91.842291], [26.110152, 91.84246], [26.110101, 91.842604], [26.110055, 91.842776], [26.110007, 91.842995], [26.109944, 91.843284], [26.109836, 91.84381], [26.109772, 91.844105], [26.109725, 91.84426], [26.109679, 91.844369], [26.109624, 91.844459], [26.109547, 91.844555], [26.109449, 91.844683], [26.10937, 91.844809], [26.109297, 91.844953], [26.109233, 91.845109], [26.109176, 91.845283], [26.109151, 91.845418], [26.109145, 91.845562], [26.109154, 91.845706], [26.109183, 91.845841], [26.109207, 91.845951], [26.109232, 91.846065], [26.109236, 91.846179], [26.109227, 91.846288], [26.109201, 91.846383], [26.109156, 91.846468], [26.109088, 91.846576], [26.108981, 91.846714], [26.108773, 91.846997], [26.108614, 91.84728], [26.108464, 91.847605], [26.108325, 91.847905], [26.108243, 91.84809], [26.108197, 91.848224], [26.108171, 91.848346], [26.108163, 91.848475], [26.108177, 91.848628], [26.108219, 91.848798], [26.108274, 91.848966], [26.108358, 91.849234], [26.10846, 91.849536], [26.108525, 91.84974], [26.108581, 91.849917], [26.108613, 91.850047], [26.108637, 91.85017], [26.108656, 91.850325], [26.108664, 91.850546], [26.108667, 91.850751], [26.108666, 91.850837], [26.108664, 91.850955], [26.108657, 91.85117], [26.108638, 91.851341], [26.108616, 91.851451], [26.108581, 91.851556], [26.108543, 91.851636], [26.108472, 91.851739], [26.108391, 91.851829], [26.108239, 91.851986], [26.108095, 91.852144], [26.10793, 91.85232], [26.107481, 91.852799], [26.107276, 91.853012], [26.107137, 91.853158], [26.107014, 91.853291], [26.106872, 91.853449], [26.106765, 91.853573], [26.106683, 91.853681], [26.106572, 91.853846], [26.106453, 91.854054], [26.106332, 91.854294], [26.106224, 91.85452], [26.106115, 91.854733], [26.105998, 91.854962], [26.105843, 91.855275], [26.105817, 91.855325], [26.105678, 91.855601], [26.105549, 91.855851], [26.105413, 91.856113], [26.105253, 91.85642], [26.105051, 91.856817], [26.104852, 91.857211], [26.104619, 91.857681], [26.104497, 91.857947], [26.104413, 91.85815], [26.104326, 91.85837], [26.104264, 91.858527], [26.104194, 91.858697], [26.104124, 91.85883], [26.104066, 91.858929], [26.103993, 91.859028], [26.103928, 91.859124], [26.10387, 91.859228], [26.103829, 91.859327], [26.10381, 91.859429], [26.1038, 91.85958], [26.103803, 91.859719], [26.103801, 91.859828], [26.103791, 91.859942], [26.103763, 91.860046], [26.103716, 91.86014], [26.103644, 91.860255], [26.103481, 91.860478], [26.103347, 91.860648], [26.103127, 91.860925], [26.102944, 91.861154], [26.102892, 91.861252], [26.102869, 91.861343], [26.102863, 91.861446], [26.102869, 91.861579], [26.102872, 91.861707], [26.102864, 91.861854], [26.102833, 91.861994], [26.102799, 91.862124], [26.102763, 91.862244], [26.102739, 91.862357], [26.102727, 91.862479], [26.102733, 91.862612], [26.102762, 91.862735], [26.102799, 91.862852], [26.102832, 91.862956], [26.102849, 91.863053], [26.102852, 91.863166], [26.102837, 91.863274], [26.102802, 91.86338], [26.10276, 91.863469], [26.102685, 91.863581], [26.102561, 91.863757], [26.102435, 91.863917], [26.102313, 91.864047], [26.102201, 91.864135], [26.102085, 91.86422], [26.101923, 91.864338], [26.101791, 91.864441], [26.101702, 91.864522], [26.101641, 91.864606], [26.101587, 91.864719], [26.101522, 91.864892], [26.101472, 91.86501], [26.101425, 91.865101], [26.101382, 91.865168], [26.101308, 91.865239], [26.101205, 91.86532], [26.100974, 91.865464], [26.100726, 91.865632], [26.100652, 91.86569], [26.100605, 91.865745], [26.100574, 91.865797], [26.100552, 91.865857], [26.100539, 91.865927], [26.100539, 91.865996], [26.100551, 91.866067], [26.100571, 91.866124], [26.1006, 91.866172], [26.100635, 91.86621], [26.100673, 91.866245], [26.100714, 91.866271], [26.100757, 91.86629], [26.10081, 91.866302], [26.100863, 91.866303], [26.100914, 91.866297], [26.100966, 91.866274], [26.101036, 91.866237], [26.101096, 91.866203], [26.101155, 91.86618], [26.101218, 91.86617], [26.101277, 91.866174], [26.10134, 91.866191], [26.101389, 91.866218], [26.101425, 91.86625], [26.101463, 91.866292], [26.101491, 91.866334], [26.101515, 91.866381], [26.101532, 91.866432], [26.101541, 91.86649], [26.101546, 91.86658], [26.101535, 91.866679], [26.101499, 91.86683], [26.10144, 91.867074], [26.101402, 91.867264], [26.101377, 91.867365], [26.101337, 91.867483], [26.101294, 91.867569], [26.101246, 91.867641], [26.101174, 91.867724], [26.101065, 91.867827], [26.100934, 91.867951], [26.1008, 91.868084], [26.1006, 91.868281], [26.100477, 91.868413], [26.10038, 91.868523], [26.100325, 91.868608], [26.100293, 91.868676], [26.100276, 91.868727], [26.100268, 91.868776], [26.100267, 91.86884], [26.100272, 91.868923], [26.100279, 91.868989], [26.100287, 91.869077], [26.10031, 91.86926], [26.100322, 91.869393], [26.100323, 91.869509], [26.100321, 91.869639], [26.100316, 91.869749], [26.100305, 91.869881], [26.100297, 91.87005], [26.100303, 91.870177], [26.100326, 91.8703], [26.100361, 91.870425], [26.100414, 91.870601], [26.100459, 91.87077], [26.100504, 91.870944], [26.100561, 91.871118], [26.1006, 91.871259], [26.100635, 91.871403], [26.100663, 91.871577], [26.100679, 91.871723], [26.100699, 91.871853], [26.100727, 91.871987], [26.100754, 91.872111], [26.100787, 91.872237], [26.100801, 91.872327], [26.100807, 91.872416], [26.100799, 91.872523], [26.100787, 91.872599], [26.100765, 91.872678], [26.100734, 91.872795], [26.100705, 91.872921], [26.100691, 91.87307], [26.100688, 91.873243], [26.100687, 91.873405], [26.100673, 91.873554], [26.100651, 91.87368], [26.100624, 91.873768], [26.100587, 91.87387], [26.100511, 91.874027], [26.100411, 91.87422], [26.100325, 91.874401], [26.100216, 91.874643], [26.100049, 91.875002], [26.099897, 91.875301], [26.099726, 91.875612], [26.099645, 91.875769], [26.099592, 91.875913], [26.09957, 91.875981], [26.099551, 91.876085], [26.099526, 91.876251], [26.099518, 91.876402], [26.099533, 91.876554], [26.09956, 91.876689], [26.099589, 91.876841], [26.099666, 91.877148], [26.09976, 91.877547], [26.099814, 91.87782], [26.099865, 91.878088], [26.099902, 91.878355], [26.099936, 91.878501], [26.099973, 91.878597], [26.100002, 91.878646], [26.100033, 91.878698], [26.100134, 91.878819], [26.100208, 91.878929], [26.100253, 91.879011], [26.100279, 91.879094], [26.100282, 91.879216], [26.100276, 91.879343], [26.100242, 91.879475], [26.100202, 91.879582], [26.100176, 91.879673], [26.100168, 91.879735], [26.100171, 91.879797], [26.100182, 91.87985], [26.100217, 91.879913], [26.100257, 91.879955], [26.100307, 91.879987], [26.100373, 91.880004], [26.100435, 91.880001], [26.100487, 91.87998], [26.100537, 91.879944], [26.100591, 91.87988], [26.100644, 91.879803], [26.100739, 91.879656], [26.100909, 91.879429], [26.101078, 91.87926], [26.101197, 91.879171], [26.101311, 91.879106], [26.101405, 91.879068], [26.101533, 91.879042], [26.101677, 91.87904], [26.10176, 91.879054], [26.101844, 91.87909], [26.101908, 91.879157], [26.101961, 91.879231], [26.10199, 91.879382], [26.101986, 91.879467], [26.101969, 91.879534], [26.101933, 91.879595], [26.101896, 91.879647], [26.101843, 91.879691], [26.101754, 91.879743], [26.101661, 91.879789], [26.101581, 91.879848], [26.101509, 91.879925], [26.101459, 91.880011], [26.101436, 91.880118], [26.101436, 91.880212], [26.101462, 91.880314], [26.101527, 91.880446], [26.101609, 91.880585], [26.101678, 91.88069], [26.101732, 91.880755], [26.101803, 91.880821], [26.101899, 91.880857], [26.101976, 91.880862], [26.102106, 91.880822], [26.102288, 91.88075], [26.102421, 91.880716], [26.102538, 91.880714], [26.102651, 91.880745], [26.102734, 91.880792], [26.102811, 91.880867], [26.102887, 91.88097], [26.102941, 91.881087], [26.102972, 91.881252], [26.102978, 91.881412], [26.102961, 91.881555], [26.102929, 91.881677], [26.102893, 91.881756], [26.102845, 91.881822], [26.102771, 91.881881], [26.102704, 91.881908], [26.102637, 91.881911], [26.10255, 91.881898], [26.102464, 91.881864], [26.102371, 91.881831], [26.102304, 91.881826], [26.102223, 91.881845], [26.10216, 91.881886], [26.102101, 91.881957], [26.102044, 91.882082], [26.101993, 91.882235], [26.101969, 91.88241], [26.101964, 91.882505], [26.101989, 91.882608], [26.10202, 91.882682], [26.10208, 91.882766], [26.102154, 91.882869], [26.102189, 91.882941], [26.102216, 91.883039], [26.102216, 91.883137], [26.10222, 91.883285], [26.102242, 91.883383], [26.102271, 91.883467], [26.102322, 91.883541], [26.102384, 91.883606], [26.102453, 91.883651], [26.102547, 91.883672], [26.102629, 91.883679], [26.102757, 91.883689], [26.102833, 91.883711], [26.102896, 91.883758], [26.102945, 91.883818], [26.102998, 91.883933], [26.103058, 91.884082], [26.103123, 91.884213], [26.103168, 91.884296], [26.10321, 91.884378], [26.103243, 91.884457], [26.103256, 91.884537], [26.103253, 91.884631], [26.103233, 91.884754], [26.103207, 91.884864], [26.103199, 91.884943], [26.103206, 91.885001], [26.103235, 91.88509], [26.103277, 91.885166], [26.10332, 91.885221], [26.103403, 91.885297], [26.103466, 91.885352], [26.10352, 91.885407], [26.103562, 91.885463], [26.103625, 91.88555], [26.103677, 91.885615], [26.103719, 91.885652], [26.103791, 91.885694], [26.103865, 91.885725], [26.104032, 91.885784], [26.10414, 91.885839], [26.104271, 91.88594], [26.104402, 91.886066], [26.10453, 91.886186], [26.104694, 91.886354], [26.104868, 91.886556], [26.104975, 91.886712], [26.105083, 91.886846], [26.105172, 91.886933], [26.105268, 91.887006], [26.105371, 91.88705], [26.105464, 91.887068], [26.105563, 91.887057], [26.10564, 91.88703], [26.105728, 91.88698], [26.105782, 91.886918], [26.105827, 91.886834], [26.105848, 91.886761], [26.105861, 91.886681], [26.105875, 91.886552], [26.105898, 91.886487], [26.105939, 91.886409], [26.106001, 91.886332], [26.106074, 91.886274], [26.10618, 91.886225], [26.106256, 91.886193], [26.106313, 91.886153], [26.106362, 91.886085], [26.106413, 91.885988], [26.106466, 91.885875], [26.106557, 91.885758], [26.106706, 91.885617], [26.106776, 91.885576], [26.106861, 91.885548], [26.107027, 91.885512], [26.107195, 91.885474], [26.107379, 91.885456], [26.107513, 91.885454], [26.107626, 91.885486], [26.107711, 91.885531], [26.107813, 91.885602], [26.107896, 91.885664], [26.107936, 91.885691], [26.10797, 91.885713], [26.10803, 91.885749], [26.108092, 91.885768], [26.108178, 91.88577], [26.108243, 91.885751], [26.108316, 91.885708], [26.108436, 91.885639], [26.108572, 91.885583], [26.108773, 91.885526], [26.108992, 91.885473], [26.109269, 91.885452], [26.109428, 91.885444], [26.10964, 91.88545], [26.109776, 91.885459], [26.109879, 91.88549], [26.109984, 91.885547], [26.110041, 91.885602], [26.110134, 91.885729], [26.110282, 91.885945], [26.110495, 91.886256], [26.110637, 91.88648], [26.110709, 91.886614], [26.110749, 91.886717], [26.110768, 91.88682], [26.110766, 91.886928], [26.110748, 91.88704], [26.1107, 91.887171], [26.11062, 91.887317], [26.110527, 91.887452], [26.110498, 91.887521], [26.110484, 91.887605], [26.110493, 91.887676], [26.110521, 91.887741], [26.110589, 91.887819], [26.110669, 91.887867], [26.110769, 91.88792], [26.110839, 91.887971], [26.110908, 91.888056], [26.110976, 91.888171], [26.11105, 91.888312], [26.111169, 91.888527], [26.111254, 91.888688], [26.11135, 91.888819], [26.111488, 91.888974], [26.111646, 91.889111], [26.111799, 91.889212], [26.11189, 91.889271], [26.11197, 91.889307], [26.112058, 91.889329], [26.112129, 91.889329], [26.112195, 91.889312], [26.112254, 91.889269], [26.11233, 91.889173], [26.112408, 91.889063], [26.112462, 91.889016], [26.112521, 91.888972], [26.112615, 91.888946], [26.112688, 91.888942], [26.112766, 91.888961], [26.112845, 91.889006], [26.11291, 91.889066], [26.112953, 91.889145], [26.112985, 91.889255], [26.113015, 91.889434], [26.113056, 91.889558], [26.113101, 91.889652], [26.113146, 91.889728], [26.113212, 91.889788], [26.113302, 91.889872], [26.11336, 91.889932], [26.113397, 91.889977], [26.113427, 91.890037], [26.113462, 91.89012], [26.113485, 91.890227], [26.113495, 91.890335], [26.113505, 91.890481], [26.113518, 91.890596], [26.113542, 91.89068], [26.113577, 91.890754], [26.113652, 91.890835], [26.113708, 91.890892], [26.113761, 91.890951], [26.113806, 91.891009], [26.113853, 91.891091], [26.113897, 91.891201], [26.113934, 91.891344], [26.113974, 91.891471], [26.114027, 91.891586], [26.114082, 91.891695], [26.11415, 91.891816], [26.114252, 91.891991], [26.11438, 91.892216], [26.114686, 91.892782], [26.11492, 91.89318], [26.114993, 91.893273], [26.115061, 91.893335], [26.115172, 91.893399], [26.115427, 91.89352], [26.116272, 91.893909], [26.117717, 91.894694], [26.11786, 91.894778], [26.118004, 91.89488], [26.118144, 91.894985], [26.11825, 91.895071], [26.118284, 91.895099], [26.118411, 91.895215], [26.118534, 91.895341], [26.118652, 91.895477], [26.118762, 91.895626], [26.118859, 91.895761], [26.118949, 91.895913], [26.11904, 91.896068], [26.119125, 91.896239], [26.119197, 91.896394], [26.119261, 91.896574], [26.119379, 91.896933], [26.119672, 91.898046], [26.119771, 91.898372], [26.12058, 91.901415], [26.120663, 91.901834], [26.120717, 91.902292], [26.120735, 91.902738], [26.120728, 91.903204], [26.120702, 91.905639], [26.120718, 91.907901], [26.120706, 91.909151], [26.120699, 91.909836], [26.120678, 91.91055], [26.12061, 91.91193], [26.120597, 91.912526], [26.120599, 91.913123], [26.120603, 91.914378], [26.120606, 91.915294], [26.120608, 91.916243], [26.120617, 91.91904], [26.120634, 91.919436], [26.120661, 91.919738], [26.120705, 91.920051], [26.121792, 91.926571], [26.121966, 91.927621], [26.122187, 91.928946], [26.122242, 91.92928], [26.122279, 91.929503], [26.122287, 91.92955], [26.122329, 91.929856], [26.122337, 91.929924], [26.122364, 91.930177], [26.122386, 91.930486], [26.122384, 91.930827], [26.122364, 91.931136], [26.122333, 91.93146], [26.122289, 91.931758], [26.122225, 91.93208], [26.122038, 91.932896], [26.121914, 91.93344], [26.121841, 91.933804], [26.121772, 91.934192], [26.121718, 91.934569], [26.121673, 91.934961], [26.121572, 91.935884], [26.121498, 91.936774], [26.121471, 91.9371], [26.121415, 91.937773], [26.121405, 91.937896], [26.121381, 91.93819], [26.121372, 91.938278], [26.121175, 91.940288], [26.121166, 91.940388], [26.121151, 91.940535], [26.121081, 91.941066], [26.121047, 91.941272], [26.121006, 91.941521], [26.12091, 91.942024], [26.120697, 91.942974], [26.120029, 91.945956], [26.119779, 91.947073], [26.119495, 91.948341], [26.119402, 91.948808], [26.119177, 91.949948], [26.118918, 91.951258], [26.118822, 91.951742], [26.118765, 91.952086], [26.118712, 91.952451], [26.118658, 91.952945], [26.118534, 91.954682], [26.118491, 91.955129], [26.118243, 91.95775], [26.118168, 91.95893], [26.118103, 91.959952], [26.118069, 91.960967], [26.118055, 91.961784], [26.118043, 91.962889], [26.118024, 91.964345], [26.11802, 91.964637], [26.118026, 91.96488], [26.11804, 91.965115], [26.11807, 91.965354], [26.118122, 91.965602], [26.118177, 91.965826], [26.118257, 91.966059], [26.118344, 91.96627], [26.118444, 91.966486], [26.118553, 91.966676], [26.118675, 91.966866], [26.118801, 91.967041], [26.118945, 91.967211], [26.119088, 91.967368], [26.119245, 91.967518], [26.119586, 91.967805], [26.120528, 91.968562], [26.120736, 91.968757], [26.120944, 91.96898], [26.121129, 91.969204], [26.121304, 91.969457], [26.121451, 91.969735], [26.121583, 91.970031], [26.121691, 91.970341], [26.121777, 91.97067], [26.122296, 91.973188], [26.122431, 91.973816], [26.122502, 91.97421], [26.122534, 91.974409], [26.122563, 91.974626], [26.122575, 91.974831], [26.122565, 91.975049], [26.122547, 91.975269], [26.12251, 91.975517], [26.122464, 91.975722], [26.122402, 91.975935], [26.122335, 91.976128], [26.122243, 91.976346], [26.122151, 91.976515], [26.122031, 91.976692], [26.121916, 91.976852], [26.121775, 91.977024], [26.121423, 91.97733], [26.120943, 91.977707], [26.119651, 91.978681], [26.119438, 91.97885], [26.119193, 91.979096], [26.119054, 91.979272], [26.118922, 91.9795], [26.118794, 91.979776], [26.118691, 91.980117], [26.118651, 91.980317], [26.118626, 91.98053], [26.118621, 91.980738], [26.118626, 91.980946], [26.118653, 91.981139], [26.118695, 91.981326], [26.118815, 91.981715], [26.119317, 91.982821], [26.11949, 91.983357], [26.119533, 91.983598], [26.119543, 91.983884], [26.119526, 91.984178], [26.119372, 91.985239], [26.119188, 91.986802], [26.119057, 91.987953], [26.118912, 91.988837], [26.118734, 91.989764], [26.118502, 91.990806], [26.118455, 91.991133], [26.118428, 91.991468], [26.118426, 91.991792], [26.118434, 91.992218], [26.118502, 91.992792], [26.118619, 91.993579], [26.118773, 91.994497], [26.118841, 91.995002], [26.118866, 91.995395], [26.118866, 91.99582], [26.118866, 91.99614], [26.118846, 91.996719], [26.118829, 91.997073], [26.118812, 91.99751], [26.118798, 91.997881], [26.118786, 91.998243], [26.118796, 91.998357], [26.118814, 91.998555], [26.118841, 91.998831], [26.118895, 91.999132], [26.118994, 91.999484], [26.119091, 91.99985], [26.11915, 92.000008], [26.119205, 92.000136], [26.119347, 92.000421], [26.119633, 92.000967], [26.119898, 92.001392], [26.12014, 92.00177], [26.120306, 92.002038], [26.120485, 92.002328], [26.120755, 92.002767], [26.121003, 92.003167], [26.1212, 92.003481], [26.121309, 92.003655], [26.121382, 92.003798], [26.121464, 92.003988], [26.121488, 92.004047], [26.121575, 92.004289], [26.121687, 92.004684], [26.121764, 92.005034], [26.121779, 92.0051], [26.121884, 92.005578], [26.121949, 92.006028], [26.122014, 92.006623], [26.122023, 92.006987], [26.122021, 92.00724], [26.12202, 92.00751], [26.122014, 92.008097], [26.122026, 92.008421], [26.122045, 92.008754], [26.122091, 92.009063], [26.122159, 92.009393], [26.12231, 92.009881], [26.122446, 92.010256], [26.122594, 92.010686], [26.122693, 92.011057], [26.122801, 92.011552], [26.122872, 92.011909], [26.122909, 92.012225], [26.122921, 92.012473], [26.122933, 92.01272], [26.122902, 92.013057], [26.122874, 92.013214], [26.122838, 92.013363], [26.122788, 92.013533], [26.122739, 92.013703], [26.122658, 92.01394], [26.122563, 92.014219], [26.122427, 92.014628], [26.122362, 92.014865], [26.122322, 92.015147], [26.122313, 92.015384], [26.122343, 92.015777], [26.122396, 92.016181], [26.122501, 92.016683], [26.122625, 92.017212], [26.12272, 92.017615], [26.122804, 92.018003], [26.122835, 92.018206], [26.122853, 92.018532], [26.122853, 92.018886], [26.122822, 92.019244], [26.122727, 92.019927], [26.122671, 92.020322], [26.12264, 92.020539], [26.122569, 92.021124], [26.122526, 92.02154], [26.122506, 92.021894], [26.122511, 92.022164], [26.122514, 92.022306], [26.122548, 92.022619], [26.122589, 92.022909], [26.122674, 92.023358], [26.122814, 92.024052], [26.122908, 92.024542], [26.12297, 92.024865], [26.123023, 92.02519], [26.123054, 92.025423], [26.123075, 92.025673], [26.123089, 92.02582], [26.123102, 92.025959], [26.123109, 92.026321], [26.12311, 92.026687], [26.12311, 92.026776], [26.123066, 92.027489], [26.123051, 92.028061], [26.123041, 92.028431], [26.123014, 92.028977], [26.123005, 92.029629], [26.123017, 92.02994], [26.123026, 92.030184], [26.12306, 92.030723], [26.123072, 92.030842], [26.123112, 92.031253], [26.123202, 92.031964], [26.123316, 92.032782], [26.123345, 92.032973], [26.123393, 92.033318], [26.123442, 92.03369], [26.123492, 92.034157], [26.123504, 92.03471], [26.123507, 92.035047], [26.123501, 92.03546], [26.123476, 92.035937], [26.123433, 92.036993], [26.123381, 92.038398], [26.123353, 92.039285], [26.123331, 92.039589], [26.123297, 92.040151], [26.123273, 92.040461], [26.123242, 92.040701], [26.123189, 92.040986], [26.122933, 92.041966], [26.122621, 92.043092], [26.122578, 92.043233], [26.122344, 92.044], [26.122221, 92.044373], [26.122088, 92.044699], [26.122049, 92.044787], [26.121644, 92.04569], [26.121404, 92.04626], [26.121149, 92.046899], [26.120954, 92.047447], [26.120791, 92.047913], [26.120424, 92.048962], [26.120204, 92.049473], [26.120057, 92.049783], [26.119827, 92.050175], [26.119361, 92.050989], [26.11904, 92.051464], [26.118935, 92.05162], [26.118405, 92.052421], [26.118213, 92.052693], [26.117947, 92.053032], [26.117791, 92.053224], [26.117572, 92.053454], [26.11725, 92.053746], [26.116913, 92.054034], [26.116669, 92.054253], [26.116249, 92.054631], [26.115921, 92.055135], [26.115825, 92.055336], [26.115728, 92.055575], [26.115657, 92.0559], [26.115616, 92.056268], [26.115562, 92.056988], [26.11552, 92.057318], [26.115482, 92.057546], [26.115436, 92.057743], [26.11536, 92.057948], [26.115278, 92.058132], [26.115157, 92.058337], [26.114944, 92.058608], [26.11481, 92.058766], [26.114629, 92.058977], [26.11416, 92.059499], [26.113903, 92.059813], [26.113855, 92.059872], [26.113239, 92.060643], [26.113045, 92.060912], [26.112596, 92.061531], [26.112466, 92.061745], [26.112351, 92.061983], [26.112259, 92.062229], [26.112183, 92.062495], [26.112137, 92.062813], [26.112133, 92.063099], [26.112151, 92.063402], [26.112209, 92.063755], [26.112268, 92.064011], [26.11234, 92.064267], [26.112568, 92.06514], [26.112919, 92.066479], [26.113059, 92.067009], [26.113209, 92.067534], [26.113435, 92.068251], [26.11345, 92.0683], [26.113636, 92.06883], [26.114033, 92.069968], [26.114483, 92.071232], [26.11462, 92.071613], [26.114658, 92.071727], [26.114698, 92.071848], [26.114765, 92.072102], [26.114827, 92.07244], [26.114878, 92.072867], [26.114901, 92.073118], [26.114915, 92.07334], [26.114921, 92.073438], [26.114944, 92.073769], [26.114956, 92.073935], [26.11497, 92.074171], [26.114983, 92.074532], [26.114974, 92.074854], [26.114959, 92.075048], [26.114912, 92.075379], [26.114895, 92.075475], [26.114852, 92.075712], [26.114791, 92.076167], [26.114259, 92.079125], [26.113889, 92.081254], [26.11385, 92.081595], [26.11383, 92.081874], [26.113836, 92.08206], [26.113858, 92.08225], [26.113904, 92.082483], [26.113977, 92.082736], [26.114071, 92.08296], [26.114185, 92.083165], [26.114405, 92.083473], [26.115181, 92.084452], [26.11562, 92.085112], [26.115904, 92.085556], [26.116065, 92.085845], [26.116166, 92.086097], [26.116237, 92.086304], [26.11629, 92.086507], [26.116327, 92.086746], [26.116339, 92.086979], [26.116328, 92.087202], [26.116216, 92.088542], [26.116203, 92.088757], [26.116204, 92.08901], [26.116219, 92.089262], [26.116287, 92.089709], [26.116433, 92.090352], [26.11679, 92.091927], [26.117095, 92.093271], [26.117231, 92.093802], [26.117361, 92.094196], [26.117394, 92.094286], [26.11749, 92.094545], [26.118013, 92.09566], [26.118254, 92.096173], [26.118414, 92.096602], [26.11846, 92.096783], [26.118538, 92.097083], [26.118816, 92.098984], [26.118939, 92.099818], [26.118972, 92.100146], [26.118976, 92.100409], [26.118977, 92.100486], [26.11896, 92.100824], [26.118912, 92.10117], [26.118845, 92.101481], [26.118744, 92.101806], [26.118623, 92.102101], [26.118477, 92.102418], [26.118135, 92.102973], [26.117712, 92.10366], [26.117501, 92.104004], [26.116656, 92.105301], [26.115983, 92.106197], [26.115954, 92.106234], [26.113159, 92.109812], [26.112114, 92.111186], [26.111543, 92.112048], [26.111452, 92.112178], [26.110869, 92.113164], [26.110306, 92.114095], [26.109893, 92.11478], [26.109447, 92.115543], [26.10904, 92.116242], [26.108799, 92.11664], [26.108449, 92.117249], [26.108184, 92.117736], [26.108091, 92.117907], [26.10793, 92.118307], [26.107785, 92.118668], [26.107718, 92.118916], [26.107659, 92.119233], [26.107594, 92.119738], [26.107566, 92.120134], [26.107505, 92.12098], [26.107373, 92.122659], [26.107296, 92.123604], [26.107295, 92.123624], [26.107205, 92.124493], [26.107185, 92.12469], [26.107036, 92.125942], [26.106861, 92.127322], [26.106826, 92.127547], [26.106686, 92.12821], [26.106525, 92.12882], [26.106456, 92.129095], [26.106396, 92.129332], [26.105856, 92.131029], [26.105628, 92.131744], [26.105187, 92.133147], [26.104859, 92.134405], [26.10442, 92.135671], [26.103364, 92.13988], [26.103252, 92.140587], [26.103226, 92.14095], [26.103009, 92.144912], [26.103007, 92.145636], [26.103079, 92.146486], [26.103209, 92.147776], [26.103243, 92.148191], [26.103399, 92.150064], [26.103963, 92.155254], [26.104254, 92.157596], [26.104591, 92.16019], [26.104662, 92.160892], [26.104742, 92.161348], [26.104793, 92.161563], [26.104861, 92.161775], [26.10493, 92.161975], [26.105017, 92.16218], [26.105216, 92.162591], [26.105325, 92.162787], [26.10545, 92.162984], [26.105716, 92.163345], [26.106247, 92.1639], [26.107043, 92.164723], [26.10725, 92.164937], [26.107497, 92.165223], [26.107634, 92.165363], [26.108226, 92.166], [26.108476, 92.166206], [26.108727, 92.166452], [26.109117, 92.166908], [26.109174, 92.166984], [26.109247, 92.167083], [26.109327, 92.167189], [26.109488, 92.167405], [26.109884, 92.168055], [26.110351, 92.168821], [26.110575, 92.169259], [26.110702, 92.169557], [26.110713, 92.16976], [26.110838, 92.170209], [26.110927, 92.170595], [26.111081, 92.171679], [26.111082, 92.171379], [26.111359, 92.173402], [26.111499, 92.174343], [26.111639, 92.175534], [26.111764, 92.176323], [26.112006, 92.177397], [26.112034, 92.177442], [26.11227, 92.17842], [26.112494, 92.179249], [26.112735, 92.180094], [26.113072, 92.18099], [26.113513, 92.182125], [26.11505, 92.185484], [26.116073, 92.187838], [26.116414, 92.188515], [26.116966, 92.189542], [26.117244, 92.19004], [26.117774, 92.191002], [26.1182, 92.191847], [26.118909, 92.193296], [26.11907, 92.193627], [26.119214, 92.193955], [26.119377, 92.194377], [26.119517, 92.194814], [26.119649, 92.195251], [26.119756, 92.195717], [26.120021, 92.197272], [26.120086, 92.197604], [26.120631, 92.199868], [26.120757, 92.200412], [26.120805, 92.200714], [26.12085, 92.201013], [26.120877, 92.201335], [26.120883, 92.201604], [26.120863, 92.202089], [26.120817, 92.20272], [26.120792, 92.203777], [26.120783, 92.204525], [26.120825, 92.205257], [26.120911, 92.206122], [26.120958, 92.206816], [26.12108, 92.20826], [26.1211, 92.208465], [26.121131, 92.208657], [26.121193, 92.209033], [26.12127, 92.209423], [26.121492, 92.210168], [26.121678, 92.210783], [26.122106, 92.212199], [26.122318, 92.212819], [26.122508, 92.213329], [26.122718, 92.213828], [26.123518, 92.215647], [26.123667, 92.215953], [26.123825, 92.21625], [26.124001, 92.216523], [26.124187, 92.216764], [26.125586, 92.218422], [26.125825, 92.218769], [26.125964, 92.219055], [26.12609, 92.219346], [26.12621, 92.219655], [26.126324, 92.220149], [26.126446, 92.220921], [26.126436, 92.221921], [26.126375, 92.22246], [26.126283, 92.222981], [26.126183, 92.223675], [26.126058, 92.224296], [26.124461, 92.229934], [26.124386, 92.230522], [26.124386, 92.230867], [26.124418, 92.231241], [26.124512, 92.23174], [26.125354, 92.235058], [26.12546, 92.235712], [26.125477, 92.235997], [26.125472, 92.236305], [26.125377, 92.237348], [26.125267, 92.238555], [26.125145, 92.239864], [26.125137, 92.240307], [26.125164, 92.240752], [26.125235, 92.24141], [26.125366, 92.242132], [26.125554, 92.242753], [26.125788, 92.243365], [26.126369, 92.244546], [26.126603, 92.245158], [26.126884, 92.246015], [26.127009, 92.246682], [26.127069, 92.24719], [26.127088, 92.247624], [26.127091, 92.247935], [26.127079, 92.251097], [26.127052, 92.251808], [26.126984, 92.252306], [26.126789, 92.252917], [26.126478, 92.253701], [26.1257, 92.255534], [26.125648, 92.255625], [26.125281, 92.256277], [26.12439, 92.257638], [26.124156, 92.258028], [26.124006, 92.258337], [26.123902, 92.258602], [26.123786, 92.258983], [26.123717, 92.259324], [26.123661, 92.259716], [26.123355, 92.263232], [26.123349, 92.263633], [26.123359, 92.263802], [26.123378, 92.264133], [26.123419, 92.264502], [26.123528, 92.265065], [26.123724, 92.266075], [26.123798, 92.266595], [26.123904, 92.267699], [26.123965, 92.268325], [26.124042, 92.268848], [26.124697, 92.272295], [26.125018, 92.273913], [26.125221, 92.274925], [26.125273, 92.275351], [26.12529, 92.275772], [26.125276, 92.276079], [26.125233, 92.276438], [26.125153, 92.276791], [26.12506, 92.277105], [26.124968, 92.277328], [26.124859, 92.277549], [26.124714, 92.277794], [26.124576, 92.278007], [26.124437, 92.278189], [26.124281, 92.278369], [26.123976, 92.278674], [26.123492, 92.278987], [26.122958, 92.279251], [26.122532, 92.27936], [26.122029, 92.279392], [26.121599, 92.279388], [26.121087, 92.279254], [26.120342, 92.278918], [26.120142, 92.278829], [26.118904, 92.278181], [26.116487, 92.276952], [26.116038, 92.276752], [26.115814, 92.276667], [26.115573, 92.276603], [26.115348, 92.276557], [26.115098, 92.27653], [26.114848, 92.276518], [26.114594, 92.276525], [26.114369, 92.276556], [26.114141, 92.276603], [26.113906, 92.276664], [26.113667, 92.276753], [26.113444, 92.276848], [26.113226, 92.276966], [26.113012, 92.2771], [26.112796, 92.277248], [26.11085, 92.278877], [26.110444, 92.27925], [26.109902, 92.279824], [26.109337, 92.280485], [26.10888, 92.281107], [26.107988, 92.282482], [26.10751, 92.283204], [26.10668, 92.284338], [26.105053, 92.286317], [26.104573, 92.286955], [26.104278, 92.28742], [26.103967, 92.287976], [26.103048, 92.289645], [26.102838, 92.290113], [26.102728, 92.290372], [26.102624, 92.290695], [26.102352, 92.291559], [26.101718, 92.293578], [26.101641, 92.293872], [26.101626, 92.293942], [26.101573, 92.294179], [26.101456, 92.294731], [26.101135, 92.296051], [26.100793, 92.297156], [26.100617, 92.297698], [26.100069, 92.299674], [26.09976, 92.300792], [26.099536, 92.3017], [26.099382, 92.302526], [26.099264, 92.303393], [26.099051, 92.305621], [26.099026, 92.305884], [26.098972, 92.306411], [26.098932, 92.306944], [26.098915, 92.307486], [26.098921, 92.308031], [26.098947, 92.308567], [26.098988, 92.309106], [26.099023, 92.309646], [26.099052, 92.309917], [26.099102, 92.310185], [26.099149, 92.310432], [26.099204, 92.31068], [26.099505, 92.311944], [26.099585, 92.312291], [26.099652, 92.312645], [26.099701, 92.312983], [26.099734, 92.31333], [26.099755, 92.313672], [26.099759, 92.314011], [26.099756, 92.314323], [26.099742, 92.314627], [26.099704, 92.31509], [26.099648, 92.315764], [26.099628, 92.316252], [26.099632, 92.316808], [26.099627, 92.317038], [26.099651, 92.318599], [26.099673, 92.318945], [26.099722, 92.319289], [26.099772, 92.319534], [26.09988, 92.319896], [26.100039, 92.320299], [26.100342, 92.320957], [26.101422, 92.32289], [26.102129, 92.323977], [26.102376, 92.324317], [26.102473, 92.324431], [26.10249, 92.324451], [26.102746, 92.324738], [26.102888, 92.324888], [26.104201, 92.325795], [26.104547, 92.326079], [26.105668, 92.327245], [26.105878, 92.32744], [26.105939, 92.327491], [26.106104, 92.327628], [26.106388, 92.327845], [26.10648, 92.327901], [26.107208, 92.328345], [26.108928, 92.329394], [26.109256, 92.329622], [26.109573, 92.329873], [26.109997, 92.330263], [26.110445, 92.330727], [26.110879, 92.331273], [26.111258, 92.33184], [26.113253, 92.334903], [26.113625, 92.335466], [26.114013, 92.336104], [26.114172, 92.336405], [26.114254, 92.336597], [26.114311, 92.336749], [26.11443, 92.337107], [26.114514, 92.337485], [26.114709, 92.338914], [26.114755, 92.339193], [26.114795, 92.339366], [26.11486, 92.33963], [26.114936, 92.339865], [26.115068, 92.340191], [26.115206, 92.34049], [26.115949, 92.342068], [26.116216, 92.34264], [26.116419, 92.343027], [26.116629, 92.343409], [26.116911, 92.343823], [26.117224, 92.344242], [26.117519, 92.344618], [26.118233, 92.345412], [26.118346, 92.345537], [26.118903, 92.346321], [26.119159, 92.346729], [26.11971, 92.347644], [26.119874, 92.347952], [26.12017, 92.348543], [26.120375, 92.348955], [26.120457, 92.349088], [26.120535, 92.349213], [26.120636, 92.349355], [26.120741, 92.34948], [26.120889, 92.349635], [26.121056, 92.34977], [26.121237, 92.349893], [26.121432, 92.349999], [26.121543, 92.35005], [26.122386, 92.35036], [26.122871, 92.350566], [26.123354, 92.350798], [26.123622, 92.350924], [26.124205, 92.351199], [26.125183, 92.351571], [26.126007, 92.351844], [26.126314, 92.351946], [26.126548, 92.352023], [26.126925, 92.352144], [26.127695, 92.352404], [26.128559, 92.352649], [26.128891, 92.352752], [26.129785, 92.353014], [26.129953, 92.353076], [26.130951, 92.353402], [26.132572, 92.353938], [26.133419, 92.354216], [26.133895, 92.354363], [26.134079, 92.354419], [26.134216, 92.354461], [26.136378, 92.355005], [26.137839, 92.355373], [26.138068, 92.355409], [26.138466, 92.355431], [26.138817, 92.355419], [26.139169, 92.355373], [26.139399, 92.355318], [26.140671, 92.35499], [26.141695, 92.354713], [26.142711, 92.354407], [26.146175, 92.353099], [26.146719, 92.352922], [26.147179, 92.352826], [26.147384, 92.352795], [26.147763, 92.352742], [26.149855, 92.352583], [26.150109, 92.352578], [26.15034, 92.352582], [26.150571, 92.352602], [26.150839, 92.352639], [26.151078, 92.352692], [26.151372, 92.352777], [26.152424, 92.353142], [26.15265, 92.353196], [26.15287, 92.353231], [26.153057, 92.353237], [26.153381, 92.353218], [26.153556, 92.353178], [26.154066, 92.353087], [26.154632, 92.352985], [26.154979, 92.352955], [26.155334, 92.352945], [26.15571, 92.352957], [26.155975, 92.352994], [26.157187, 92.353171], [26.15881, 92.353405], [26.159761, 92.353539], [26.162148, 92.353993], [26.162542, 92.354056], [26.162958, 92.354083], [26.163442, 92.354051], [26.163797, 92.353989], [26.164192, 92.35392], [26.164708, 92.353754], [26.164895, 92.353703], [26.165094, 92.353632], [26.166219, 92.353241], [26.166859, 92.353022], [26.167186, 92.352941], [26.167289, 92.352926], [26.167559, 92.352885], [26.167874, 92.352881], [26.1682, 92.352909], [26.16842, 92.352938], [26.168641, 92.352988], [26.168942, 92.353086], [26.169222, 92.353193], [26.169457, 92.353317], [26.169758, 92.353496], [26.169935, 92.353633], [26.170115, 92.353786], [26.170282, 92.353948], [26.170446, 92.354124], [26.170604, 92.354318], [26.170746, 92.354515], [26.170891, 92.354737], [26.171025, 92.354971], [26.171125, 92.355194], [26.171213, 92.355433], [26.1713, 92.355701], [26.171375, 92.355975], [26.171421, 92.356227], [26.171458, 92.356495], [26.171478, 92.356866], [26.171478, 92.357275], [26.171337, 92.359721], [26.171329, 92.359939], [26.171324, 92.360155], [26.17133, 92.360376], [26.171338, 92.360591], [26.171359, 92.360809], [26.171415, 92.361161], [26.171488, 92.361475], [26.171632, 92.361936], [26.171774, 92.362305], [26.171932, 92.362663], [26.172149, 92.363021], [26.172393, 92.363375], [26.172542, 92.363554], [26.172704, 92.36373], [26.172876, 92.363898], [26.17315, 92.364142], [26.173355, 92.364292], [26.173567, 92.364436], [26.174497, 92.364988], [26.175854, 92.365754], [26.176324, 92.366022], [26.176456, 92.366089], [26.177151, 92.366445], [26.177335, 92.366535], [26.178052, 92.366886], [26.178839, 92.367224], [26.181422, 92.368261], [26.18453, 92.369508], [26.185916, 92.370082], [26.186245, 92.370243], [26.186403, 92.370339], [26.186562, 92.370454], [26.186761, 92.370617], [26.186952, 92.370794], [26.187138, 92.370979], [26.187315, 92.371187], [26.187471, 92.371396], [26.187625, 92.371635], [26.187763, 92.371868], [26.187896, 92.372121], [26.188464, 92.373302], [26.188723, 92.373931], [26.188953, 92.374526], [26.189116, 92.375029], [26.189263, 92.37554], [26.189774, 92.37777], [26.189875, 92.378178], [26.190055, 92.378771], [26.190226, 92.379304], [26.190411, 92.37984], [26.190634, 92.380404], [26.190878, 92.380977], [26.192332, 92.384179], [26.192795, 92.38512], [26.193229, 92.38592], [26.193591, 92.386608], [26.193902, 92.387295], [26.19421, 92.387998], [26.194482, 92.388691], [26.19463, 92.389145], [26.194839, 92.389813], [26.194953, 92.390284], [26.195058, 92.390755], [26.195748, 92.39403], [26.196427, 92.397321], [26.196778, 92.399134], [26.197077, 92.400741], [26.197548, 92.403334], [26.197563, 92.403418], [26.197959, 92.405697], [26.198098, 92.406642], [26.198127, 92.407041], [26.198145, 92.407711], [26.198133, 92.409748], [26.19815, 92.41018], [26.198204, 92.410751], [26.198241, 92.41099], [26.198292, 92.411228], [26.198347, 92.411472], [26.198411, 92.41169], [26.19976, 92.416166], [26.199783, 92.41623], [26.20039, 92.418228], [26.200529, 92.418679], [26.200735, 92.41931], [26.200964, 92.420036], [26.20118, 92.420633], [26.201328, 92.420958], [26.201496, 92.421287], [26.201627, 92.421519], [26.201789, 92.421775], [26.201911, 92.421937], [26.202102, 92.42219], [26.202252, 92.422361], [26.202416, 92.422532], [26.202571, 92.422681], [26.202733, 92.422838], [26.202935, 92.423], [26.203146, 92.423169], [26.203352, 92.423319], [26.203571, 92.423469], [26.203928, 92.423704], [26.204404, 92.424001], [26.204775, 92.424258], [26.205017, 92.424434], [26.205177, 92.424591], [26.205439, 92.424818], [26.205649, 92.425015], [26.205829, 92.425213], [26.206024, 92.425428], [26.206207, 92.42566], [26.206327, 92.425825], [26.206436, 92.425975], [26.20657, 92.426195], [26.206714, 92.426467], [26.20685, 92.426742], [26.206963, 92.427029], [26.207098, 92.427368], [26.207184, 92.427659], [26.207244, 92.427909], [26.207291, 92.428169], [26.207333, 92.428435], [26.207379, 92.428778], [26.207408, 92.42925], [26.207406, 92.429758], [26.20739, 92.430026], [26.207371, 92.43024], [26.207326, 92.4306], [26.20706, 92.432345], [26.207044, 92.432536], [26.207019, 92.432819], [26.207005, 92.433295], [26.207017, 92.433559], [26.207043, 92.433825], [26.207116, 92.434236], [26.207258, 92.434806], [26.207345, 92.435062], [26.207558, 92.435541], [26.208117, 92.4368], [26.208938, 92.438648], [26.209784, 92.440444], [26.210012, 92.440928], [26.210175, 92.44127], [26.210415, 92.441766], [26.210488, 92.44193], [26.210631, 92.442249], [26.210808, 92.442656], [26.210953, 92.443006], [26.211107, 92.443388], [26.211284, 92.443841], [26.21145, 92.444308], [26.211581, 92.444687], [26.211708, 92.445091], [26.211833, 92.445494], [26.212372, 92.447359], [26.21252, 92.447873], [26.212635, 92.448266], [26.212731, 92.448611], [26.212795, 92.448885], [26.212846, 92.449134], [26.212879, 92.449349], [26.212908, 92.44962], [26.212934, 92.449961], [26.212946, 92.450354], [26.212951, 92.450942], [26.212956, 92.451802], [26.212957, 92.452486], [26.212948, 92.453118], [26.212936, 92.453511], [26.212915, 92.453895], [26.212862, 92.454661], [26.212806, 92.455415], [26.212778, 92.455768], [26.212765, 92.455929], [26.212718, 92.456409], [26.212676, 92.456733], [26.21263, 92.457024], [26.212533, 92.457564], [26.212488, 92.457782], [26.212402, 92.458196], [26.212321, 92.458579], [26.211957, 92.460278], [26.211886, 92.460621], [26.211804, 92.461056], [26.211681, 92.461731], [26.211582, 92.462504], [26.211444, 92.464097], [26.211299, 92.46602], [26.211059, 92.468939], [26.211003, 92.469582], [26.210924, 92.47021], [26.210811, 92.470985], [26.210683, 92.47187], [26.209865, 92.477249], [26.209638, 92.478717], [26.209593, 92.479028], [26.209515, 92.479529], [26.20947, 92.479771], [26.209397, 92.480074], [26.209334, 92.480318], [26.209233, 92.480604], [26.209137, 92.48087], [26.209048, 92.481073], [26.20894, 92.481316], [26.208804, 92.481568], [26.208758, 92.481647], [26.208674, 92.48179], [26.208438, 92.482179], [26.208121, 92.48269], [26.207422, 92.483739], [26.207094, 92.484222], [26.206549, 92.485013], [26.205808, 92.485995], [26.205521, 92.48637], [26.205329, 92.486668], [26.205184, 92.486944], [26.205059, 92.487212], [26.204973, 92.487438], [26.204893, 92.48766], [26.20485, 92.487845], [26.204734, 92.488377], [26.204624, 92.488985], [26.204478, 92.48984], [26.204418, 92.490184], [26.204318, 92.490772], [26.204279, 92.49112], [26.204272, 92.491445], [26.204282, 92.491776], [26.204304, 92.492035], [26.204331, 92.49227], [26.204369, 92.492502], [26.204436, 92.492832], [26.20453, 92.493105], [26.204614, 92.493325], [26.204715, 92.493564], [26.204826, 92.493787], [26.204936, 92.493992], [26.205076, 92.494213], [26.205258, 92.494462], [26.205379, 92.494606], [26.205539, 92.494786], [26.20568, 92.494928], [26.205887, 92.495116], [26.206195, 92.495359], [26.206219, 92.495377], [26.207379, 92.496235], [26.208406, 92.497045], [26.209298, 92.49771], [26.209492, 92.497841], [26.209808, 92.498028], [26.210079, 92.498185], [26.210328, 92.498321], [26.210743, 92.498545], [26.211098, 92.498735], [26.211541, 92.498954], [26.212144, 92.49925], [26.212514, 92.49943], [26.212875, 92.499626], [26.213691, 92.500098], [26.214437, 92.500538], [26.215306, 92.501067], [26.21651, 92.501801], [26.217392, 92.502324], [26.217796, 92.502565], [26.218047, 92.502726], [26.218239, 92.502866], [26.218472, 92.503032], [26.218691, 92.503217], [26.219005, 92.503519], [26.219286, 92.503837], [26.219666, 92.504271], [26.22043, 92.505207], [26.220795, 92.505729], [26.221332, 92.506586], [26.221857, 92.507454], [26.222216, 92.508075], [26.222512, 92.508614], [26.222801, 92.509161], [26.223022, 92.509527], [26.223118, 92.509671], [26.22342, 92.510011], [26.223732, 92.51029], [26.223913, 92.510438], [26.224156, 92.510599], [26.224406, 92.510746], [26.224656, 92.510875], [26.225041, 92.511028], [26.225811, 92.511283], [26.226276, 92.511427], [26.226966, 92.511642], [26.227779, 92.511903], [26.228369, 92.512109], [26.228646, 92.512208], [26.228925, 92.512318], [26.229136, 92.512416], [26.229314, 92.512522], [26.229521, 92.512648], [26.229689, 92.512771], [26.229918, 92.512954], [26.230082, 92.513101], [26.23021, 92.513238], [26.23036, 92.513415], [26.230513, 92.51362], [26.230634, 92.513816], [26.230675, 92.513889], [26.230777, 92.514073], [26.230835, 92.514195], [26.230892, 92.514316], [26.230999, 92.514567], [26.231073, 92.514775], [26.231272, 92.515436], [26.231546, 92.516402], [26.231911, 92.517715], [26.232062, 92.518297], [26.23218, 92.518912], [26.232273, 92.519419], [26.23236, 92.519968], [26.232445, 92.520497], [26.232508, 92.520968], [26.232549, 92.52118], [26.232594, 92.521362], [26.232655, 92.521574], [26.232724, 92.521777], [26.232816, 92.52203], [26.232909, 92.522229], [26.232999, 92.522411], [26.233092, 92.522581], [26.233225, 92.522791], [26.234231, 92.524216], [26.234864, 92.5251], [26.234884, 92.525128], [26.236471, 92.527349], [26.236587, 92.527501], [26.23666, 92.527596], [26.237146, 92.528272], [26.237272, 92.528457], [26.237382, 92.528632], [26.237518, 92.528867], [26.237641, 92.529095], [26.237753, 92.529319], [26.237889, 92.52961], [26.23801, 92.529892], [26.238147, 92.53023], [26.23828, 92.530556], [26.238373, 92.530763], [26.238455, 92.530946], [26.238587, 92.531198], [26.238706, 92.53139], [26.238872, 92.531631], [26.239002, 92.531797], [26.239175, 92.531995], [26.239413, 92.532233], [26.242714, 92.53572], [26.242938, 92.53596], [26.243112, 92.536152], [26.243341, 92.536406], [26.243538, 92.536647], [26.243747, 92.536939], [26.243949, 92.537249], [26.244167, 92.537629], [26.244342, 92.537967], [26.24449, 92.538303], [26.244736, 92.538892], [26.244923, 92.539343], [26.24521, 92.540018], [26.245277, 92.540156], [26.2456, 92.540818], [26.245801, 92.54123], [26.245884, 92.5414], [26.245931, 92.541532], [26.246374, 92.542765], [26.246442, 92.542933], [26.246552, 92.543194], [26.24693, 92.544062], [26.247779, 92.545993], [26.24826, 92.547079], [26.249064, 92.548895], [26.249345, 92.549527], [26.249677, 92.550248], [26.249893, 92.550711], [26.250121, 92.551179], [26.250502, 92.551931], [26.250803, 92.552495], [26.250994, 92.552837], [26.251145, 92.553106], [26.251491, 92.553715], [26.251764, 92.554189], [26.25216, 92.554873], [26.255982, 92.561342], [26.256562, 92.562297], [26.257745, 92.564056], [26.257843, 92.564195], [26.257933, 92.56433], [26.258346, 92.564901], [26.258457, 92.565064], [26.258977, 92.565837], [26.260188, 92.567512], [26.260319, 92.567708], [26.26043, 92.567891], [26.260553, 92.568097], [26.260675, 92.56834], [26.260776, 92.568569], [26.260872, 92.568804], [26.260941, 92.569004], [26.261008, 92.56922], [26.261087, 92.569493], [26.261156, 92.569771], [26.261266, 92.570252], [26.261435, 92.570963], [26.262093, 92.573393], [26.262293, 92.57414], [26.262656, 92.575508], [26.262868, 92.576295], [26.26307, 92.577037], [26.263154, 92.577308], [26.263259, 92.577624], [26.263367, 92.577929], [26.263483, 92.578251], [26.263623, 92.578593], [26.263712, 92.578807], [26.263809, 92.579007], [26.263924, 92.579242], [26.264056, 92.579498], [26.264256, 92.57986], [26.264459, 92.580213], [26.265871, 92.58276], [26.266405, 92.583643], [26.267168, 92.584822], [26.267906, 92.585888], [26.268322, 92.586521], [26.268853, 92.587447], [26.269034, 92.58775], [26.269155, 92.587941], [26.269262, 92.588104], [26.269418, 92.588322], [26.26953, 92.58847], [26.269719, 92.588715], [26.270172, 92.589276], [26.270858, 92.590121], [26.271166, 92.590496], [26.271522, 92.590938], [26.272144, 92.591745], [26.272607, 92.59235], [26.272827, 92.59263], [26.274525, 92.594716], [26.274958, 92.595257], [26.275852, 92.596311], [26.277393, 92.598041], [26.277887, 92.598576], [26.27828, 92.599012], [26.278563, 92.599334], [26.278932, 92.599726], [26.279336, 92.600137], [26.27965, 92.600451], [26.279914, 92.600707], [26.280263, 92.601027], [26.280689, 92.601429], [26.281001, 92.601713], [26.28128, 92.601961], [26.281665, 92.602311], [26.281892, 92.602522], [26.282109, 92.602731], [26.282339, 92.602963], [26.28285, 92.603482], [26.283379, 92.60402], [26.283904, 92.604532], [26.284169, 92.604792], [26.28442, 92.605037], [26.284694, 92.605305], [26.284906, 92.605537], [26.28512, 92.605785], [26.285248, 92.605943], [26.285389, 92.60614], [26.285555, 92.606368], [26.285722, 92.606634], [26.285871, 92.606903], [26.285989, 92.607138], [26.286129, 92.60742], [26.286296, 92.607782], [26.286478, 92.608176], [26.286641, 92.608537], [26.286769, 92.60881], [26.28687, 92.609018], [26.286998, 92.609257], [26.287137, 92.609508], [26.287337, 92.609747], [26.288186, 92.611178], [26.2882, 92.611201], [26.288395, 92.611527], [26.288953, 92.612751], [26.290632, 92.615699], [26.290741, 92.615822], [26.291375, 92.616504], [26.291961, 92.61714], [26.29231, 92.61753], [26.292654, 92.617889], [26.293218, 92.61843], [26.293676, 92.618849], [26.294057, 92.619221], [26.294509, 92.619584], [26.294933, 92.619903], [26.295429, 92.620238], [26.296114, 92.620654], [26.296481, 92.620881], [26.296715, 92.621023], [26.297216, 92.621327], [26.297846, 92.621644], [26.29866, 92.622013], [26.29947, 92.622465], [26.300089, 92.622898], [26.300175, 92.623003], [26.300626, 92.62367], [26.300992, 92.624236], [26.301294, 92.624608], [26.301854, 92.625225], [26.302525, 92.625879], [26.303263, 92.626585], [26.30368, 92.627019], [26.303806, 92.627237], [26.303944, 92.627527], [26.304214, 92.628324], [26.304349, 92.628619], [26.304518, 92.628824], [26.304734, 92.629011], [26.304966, 92.629196], [26.305324, 92.629485], [26.305406, 92.629588], [26.305699, 92.630053], [26.306198, 92.630968], [26.306462, 92.631448], [26.306703, 92.631767], [26.306992, 92.632112], [26.307441, 92.632514], [26.307747, 92.632872], [26.308064, 92.633311], [26.309102, 92.634815], [26.310482, 92.636858], [26.312248, 92.639401], [26.31246, 92.639706], [26.313101, 92.64064], [26.314099, 92.642104], [26.314679, 92.642931], [26.315338, 92.643901], [26.315778, 92.644553], [26.316076, 92.644994], [26.316564, 92.64569], [26.317252, 92.646674], [26.317704, 92.647365], [26.318199, 92.648092], [26.318741, 92.648888], [26.319587, 92.650127], [26.320187, 92.651013], [26.32066, 92.651696], [26.321139, 92.652431], [26.321549, 92.653005], [26.322164, 92.653818], [26.322366, 92.654005], [26.322587, 92.654263], [26.322826, 92.65446], [26.323708, 92.655093], [26.324429, 92.6556], [26.324634, 92.65572], [26.325082, 92.656076], [26.32519, 92.656258], [26.325234, 92.656331], [26.325534, 92.656496], [26.32602, 92.656788], [26.326804, 92.657325], [26.327799, 92.657986], [26.328603, 92.658583], [26.329571, 92.659275], [26.330229, 92.659739], [26.330259, 92.65976], [26.331091, 92.660336], [26.331357, 92.660507], [26.332881, 92.661591], [26.334051, 92.662439], [26.335011, 92.663075], [26.335902, 92.66369], [26.336687, 92.66421], [26.33745, 92.664765], [26.338509, 92.665517], [26.338801, 92.665725], [26.339233, 92.666035], [26.339626, 92.666326], [26.339933, 92.666553], [26.340876, 92.667216], [26.341702, 92.667799], [26.342427, 92.668324], [26.343027, 92.668747], [26.343586, 92.669133], [26.344418, 92.669727], [26.3453, 92.670347], [26.346075, 92.670896], [26.346662, 92.671317], [26.347229, 92.671743], [26.347808, 92.672145], [26.348096, 92.672319], [26.348852, 92.672843], [26.348971, 92.672937], [26.349027, 92.67305], [26.34918, 92.67316], [26.349635, 92.673497], [26.349728, 92.673548], [26.349809, 92.673592], [26.350107, 92.673755], [26.350247, 92.673873], [26.350515, 92.674098], [26.350848, 92.674344], [26.351008, 92.674463], [26.351246, 92.67464], [26.351488, 92.67486], [26.351543, 92.674934], [26.351556, 92.67502], [26.351427, 92.675349], [26.351443, 92.675395], [26.350866, 92.677018], [26.350675, 92.677468], [26.350097, 92.678834], [26.349988, 92.679087], [26.349661, 92.679809], [26.349526, 92.680107], [26.34919, 92.680916], [26.349052, 92.681263], [26.348979, 92.681311], [26.348677, 92.682129], [26.34835, 92.682986], [26.348076, 92.683738], [26.348057, 92.683792], [26.34807, 92.683813], [26.348075, 92.683838], [26.348072, 92.683863], [26.348061, 92.683886], [26.348043, 92.683902], [26.348021, 92.68391], [26.347207, 92.685857], [26.34698, 92.686411], [26.346567, 92.68748], [26.346482, 92.687702], [26.346088, 92.688723], [26.345411, 92.690476], [26.345324, 92.690709], [26.345163, 92.690938], [26.345067, 92.691142], [26.344916, 92.691361], [26.344878, 92.69143], [26.344832, 92.691539], [26.344819, 92.691564], [26.344809, 92.691803], [26.345168, 92.692767], [26.345341, 92.693232], [26.345365, 92.693764], [26.345384, 92.694201], [26.345399, 92.69452], [26.345457, 92.695829], [26.345338, 92.696312], [26.343895, 92.698611], [26.343485, 92.698822], [26.342391, 92.699384], [26.3423, 92.699432], [26.341927, 92.699462], [26.341508, 92.699495], [26.340969, 92.699539], [26.338176, 92.699483], [26.335915, 92.698611], [26.334818, 92.698537], [26.333704, 92.69863], [26.332191, 92.699019], [26.33136, 92.699573], [26.328683, 92.701355], [26.328216, 92.701517], [26.327359, 92.701814], [26.325658, 92.702404], [26.325146, 92.702581], [26.32498, 92.702594], [26.323312, 92.702719], [26.321402, 92.702861], [26.321115, 92.702883], [26.320234, 92.70311], [26.31941, 92.703323], [26.318464, 92.703719], [26.318071, 92.70403], [26.314877, 92.707872], [26.314803, 92.70802], [26.314417, 92.708499], [26.314373, 92.708579], [26.314329, 92.708699], [26.314286, 92.708951], [26.314289, 92.709012], [26.314294, 92.709108], [26.314273, 92.709206], [26.314233, 92.709296], [26.314175, 92.709374], [26.314103, 92.709436], [26.31404, 92.709468], [26.314021, 92.709478], [26.313909, 92.709499], [26.313797, 92.709485], [26.313757, 92.70948], [26.31358, 92.709589], [26.31349, 92.709653], [26.313426, 92.709714], [26.313335, 92.709817], [26.312955, 92.710277], [26.312019, 92.711406], [26.309649, 92.71428], [26.308399, 92.715781], [26.307946, 92.716327], [26.307674, 92.716665], [26.307456, 92.716941], [26.307218, 92.71724], [26.306927, 92.717645], [26.306657, 92.718022], [26.306386, 92.718408], [26.306193, 92.718667], [26.306044, 92.718849], [26.305844, 92.719057], [26.305675, 92.719198], [26.305494, 92.719335], [26.305242, 92.719493], [26.304795, 92.719735], [26.304617, 92.71982], [26.302468, 92.720905], [26.302064, 92.721112], [26.301445, 92.721379], [26.300637, 92.721698], [26.299261, 92.722198], [26.298667, 92.722386], [26.29839, 92.722458], [26.298188, 92.722493], [26.29802, 92.722501], [26.297875, 92.722495], [26.297578, 92.722469], [26.297285, 92.722412], [26.296448, 92.722182], [26.295974, 92.722075], [26.295762, 92.722053], [26.295526, 92.722049], [26.295332, 92.72206], [26.295063, 92.722096], [26.294711, 92.722161], [26.291762, 92.722727], [26.291599, 92.722759], [26.28983, 92.723107], [26.288101, 92.723502], [26.287336, 92.723671], [26.287045, 92.723727], [26.286778, 92.723754], [26.286388, 92.723778], [26.285898, 92.723765], [26.28484, 92.723727], [26.284456, 92.723726], [26.284205, 92.723748], [26.283974, 92.723786], [26.283753, 92.72384], [26.28356, 92.723899], [26.283337, 92.723976], [26.283017, 92.724124], [26.282709, 92.724298], [26.280061, 92.725875], [26.279226, 92.726369], [26.278329, 92.72686], [26.277336, 92.727394], [26.2771, 92.727512], [26.276807, 92.727656], [26.276338, 92.727906], [26.27572, 92.728212], [26.274828, 92.728654], [26.273998, 92.72904], [26.273288, 92.729381], [26.272899, 92.72958], [26.272555, 92.729773], [26.271961, 92.730137], [26.27102, 92.730773], [26.269767, 92.73161], [26.269315, 92.731897], [26.269, 92.732069], [26.268579, 92.732305], [26.267651, 92.732787], [26.26734, 92.732948], [26.26696, 92.733163], [26.26658, 92.733347], [26.266366, 92.733482], [26.266166, 92.733673], [26.265121, 92.734863], [26.263825, 92.736285], [26.263234, 92.736936], [26.262835, 92.737369], [26.262441, 92.737817], [26.262116, 92.738222], [26.261647, 92.738849], [26.261325, 92.739324], [26.261065, 92.739691], [26.260793, 92.740088], [26.260516, 92.740483], [26.260112, 92.741049], [26.259614, 92.741869], [26.259256, 92.742422], [26.258994, 92.742784], [26.258691, 92.743095], [26.258462, 92.743293], [26.25827, 92.743444], [26.25805, 92.743593], [26.257695, 92.743782], [26.257342, 92.743947], [26.256981, 92.744074], [26.256394, 92.744286], [26.255487, 92.744621], [26.254806, 92.744839], [26.254404, 92.744943], [26.253993, 92.745026], [26.25336, 92.74511], [26.252177, 92.74519], [26.25159, 92.745246], [26.251207, 92.745276], [26.25088, 92.745284], [26.250726, 92.7453], [26.25043, 92.745319], [26.249737, 92.745379], [26.247769, 92.745517], [26.246721, 92.745603], [26.24598, 92.745657], [26.245448, 92.745694], [26.245054, 92.74571], [26.2445, 92.745702], [26.244183, 92.745681], [26.243834, 92.745638], [26.243476, 92.74559], [26.243141, 92.745533], [26.242665, 92.745448], [26.24255, 92.74542], [26.242304, 92.745362], [26.242034, 92.745284], [26.241804, 92.745195], [26.241328, 92.744937], [26.240397, 92.744324], [26.240038, 92.744112], [26.239812, 92.744002], [26.239364, 92.74386], [26.239049, 92.743766], [26.238686, 92.743664], [26.238346, 92.743581], [26.237976, 92.743519], [26.236643, 92.743393], [26.23622, 92.743342], [26.235808, 92.743296], [26.235495, 92.743251], [26.235161, 92.743173], [26.234555, 92.742983], [26.234134, 92.742838], [26.23358, 92.742639], [26.232909, 92.742382], [26.232572, 92.742258], [26.232226, 92.742138], [26.231932, 92.742052], [26.231706, 92.742004], [26.231338, 92.741934], [26.230996, 92.741894], [26.230674, 92.741855], [26.230236, 92.741794], [26.228908, 92.741619], [26.227674, 92.741464], [26.226868, 92.74136], [26.226081, 92.741269], [26.225556, 92.741204], [26.224125, 92.741062], [26.221793, 92.740898], [26.221351, 92.740852], [26.221049, 92.740805], [26.220739, 92.740738], [26.218214, 92.740111], [26.21797, 92.740055], [26.216724, 92.739762], [26.214935, 92.739481], [26.213855, 92.739323], [26.213229, 92.739254], [26.212517, 92.739209], [26.21169, 92.739184], [26.209663, 92.73915], [26.207454, 92.739099], [26.206823, 92.739075], [26.206376, 92.739083], [26.205959, 92.739091], [26.205348, 92.739126], [26.204734, 92.739187], [26.204246, 92.739225], [26.203942, 92.739225], [26.203348, 92.739185], [26.20143, 92.738952], [26.198854, 92.738639], [26.197395, 92.73851], [26.196627, 92.738418], [26.19559, 92.7382], [26.194157, 92.737781], [26.192117, 92.7372], [26.191228, 92.736977], [26.190961, 92.73691], [26.190559, 92.736835], [26.189892, 92.736706], [26.189187, 92.736559], [26.188665, 92.736481], [26.188575, 92.736466], [26.187662, 92.736308], [26.186231, 92.736136], [26.185625, 92.736081], [26.185151, 92.736044], [26.184797, 92.73603], [26.184413, 92.736015], [26.183986, 92.73604], [26.183625, 92.736092], [26.183131, 92.736163], [26.182767, 92.736217], [26.182408, 92.736285], [26.18201, 92.736367], [26.181768, 92.736417], [26.181544, 92.73648], [26.181156, 92.736594], [26.180908, 92.736675], [26.180686, 92.736761], [26.180473, 92.73685], [26.180115, 92.73702], [26.17982, 92.737141], [26.178066, 92.738182], [26.176909, 92.738889], [26.176739, 92.738997], [26.175539, 92.739804], [26.174916, 92.740215], [26.174357, 92.740547], [26.173761, 92.740886], [26.173125, 92.741202], [26.172657, 92.741482], [26.172105, 92.741813], [26.171811, 92.742017], [26.171401, 92.742309], [26.17105, 92.742586], [26.170643, 92.742937], [26.170299, 92.743251], [26.169976, 92.743591], [26.169502, 92.744155], [26.169016, 92.744753], [26.168337, 92.745622], [26.168185, 92.745839], [26.167834, 92.746357], [26.167622, 92.746711], [26.167376, 92.747191], [26.166818, 92.74861], [26.165756, 92.75134], [26.165155, 92.752896], [26.164834, 92.75373], [26.16437, 92.754934], [26.164204, 92.755334], [26.164018, 92.755712], [26.163746, 92.75616], [26.16339, 92.756691], [26.162979, 92.757314], [26.162247, 92.758377], [26.161695, 92.759229], [26.160957, 92.760405], [26.16056, 92.761106], [26.16032, 92.761482], [26.160133, 92.761782], [26.159853, 92.762155], [26.159589, 92.762445], [26.158105, 92.763759], [26.157248, 92.764594], [26.156151, 92.765701], [26.155196, 92.7667], [26.155071, 92.76685], [26.15461, 92.767444], [26.153741, 92.768624], [26.153281, 92.769257], [26.152823, 92.769873], [26.152202, 92.770709], [26.151969, 92.771081], [26.151523, 92.771846], [26.151384, 92.77209], [26.151208, 92.772326], [26.151047, 92.772527], [26.150799, 92.772782], [26.150575, 92.773005], [26.150327, 92.773214], [26.150016, 92.77341], [26.149657, 92.7736], [26.149164, 92.773847], [26.148699, 92.774075], [26.148451, 92.774212], [26.148191, 92.774397], [26.147979, 92.774558], [26.147714, 92.774818], [26.147209, 92.77537], [26.146693, 92.775976], [26.146506, 92.776204], [26.145896, 92.776958], [26.145531, 92.777377], [26.145314, 92.777664], [26.145066, 92.778066], [26.144854, 92.778503], [26.144418, 92.77952], [26.143992, 92.780517], [26.143691, 92.781138], [26.143607, 92.781311], [26.14314, 92.782282], [26.142877, 92.78288], [26.142757, 92.783216], [26.142651, 92.783562], [26.142583, 92.78383], [26.142338, 92.784814], [26.142177, 92.78548], [26.142162, 92.785544], [26.142013, 92.786343], [26.141936, 92.786834], [26.141904, 92.787156], [26.141868, 92.787722], [26.141825, 92.788293], [26.141793, 92.788592], [26.141782, 92.788701], [26.141729, 92.788988], [26.141647, 92.789323], [26.141493, 92.78983], [26.141184, 92.790758], [26.140968, 92.791555], [26.140835, 92.792099], [26.14059, 92.793102], [26.140404, 92.793864], [26.139932, 92.796173], [26.13979, 92.796933], [26.139677, 92.797705], [26.139627, 92.798075], [26.139605, 92.798354], [26.139593, 92.798692], [26.139605, 92.799011], [26.139643, 92.799309], [26.139713, 92.799663], [26.139872, 92.800186], [26.140257, 92.801259], [26.140397, 92.801712], [26.140474, 92.80208], [26.14052, 92.802418], [26.140529, 92.80275], [26.140513, 92.803206], [26.140481, 92.803523], [26.140412, 92.803879], [26.140322, 92.804263], [26.140021, 92.805285], [26.139942, 92.805561], [26.139759, 92.806197], [26.139305, 92.807881], [26.139122, 92.808508], [26.13883, 92.809531], [26.138724, 92.809904], [26.13855, 92.810475], [26.138299, 92.81137], [26.138187, 92.811843], [26.13814, 92.812284], [26.138114, 92.81264], [26.138117, 92.813323], [26.138148, 92.814696], [26.138122, 92.815158], [26.137789, 92.817272], [26.137732, 92.817647], [26.137659, 92.818068], [26.137587, 92.818438], [26.1375, 92.818801], [26.137435, 92.819004], [26.137327, 92.819313], [26.136952, 92.820186], [26.136826, 92.82048], [26.13664, 92.820893], [26.136255, 92.821746], [26.135653, 92.823103], [26.13522, 92.824098], [26.135049, 92.824538], [26.134931, 92.824921], [26.134868, 92.825192], [26.134799, 92.825538], [26.134705, 92.826254], [26.134589, 92.827107], [26.134551, 92.827389], [26.134384, 92.828829], [26.134336, 92.829613], [26.134288, 92.830653], [26.134283, 92.830994], [26.134272, 92.831707], [26.134245, 92.832166], [26.134209, 92.832458], [26.134148, 92.832713], [26.134055, 92.833056], [26.133867, 92.833539], [26.133587, 92.834129], [26.133274, 92.83477], [26.132887, 92.835543], [26.132482, 92.836401], [26.132155, 92.837058], [26.131842, 92.837643], [26.131632, 92.838005], [26.1313, 92.838563], [26.131033, 92.838985], [26.130247, 92.840226], [26.129251, 92.841876], [26.128634, 92.842889], [26.127444, 92.844803], [26.12733, 92.844994], [26.127112, 92.845349], [26.125949, 92.847261], [26.124913, 92.848943], [26.124883, 92.848995], [26.12436, 92.849877], [26.123897, 92.850703], [26.123465, 92.851572], [26.123291, 92.852043], [26.122805, 92.853199], [26.122339, 92.85434], [26.122037, 92.855133], [26.121794, 92.856037], [26.121595, 92.85707], [26.12159, 92.857096], [26.121568, 92.857194], [26.121528, 92.857408], [26.121396, 92.858183], [26.121102, 92.859217], [26.12106, 92.859305], [26.120756, 92.859949], [26.120026, 92.860999], [26.119508, 92.861731], [26.119147, 92.86248], [26.119033, 92.862813], [26.118804, 92.863796], [26.118379, 92.866077], [26.117846, 92.868935], [26.117624, 92.870174], [26.117549, 92.870591], [26.117248, 92.872156], [26.117042, 92.872974], [26.116804, 92.873567], [26.116345, 92.874243], [26.116178, 92.874429], [26.116029, 92.874597], [26.115905, 92.874746], [26.1159, 92.874794], [26.115887, 92.87484], [26.115864, 92.874882], [26.115834, 92.874916], [26.115797, 92.874943], [26.115757, 92.874959], [26.115714, 92.874965], [26.11567, 92.874961], [26.115629, 92.874945], [26.115438, 92.875057], [26.115039, 92.875338], [26.114418, 92.875757], [26.11401, 92.876013], [26.113467, 92.876354], [26.112623, 92.876734], [26.111834, 92.876987], [26.111173, 92.877069], [26.110428, 92.877065], [26.109488, 92.87693], [26.107814, 92.876538], [26.107058, 92.876313], [26.106232, 92.875884], [26.105758, 92.875606], [26.105186, 92.875213], [26.10509, 92.875163], [26.104844, 92.876809], [26.104536, 92.877506], [26.104271, 92.878032], [26.104281, 92.879582], [26.104208, 92.880993], [26.103919, 92.881706], [26.10337, 92.886797], [26.10337, 92.886947], [26.103707, 92.887613], [26.103886, 92.888165], [26.103886, 92.888745], [26.103847, 92.891915], [26.104001, 92.893599], [26.104233, 92.895627], [26.104252, 92.901743], [26.10456, 92.904639], [26.10431, 92.910197], [26.103789, 92.916634], [26.103495, 92.922106], [26.103563, 92.923345], [26.103842, 92.924671], [26.10389, 92.924901], [26.1039, 92.928296], [26.103722, 92.931896], [26.104184, 92.932062], [26.104454, 92.932255], [26.104536, 92.932481], [26.104526, 92.933859], [26.105369, 92.943773], [26.10534, 92.943966], [26.105234, 92.944052], [26.103216, 92.944116], [26.103149, 92.944931], [26.102758, 92.947069], [26.10192, 92.949322], [26.101761, 92.952358], [26.101448, 92.954697], [26.101771, 92.95621], [26.101664, 92.958038], [26.101347, 92.963431], [26.100769, 92.969761], [26.100065, 92.973685], [26.099957, 92.974287], [26.099925, 92.974466], [26.099767, 92.975314], [26.099638, 92.975998], [26.099611, 92.976245], [26.099613, 92.976362], [26.099631, 92.976433], [26.099664, 92.976458], [26.099712, 92.976475], [26.099763, 92.976485], [26.099986, 92.976515], [26.100203, 92.976531], [26.100353, 92.97654], [26.100431, 92.976545], [26.100893, 92.976578], [26.100962, 92.976591], [26.100987, 92.976603], [26.101015, 92.976627], [26.101063, 92.976672], [26.101108, 92.976728], [26.101158, 92.976793], [26.101264, 92.976916], [26.101442, 92.977169], [26.101509, 92.977225], [26.101576, 92.977279], [26.101641, 92.977312], [26.101769, 92.977365], [26.101855, 92.977404], [26.102074, 92.977494], [26.102981, 92.977851], [26.10338, 92.978015], [26.103921, 92.978227], [26.104087, 92.978292], [26.105272, 92.97876], [26.106016, 92.979046], [26.106474, 92.979219], [26.107111, 92.979478], [26.107654, 92.979702], [26.107801, 92.979761], [26.107967, 92.979839], [26.108333, 92.979995], [26.108345, 92.980027], [26.108344, 92.980085], [26.108342, 92.980161], [26.108332, 92.980359], [26.108313, 92.980727], [26.10829, 92.981091], [26.10827, 92.981363], [26.108235, 92.98174], [26.108214, 92.982086], [26.108192, 92.98236], [26.108175, 92.982634], [26.108155, 92.982862], [26.10814, 92.983131], [26.108106, 92.983582], [26.108057, 92.984078], [26.108033, 92.984297], [26.108012, 92.984481], [26.10799, 92.984685], [26.107944, 92.985215], [26.107888, 92.985796], [26.107868, 92.986059], [26.107851, 92.986299], [26.107781, 92.986997], [26.107757, 92.987185], [26.107737, 92.987293], [26.107706, 92.9874], [26.107677, 92.987513], [26.107639, 92.987656], [26.107564, 92.987948], [26.107484, 92.9883], [26.107305, 92.989161], [26.107219, 92.989507], [26.107144, 92.989891], [26.107053, 92.990237], [26.106997, 92.990422], [26.106954, 92.990538], [26.106898, 92.990675], [26.106831, 92.990842], [26.106767, 92.990997], [26.1067, 92.991137], [26.10666, 92.991226], [26.10662, 92.991307], [26.106598, 92.991346], [26.106574, 92.991387], [26.10655, 92.99142], [26.106534, 92.991444], [26.10651, 92.991474], [26.106458, 92.991505], [26.106398, 92.991515], [26.105745, 92.991342], [26.105091, 92.991181], [26.10499, 92.991163], [26.104926, 92.99118], [26.10487, 92.991238], [26.104853, 92.991309], [26.104833, 92.991403], [26.10463, 92.99286], [26.104746, 92.99374], [26.1049, 92.996508], [26.104717, 92.997849], [26.104466, 92.998696], [26.103936, 92.999404], [26.103744, 92.999941], [26.103592, 93.002513], [26.103581, 93.004414], [26.103524, 93.004896], [26.103424, 93.005578], [26.103444, 93.005767], [26.103522, 93.006078], [26.103597, 93.00623], [26.103625, 93.006293], [26.103658, 93.006367], [26.103745, 93.006557], [26.103806, 93.006865], [26.103784, 93.00723], [26.103746, 93.007504], [26.103614, 93.008493], [26.103427, 93.009878], [26.103169, 93.011281], [26.103015, 93.012274], [26.102942, 93.012759], [26.102923, 93.01287], [26.102654, 93.014197], [26.102447, 93.015205], [26.102357, 93.015593], [26.101984, 93.016461], [26.101738, 93.017079], [26.101614, 93.017466], [26.101327, 93.018849], [26.100669, 93.021444], [26.100618, 93.021788], [26.100714, 93.021943], [26.100814, 93.022143], [26.101934, 93.023615], [26.102705, 93.024647], [26.103935, 93.026281], [26.104041, 93.026432], [26.105388, 93.028234], [26.105486, 93.028403], [26.106058, 93.029391], [26.106123, 93.029504], [26.106148, 93.029546], [26.107045, 93.031097], [26.107164, 93.031274], [26.107631, 93.031834], [26.108146, 93.032402], [26.108223, 93.032487], [26.109157, 93.033144], [26.109513, 93.033395], [26.109733, 93.033655], [26.109776, 93.033707], [26.109946, 93.03434], [26.110048, 93.034604], [26.11043, 93.034812], [26.112564, 93.035693], [26.112651, 93.03575], [26.112688, 93.035777], [26.112767, 93.035855], [26.112877, 93.036658], [26.113043, 93.038121], [26.11306, 93.03852], [26.113077, 93.038795], [26.113069, 93.039887], [26.113072, 93.041716], [26.112961, 93.043208], [26.113014, 93.043524], [26.112764, 93.05002], [26.112629, 93.052909], [26.112535, 93.054371], [26.112409, 93.055776], [26.112219, 93.058657], [26.11212, 93.060406], [26.112032, 93.061471], [26.111665, 93.064169], [26.110981, 93.067582], [26.110471, 93.069507], [26.109861, 93.071363], [26.109368, 93.072959], [26.108529, 93.075176], [26.108409, 93.075461], [26.107453, 93.077733], [26.106438, 93.080376], [26.105796, 93.082022], [26.105251, 93.083387], [26.105128, 93.0838], [26.104994, 93.084465], [26.104549, 93.0873], [26.104348, 93.088266], [26.104224, 93.089262], [26.104203, 93.089391], [26.103957, 93.090877], [26.103734, 93.092299], [26.103614, 93.09389], [26.10323, 93.09512], [26.102513, 93.096801], [26.101669, 93.098567], [26.101585, 93.098662], [26.101165, 93.099132], [26.100956, 93.099365], [26.099471, 93.10061], [26.097972, 93.101892], [26.097388, 93.102451], [26.096573, 93.103552], [26.094534, 93.106356], [26.094369, 93.106687], [26.094121, 93.107275], [26.093316, 93.109396], [26.092753, 93.110746], [26.09261, 93.111188], [26.092512, 93.111641], [26.092444, 93.111996], [26.092225, 93.113616], [26.091902, 93.116727], [26.091548, 93.119724], [26.091493, 93.120348], [26.091461, 93.120974], [26.091387, 93.123749], [26.09129, 93.127139], [26.091189, 93.129622], [26.090371, 93.137202], [26.09032, 93.137728], [26.090344, 93.138209], [26.090536, 93.138624], [26.090993, 93.139154], [26.090856, 93.139392], [26.089248, 93.143093], [26.089236, 93.143282], [26.089, 93.143849], [26.088688, 93.144471], [26.088408, 93.144925], [26.087895, 93.145641], [26.087214, 93.146604], [26.086419, 93.147724], [26.085682, 93.148732], [26.085149, 93.149461], [26.084511, 93.150311], [26.083151, 93.152132], [26.082208, 93.153339], [26.081471, 93.154277], [26.080816, 93.155153], [26.080582, 93.155497], [26.080378, 93.15587], [26.080195, 93.156259], [26.080123, 93.156613], [26.080086, 93.156983], [26.080088, 93.157302], [26.080089, 93.157361], [26.080098, 93.15745], [26.080133, 93.157762], [26.080341, 93.158519], [26.080956, 93.160567], [26.081576, 93.16261], [26.081863, 93.163496], [26.0821, 93.164063], [26.082814, 93.165767], [26.083292, 93.166868], [26.083523, 93.167467], [26.083674, 93.167894], [26.083775, 93.168291], [26.083868, 93.168813], [26.084124, 93.170686], [26.084465, 93.173282], [26.08455, 93.173992], [26.08459, 93.174566], [26.084596, 93.175043], [26.084596, 93.175524], [26.084566, 93.176009], [26.084497, 93.176602], [26.084378, 93.177253], [26.084257, 93.177761], [26.084068, 93.178422], [26.083882, 93.17896], [26.083592, 93.1796], [26.083096, 93.180541], [26.082206, 93.182032], [26.080662, 93.184734], [26.080484, 93.185047], [26.079133, 93.187354], [26.077957, 93.189363], [26.076101, 93.192499], [26.074916, 93.194551], [26.074551, 93.195141], [26.074269, 93.195576], [26.073978, 93.196003], [26.073619, 93.196443], [26.073066, 93.197124], [26.072146, 93.198168], [26.071222, 93.199069], [26.069635, 93.200595], [26.068653, 93.201581], [26.067968, 93.202253], [26.066221, 93.203963], [26.064937, 93.205205], [26.064397, 93.20561], [26.06391, 93.205964], [26.063356, 93.206274], [26.06292, 93.206473], [26.062496, 93.206658], [26.061829, 93.206856], [26.061298, 93.206996], [26.060657, 93.207102], [26.060405, 93.207124], [26.059863, 93.207141], [26.059152, 93.207113], [26.058073, 93.207011], [26.056404, 93.206847], [26.056035, 93.206812], [26.05516, 93.206729], [26.053769, 93.206587], [26.052074, 93.206456], [26.051161, 93.20637], [26.050219, 93.206243], [26.049891, 93.206238], [26.049546, 93.206264], [26.049332, 93.206309], [26.049216, 93.206334], [26.048943, 93.206416], [26.048568, 93.206565], [26.04822, 93.206737], [26.047776, 93.20708], [26.047505, 93.207371], [26.046807, 93.208175], [26.046096, 93.209094], [26.045349, 93.210065], [26.045041, 93.21049], [26.044927, 93.210693], [26.044834, 93.210959], [26.044679, 93.211558], [26.044342, 93.212985], [26.044238, 93.213327], [26.044105, 93.213667], [26.043945, 93.213965], [26.043738, 93.214222], [26.042998, 93.215042], [26.041952, 93.216261], [26.041582, 93.216681], [26.041321, 93.216905], [26.041038, 93.217088], [26.040772, 93.217215], [26.040453, 93.21732], [26.040182, 93.217365], [26.039122, 93.217591], [26.038753, 93.217656], [26.038346, 93.217704], [26.038101, 93.217734], [26.037457, 93.217769], [26.03706, 93.217814], [26.036665, 93.217887], [26.036289, 93.218003], [26.035899, 93.218134], [26.034416, 93.218647], [26.034275, 93.218695], [26.032847, 93.219171], [26.032088, 93.219453], [26.031439, 93.219617], [26.030478, 93.219792], [26.029967, 93.219873], [26.029193, 93.219977], [26.028128, 93.22014], [26.02749, 93.220253], [26.027176, 93.220357], [26.02691, 93.220474], [26.026622, 93.220654], [26.026376, 93.220851], [26.026104, 93.221134], [26.025926, 93.221375], [26.025761, 93.221659], [26.025686, 93.221818], [26.025522, 93.222161], [26.025268, 93.222843], [26.025101, 93.223442], [26.025018, 93.223889], [26.025003, 93.224306], [26.025031, 93.224679], [26.025129, 93.225292], [26.025339, 93.226302], [26.025709, 93.228128], [26.025853, 93.228858], [26.026252, 93.229773], [26.026441, 93.230284], [26.0266, 93.230759], [26.026661, 93.231136], [26.026662, 93.231381], [26.026578, 93.231817], [26.026397, 93.232333], [26.0262, 93.232992], [26.026125, 93.233404], [26.026094, 93.233839], [26.026051, 93.234341], [26.025995, 93.234784], [26.025906, 93.235316], [26.025802, 93.235744], [26.025645, 93.236168], [26.025346, 93.237028], [26.025208, 93.2376], [26.025119, 93.238237], [26.025043, 93.238802], [26.024934, 93.239219], [26.024773, 93.239601], [26.024582, 93.239947], [26.024331, 93.240282], [26.02383, 93.240782], [26.023475, 93.241138], [26.022639, 93.241982], [26.022407, 93.242096], [26.022152, 93.242182], [26.021816, 93.242242], [26.021324, 93.242278], [26.021027, 93.242312], [26.02069, 93.242424], [26.020444, 93.242575], [26.020151, 93.242817], [26.019438, 93.243578], [26.019165, 93.243833], [26.018946, 93.244006], [26.018645, 93.244202], [26.018373, 93.244354], [26.018188, 93.244443], [26.017729, 93.244664], [26.017414, 93.244876], [26.017232, 93.245081], [26.017076, 93.245325], [26.016987, 93.245534], [26.016934, 93.245792], [26.016903, 93.246073], [26.016938, 93.247031], [26.016982, 93.248121], [26.017049, 93.248819], [26.017181, 93.249608], [26.017238, 93.250165], [26.017254, 93.250503], [26.017243, 93.250806], [26.017221, 93.250951], [26.01721, 93.251021], [26.01714, 93.251377], [26.01693, 93.252249], [26.016824, 93.252944], [26.016766, 93.253542], [26.016688, 93.254003], [26.016616, 93.254317], [26.016527, 93.254596], [26.016255, 93.255157], [26.015661, 93.256655], [26.015241, 93.257948], [26.014992, 93.25857], [26.014787, 93.258924], [26.014477, 93.259354], [26.013809, 93.260126], [26.01258, 93.261518], [26.012234, 93.261879], [26.012027, 93.262027], [26.011813, 93.262137], [26.011593, 93.262198], [26.011277, 93.262221], [26.010881, 93.262194], [26.01045, 93.26219], [26.010087, 93.262212], [26.009814, 93.262274], [26.009561, 93.262378], [26.009388, 93.262514], [26.009105, 93.262809], [26.008605, 93.263391], [26.008193, 93.263869], [26.007919, 93.264137], [26.007566, 93.264411], [26.006984, 93.264825], [26.006536, 93.265162], [26.006234, 93.265464], [26.006002, 93.265757], [26.005737, 93.266131], [26.005371, 93.266623], [26.005141, 93.266899], [26.004973, 93.267039], [26.004664, 93.267195], [26.004381, 93.267283], [26.00406, 93.267308], [26.003615, 93.267304], [26.002927, 93.267292], [26.002569, 93.267311], [26.002234, 93.267417], [26.001882, 93.267555], [26.00152, 93.267766], [26.001067, 93.268137], [26.000752, 93.268492], [26.00053, 93.268812], [26.000307, 93.269293], [25.999655, 93.270869], [25.999277, 93.271717], [25.999136, 93.272151], [25.999099, 93.272549], [25.999104, 93.272942], [25.999095, 93.273339], [25.99903, 93.273714], [25.998878, 93.274113], [25.998743, 93.274467], [25.998635, 93.274756], [25.99858, 93.275132], [25.998605, 93.275424], [25.998777, 93.27604], [25.99891, 93.276416], [25.999041, 93.276762], [25.999099, 93.277055], [25.999094, 93.277353], [25.999017, 93.277647], [25.998909, 93.277925], [25.998647, 93.278314], [25.998389, 93.278622], [25.998056, 93.278949], [25.997688, 93.279227], [25.99736, 93.27958], [25.99716, 93.279949], [25.99677, 93.28042], [25.996542, 93.280619], [25.996342, 93.280717], [25.996016, 93.280828], [25.995695, 93.281021], [25.995382, 93.28124], [25.995045, 93.281527], [25.994718, 93.281963], [25.994336, 93.282624], [25.993858, 93.283515], [25.993442, 93.28458], [25.99256, 93.286954], [25.992342, 93.287778], [25.992183, 93.288665], [25.992061, 93.289439], [25.991957, 93.289584], [25.991769, 93.290319], [25.991568, 93.290912], [25.990871, 93.292465], [25.990647, 93.293523], [25.990759, 93.294096], [25.990994, 93.294856], [25.991128, 93.295416], [25.991251, 93.296026], [25.991374, 93.296623], [25.992, 93.29785], [25.992229, 93.298273], [25.992253, 93.298774], [25.992308, 93.29917], [25.992522, 93.299655], [25.992633, 93.299831], [25.992862, 93.300297], [25.992854, 93.300667], [25.992696, 93.301371], [25.992862, 93.301767], [25.993155, 93.302639], [25.993693, 93.304144], [25.993746, 93.304813], [25.993812, 93.305984], [25.994092, 93.30632], [25.994623, 93.307101], [25.994788, 93.307232], [25.994903, 93.307266], [25.995172, 93.307306], [25.995258, 93.307397], [25.995364, 93.307596], [25.995446, 93.307692], [25.995687, 93.307817], [25.996265, 93.308251], [25.996641, 93.308352], [25.996805, 93.308439], [25.997052, 93.308757], [25.997236, 93.308943], [25.997474, 93.309052], [25.997675, 93.309158], [25.997784, 93.309273], [25.998014, 93.30961], [25.998352, 93.310412], [25.998456, 93.310689], [25.998688, 93.311324], [25.998845, 93.311533], [25.999256, 93.311745], [25.999854, 93.312241], [26.000001, 93.312442], [26.000197, 93.312645], [26.000278, 93.312685], [26.000424, 93.312666], [26.00093, 93.312869], [26.00127, 93.313057], [26.001422, 93.313269], [26.001539, 93.313631], [26.001614, 93.314323], [26.001741, 93.316399], [26.001719, 93.317075], [26.001582, 93.3176], [26.00137, 93.318106], [26.000955, 93.318735], [26.000652, 93.319248], [26.000313, 93.319963], [26.000023, 93.320775], [25.999807, 93.321425], [25.99977, 93.321904], [25.999828, 93.322489], [25.999898, 93.323059], [25.999858, 93.323659], [25.999712, 93.32414], [25.999359, 93.324878], [25.998942, 93.325594], [25.998843, 93.325852], [25.998762, 93.326166], [25.998715, 93.326621], [25.998681, 93.327788], [25.998667, 93.328212], [25.998606, 93.328548], [25.998462, 93.329043], [25.998312, 93.329436], [25.998118, 93.329859], [25.997878, 93.330493], [25.997656, 93.331494], [25.997599, 93.331964], [25.997553, 93.332184], [25.997454, 93.332407], [25.997331, 93.332663], [25.99715, 93.332903], [25.996894, 93.333163], [25.996406, 93.333506], [25.995647, 93.333993], [25.995339, 93.334139], [25.994999, 93.334281], [25.994784, 93.334402], [25.99452, 93.334601], [25.994323, 93.334818], [25.994128, 93.335066], [25.994, 93.335296], [25.993924, 93.335556], [25.993889, 93.335868], [25.993885, 93.336169], [25.993911, 93.336449], [25.993967, 93.336718], [25.994061, 93.336987], [25.994251, 93.337341], [25.994444, 93.337619], [25.994724, 93.337826], [25.995064, 93.338012], [25.995738, 93.338235], [25.996176, 93.338418], [25.996441, 93.338613], [25.996689, 93.338886], [25.996853, 93.339198], [25.996957, 93.339462], [25.997022, 93.339736], [25.997052, 93.340855], [25.997102, 93.342092], [25.997102, 93.34253], [25.997043, 93.342894], [25.996948, 93.343318], [25.996793, 93.343814], [25.996027, 93.345488], [25.995742, 93.346132], [25.995604, 93.346538], [25.995529, 93.346878], [25.99547, 93.347328], [25.995386, 93.347808], [25.995336, 93.348157], [25.995246, 93.348545], [25.994874, 93.349636], [25.994531, 93.350549], [25.994402, 93.350952], [25.994303, 93.351416], [25.994258, 93.351759], [25.99425, 93.352101], [25.99425, 93.352509], [25.994305, 93.352914], [25.994389, 93.353236], [25.994976, 93.355182], [25.995319, 93.356385], [25.995855, 93.357846], [25.995973, 93.358233], [25.996052, 93.358577], [25.996112, 93.358964], [25.996134, 93.359416], [25.996106, 93.359946], [25.995978, 93.361453], [25.995913, 93.362025], [25.995912, 93.36243], [25.995963, 93.362861], [25.996049, 93.363223], [25.996225, 93.363643], [25.996449, 93.363999], [25.997004, 93.364656], [25.997827, 93.365666], [25.998107, 93.365983], [25.998398, 93.366239], [25.998767, 93.36648], [25.999162, 93.366665], [25.999627, 93.366785], [26.000213, 93.36686], [26.000769, 93.366842], [26.001276, 93.366805], [26.001811, 93.366814], [26.002133, 93.366851], [26.002508, 93.366964], [26.002866, 93.36714], [26.003172, 93.367341], [26.003467, 93.367591], [26.003784, 93.367967], [26.00395, 93.368244], [26.004131, 93.368652], [26.004409, 93.369274], [26.00471, 93.369884], [26.005238, 93.370671], [26.006202, 93.372029], [26.006792, 93.372951], [26.007501, 93.374129], [26.00773, 93.374455], [26.007969, 93.374674], [26.008574, 93.375143], [26.009153, 93.375607], [26.00936, 93.37582], [26.00955, 93.376134], [26.009699, 93.376484], [26.009825, 93.376827], [26.009957, 93.377188], [26.010117, 93.377498], [26.010338, 93.377749], [26.010561, 93.377921], [26.010838, 93.378037], [26.011127, 93.378106], [26.011546, 93.378134], [26.012011, 93.378138], [26.012408, 93.378175], [26.012732, 93.378256], [26.012951, 93.37838], [26.013363, 93.378716], [26.013592, 93.378955], [26.014459, 93.379834], [26.015164, 93.380601], [26.01527, 93.380849], [26.015366, 93.381013], [26.01553, 93.381216], [26.015673, 93.381341], [26.015827, 93.381453], [26.015974, 93.381499], [26.016162, 93.381481], [26.01631, 93.381453], [26.016461, 93.381468], [26.016671, 93.381528], [26.016897, 93.381605], [26.017482, 93.381907], [26.017592, 93.38194], [26.017725, 93.381951], [26.017931, 93.381935], [26.018062, 93.381899], [26.018258, 93.381873], [26.018435, 93.381883], [26.018743, 93.381953], [26.018972, 93.381979], [26.019179, 93.381954], [26.019545, 93.381959], [26.019708, 93.382039], [26.019831, 93.382114], [26.020197, 93.382345], [26.020635, 93.382592], [26.020845, 93.382654], [26.021047, 93.382642], [26.021284, 93.382625], [26.021507, 93.382659], [26.021651, 93.382719], [26.021788, 93.382857], [26.021923, 93.383065], [26.022188, 93.383573], [26.022358, 93.383821], [26.022468, 93.383981], [26.022762, 93.384396], [26.022881, 93.384627], [26.02298, 93.384897], [26.023067, 93.385069], [26.023184, 93.385242], [26.02334, 93.385384], [26.023815, 93.385792], [26.02408, 93.386085], [26.024244, 93.386383], [26.02434, 93.386666], [26.024386, 93.387043], [26.024467, 93.387682], [26.02449, 93.388463], [26.024433, 93.388932], [26.024372, 93.389233], [26.024162, 93.390142], [26.024005, 93.390729], [26.023806, 93.39127], [26.023639, 93.391589], [26.023418, 93.391761], [26.023103, 93.391938], [26.022778, 93.392013], [26.021812, 93.391983], [26.020661, 93.391948], [26.020417, 93.391957], [26.019466, 93.391979], [26.018802, 93.392166], [26.018358, 93.392431], [26.018267, 93.39259], [26.01736, 93.393095], [26.017126, 93.393161], [26.016859, 93.393208], [26.016569, 93.393177], [26.016278, 93.393084], [26.01569, 93.392903], [26.015294, 93.392858], [26.014862, 93.392935], [26.014083, 93.393218], [26.013504, 93.393271], [26.013264, 93.393277], [26.012236, 93.393219], [26.011961, 93.393245], [26.011572, 93.393389], [26.010951, 93.393735], [26.010515, 93.393921], [26.010006, 93.394002], [26.009345, 93.393924], [26.008745, 93.393644], [26.00804, 93.393199], [26.007757, 93.393178], [26.007297, 93.393215], [26.0062, 93.393492], [26.005233, 93.393589], [26.004774, 93.393626], [26.004323, 93.393739], [26.004045, 93.393864], [26.003829, 93.394053], [26.003545, 93.394343], [26.003178, 93.395012], [26.002871, 93.395588], [26.002423, 93.396438], [26.002115, 93.396903], [26.001674, 93.39741], [26.001119, 93.397943], [26.000693, 93.398313], [25.999786, 93.39903], [25.999347, 93.399469], [25.998791, 93.400071], [25.998251, 93.400588], [25.997705, 93.400977], [25.997333, 93.401261], [25.997093, 93.401522], [25.996877, 93.401849], [25.996717, 93.402411], [25.996566, 93.405753], [25.996574, 93.407279], [25.996581, 93.407626], [25.996565, 93.40797], [25.996526, 93.408333], [25.996476, 93.408693], [25.996361, 93.409109], [25.996056, 93.409655], [25.995644, 93.41015], [25.995068, 93.410697], [25.994446, 93.411263], [25.993798, 93.411855], [25.993533, 93.412152], [25.993279, 93.412493], [25.993036, 93.412919], [25.992808, 93.413476], [25.992667, 93.413982], [25.992503, 93.414601], [25.992203, 93.415804], [25.991988, 93.416594], [25.991598, 93.417938], [25.991267, 93.418684], [25.99046, 93.419956], [25.990167, 93.420575], [25.989584, 93.422065], [25.988657, 93.424528], [25.988618, 93.424722], [25.988557, 93.425017], [25.98847, 93.425616], [25.988432, 93.425821], [25.987797, 93.42977], [25.987576, 93.431072], [25.98742, 93.431692], [25.987125, 93.43241], [25.986724, 93.433032], [25.986376, 93.433416], [25.986043, 93.433735], [25.983331, 93.435906], [25.982738, 93.43636], [25.982627, 93.436455], [25.982342, 93.436686], [25.981166, 93.43767], [25.980945, 93.437916], [25.98072, 93.438187], [25.980545, 93.438444], [25.980321, 93.438864], [25.980168, 93.439227], [25.980057, 93.43957], [25.979975, 93.439905], [25.979946, 93.440149], [25.979931, 93.440346], [25.979924, 93.440947], [25.979955, 93.441448], [25.980095, 93.443056], [25.980198, 93.444234], [25.980413, 93.446698], [25.980574, 93.448443], [25.980656, 93.449144], [25.980718, 93.449883], [25.980749, 93.450375], [25.980759, 93.45084], [25.980722, 93.451342], [25.98066, 93.451676], [25.980571, 93.45205], [25.98047, 93.452363], [25.980022, 93.453154], [25.979706, 93.45359], [25.978711, 93.454725], [25.978684, 93.454756], [25.978405, 93.455086], [25.977158, 93.456472], [25.976718, 93.456928], [25.976622, 93.457028], [25.976255, 93.457335], [25.975787, 93.45764], [25.97521, 93.457846], [25.974072, 93.458081], [25.971666, 93.458462], [25.969352, 93.458816], [25.967838, 93.459043], [25.967534, 93.459118], [25.967254, 93.459201], [25.966978, 93.459335], [25.966786, 93.459442], [25.966568, 93.459625], [25.966371, 93.459795], [25.96611, 93.460103], [25.965706, 93.460683], [25.965529, 93.460947], [25.965498, 93.461006], [25.965349, 93.461235], [25.965023, 93.461789], [25.964472, 93.46267], [25.964267, 93.463043], [25.9641, 93.46344], [25.963958, 93.463861], [25.963823, 93.464491], [25.9637, 93.464985], [25.963611, 93.465277], [25.963473, 93.465658], [25.963268, 93.466095], [25.963061, 93.466511], [25.962827, 93.466943], [25.962581, 93.46734], [25.962453, 93.467597], [25.962357, 93.467882], [25.962316, 93.46812], [25.962342, 93.468426], [25.962398, 93.468633], [25.962528, 93.469048], [25.962723, 93.469504], [25.963111, 93.470486], [25.963379, 93.471224], [25.963526, 93.471715], [25.963601, 93.47216], [25.963599, 93.472471], [25.96357, 93.472793], [25.963495, 93.473123], [25.96336, 93.473525], [25.96295, 93.47455], [25.96261, 93.475411], [25.96255, 93.475633], [25.962542, 93.47584], [25.962554, 93.476143], [25.962641, 93.477259], [25.962634, 93.477503], [25.962588, 93.477833], [25.962364, 93.478932], [25.962296, 93.479324], [25.962248, 93.479764], [25.962234, 93.480247], [25.962214, 93.481379], [25.962181, 93.481969], [25.962074, 93.483079], [25.962072, 93.48331], [25.962099, 93.483557], [25.962181, 93.484007], [25.962266, 93.484448], [25.962293, 93.484615], [25.962312, 93.484775], [25.962257, 93.484997], [25.962112, 93.485401], [25.96171, 93.486249], [25.961201, 93.4874], [25.961071, 93.48776], [25.961035, 93.487969], [25.961028, 93.488154], [25.961086, 93.488529], [25.96118, 93.488773], [25.961814, 93.489927], [25.962128, 93.490431], [25.962359, 93.490761], [25.962556, 93.490992], [25.962852, 93.491292], [25.963086, 93.491527], [25.964749, 93.493054], [25.965077, 93.493296], [25.965434, 93.493524], [25.96582, 93.493738], [25.96616, 93.493945], [25.966324, 93.494106], [25.96641, 93.494272], [25.966475, 93.4945], [25.966492, 93.494749], [25.966456, 93.495015], [25.966372, 93.495844], [25.966369, 93.496192], [25.966405, 93.49656], [25.966497, 93.497528], [25.966487, 93.497944], [25.966415, 93.498301], [25.966338, 93.498606], [25.966196, 93.498998], [25.966131, 93.499109], [25.965988, 93.499344], [25.96575, 93.499703], [25.965272, 93.500221], [25.96471, 93.500878], [25.96458, 93.501146], [25.964488, 93.501463], [25.964484, 93.501822], [25.964493, 93.501982], [25.964537, 93.502639], [25.964549, 93.502901], [25.964623, 93.503708], [25.964628, 93.504024], [25.964546, 93.504413], [25.964435, 93.504759], [25.964286, 93.505095], [25.964057, 93.505427], [25.963878, 93.505628], [25.963627, 93.505884], [25.963449, 93.506009], [25.962623, 93.506542], [25.96246, 93.506634], [25.961619, 93.507147], [25.960693, 93.507723], [25.960167, 93.508067], [25.95926, 93.508635], [25.959084, 93.508791], [25.958966, 93.508882], [25.958788, 93.509032], [25.958609, 93.509244], [25.958416, 93.509445], [25.958267, 93.509687], [25.958016, 93.5101], [25.957705, 93.510735], [25.957203, 93.511851], [25.957003, 93.512358], [25.956834, 93.51286], [25.956665, 93.513439], [25.956465, 93.514244], [25.956328, 93.514606], [25.956193, 93.514936], [25.955978, 93.515354], [25.955722, 93.515837], [25.955418, 93.516542], [25.955192, 93.517065], [25.954948, 93.517556], [25.95475, 93.517892], [25.954514, 93.518211], [25.954302, 93.518455], [25.953508, 93.519394], [25.953369, 93.51963], [25.953282, 93.519882], [25.953195, 93.520212], [25.953156, 93.520501], [25.953156, 93.520839], [25.953185, 93.521054], [25.953303, 93.521467], [25.953424, 93.521754], [25.953629, 93.522132], [25.954324, 93.523328], [25.954685, 93.523964], [25.95477, 93.524189], [25.954864, 93.524471], [25.954922, 93.52479], [25.954967, 93.52523], [25.955039, 93.525862], [25.955066, 93.526485], [25.955098, 93.526832], [25.955144, 93.527204], [25.955199, 93.52759], [25.955295, 93.528092], [25.955474, 93.52876], [25.955865, 93.530219], [25.956038, 93.530817], [25.956164, 93.531088], [25.956279, 93.53127], [25.956366, 93.531386], [25.956521, 93.531533], [25.95721, 93.532], [25.957509, 93.532225], [25.957734, 93.532432], [25.957972, 93.532684], [25.958192, 93.532928], [25.958831, 93.53362], [25.95932, 93.534197], [25.959472, 93.534449], [25.959595, 93.534674], [25.959692, 93.53498], [25.959716, 93.535337], [25.959741, 93.5359], [25.959763, 93.536246], [25.959804, 93.536507], [25.95985, 93.536717], [25.959982, 93.537047], [25.960043, 93.537154], [25.96041, 93.537823], [25.960584, 93.538161], [25.960647, 93.5383], [25.960688, 93.538404], [25.960729, 93.538538], [25.960785, 93.538907], [25.960783, 93.539081], [25.960782, 93.539173], [25.960771, 93.539473], [25.960757, 93.540028], [25.960769, 93.540261], [25.960801, 93.540511], [25.960878, 93.540787], [25.961095, 93.541667], [25.961327, 93.54253], [25.961438, 93.542793], [25.961737, 93.543356], [25.962062, 93.543992], [25.96219, 93.544352], [25.962241, 93.54462], [25.962251, 93.544856], [25.962219, 93.545242], [25.962053, 93.546253], [25.961964, 93.546532], [25.961838, 93.546771], [25.961329, 93.547508], [25.960997, 93.548026], [25.960659, 93.548608], [25.960541, 93.548911], [25.960447, 93.5493], [25.960377, 93.549842], [25.960309, 93.550435], [25.960319, 93.550885], [25.960372, 93.551239], [25.960574, 93.551913], [25.960717, 93.552395], [25.960808, 93.552892], [25.960845, 93.55324], [25.960835, 93.553688], [25.960806, 93.554037], [25.960683, 93.55453], [25.96056, 93.554879], [25.960413, 93.555249], [25.959969, 93.556118], [25.959806, 93.556451], [25.959579, 93.556894], [25.95866, 93.558795], [25.958305, 93.559621], [25.958189, 93.56004], [25.958112, 93.560388], [25.957936, 93.561598], [25.957911, 93.561962], [25.957894, 93.562179], [25.95784, 93.562953], [25.957837, 93.563232], [25.957898, 93.563543], [25.958033, 93.563902], [25.958214, 93.564321], [25.958356, 93.56472], [25.958467, 93.565259], [25.95846, 93.565597], [25.958387, 93.565941], [25.958271, 93.56623], [25.957796, 93.567032], [25.957659, 93.567309], [25.957509, 93.567668], [25.957232, 93.568408], [25.956892, 93.569441], [25.956701, 93.570119], [25.956569, 93.570718], [25.956499, 93.571227], [25.956439, 93.571761], [25.956427, 93.572008], [25.956398, 93.572287], [25.956364, 93.572584], [25.956336, 93.572781], [25.956287, 93.573048], [25.956214, 93.573306], [25.956038, 93.573783], [25.955886, 93.574223], [25.955844, 93.574338], [25.955792, 93.574575], [25.955763, 93.57472], [25.955737, 93.574939], [25.955749, 93.575189], [25.955831, 93.575629], [25.95586, 93.575795], [25.955961, 93.576299], [25.956029, 93.576648], [25.956158, 93.577092], [25.956272, 93.577525], [25.956407, 93.577926], [25.956529, 93.578267], [25.956666, 93.578564], [25.956711, 93.578687], [25.957014, 93.579357], [25.957234, 93.5798], [25.957367, 93.580113], [25.957603, 93.580626], [25.957767, 93.580942], [25.957914, 93.581218], [25.958021, 93.581377], [25.958173, 93.581562], [25.958315, 93.581717], [25.95859, 93.581953], [25.958927, 93.582222], [25.959335, 93.582535], [25.959851, 93.582919], [25.960533, 93.583461], [25.960796, 93.583708], [25.960917, 93.583847], [25.961016, 93.58403], [25.961093, 93.584223], [25.961132, 93.584378], [25.961163, 93.584636], [25.961168, 93.584915], [25.961124, 93.585199], [25.960977, 93.585942], [25.960876, 93.586229], [25.960794, 93.586341], [25.960726, 93.586429], [25.96062, 93.58651], [25.960439, 93.586612], [25.960295, 93.586671], [25.960165, 93.586693], [25.959926, 93.586714], [25.959755, 93.586714], [25.9596, 93.586704], [25.959521, 93.586684], [25.959371, 93.586661], [25.959231, 93.586607], [25.959087, 93.586535], [25.958739, 93.586277], [25.958228, 93.585931], [25.957987, 93.585802], [25.957751, 93.585733], [25.957549, 93.585719], [25.957328, 93.585733], [25.957107, 93.585794], [25.956846, 93.58592], [25.956564, 93.586183], [25.956236, 93.586521], [25.955954, 93.586773], [25.955742, 93.586905], [25.955496, 93.587007], [25.955254, 93.587084], [25.954813, 93.587232], [25.954521, 93.587329], [25.953721, 93.587575], [25.953376, 93.587679], [25.953053, 93.587776], [25.952585, 93.587953], [25.95231, 93.588125], [25.952003, 93.588393], [25.951507, 93.588871], [25.95113, 93.589238], [25.950716, 93.589638], [25.950566, 93.589767], [25.950383, 93.589858], [25.950142, 93.589946], [25.949833, 93.590019], [25.94924, 93.590158], [25.948991, 93.590239], [25.94875, 93.590365], [25.948458, 93.590598], [25.948036, 93.591108], [25.947689, 93.591513], [25.947515, 93.591692], [25.947339, 93.591824], [25.947153, 93.591939], [25.946956, 93.592001], [25.946767, 93.592047], [25.946449, 93.592114], [25.946121, 93.59217], [25.945887, 93.592264], [25.945685, 93.592398], [25.945528, 93.592556], [25.9454, 93.592741], [25.945277, 93.59305], [25.945221, 93.593296], [25.945207, 93.593624], [25.945217, 93.593852], [25.945238, 93.594155], [25.945231, 93.594549], [25.945214, 93.595356], [25.945166, 93.595617], [25.945072, 93.595871], [25.944932, 93.596078], [25.944754, 93.596258], [25.944522, 93.596424], [25.944105, 93.596684], [25.943864, 93.596824], [25.943688, 93.596907], [25.943545, 93.596936], [25.943426, 93.596972], [25.943229, 93.596982], [25.943053, 93.596966], [25.942906, 93.596899], [25.942716, 93.596799], [25.942532, 93.5967], [25.94232, 93.596596], [25.942043, 93.596453], [25.941811, 93.59636], [25.941604, 93.596309], [25.941449, 93.596322], [25.941312, 93.596354], [25.941172, 93.596413], [25.941032, 93.596529], [25.940926, 93.596665], [25.940841, 93.596848], [25.940726, 93.597105], [25.94055, 93.597786], [25.940357, 93.598661], [25.940217, 93.599066], [25.940127, 93.599289], [25.940056, 93.599433], [25.939927, 93.599626], [25.939722, 93.599919], [25.939561, 93.600077], [25.939409, 93.600206], [25.939199, 93.600345], [25.93869, 93.600648], [25.938133, 93.600981], [25.937231, 93.601569], [25.937018, 93.6017], [25.936049, 93.602357], [25.934978, 93.603092], [25.934565, 93.603376], [25.934396, 93.603532], [25.934242, 93.603722], [25.934095, 93.603929], [25.933776, 93.604584], [25.933658, 93.604822], [25.933243, 93.605847], [25.932578, 93.607501], [25.932479, 93.607716], [25.932368, 93.607955], [25.932235, 93.608261], [25.932162, 93.608512], [25.932129, 93.608711], [25.932122, 93.608875], [25.932141, 93.609054], [25.932177, 93.609258], [25.932241, 93.609458], [25.932334, 93.60965], [25.932462, 93.609819], [25.932612, 93.609991], [25.9328, 93.610186], [25.932981, 93.61039], [25.93328, 93.61076], [25.933822, 93.611404], [25.934437, 93.612118], [25.934884, 93.612638], [25.935123, 93.612906], [25.93532, 93.613206], [25.935535, 93.613593], [25.936143, 93.614612], [25.936435, 93.615146], [25.936522, 93.615374], [25.936573, 93.615592], [25.936584, 93.615792], [25.936565, 93.616106], [25.936495, 93.616658], [25.936382, 93.617245], [25.936321, 93.617482], [25.93622, 93.617702], [25.936032, 93.617927], [25.935868, 93.618064], [25.935656, 93.618246], [25.935472, 93.618426], [25.935209, 93.618678], [25.935019, 93.618901], [25.934838, 93.619145], [25.934655, 93.619456], [25.93451, 93.619848], [25.934423, 93.62018], [25.934329, 93.620524], [25.934247, 93.620904], [25.934131, 93.621382], [25.934027, 93.621682], [25.933885, 93.621934], [25.933721, 93.62216], [25.933626, 93.622264], [25.93349, 93.62238], [25.933306, 93.622487], [25.933106, 93.62257], [25.93294, 93.62261], [25.932831, 93.622626], [25.932549, 93.622634], [25.932209, 93.622634], [25.931917, 93.622672], [25.931697, 93.622747], [25.931417, 93.622935], [25.931215, 93.623153], [25.930995, 93.623348], [25.930544, 93.623774], [25.930334, 93.624139], [25.930132, 93.62466], [25.929989, 93.625116], [25.929801, 93.625751], [25.929762, 93.625893], [25.929632, 93.6261], [25.929493, 93.626277], [25.929324, 93.62639], [25.929128, 93.626481], [25.928931, 93.626505], [25.928697, 93.626508], [25.928315, 93.626505], [25.927722, 93.62643], [25.926786, 93.626333], [25.92639, 93.626274], [25.925874, 93.626325], [25.925592, 93.626473], [25.925421, 93.626612], [25.92522, 93.626851], [25.925064, 93.627159], [25.924991, 93.627489], [25.924984, 93.62779], [25.92504, 93.628085], [25.92517, 93.628466], [25.925549, 93.629619], [25.925582, 93.629858], [25.925565, 93.630104], [25.92551, 93.630348], [25.92545, 93.630536], [25.925322, 93.630724], [25.925143, 93.630936], [25.924912, 93.631113], [25.924079, 93.631687], [25.923315, 93.632175], [25.922565, 93.632618], [25.922384, 93.632773], [25.92215, 93.633033], [25.921971, 93.633294], [25.921896, 93.633484], [25.921826, 93.633692], [25.921737, 93.633805], [25.921696, 93.634034], [25.921691, 93.634235], [25.921672, 93.634575], [25.921712, 93.634985], [25.921705, 93.635205], [25.921693, 93.635388], [25.921677, 93.635551], [25.921672, 93.635603], [25.921631, 93.635783], [25.921533, 93.636067], [25.921454, 93.636278], [25.921336, 93.636546], [25.921267, 93.636675], [25.92119, 93.636796], [25.921111, 93.636895], [25.920992, 93.636989], [25.920899, 93.637041], [25.920746, 93.637099], [25.920522, 93.637169], [25.920145, 93.637272], [25.919976, 93.63731], [25.919778, 93.637349], [25.919608, 93.637374], [25.919463, 93.637416], [25.919341, 93.637468], [25.91923, 93.637553], [25.919022, 93.637711], [25.918851, 93.637854], [25.918719, 93.637963], [25.918569, 93.638116], [25.918461, 93.638264], [25.918365, 93.63846], [25.91832, 93.638627], [25.918292, 93.638747], [25.918273, 93.638973], [25.918256, 93.639145], [25.918232, 93.639343], [25.918224, 93.6396], [25.918194, 93.639819], [25.918162, 93.639994], [25.918113, 93.640205], [25.918016, 93.640355], [25.917921, 93.640531], [25.917751, 93.640713], [25.917631, 93.64084], [25.917524, 93.640941], [25.917429, 93.641029], [25.917278, 93.641128], [25.917157, 93.641207], [25.917083, 93.641285], [25.916985, 93.641337], [25.91686, 93.64145], [25.916782, 93.641501], [25.916708, 93.641581], [25.916627, 93.641654], [25.916491, 93.641723], [25.916348, 93.641898], [25.916246, 93.642115], [25.916146, 93.642323], [25.916049, 93.642498], [25.915964, 93.642684], [25.915892, 93.642935], [25.915835, 93.643143], [25.915799, 93.643356], [25.915774, 93.643504], [25.915754, 93.643643], [25.91573, 93.643773], [25.915686, 93.643973], [25.915577, 93.644359], [25.915505, 93.64464], [25.915397, 93.644975], [25.915341, 93.645186], [25.915294, 93.645377], [25.915273, 93.645548], [25.915263, 93.645724], [25.915268, 93.645937], [25.915273, 93.646154], [25.915253, 93.646327], [25.915198, 93.646543], [25.915138, 93.646693], [25.91505, 93.646906], [25.914833, 93.647308], [25.914751, 93.647441], [25.914658, 93.647537], [25.914578, 93.647586], [25.914509, 93.647601], [25.914424, 93.647654], [25.914282, 93.647796], [25.914198, 93.647867], [25.914039, 93.647955], [25.913539, 93.648091], [25.913399, 93.648139], [25.913064, 93.648296], [25.912993, 93.648352], [25.912855, 93.648493], [25.912797, 93.6486], [25.912715, 93.648738], [25.912665, 93.648879], [25.912588, 93.649044], [25.912418, 93.649365], [25.912276, 93.649681], [25.912107, 93.650063], [25.911955, 93.65039], [25.911791, 93.650671], [25.911583, 93.650989], [25.9114, 93.651275], [25.91125, 93.651525], [25.91113, 93.651748], [25.911001, 93.652002], [25.910875, 93.652272], [25.910868, 93.652286], [25.910765, 93.652548], [25.91068, 93.652832], [25.910585, 93.653165], [25.910523, 93.653447], [25.910481, 93.653697], [25.910428, 93.654089], [25.910393, 93.65439], [25.910363, 93.654716], [25.910346, 93.654849], [25.910329, 93.654982], [25.910305, 93.655099], [25.910269, 93.655198], [25.91021, 93.655284], [25.91013, 93.655354], [25.909991, 93.655453], [25.909763, 93.655592], [25.909566, 93.65574], [25.909457, 93.65585], [25.909345, 93.656002], [25.909227, 93.656198], [25.909049, 93.656503], [25.908727, 93.657079], [25.908583, 93.657319], [25.908465, 93.657496], [25.908335, 93.657676], [25.908159, 93.657907], [25.907953, 93.658173], [25.907708, 93.658457], [25.907366, 93.65886], [25.907117, 93.659166], [25.90702, 93.659317], [25.906981, 93.659388], [25.906915, 93.659515], [25.906844, 93.659672], [25.906795, 93.6598], [25.906755, 93.65997], [25.906726, 93.660132], [25.906724, 93.660318], [25.906734, 93.660529], [25.906764, 93.660704], [25.906809, 93.660931], [25.906876, 93.661274], [25.906919, 93.661451], [25.907044, 93.661768], [25.906987, 93.661878], [25.906923, 93.662041], [25.906858, 93.662208], [25.906683, 93.662566], [25.906102, 93.66369], [25.905885, 93.664114], [25.905707, 93.664482], [25.905618, 93.664685], [25.905562, 93.664852], [25.905523, 93.665008], [25.905448, 93.66548], [25.905399, 93.666067], [25.905368, 93.666373], [25.905332, 93.666617], [25.905295, 93.666808], [25.905245, 93.667022], [25.905147, 93.66761], [25.905076, 93.668111], [25.905025, 93.668507], [25.90499, 93.668819], [25.904971, 93.669148], [25.904961, 93.669461], [25.904967, 93.669716], [25.904961, 93.669969], [25.904934, 93.670143], [25.904892, 93.670259], [25.90483, 93.670357], [25.904764, 93.670425], [25.904676, 93.670481], [25.904507, 93.670535], [25.904377, 93.670553], [25.904209, 93.67056], [25.903955, 93.670533], [25.903778, 93.670529], [25.903658, 93.670532], [25.903544, 93.670552], [25.903427, 93.670591], [25.903306, 93.670649], [25.902944, 93.670841], [25.902808, 93.670944], [25.902688, 93.671054], [25.902578, 93.671187], [25.902489, 93.671325], [25.902373, 93.67161], [25.902297, 93.671784], [25.902188, 93.672013], [25.90213, 93.672209], [25.902094, 93.672424], [25.902073, 93.672612], [25.902061, 93.672759], [25.902065, 93.672943], [25.902074, 93.67316], [25.902085, 93.673381], [25.902101, 93.67374], [25.902135, 93.674393], [25.902142, 93.67488], [25.902148, 93.675243], [25.902148, 93.675269], [25.902147, 93.675469], [25.902137, 93.675694], [25.902129, 93.67611], [25.902125, 93.676444], [25.902128, 93.676826], [25.902144, 93.67707], [25.902179, 93.677255], [25.902268, 93.677521], [25.902341, 93.677655], [25.902392, 93.677715], [25.902486, 93.677788], [25.902589, 93.677838], [25.902773, 93.677898], [25.902937, 93.677932], [25.903034, 93.677964], [25.903109, 93.678005], [25.903179, 93.678087], [25.903217, 93.67815], [25.903261, 93.678301], [25.903299, 93.678474], [25.903388, 93.678829], [25.903436, 93.679001], [25.903551, 93.679334], [25.903674, 93.679664], [25.903882, 93.6802], [25.903906, 93.680277], [25.903978, 93.680508], [25.904031, 93.680761], [25.904063, 93.681045], [25.904051, 93.68134], [25.904012, 93.681592], [25.903937, 93.681799], [25.903797, 93.682011], [25.903667, 93.682222], [25.903573, 93.682491], [25.903527, 93.682791], [25.903477, 93.683306], [25.903449, 93.683593], [25.903425, 93.68371], [25.903346, 93.684006], [25.903255, 93.684223], [25.903148, 93.684341], [25.902994, 93.684454], [25.902825, 93.684537], [25.902731, 93.684583], [25.902458, 93.684671], [25.902215, 93.684762], [25.902072, 93.684821], [25.902016, 93.684856], [25.901948, 93.684898], [25.901852, 93.684978], [25.901761, 93.685102], [25.901684, 93.685218], [25.901599, 93.68529], [25.901509, 93.685328], [25.901419, 93.685351], [25.901368, 93.685363], [25.901198, 93.685395], [25.90109, 93.685413], [25.900966, 93.68545], [25.900855, 93.685507], [25.900759, 93.685585], [25.900669, 93.685689], [25.900622, 93.685786], [25.900603, 93.685909], [25.900602, 93.686031], [25.900637, 93.68616], [25.900713, 93.686318], [25.900745, 93.686369], [25.900847, 93.686525], [25.900924, 93.686668], [25.900964, 93.686779], [25.901007, 93.686946], [25.901051, 93.687142], [25.901064, 93.687293], [25.901067, 93.687417], [25.901049, 93.687567], [25.901013, 93.687721], [25.900982, 93.687879], [25.900972, 93.688012], [25.900984, 93.688111], [25.901023, 93.688204], [25.901094, 93.68829], [25.901188, 93.688355], [25.901301, 93.688416], [25.901428, 93.68846], [25.901566, 93.688501], [25.901692, 93.688526], [25.901861, 93.688559], [25.902173, 93.688622], [25.902469, 93.688682], [25.902678, 93.688724], [25.903068, 93.688805], [25.903204, 93.688843], [25.903331, 93.688889], [25.903421, 93.688937], [25.903522, 93.689014], [25.903626, 93.68913], [25.903717, 93.689254], [25.903797, 93.689373], [25.903831, 93.689432], [25.9039, 93.689552], [25.903958, 93.689687], [25.903994, 93.689808], [25.904012, 93.689916], [25.904015, 93.690025], [25.904001, 93.690123], [25.90396, 93.690234], [25.903873, 93.690396], [25.90379, 93.690551], [25.903659, 93.69075], [25.903528, 93.690965], [25.903144, 93.69157], [25.902847, 93.692061], [25.902707, 93.692299], [25.902613, 93.692501], [25.902521, 93.692763], [25.902422, 93.693075], [25.902258, 93.693638], [25.902221, 93.69379], [25.902121, 93.694213], [25.90206, 93.694523], [25.90201, 93.694823], [25.901964, 93.695159], [25.901943, 93.695329], [25.901925, 93.695473], [25.901879, 93.695741], [25.901824, 93.695986], [25.901773, 93.696159], [25.901736, 93.696309], [25.90172, 93.696439], [25.90172, 93.696551], [25.901762, 93.696878], [25.901797, 93.69718], [25.901824, 93.697402], [25.901849, 93.697565], [25.901887, 93.697708], [25.901935, 93.697878], [25.901986, 93.698027], [25.902064, 93.698212], [25.902181, 93.698431], [25.902311, 93.698675], [25.902417, 93.698863], [25.902515, 93.699039], [25.902636, 93.699246], [25.902744, 93.699457], [25.902883, 93.699722], [25.902901, 93.69976], [25.903004, 93.699973], [25.903156, 93.700263], [25.903256, 93.700456], [25.903312, 93.700553], [25.903338, 93.700598], [25.903416, 93.700708], [25.903468, 93.700783], [25.903553, 93.700881], [25.903655, 93.70099], [25.903771, 93.701101], [25.903873, 93.70118], [25.903976, 93.701249], [25.904134, 93.701343], [25.904492, 93.701534], [25.904789, 93.701711], [25.904872, 93.701761], [25.905375, 93.702044], [25.90561, 93.702179], [25.905982, 93.702395], [25.906199, 93.702509], [25.906334, 93.702571], [25.907117, 93.703011], [25.90774, 93.703438], [25.908016, 93.703638], [25.908298, 93.703858], [25.908524, 93.704089], [25.908695, 93.70431], [25.908868, 93.704531], [25.909209, 93.704968], [25.909534, 93.705355], [25.909792, 93.705711], [25.910084, 93.706252], [25.910191, 93.706468], [25.910422, 93.706931], [25.910493, 93.707186], [25.910523, 93.70746], [25.910539, 93.707632], [25.910541, 93.707868], [25.910528, 93.708033], [25.910503, 93.708586], [25.910497, 93.708938], [25.910453, 93.709285], [25.910399, 93.709718], [25.910351, 93.710065], [25.910299, 93.710343], [25.910271, 93.710484], [25.910186, 93.71078], [25.910011, 93.711321], [25.909853, 93.711806], [25.909839, 93.711893], [25.90983, 93.712], [25.909838, 93.712073], [25.909848, 93.712153], [25.909938, 93.712512], [25.909997, 93.712825], [25.910006, 93.713036], [25.909988, 93.713232], [25.909963, 93.713333], [25.909687, 93.714221], [25.909566, 93.714461], [25.909427, 93.714682], [25.909399, 93.714739], [25.909308, 93.715042], [25.909069, 93.715719], [25.908843, 93.716321], [25.908823, 93.716365], [25.908655, 93.716733], [25.908444, 93.717254], [25.908354, 93.717455], [25.90816, 93.717829], [25.907246, 93.719534], [25.907148, 93.71991], [25.907066, 93.72027], [25.90697, 93.721009], [25.906939, 93.721222], [25.906936, 93.721244], [25.906922, 93.721274], [25.906807, 93.721959], [25.906774, 93.722046], [25.906704, 93.722607], [25.906709, 93.722721], [25.906715, 93.722941], [25.906973, 93.723925], [25.907173, 93.724754], [25.907188, 93.724886], [25.907187, 93.725013], [25.907081, 93.725686], [25.907003, 93.726174], [25.906948, 93.72654], [25.906655, 93.727692], [25.906634, 93.727781], [25.906613, 93.727871], [25.906606, 93.727899], [25.906587, 93.72798], [25.908, 93.728319], [25.906587, 93.72798], [25.906606, 93.727899], [25.906613, 93.727871], [25.906655, 93.727692], [25.906911, 93.727759], [25.907177, 93.727786], [25.907269, 93.727796], [25.908169, 93.728018], [25.908415, 93.72811], [25.908629, 93.728198], [25.908771, 93.728319], [25.908853, 93.728401], [25.908908, 93.728485], [25.908937, 93.728581], [25.908943, 93.728675], [25.908938, 93.728764], [25.908922, 93.728847], [25.908886, 93.728939], [25.908848, 93.729021], [25.908786, 93.729132], [25.908737, 93.729191], [25.908696, 93.729232], [25.908618, 93.729273], [25.908547, 93.729293], [25.907943, 93.729424], [25.90784, 93.729447], [25.907732, 93.729475], [25.907653, 93.729514], [25.907587, 93.729572], [25.907469, 93.729701], [25.907443, 93.729741], [25.90742, 93.729793], [25.907389, 93.729875], [25.907255, 93.73065], [25.907236, 93.730783], [25.907168, 93.731156], [25.907127, 93.731384], [25.907088, 93.731594], [25.90698, 93.732143], [25.906903, 93.732514], [25.906692, 93.733555], [25.906557, 93.735056], [25.906465, 93.73636], [25.906406, 93.736846], [25.906377, 93.737334], [25.90636, 93.737605], [25.906317, 93.73858], [25.906311, 93.7387], [25.906283, 93.738986], [25.906212, 93.739699], [25.906132, 93.740534], [25.906094, 93.740894], [25.906029, 93.741341], [25.90604, 93.74146], [25.906124, 93.742216], [25.906149, 93.742306], [25.906317, 93.742906], [25.906821, 93.744707], [25.906866, 93.744868], [25.907114, 93.745749], [25.907137, 93.745834], [25.907165, 93.746002], [25.907193, 93.746229], [25.907216, 93.746448], [25.907217, 93.747137], [25.907228, 93.747243], [25.907196, 93.747274], [25.907112, 93.747365], [25.90708, 93.747407], [25.907044, 93.747454], [25.906923, 93.747588], [25.906804, 93.747701], [25.906688, 93.7478], [25.906638, 93.747879], [25.906319, 93.748061], [25.906265, 93.748099], [25.905754, 93.748465], [25.905152, 93.748905], [25.904276, 93.749524], [25.903481, 93.750093], [25.903014, 93.750426], [25.902864, 93.750555], [25.902425, 93.750864], [25.901626, 93.751461], [25.901201, 93.751824], [25.900531, 93.752276], [25.899787, 93.752873], [25.89969, 93.752947], [25.8991, 93.753399], [25.89861, 93.753823], [25.898024, 93.754268], [25.897667, 93.754543], [25.897158, 93.754918], [25.896751, 93.755223], [25.896627, 93.755307], [25.89647, 93.755389], [25.896386, 93.755432], [25.89629, 93.755482], [25.896052, 93.755597], [25.895164, 93.755997], [25.894939, 93.756097], [25.894607, 93.756244], [25.894127, 93.756458], [25.893855, 93.756581], [25.893362, 93.756804], [25.892934, 93.757], [25.892682, 93.757115], [25.892542, 93.757175], [25.892038, 93.757391], [25.891762, 93.757517], [25.891268, 93.757743], [25.890952, 93.757891], [25.890205, 93.75824], [25.88954, 93.758555], [25.888591, 93.759009], [25.888049, 93.759282], [25.887551, 93.759505], [25.887374, 93.759585], [25.887209, 93.759655], [25.886911, 93.759781], [25.886467, 93.759964], [25.885932, 93.760186], [25.885679, 93.760285], [25.885426, 93.760379], [25.88502, 93.76053], [25.884605, 93.760693], [25.884154, 93.760873], [25.883886, 93.760975], [25.883851, 93.760988], [25.883717, 93.761039], [25.883148, 93.76124], [25.882584, 93.761441], [25.882486, 93.761476], [25.881972, 93.761656], [25.881627, 93.761779], [25.880973, 93.762007], [25.879714, 93.762439], [25.878927, 93.762686], [25.878146, 93.762933], [25.877358, 93.763196], [25.87619, 93.763572], [25.875346, 93.763826], [25.874672, 93.764045], [25.873893, 93.764293], [25.873229, 93.764512], [25.872972, 93.764593], [25.87234, 93.764793], [25.871286, 93.76512], [25.870657, 93.765336], [25.869892, 93.765574], [25.869243, 93.765805], [25.868545, 93.766009], [25.86764, 93.766294], [25.867372, 93.766382], [25.866896, 93.766511], [25.866235, 93.766707], [25.865924, 93.766805], [25.865023, 93.767053], [25.864435, 93.767222], [25.863995, 93.767353], [25.863779, 93.767427], [25.863076, 93.767637], [25.862414, 93.767814], [25.8617, 93.768024], [25.860983, 93.768228], [25.859984, 93.768522], [25.85933, 93.768702], [25.858157, 93.769035], [25.857959, 93.769099], [25.85773, 93.769166], [25.857425, 93.769255], [25.856817, 93.769442], [25.856134, 93.769644], [25.85566, 93.769788], [25.855516, 93.769831], [25.854343, 93.770185], [25.853766, 93.770349], [25.853037, 93.770572], [25.852173, 93.770845], [25.851602, 93.771017], [25.851369, 93.771087], [25.85052, 93.771323], [25.849873, 93.771519], [25.849306, 93.771698], [25.848803, 93.771843], [25.848321, 93.771991], [25.847823, 93.772138], [25.847418, 93.772259], [25.846979, 93.772398], [25.846433, 93.772565], [25.845999, 93.772699], [25.8456, 93.772811], [25.845321, 93.772897], [25.844893, 93.773026], [25.84436, 93.773187], [25.844053, 93.773278], [25.84336, 93.77349], [25.842839, 93.773651], [25.842216, 93.773831], [25.841551, 93.774038], [25.840889, 93.774245], [25.840154, 93.774466], [25.839568, 93.774649], [25.839097, 93.774796], [25.838906, 93.774855], [25.838486, 93.774989], [25.838197, 93.775072], [25.837557, 93.775263], [25.837388, 93.775314], [25.83641, 93.775625], [25.835807, 93.775823], [25.835304, 93.775984], [25.834892, 93.776108], [25.834568, 93.77621], [25.833641, 93.776462], [25.833073, 93.776613], [25.832474, 93.776799], [25.832398, 93.776823], [25.831869, 93.776988], [25.8315, 93.777103], [25.831254, 93.777181], [25.83043, 93.77743], [25.829943, 93.777578], [25.829711, 93.777648], [25.829117, 93.777827], [25.828951, 93.777879], [25.828265, 93.778093], [25.827231, 93.778412], [25.826531, 93.77864], [25.82587, 93.778841], [25.825535, 93.778939], [25.825131, 93.779058], [25.824541, 93.779234], [25.824168, 93.779361], [25.824124, 93.779375], [25.823894, 93.779446], [25.823651, 93.779542], [25.823428, 93.779635], [25.823134, 93.77978], [25.822806, 93.779941], [25.822713, 93.779987], [25.822436, 93.780124], [25.82218, 93.780256], [25.82181, 93.780448], [25.821485, 93.780608], [25.821381, 93.780659], [25.820925, 93.780879], [25.820336, 93.781166], [25.82001, 93.781329], [25.819761, 93.781453], [25.819259, 93.7817], [25.819104, 93.781783], [25.818598, 93.782052], [25.818067, 93.782346], [25.817883, 93.782455], [25.817615, 93.782635], [25.817287, 93.782864], [25.816705, 93.78328], [25.816292, 93.783578], [25.815854, 93.783901], [25.815051, 93.784474], [25.814683, 93.784744], [25.814027, 93.785233], [25.813656, 93.785503], [25.813261, 93.785791], [25.812822, 93.786105], [25.812788, 93.786129], [25.812485, 93.786349], [25.812201, 93.786555], [25.811668, 93.786939], [25.811653, 93.786949], [25.811117, 93.787346], [25.810531, 93.787759], [25.810321, 93.787914], [25.810194, 93.788008], [25.810026, 93.788132], [25.809528, 93.788513], [25.809117, 93.78883], [25.808683, 93.789162], [25.80861, 93.789221], [25.808499, 93.789311], [25.808215, 93.789575], [25.807841, 93.789987], [25.807349, 93.790427], [25.806785, 93.790978], [25.80615, 93.791611], [25.806063, 93.791698], [25.805798, 93.791962], [25.805762, 93.791997], [25.805141, 93.792598], [25.804673, 93.793038], [25.804547, 93.793105], [25.804361, 93.793302], [25.804167, 93.793513], [25.804106, 93.793567], [25.804025, 93.793637], [25.803942, 93.793692], [25.80387, 93.793722], [25.803767, 93.793734], [25.803657, 93.793727], [25.803535, 93.79371], [25.80339, 93.793674], [25.803243, 93.793628], [25.802941, 93.793513], [25.802806, 93.79346], [25.802679, 93.793411], [25.802545, 93.793372], [25.802336, 93.793338], [25.802183, 93.79332], [25.802069, 93.793315], [25.80196, 93.793328], [25.801852, 93.793358], [25.801749, 93.793413], [25.80163, 93.793493], [25.801473, 93.793597], [25.80127, 93.793723], [25.801125, 93.793813], [25.800972, 93.793919], [25.800886, 93.793993], [25.800809, 93.794077], [25.800722, 93.794202], [25.800642, 93.794341], [25.800537, 93.794556], [25.80052, 93.794591], [25.800439, 93.794785], [25.800404, 93.794868], [25.800245, 93.795286], [25.800133, 93.795587], [25.800064, 93.795732], [25.800006, 93.795838], [25.799938, 93.795931], [25.799845, 93.796028], [25.799836, 93.796038], [25.79967, 93.796199], [25.799541, 93.796332], [25.799402, 93.796475], [25.799201, 93.796721], [25.799029, 93.796946], [25.798838, 93.797195], [25.79866, 93.797386], [25.798469, 93.797571], [25.798264, 93.797756], [25.798003, 93.798008], [25.797769, 93.798255], [25.797469, 93.798579], [25.79724, 93.798815], [25.797078, 93.798998], [25.79696, 93.799175], [25.796822, 93.799424], [25.796682, 93.799717], [25.796554, 93.799993], [25.796413, 93.800261], [25.796363, 93.800375], [25.796301, 93.800488], [25.796228, 93.800591], [25.796193, 93.800676], [25.796189, 93.800723], [25.796206, 93.800769], [25.796248, 93.800825], [25.796573, 93.80141], [25.796612, 93.801503], [25.796673, 93.801612], [25.796522, 93.801962], [25.796493, 93.802296], [25.796552, 93.802627], [25.796666, 93.803035], [25.796734, 93.803404], [25.796745, 93.803808], [25.796715, 93.804068], [25.796601, 93.804364], [25.796458, 93.804603], [25.796282, 93.804789], [25.796078, 93.804958], [25.794625, 93.805812], [25.794429, 93.805882], [25.794224, 93.805884], [25.794015, 93.805884], [25.793798, 93.805844], [25.793498, 93.805766], [25.793182, 93.805639], [25.792938, 93.805485], [25.792691, 93.805271], [25.792434, 93.804984], [25.792236, 93.804694], [25.792011, 93.804257], [25.791928, 93.803986], [25.791928, 93.803692], [25.791968, 93.803443], [25.79209, 93.803232], [25.792133, 93.80317], [25.792318, 93.802932], [25.792621, 93.802605], [25.792754, 93.802344], [25.792754, 93.802096], [25.792648, 93.801877], [25.792454, 93.801731], [25.792302, 93.801699], [25.792067, 93.801725], [25.791758, 93.801821], [25.791377, 93.801927], [25.791096, 93.802052], [25.790593, 93.802294], [25.790298, 93.802388], [25.790035, 93.802387], [25.78978, 93.802305], [25.789606, 93.802218], [25.789455, 93.802016], [25.789402, 93.801869], [25.789374, 93.801659], [25.789396, 93.801384], [25.789553, 93.800972], [25.789597, 93.800768], [25.789606, 93.800435], [25.789532, 93.800244], [25.789402, 93.800077], [25.789178, 93.799938], [25.788816, 93.799819], [25.788533, 93.79981], [25.78836, 93.799864], [25.788171, 93.800041], [25.78787, 93.800332], [25.787384, 93.800885], [25.787155, 93.801241], [25.787005, 93.8015], [25.786865, 93.801707], [25.78665, 93.801949], [25.786345, 93.802175], [25.786085, 93.802319], [25.785865, 93.802346], [25.785608, 93.802327], [25.785451, 93.802261], [25.785307, 93.802129], [25.78521, 93.802006], [25.785085, 93.801696], [25.784927, 93.801093], [25.784799, 93.800531], [25.784703, 93.800296], [25.784534, 93.800204], [25.784356, 93.800209], [25.784168, 93.800324], [25.783882, 93.80064], [25.783363, 93.801486], [25.783077, 93.801883], [25.782726, 93.802134], [25.782465, 93.802176], [25.782153, 93.80209], [25.781894, 93.801926], [25.781668, 93.801681], [25.781356, 93.801352], [25.781158, 93.80114], [25.780804, 93.801002], [25.780002, 93.800794], [25.779783, 93.800853], [25.779623, 93.80099], [25.779323, 93.801391], [25.778741, 93.802312], [25.77845, 93.802666], [25.778207, 93.802848], [25.77775, 93.802998], [25.777306, 93.803012], [25.776542, 93.802935], [25.776226, 93.802935], [25.775986, 93.803058], [25.775235, 93.803863], [25.774857, 93.804205], [25.7746, 93.804432], [25.7744, 93.804526], [25.774141, 93.804628], [25.773849, 93.804748], [25.773656, 93.804848], [25.773504, 93.80495], [25.773349, 93.805078], [25.773195, 93.805247], [25.772966, 93.805503], [25.77283, 93.805655], [25.772736, 93.80577], [25.772668, 93.805878], [25.772638, 93.805951], [25.772611, 93.806067], [25.772608, 93.806165], [25.772612, 93.806377], [25.772615, 93.806548], [25.772608, 93.806678], [25.772591, 93.806772], [25.77257, 93.806837], [25.772474, 93.807011], [25.772376, 93.807132], [25.772161, 93.80735], [25.7719, 93.807608], [25.771378, 93.808023], [25.771144, 93.808227], [25.770965, 93.808404], [25.770852, 93.808529], [25.77073, 93.808658], [25.770621, 93.808741], [25.77047, 93.80882], [25.770303, 93.808895], [25.770133, 93.808977], [25.769998, 93.809055], [25.769908, 93.809136], [25.769838, 93.809234], [25.769783, 93.809359], [25.769745, 93.809536], [25.769724, 93.809788], [25.769721, 93.81003], [25.769728, 93.810295], [25.769782, 93.810647], [25.769941, 93.811349], [25.769984, 93.811597], [25.770001, 93.811746], [25.769998, 93.811864], [25.769976, 93.811985], [25.769914, 93.812175], [25.769846, 93.812346], [25.769779, 93.8125], [25.769743, 93.812623], [25.769726, 93.812764], [25.769731, 93.81291], [25.769765, 93.813044], [25.769854, 93.813235], [25.769924, 93.813331], [25.770083, 93.8135], [25.770219, 93.813648], [25.770337, 93.813769], [25.77042, 93.813871], [25.7705, 93.813991], [25.770574, 93.81415], [25.770657, 93.814372], [25.770757, 93.814665], [25.770868, 93.815008], [25.770953, 93.815222], [25.771122, 93.815555], [25.771378, 93.816091], [25.771442, 93.816258], [25.771484, 93.816413], [25.771503, 93.816562], [25.771498, 93.81672], [25.771486, 93.816769], [25.77147, 93.816833], [25.771428, 93.816911], [25.771346, 93.817005], [25.771243, 93.81708], [25.771105, 93.817159], [25.77069, 93.817328], [25.770141, 93.817521], [25.769948, 93.817618], [25.76976, 93.817762], [25.769641, 93.817899], [25.769545, 93.818063], [25.769458, 93.818277], [25.769404, 93.818434], [25.769378, 93.818511], [25.769267, 93.818792], [25.769141, 93.819085], [25.769047, 93.819299], [25.768936, 93.819533], [25.768847, 93.819696], [25.768682, 93.819954], [25.768458, 93.820289], [25.768144, 93.820788], [25.768103, 93.820859], [25.767868, 93.821265], [25.767487, 93.821966], [25.767299, 93.822298], [25.767211, 93.822454], [25.766839, 93.823124], [25.766487, 93.823757], [25.76625, 93.824162], [25.766079, 93.824471], [25.765948, 93.824744], [25.765798, 93.82508], [25.765453, 93.825865], [25.765221, 93.82638], [25.765016, 93.826802], [25.76481, 93.827166], [25.764639, 93.827456], [25.764373, 93.827826], [25.764115, 93.828164], [25.763977, 93.828376], [25.763806, 93.828687], [25.76368, 93.828993], [25.763523, 93.829553], [25.763335, 93.830168], [25.763204, 93.830567], [25.763122, 93.830747], [25.76301, 93.830974], [25.762914, 93.831128], [25.762798, 93.831289], [25.76268, 93.831431], [25.762542, 93.831584], [25.762414, 93.831737], [25.762347, 93.831841], [25.762305, 93.831906], [25.762258, 93.831998], [25.762233, 93.832048], [25.762153, 93.832217], [25.762042, 93.832574], [25.76188, 93.833078], [25.761726, 93.833561], [25.761607, 93.833875], [25.761506, 93.834156], [25.761481, 93.834211], [25.761463, 93.834253], [25.761397, 93.8344], [25.761216, 93.834672], [25.761083, 93.834827], [25.760936, 93.834966], [25.760837, 93.835041], [25.760726, 93.835103], [25.760598, 93.835178], [25.760445, 93.83528], [25.760376, 93.835342], [25.76032, 93.835393], [25.760129, 93.835575], [25.760028, 93.835701], [25.759928, 93.835873], [25.75981, 93.836109], [25.759699, 93.836377], [25.759515, 93.836854], [25.759337, 93.83731], [25.759163, 93.837699], [25.759047, 93.837926], [25.759035, 93.837951], [25.758878, 93.838241], [25.758783, 93.838391], [25.758663, 93.83856], [25.758532, 93.838759], [25.758375, 93.83904], [25.758119, 93.839531], [25.758055, 93.839668], [25.75795, 93.839891], [25.757795, 93.840205], [25.757705, 93.84045], [25.757617, 93.840717], [25.757409, 93.841315], [25.757141, 93.842067], [25.757066, 93.842278], [25.7568, 93.843042], [25.756621, 93.84352], [25.756525, 93.843804], [25.756474, 93.844029], [25.756444, 93.84434], [25.756438, 93.84455], [25.756434, 93.844703], [25.756459, 93.844926], [25.756531, 93.845146], [25.756712, 93.845545], [25.756941, 93.845953], [25.75702, 93.846089], [25.7571, 93.846256], [25.757182, 93.846422], [25.757353, 93.846738], [25.757549, 93.847192], [25.757623, 93.847377], [25.757672, 93.847523], [25.757704, 93.847644], [25.757724, 93.847747], [25.757753, 93.847886], [25.757776, 93.848008], [25.757791, 93.848135], [25.757834, 93.848488], [25.757904, 93.848761], [25.75799, 93.849022], [25.758111, 93.849466], [25.758214, 93.849854], [25.758258, 93.85014], [25.758276, 93.85042], [25.758284, 93.850893], [25.758332, 93.85166], [25.758339, 93.852116], [25.75831, 93.852494], [25.758293, 93.852773], [25.758259, 93.853047], [25.758245, 93.853371], [25.758266, 93.853594], [25.758385, 93.85398], [25.758508, 93.854393], [25.758544, 93.854898], [25.758571, 93.855769], [25.758585, 93.856207], [25.758621, 93.857141], [25.758694, 93.857656], [25.758837, 93.858249], [25.759262, 93.859598], [25.759879, 93.861483], [25.760015, 93.861684], [25.760126, 93.861757], [25.76031, 93.861777], [25.7605, 93.861783], [25.760685, 93.861868], [25.761204, 93.862299], [25.761263, 93.862402], [25.761274, 93.862512], [25.761193, 93.862708], [25.761084, 93.862973], [25.761043, 93.863261], [25.761014, 93.863646], [25.761059, 93.864012], [25.761234, 93.864598], [25.761388, 93.865194], [25.761457, 93.865635], [25.761524, 93.865951], [25.761633, 93.866145], [25.761744, 93.86632], [25.761929, 93.866576], [25.76204, 93.86675], [25.762109, 93.866905], [25.76213, 93.8671], [25.762099, 93.867434], [25.76197, 93.867972], [25.761878, 93.868423], [25.761923, 93.868678], [25.76209, 93.869059], [25.762739, 93.870075], [25.762841, 93.870285], [25.762877, 93.870469], [25.762887, 93.87064], [25.762851, 93.870855], [25.762749, 93.871094], [25.7626, 93.871398], [25.762476, 93.871686], [25.762381, 93.872029], [25.762358, 93.872379], [25.762324, 93.873136], [25.762262, 93.873876], [25.762253, 93.874332], [25.762343, 93.874757], [25.762395, 93.875048], [25.762389, 93.875375], [25.762336, 93.875821], [25.762206, 93.876736], [25.762171, 93.877155], [25.762218, 93.877553], [25.762282, 93.878028], [25.76228, 93.878191], [25.762239, 93.87842], [25.762176, 93.878578], [25.76216, 93.878618], [25.762036, 93.87891], [25.761991, 93.879106], [25.761943, 93.879569], [25.761772, 93.880146], [25.761808, 93.880333], [25.761858, 93.88044], [25.761988, 93.880612], [25.762175, 93.880859], [25.762215, 93.880964], [25.762256, 93.881278], [25.762304, 93.881599], [25.762284, 93.881832], [25.76223, 93.882104], [25.762161, 93.882441], [25.762139, 93.882536], [25.762109, 93.882668], [25.761998, 93.883019], [25.761915, 93.883378], [25.761899, 93.88351], [25.761882, 93.883659], [25.761874, 93.883952], [25.761909, 93.884308], [25.761951, 93.884563], [25.761959, 93.884659], [25.761976, 93.884868], [25.761942, 93.885153], [25.761922, 93.885303], [25.761834, 93.885954], [25.761795, 93.886356], [25.761782, 93.886493], [25.761751, 93.886931], [25.761763, 93.887189], [25.761811, 93.887364], [25.761859, 93.887504], [25.761906, 93.88764], [25.76204, 93.888006], [25.762114, 93.888281], [25.762022, 93.888341], [25.76194, 93.888395], [25.761542, 93.888428], [25.761197, 93.888457], [25.761045, 93.888463], [25.760624, 93.888422], [25.760579, 93.888451], [25.760344, 93.88851], [25.760299, 93.888509], [25.760279, 93.888508], [25.760202, 93.888463], [25.760015, 93.888284], [25.759766, 93.888154], [25.759557, 93.888057], [25.759341, 93.887987], [25.759247, 93.887965], [25.759155, 93.887943], [25.75896, 93.88791], [25.758887, 93.887914], [25.758682, 93.887996], [25.758371, 93.888122], [25.758129, 93.888207], [25.757908, 93.88829], [25.757847, 93.888313], [25.75779, 93.888338], [25.757657, 93.888398], [25.757474, 93.8885], [25.75729, 93.888612], [25.757228, 93.888759], [25.757106, 93.889013], [25.756845, 93.889449], [25.756559, 93.889895], [25.756479, 93.889974], [25.756289, 93.890136], [25.756143, 93.890247], [25.75606, 93.890372], [25.755859, 93.890718], [25.755721, 93.89089], [25.755622, 93.891017], [25.755571, 93.89111], [25.755528, 93.891212], [25.755479, 93.891349], [25.755472, 93.891375], [25.755444, 93.891498], [25.755388, 93.89178], [25.755362, 93.891935], [25.755315, 93.892113], [25.755252, 93.892259], [25.755133, 93.892517], [25.755061, 93.892642], [25.755021, 93.892687], [25.754985, 93.892717], [25.754939, 93.892742], [25.754883, 93.892755], [25.75478, 93.892764], [25.754668, 93.892785], [25.754605, 93.892801], [25.75456, 93.892823], [25.754473, 93.892869], [25.754424, 93.892904], [25.754363, 93.892957], [25.754316, 93.893007], [25.754263, 93.893067], [25.754239, 93.893091], [25.754204, 93.893124], [25.754149, 93.893208], [25.753944, 93.893554], [25.75391, 93.893612], [25.753705, 93.894019], [25.753458, 93.894554], [25.753323, 93.894862], [25.753198, 93.895092], [25.753087, 93.895348], [25.753039, 93.89548], [25.753, 93.895552], [25.752938, 93.895756], [25.752892, 93.895942], [25.752853, 93.896061], [25.752743, 93.896314], [25.752665, 93.896428], [25.752569, 93.896521], [25.752424, 93.896606], [25.75225, 93.896686], [25.752077, 93.896783], [25.751953, 93.896853], [25.751839, 93.896938], [25.751732, 93.896996], [25.75183, 93.897192], [25.751864, 93.897323], [25.751871, 93.89771], [25.751825, 93.897953], [25.751757, 93.898147], [25.751757, 93.898147], [25.751825, 93.897953], [25.751871, 93.89771], [25.751864, 93.897323], [25.75183, 93.897192], [25.751732, 93.896996], [25.751839, 93.896938], [25.751953, 93.896853], [25.752077, 93.896783], [25.75225, 93.896686], [25.752424, 93.896606], [25.752569, 93.896521], [25.752665, 93.896428], [25.752743, 93.896314], [25.752853, 93.896061], [25.752892, 93.895942], [25.752938, 93.895756], [25.753, 93.895552], [25.753039, 93.89548], [25.753087, 93.895348], [25.753198, 93.895092], [25.753323, 93.894862], [25.753458, 93.894554], [25.753705, 93.894019], [25.75391, 93.893612], [25.753944, 93.893554], [25.754149, 93.893208], [25.754204, 93.893124], [25.754239, 93.893091], [25.754263, 93.893067], [25.754316, 93.893007], [25.754363, 93.892957], [25.754424, 93.892904], [25.754473, 93.892869], [25.75456, 93.892823], [25.754605, 93.892801], [25.754668, 93.892785], [25.75478, 93.892764], [25.754883, 93.892755], [25.754939, 93.892742], [25.754985, 93.892717], [25.755021, 93.892687], [25.755061, 93.892642], [25.755133, 93.892517], [25.755252, 93.892259], [25.755315, 93.892113], [25.755362, 93.891935], [25.755388, 93.89178], [25.755444, 93.891498], [25.755472, 93.891375], [25.755479, 93.891349], [25.755528, 93.891212], [25.755571, 93.89111], [25.755622, 93.891017], [25.755721, 93.89089], [25.755859, 93.890718], [25.75606, 93.890372], [25.756143, 93.890247], [25.756289, 93.890136], [25.756479, 93.889974], [25.756559, 93.889895], [25.756845, 93.889449], [25.757106, 93.889013], [25.757228, 93.888759], [25.75729, 93.888612], [25.757474, 93.8885], [25.757657, 93.888398], [25.75779, 93.888338], [25.757847, 93.888313], [25.757908, 93.88829], [25.758129, 93.888207], [25.758371, 93.888122], [25.758682, 93.887996], [25.758887, 93.887914], [25.75896, 93.88791], [25.759155, 93.887943], [25.759247, 93.887965], [25.759341, 93.887987], [25.759557, 93.888057], [25.759766, 93.888154], [25.760015, 93.888284], [25.760202, 93.888463], [25.760279, 93.888508], [25.760299, 93.888509], [25.760344, 93.88851], [25.760579, 93.888451], [25.760624, 93.888422], [25.761045, 93.888463], [25.761197, 93.888457], [25.761542, 93.888428], [25.76194, 93.888395], [25.762022, 93.888341], [25.762114, 93.888281], [25.762134, 93.888483], [25.762157, 93.888758], [25.762279, 93.889128], [25.762334, 93.889213], [25.762402, 93.889319], [25.76275, 93.889587], [25.762888, 93.889734], [25.762921, 93.889893], [25.762889, 93.890021], [25.762846, 93.890059], [25.762656, 93.890226], [25.762344, 93.89047], [25.762175, 93.890652], [25.762166, 93.890809], [25.762204, 93.891006], [25.762288, 93.89118], [25.76241, 93.891398], [25.762508, 93.891526], [25.762727, 93.891676], [25.763142, 93.891845], [25.763549, 93.892087], [25.763663, 93.892231], [25.763677, 93.892397], [25.763595, 93.892564], [25.763414, 93.892743], [25.763236, 93.892923], [25.763156, 93.893095], [25.763101, 93.893335], [25.763093, 93.893609], [25.763107, 93.893769], [25.76316, 93.893925], [25.763256, 93.89411], [25.763409, 93.894252], [25.764332, 93.89478], [25.764655, 93.895003], [25.764707, 93.895146], [25.764697, 93.895333], [25.764625, 93.895455], [25.764435, 93.895583], [25.764173, 93.895615], [25.763935, 93.895661], [25.763733, 93.89576], [25.763555, 93.895948], [25.763355, 93.896168], [25.763236, 93.896342], [25.763215, 93.89648], [25.763236, 93.896594], [25.763299, 93.89668], [25.763488, 93.89678], [25.76379, 93.896917], [25.764003, 93.897087], [25.764174, 93.897268], [25.764296, 93.897504], [25.764438, 93.897831], [25.764615, 93.898183], [25.764946, 93.898599], [25.765245, 93.899019], [25.765394, 93.899235], [25.765518, 93.899362], [25.765714, 93.899381], [25.765911, 93.899385], [25.766304, 93.899343], [25.766539, 93.899308], [25.766845, 93.899217], [25.767517, 93.898887], [25.767648, 93.898747], [25.76772, 93.8986], [25.767799, 93.898369], [25.767896, 93.898168], [25.768026, 93.89802], [25.768207, 93.897964], [25.7684, 93.897972], [25.768768, 93.898131], [25.769069, 93.898236], [25.769405, 93.898279], [25.769795, 93.898321], [25.769904, 93.898354], [25.770037, 93.898467], [25.770106, 93.898613], [25.770124, 93.898831], [25.770078, 93.89918], [25.77002, 93.89973], [25.769945, 93.899927], [25.769793, 93.900155], [25.769483, 93.900493], [25.769395, 93.900648], [25.769379, 93.900794], [25.769409, 93.900971], [25.769498, 93.901132], [25.769615, 93.901202], [25.76979, 93.901232], [25.769968, 93.901173], [25.770158, 93.901062], [25.770385, 93.900874], [25.770655, 93.900758], [25.771016, 93.900664], [25.771317, 93.900681], [25.77147, 93.900741], [25.77164, 93.900838], [25.771929, 93.901131], [25.772281, 93.901547], [25.772357, 93.901716], [25.772408, 93.901981], [25.772443, 93.902358], [25.772499, 93.902656], [25.772609, 93.902881], [25.772941, 93.903335], [25.773103, 93.903603], [25.77319, 93.903853], [25.773311, 93.904369], [25.773449, 93.904806], [25.773461, 93.904976], [25.773407, 93.905146], [25.773295, 93.905287], [25.773125, 93.905331], [25.77222, 93.905446], [25.772096, 93.9055], [25.77199, 93.90561], [25.771918, 93.905836], [25.771843, 93.906112], [25.771712, 93.906276], [25.771534, 93.906388], [25.771291, 93.906437], [25.771183, 93.906517], [25.771125, 93.906647], [25.771145, 93.906786], [25.771259, 93.906973], [25.771588, 93.907416], [25.772195, 93.908034], [25.772725, 93.908449], [25.77292, 93.908674], [25.77301, 93.908908], [25.773023, 93.909164], [25.772912, 93.909808], [25.772856, 93.910287], [25.772896, 93.910964], [25.772971, 93.911998], [25.772986, 93.912182], [25.77303, 93.912351], [25.773153, 93.912689], [25.773471, 93.913432], [25.773574, 93.91369], [25.77364, 93.913792], [25.773757, 93.91391], [25.774051, 93.914095], [25.774239, 93.9142], [25.774371, 93.914341], [25.774435, 93.914488], [25.774456, 93.914688], [25.774459, 93.914946], [25.774515, 93.915108], [25.774624, 93.915303], [25.774782, 93.915456], [25.775104, 93.915734], [25.775261, 93.915936], [25.775322, 93.916128], [25.775366, 93.916482], [25.775401, 93.917119], [25.775458, 93.917495], [25.775542, 93.917761], [25.77563, 93.918032], [25.775666, 93.91818], [25.775677, 93.918383], [25.775656, 93.918567], [25.775493, 93.918919], [25.775372, 93.919201], [25.775371, 93.91945], [25.775408, 93.919695], [25.775486, 93.919911], [25.775505, 93.919997], [25.775538, 93.920153], [25.775557, 93.920239], [25.775524, 93.920499], [25.775521, 93.920672], [25.77555, 93.920907], [25.775663, 93.921138], [25.775779, 93.921274], [25.775959, 93.921372], [25.776215, 93.921464], [25.776388, 93.921585], [25.776534, 93.92177], [25.776658, 93.92196], [25.776753, 93.922086], [25.776899, 93.922212], [25.777384, 93.922484], [25.777731, 93.922618], [25.778066, 93.922757], [25.778224, 93.922894], [25.778326, 93.923047], [25.778363, 93.923175], [25.778354, 93.92338], [25.778295, 93.923629], [25.778243, 93.923893], [25.778225, 93.924023], [25.778239, 93.924178], [25.778297, 93.924334], [25.778574, 93.924754], [25.778771, 93.925037], [25.778913, 93.925338], [25.778955, 93.925442], [25.779173, 93.926128], [25.77923, 93.926399], [25.779206, 93.926633], [25.779152, 93.926782], [25.77904, 93.926933], [25.778899, 93.92707], [25.77876, 93.927134], [25.778542, 93.927178], [25.778326, 93.92722], [25.778142, 93.927288], [25.778002, 93.927399], [25.777894, 93.92752], [25.777821, 93.927753], [25.777746, 93.928095], [25.777637, 93.928393], [25.777582, 93.928496], [25.777511, 93.928629], [25.777345, 93.928877], [25.776838, 93.9294], [25.776356, 93.929839], [25.775947, 93.930316], [25.775881, 93.930427], [25.775842, 93.930493], [25.775767, 93.930771], [25.775698, 93.931062], [25.775615, 93.931231], [25.775507, 93.931369], [25.775351, 93.931484], [25.775228, 93.931645], [25.775167, 93.93187], [25.775093, 93.932212], [25.775, 93.932482], [25.774852, 93.932692], [25.774746, 93.932796], [25.774567, 93.932913], [25.774392, 93.932996], [25.774254, 93.932997], [25.77408, 93.932985], [25.773917, 93.932911], [25.773733, 93.932729], [25.773511, 93.93257], [25.773304, 93.932491], [25.773171, 93.932477], [25.772946, 93.932504], [25.772648, 93.932597], [25.772412, 93.932643], [25.771407, 93.932562], [25.771076, 93.932543], [25.770888, 93.932559], [25.770745, 93.9326], [25.770622, 93.932703], [25.770544, 93.932843], [25.77051, 93.933023], [25.770547, 93.933222], [25.770701, 93.933536], [25.770897, 93.933977], [25.770923, 93.934215], [25.7709, 93.934473], [25.770763, 93.934995], [25.770569, 93.935556], [25.770252, 93.936293], [25.770025, 93.936824], [25.769912, 93.937133], [25.769893, 93.937377], [25.769967, 93.937701], [25.770031, 93.938018], [25.770045, 93.938275], [25.770016, 93.938574], [25.769873, 93.939052], [25.769835, 93.939346], [25.769844, 93.939735], [25.769861, 93.940242], [25.769848, 93.94059], [25.769792, 93.940739], [25.769688, 93.940874], [25.76947, 93.940925], [25.769283, 93.940863], [25.769076, 93.940585], [25.768433, 93.939705], [25.768251, 93.939551], [25.767978, 93.939425], [25.767773, 93.939426], [25.767432, 93.939492], [25.767174, 93.93957], [25.766541, 93.939777], [25.766393, 93.939904], [25.76626, 93.940115], [25.766182, 93.940417], [25.766167, 93.940932], [25.766094, 93.941196], [25.765953, 93.941451], [25.765635, 93.941909], [25.765426, 93.942142], [25.76523, 93.942224], [25.765058, 93.942221], [25.764812, 93.942188], [25.76457, 93.942184], [25.764387, 93.942275], [25.764178, 93.94253], [25.763816, 93.942943], [25.763642, 93.943062], [25.763334, 93.943111], [25.76314, 93.943141], [25.762955, 93.943268], [25.762843, 93.943506], [25.762838, 93.9438], [25.762915, 93.944065], [25.763105, 93.94434], [25.763694, 93.944965], [25.764072, 93.9454], [25.764217, 93.945701], [25.764253, 93.945939], [25.764229, 93.946261], [25.764082, 93.946566], [25.763731, 93.947032], [25.763572, 93.947206], [25.76345, 93.947284], [25.763292, 93.947318], [25.763085, 93.947312], [25.762899, 93.947264], [25.762738, 93.947155], [25.762425, 93.946863], [25.762274, 93.946778], [25.762174, 93.94675], [25.762055, 93.946744], [25.76189, 93.946782], [25.761459, 93.946946], [25.761213, 93.947048], [25.761125, 93.947076], [25.760966, 93.947128], [25.760716, 93.947174], [25.760449, 93.947181], [25.76014, 93.947179], [25.759581, 93.947272], [25.759343, 93.947307], [25.759078, 93.947315], [25.758943, 93.947323], [25.758776, 93.947381], [25.758618, 93.947481], [25.758374, 93.947662], [25.75793, 93.94812], [25.757649, 93.948433], [25.757514, 93.948617], [25.757429, 93.948806], [25.757398, 93.948968], [25.757395, 93.949185], [25.757436, 93.949351], [25.757569, 93.949691], [25.757964, 93.950459], [25.758099, 93.950794], [25.758135, 93.951038], [25.758109, 93.951276], [25.758054, 93.951486], [25.757948, 93.951741], [25.757854, 93.951879], [25.757706, 93.952022], [25.75749, 93.952157], [25.757287, 93.952317], [25.757201, 93.952414], [25.757133, 93.952532], [25.757092, 93.95265], [25.757076, 93.952864], [25.757113, 93.953055], [25.757203, 93.953284], [25.757245, 93.953426], [25.757258, 93.95357], [25.757234, 93.953737], [25.757157, 93.953951], [25.757024, 93.954157], [25.756862, 93.954302], [25.756718, 93.95435], [25.75654, 93.954378], [25.756257, 93.954392], [25.755938, 93.954354], [25.755649, 93.954287], [25.754869, 93.954041], [25.754332, 93.95388], [25.754163, 93.953872], [25.75404, 93.95392], [25.753858, 93.954035], [25.753697, 93.954202], [25.7536, 93.954448], [25.753525, 93.95466], [25.753173, 93.954996], [25.752627, 93.955482], [25.752384, 93.955796], [25.75212, 93.956185], [25.751911, 93.956407], [25.751795, 93.956542], [25.751724, 93.956729], [25.75177, 93.957034], [25.751814, 93.957382], [25.751843, 93.957633], [25.751813, 93.957795], [25.751769, 93.958029], [25.751599, 93.958477], [25.751284, 93.959305], [25.751017, 93.959904], [25.75092, 93.960269], [25.750798, 93.960729], [25.750739, 93.960876], [25.750674, 93.961038], [25.750539, 93.961272], [25.7504, 93.961384], [25.750204, 93.96152], [25.750043, 93.961632], [25.749817, 93.961883], [25.749741, 93.96212], [25.749775, 93.96237], [25.749904, 93.962865], [25.750021, 93.96318], [25.750036, 93.963451], [25.750013, 93.963709], [25.749839, 93.964142], [25.749647, 93.964592], [25.749558, 93.964988], [25.749527, 93.96537], [25.749475, 93.965987], [25.749503, 93.966431], [25.749627, 93.966845], [25.750076, 93.967616], [25.750489, 93.968214], [25.750852, 93.968462], [25.751151, 93.968821], [25.751322, 93.969226], [25.751472, 93.96982], [25.751947, 93.972028], [25.751954, 93.972281], [25.75186, 93.972588], [25.751659, 93.972876], [25.75143, 93.973195], [25.751319, 93.973666], [25.751269, 93.974076], [25.751143, 93.974561], [25.750925, 93.97514], [25.750574, 93.975821], [25.750167, 93.976381], [25.749852, 93.976694], [25.749654, 93.976784], [25.74932, 93.976897], [25.749059, 93.977041], [25.748901, 93.977225], [25.748679, 93.977699], [25.748521, 93.978016], [25.748353, 93.978223], [25.748052, 93.97839], [25.747821, 93.978412], [25.747448, 93.978402], [25.747164, 93.978328], [25.746869, 93.978146], [25.746626, 93.978024], [25.746409, 93.977981], [25.746143, 93.977949], [25.745697, 93.978002], [25.745288, 93.97805], [25.74497, 93.978046], [25.744767, 93.977908], [25.744542, 93.977605], [25.744339, 93.977358], [25.744171, 93.977238], [25.743908, 93.977198], [25.743551, 93.977204], [25.74312, 93.977313], [25.742649, 93.977433], [25.742226, 93.977619], [25.742048, 93.977812], [25.741985, 93.977881], [25.741883, 93.978168], [25.741857, 93.9786], [25.741807, 93.979317], [25.741768, 93.979841], [25.7417, 93.980089], [25.741546, 93.980315], [25.741357, 93.980472], [25.741122, 93.980527], [25.740663, 93.980548], [25.740251, 93.980558], [25.739991, 93.98063], [25.739753, 93.980759], [25.739638, 93.980924], [25.739412, 93.981444], [25.739089, 93.982458], [25.739008, 93.982594], [25.739058, 93.982807], [25.739079, 93.982956], [25.739079, 93.983213], [25.739106, 93.983415], [25.739173, 93.983559], [25.739253, 93.98361], [25.739452, 93.983633], [25.739582, 93.983684], [25.73966, 93.983733], [25.7397, 93.983833], [25.739676, 93.984297], [25.739643, 93.984914], [25.73961, 93.985002], [25.739536, 93.985094], [25.739438, 93.98514], [25.739359, 93.985142], [25.739216, 93.985103], [25.739062, 93.985008], [25.738939, 93.984999], [25.738834, 93.985059], [25.738763, 93.985264], [25.738746, 93.985445], [25.738701, 93.985645], [25.738618, 93.985813], [25.738482, 93.985893], [25.738315, 93.985859], [25.738167, 93.985804], [25.737998, 93.985792], [25.737904, 93.985813], [25.737826, 93.985872], [25.737867, 93.986043], [25.737836, 93.986381], [25.737789, 93.986773], [25.737725, 93.987079], [25.737588, 93.987386], [25.737433, 93.987644], [25.736743, 93.988489], [25.736433, 93.988768], [25.736054, 93.989016], [25.735842, 93.989243], [25.735544, 93.989518], [25.735317, 93.989726], [25.73504, 93.989925], [25.734905, 93.990075], [25.734813, 93.990215], [25.734778, 93.990385], [25.734779, 93.990702], [25.734825, 93.991085], [25.734792, 93.991279], [25.734662, 93.991545], [25.734326, 93.9922], [25.734072, 93.992611], [25.733895, 93.992972], [25.733763, 93.993427], [25.733658, 93.993889], [25.7336, 93.99451], [25.733607, 93.995023], [25.733664, 93.995554], [25.733771, 93.996178], [25.733941, 93.996571], [25.734018, 93.996875], [25.73402, 93.997274], [25.733913, 93.997792], [25.733797, 93.997942], [25.733715, 93.998318], [25.733688, 93.998654], [25.733673, 93.998913], [25.733721, 93.999149], [25.733806, 93.999445], [25.734096, 94.000079], [25.73419, 94.000293], [25.734223, 94.000472], [25.734162, 94.000719], [25.734088, 94.000956], [25.734099, 94.001163], [25.734156, 94.001598], [25.734479, 94.002349], [25.734524, 94.002407], [25.734604, 94.002611], [25.734683, 94.002842], [25.7349, 94.003456], [25.735121, 94.003902], [25.735283, 94.004129], [25.735398, 94.004281], [25.735524, 94.004403], [25.735712, 94.004555], [25.735958, 94.004755], [25.736103, 94.004888], [25.736293, 94.005101], [25.736404, 94.005341], [25.736559, 94.00551], [25.736877, 94.005667], [25.737219, 94.005726], [25.737381, 94.005793], [25.737523, 94.00591], [25.73761, 94.006107], [25.737691, 94.006536], [25.737736, 94.006681], [25.737787, 94.006726], [25.737853, 94.006779], [25.737964, 94.006808], [25.738044, 94.006815], [25.73811, 94.006836], [25.738224, 94.006939], [25.738322, 94.007253], [25.73837, 94.007473], [25.738419, 94.007594], [25.738502, 94.007681], [25.738597, 94.007718], [25.738644, 94.007737], [25.738806, 94.007886], [25.738913, 94.008166], [25.738971, 94.008419], [25.738946, 94.008583], [25.73888, 94.008669], [25.738757, 94.008677], [25.73863, 94.008659], [25.738342, 94.008463], [25.738235, 94.008476], [25.738112, 94.008544], [25.73802, 94.0087], [25.737924, 94.008844], [25.737871, 94.008876], [25.737745, 94.008951], [25.737669, 94.009002], [25.73764, 94.009067], [25.737614, 94.00921], [25.737646, 94.009371], [25.737672, 94.009506], [25.737661, 94.00961], [25.737624, 94.009844], [25.737535, 94.010059], [25.737428, 94.010151], [25.7373, 94.010172], [25.737183, 94.010149], [25.736994, 94.010084], [25.736874, 94.010074], [25.736793, 94.010116], [25.736729, 94.010189], [25.736685, 94.010298], [25.736611, 94.010512], [25.736594, 94.010669], [25.736616, 94.010831], [25.736657, 94.010918], [25.736681, 94.011035], [25.736676, 94.011143], [25.736635, 94.011314], [25.73653, 94.011462], [25.736387, 94.011536], [25.736229, 94.011576], [25.736161, 94.011626], [25.736132, 94.011672], [25.7361, 94.011774], [25.736061, 94.011982], [25.735996, 94.01211], [25.735882, 94.012223], [25.735735, 94.012276], [25.735436, 94.012548], [25.735328, 94.012694], [25.735298, 94.012886], [25.735325, 94.013098], [25.735356, 94.013297], [25.735383, 94.013601], [25.735356, 94.013964], [25.735295, 94.014334], [25.735222, 94.014649], [25.734976, 94.015212], [25.734824, 94.015614], [25.734684, 94.015973], [25.734614, 94.0163], [25.734581, 94.016442], [25.734526, 94.016635], [25.734474, 94.016897], [25.734431, 94.017109], [25.734414, 94.017248], [25.734404, 94.017412], [25.734402, 94.017568], [25.734404, 94.017706], [25.7344, 94.017854], [25.73441, 94.017981], [25.734421, 94.018119], [25.734486, 94.018314], [25.734544, 94.018497], [25.734633, 94.018714], [25.734722, 94.018864], [25.734867, 94.019081], [25.73495, 94.019249], [25.734978, 94.019344], [25.734976, 94.019477], [25.734958, 94.019676], [25.734908, 94.019852], [25.734849, 94.020098], [25.734826, 94.020314], [25.734838, 94.020402], [25.734849, 94.020486], [25.734895, 94.020717], [25.734925, 94.020912], [25.734932, 94.021107], [25.734889, 94.021308], [25.734807, 94.021443], [25.734668, 94.021583], [25.734294, 94.021731], [25.734122, 94.021828], [25.733986, 94.022031], [25.733896, 94.022351], [25.733804, 94.022749], [25.733713, 94.023021], [25.733597, 94.023244], [25.73324, 94.023814], [25.733049, 94.024118], [25.732304, 94.025308], [25.732146, 94.025573], [25.731858, 94.025868], [25.731523, 94.026121], [25.731162, 94.026354], [25.73076, 94.026657], [25.730541, 94.026818], [25.730155, 94.027038], [25.729781, 94.027205], [25.729424, 94.027369], [25.729213, 94.027541], [25.729014, 94.027717], [25.728795, 94.027934], [25.728701, 94.028133], [25.728524, 94.028302], [25.728365, 94.028453], [25.728108, 94.028622], [25.72781, 94.02875], [25.727338, 94.028894], [25.727154, 94.029009], [25.727038, 94.029137], [25.726786, 94.029373], [25.726578, 94.029536], [25.726472, 94.029668], [25.726352, 94.029955], [25.726228, 94.030232], [25.726085, 94.030376], [25.725845, 94.030569], [25.725737, 94.030645], [25.725616, 94.030822], [25.725528, 94.031205], [25.725381, 94.031912], [25.725256, 94.032528], [25.725079, 94.032996], [25.723873, 94.035983], [25.723598, 94.036476], [25.723437, 94.036654], [25.723387, 94.0367], [25.723276, 94.036801], [25.722887, 94.037033], [25.722645, 94.037225], [25.722517, 94.037401], [25.722459, 94.037598], [25.722431, 94.03796], [25.722318, 94.038496], [25.722204, 94.038964], [25.72208, 94.039247], [25.721956, 94.039387], [25.721761, 94.039462], [25.721476, 94.039535], [25.721298, 94.039634], [25.721104, 94.039851], [25.720991, 94.040074], [25.720945, 94.040347], [25.720946, 94.040845], [25.720998, 94.041556], [25.720934, 94.041873], [25.720777, 94.042105], [25.720544, 94.0423], [25.720184, 94.042385], [25.719874, 94.042417], [25.719657, 94.042378], [25.719296, 94.042141], [25.718799, 94.041699], [25.718474, 94.041231], [25.7183, 94.040973], [25.717938, 94.040609], [25.717655, 94.040411], [25.717368, 94.040298], [25.717039, 94.040245], [25.716742, 94.040273], [25.716422, 94.040387], [25.716141, 94.040427], [25.715919, 94.040355], [25.715327, 94.039936], [25.715082, 94.039813], [25.714726, 94.039735], [25.714496, 94.039691], [25.714232, 94.03964], [25.713928, 94.039584], [25.713684, 94.039506], [25.713452, 94.039345], [25.713303, 94.039106], [25.712795, 94.038219], [25.712574, 94.037834], [25.712507, 94.037737], [25.712419, 94.037709], [25.712258, 94.037746], [25.712125, 94.037851], [25.712083, 94.037987], [25.71204, 94.038494], [25.711963, 94.038948], [25.711962, 94.039554], [25.712048, 94.03979], [25.712188, 94.04002], [25.712263, 94.040143], [25.71231, 94.040372], [25.712303, 94.040615], [25.712235, 94.040809], [25.712139, 94.040997], [25.711885, 94.04118], [25.7116, 94.041344], [25.711422, 94.041366], [25.711351, 94.041374], [25.710999, 94.041325], [25.710547, 94.041284], [25.710355, 94.041301], [25.709591, 94.04149], [25.709067, 94.041565], [25.7086, 94.041588], [25.708491, 94.041611], [25.708128, 94.041691], [25.707747, 94.041833], [25.707336, 94.04201], [25.707126, 94.04204], [25.70693, 94.042031], [25.706671, 94.041997], [25.706431, 94.041942], [25.706106, 94.041931], [25.705843, 94.042018], [25.705542, 94.042229], [25.705261, 94.042484], [25.705052, 94.042744], [25.70496, 94.043006], [25.704941, 94.043424], [25.704908, 94.043965], [25.704977, 94.044484], [25.704983, 94.045052], [25.704961, 94.045416], [25.704821, 94.045747], [25.704504, 94.046472], [25.704323, 94.04675], [25.704147, 94.046879], [25.703969, 94.046908], [25.702853, 94.046763], [25.702579, 94.046767], [25.702314, 94.046796], [25.702059, 94.04687], [25.701557, 94.047101], [25.701373, 94.047188], [25.70117, 94.047251], [25.700965, 94.04722], [25.700716, 94.047141], [25.700504, 94.047062], [25.700346, 94.047035], [25.700156, 94.047054], [25.699954, 94.047124], [25.699736, 94.047214], [25.699517, 94.047268], [25.699378, 94.047246], [25.699146, 94.047128], [25.698981, 94.047079], [25.698829, 94.047055], [25.698503, 94.047106], [25.697962, 94.047154], [25.697739, 94.047121], [25.696735, 94.046918], [25.696399, 94.046779], [25.696159, 94.046603], [25.695853, 94.04635], [25.69566, 94.046212], [25.695119, 94.045946], [25.694707, 94.045715], [25.694442, 94.045646], [25.694017, 94.045591], [25.693406, 94.045449], [25.693066, 94.045325], [25.692745, 94.045102], [25.692458, 94.044804], [25.692331, 94.044713], [25.692106, 94.04462], [25.691593, 94.044457], [25.690701, 94.044018], [25.690527, 94.043852], [25.690295, 94.043436], [25.690118, 94.043197], [25.689952, 94.043137], [25.689624, 94.043018], [25.689276, 94.04284], [25.689013, 94.042637], [25.688784, 94.042525], [25.688547, 94.042449], [25.688331, 94.042424], [25.687742, 94.042408], [25.687368, 94.04233], [25.686806, 94.042045], [25.686278, 94.041669], [25.686137, 94.041507], [25.685998, 94.0415], [25.685882, 94.041494], [25.685817, 94.041518], [25.68551, 94.041729], [25.685497, 94.041843], [25.685513, 94.041966], [25.685638, 94.042277], [25.685799, 94.04269], [25.685938, 94.042965], [25.68602, 94.043166], [25.686101, 94.043367], [25.686216, 94.043585], [25.686296, 94.043667], [25.686405, 94.043708], [25.686574, 94.043807], [25.686743, 94.043926], [25.686976, 94.044174], [25.687128, 94.044369], [25.687271, 94.044515], [25.687464, 94.044672], [25.687646, 94.044862], [25.687925, 94.0451], [25.688249, 94.045384], [25.68838, 94.045541], [25.688457, 94.04565], [25.688519, 94.045822], [25.688522, 94.046007], [25.688453, 94.046363], [25.688399, 94.046642], [25.68832, 94.046901], [25.688237, 94.047094], [25.688156, 94.047189], [25.688053, 94.047267], [25.687797, 94.047412], [25.687651, 94.047509], [25.687545, 94.047601], [25.687406, 94.047837], [25.687312, 94.047989], [25.687254, 94.048149], [25.687178, 94.048427], [25.687137, 94.048744], [25.687125, 94.048971], [25.687114, 94.049186], [25.687084, 94.049417], [25.687112, 94.049657], [25.687185, 94.049811], [25.687254, 94.049876], [25.687326, 94.049918], [25.687402, 94.049949], [25.687537, 94.049964], [25.687625, 94.049989], [25.687735, 94.049989], [25.687863, 94.050026], [25.687956, 94.050063], [25.688053, 94.050139], [25.688129, 94.050316], [25.688149, 94.050514], [25.688117, 94.050775], [25.688034, 94.051174], [25.687994, 94.051419], [25.688019, 94.051664], [25.6881, 94.051872], [25.688235, 94.052121], [25.688371, 94.052301], [25.688827, 94.052626], [25.689149, 94.053043], [25.68922, 94.053239], [25.689178, 94.053457], [25.688707, 94.054279], [25.688592, 94.054516], [25.688521, 94.054791], [25.688465, 94.055003], [25.68843, 94.055223], [25.688423, 94.05533], [25.688422, 94.055437], [25.688452, 94.055542], [25.688497, 94.055632], [25.688589, 94.05573], [25.688711, 94.055846], [25.68881, 94.055925], [25.688913, 94.056019], [25.689066, 94.056232], [25.689229, 94.05647], [25.689361, 94.056651], [25.689494, 94.056835], [25.68954, 94.056917], [25.689557, 94.057043], [25.689532, 94.057172], [25.689457, 94.057342], [25.68942, 94.05739], [25.689278, 94.057534], [25.68913, 94.057653], [25.689006, 94.057794], [25.688852, 94.058028], [25.688709, 94.058294], [25.688616, 94.058511], [25.688539, 94.058661], [25.688439, 94.058809], [25.688283, 94.059018], [25.688131, 94.059218], [25.687958, 94.059399], [25.687838, 94.059585], [25.687778, 94.059765], [25.687727, 94.059958], [25.687675, 94.060072], [25.687494, 94.060247], [25.687342, 94.060364], [25.687119, 94.060485], [25.686916, 94.060615], [25.686769, 94.060747], [25.686625, 94.060938], [25.686529, 94.061133], [25.686429, 94.061327], [25.686277, 94.06158], [25.686113, 94.061852], [25.685941, 94.062127], [25.685713, 94.062408], [25.685648, 94.062514], [25.685612, 94.062624], [25.685613, 94.06279], [25.685603, 94.062909], [25.685566, 94.062974], [25.685512, 94.063015], [25.685413, 94.063036], [25.685155, 94.062987], [25.685091, 94.062997], [25.684862, 94.063127], [25.684723, 94.063255], [25.684518, 94.0635], [25.684401, 94.063667], [25.684163, 94.063966], [25.684063, 94.064137], [25.684019, 94.064331], [25.684023, 94.064477], [25.684045, 94.064593], [25.684093, 94.064734], [25.684149, 94.064857], [25.684153, 94.064999], [25.684087, 94.065152], [25.683996, 94.065327], [25.68393, 94.065412], [25.683788, 94.065543], [25.683677, 94.065594], [25.683565, 94.065633], [25.683369, 94.065653], [25.683254, 94.065648], [25.68317, 94.065652], [25.683111, 94.065668], [25.683072, 94.065697], [25.683031, 94.06576], [25.683013, 94.065894], [25.683019, 94.066037], [25.683003, 94.066144], [25.68296, 94.066263], [25.682873, 94.066437], [25.682726, 94.066641], [25.682567, 94.066792], [25.682419, 94.066907], [25.682307, 94.067002], [25.682212, 94.067106], [25.681992, 94.067423], [25.681888, 94.06757], [25.681806, 94.067667], [25.681746, 94.067756], [25.68167, 94.067904], [25.681634, 94.068102], [25.681527, 94.068321], [25.681383, 94.068521], [25.681247, 94.068644], [25.681021, 94.068808], [25.68089, 94.068944], [25.680755, 94.069101], [25.680677, 94.069269], [25.680641, 94.069417], [25.680634, 94.069715], [25.680642, 94.069816], [25.680666, 94.069916], [25.680764, 94.070049], [25.680824, 94.070098], [25.680867, 94.070166], [25.680876, 94.070252], [25.680886, 94.070338], [25.680854, 94.070483], [25.680857, 94.070589], [25.680866, 94.070651], [25.680928, 94.070709], [25.681136, 94.070736], [25.681309, 94.070766], [25.681384, 94.070794], [25.681476, 94.070864], [25.681613, 94.071014], [25.681799, 94.071214], [25.681894, 94.071341], [25.681948, 94.071537], [25.681972, 94.071684], [25.681982, 94.071832], [25.682005, 94.071976], [25.682031, 94.07204], [25.682074, 94.072085], [25.682161, 94.072141], [25.682269, 94.072184], [25.682672, 94.072248], [25.682924, 94.072279], [25.683097, 94.072374], [25.683166, 94.072548], [25.683146, 94.072739], [25.683076, 94.072882], [25.682986, 94.073024], [25.682856, 94.07318], [25.68279, 94.073239], [25.682492, 94.073385], [25.682436, 94.073488], [25.682424, 94.073576], [25.68243, 94.073675], [25.68261, 94.07396], [25.682667, 94.074094], [25.682711, 94.074193], [25.682719, 94.074355], [25.682679, 94.074483], [25.682618, 94.074565], [25.682512, 94.074723], [25.682439, 94.07487], [25.682436, 94.07497], [25.682488, 94.075054], [25.682573, 94.075086], [25.682979, 94.07506], [25.683219, 94.075003], [25.683289, 94.075013], [25.683343, 94.075053], [25.683397, 94.075108], [25.683434, 94.075182], [25.683453, 94.075267], [25.683455, 94.075351], [25.683443, 94.07543], [25.683385, 94.075506], [25.683296, 94.075572], [25.683095, 94.075684], [25.682905, 94.075779], [25.682756, 94.075889], [25.682282, 94.076154], [25.682048, 94.076357], [25.681803, 94.076511], [25.681652, 94.076711], [25.681499, 94.076985], [25.68138, 94.077161], [25.681198, 94.07732], [25.681023, 94.07741], [25.680591, 94.077587], [25.680424, 94.077652], [25.680212, 94.077758], [25.680121, 94.077818], [25.680032, 94.077877], [25.679946, 94.077969], [25.679918, 94.078014], [25.67991, 94.078047], [25.679905, 94.078081], [25.679912, 94.078112], [25.679925, 94.078158], [25.67995, 94.078202], [25.680213, 94.078444], [25.68029, 94.078541], [25.680306, 94.078669], [25.680274, 94.078775], [25.680221, 94.078881], [25.679935, 94.079119], [25.679758, 94.079248], [25.679668, 94.079394], [25.679477, 94.079702], [25.679277, 94.079862], [25.679072, 94.079992], [25.678616, 94.080146], [25.678444, 94.080207], [25.67821, 94.080251], [25.678092, 94.080314], [25.678019, 94.080359], [25.677915, 94.080415], [25.67787, 94.08044], [25.677824, 94.080486], [25.677788, 94.080525], [25.677766, 94.080582], [25.677747, 94.080655], [25.677749, 94.080729], [25.677778, 94.080783], [25.677807, 94.08082], [25.6779, 94.080891], [25.678038, 94.081], [25.678111, 94.081066], [25.678411, 94.081435], [25.67853, 94.081626], [25.678566, 94.081745], [25.678578, 94.081857], [25.678558, 94.081946], [25.678521, 94.082035], [25.677765, 94.0828], [25.67762, 94.082921], [25.677447, 94.082991], [25.67727, 94.083052], [25.677151, 94.083118], [25.677053, 94.0832], [25.676916, 94.083379], [25.676813, 94.08358], [25.676623, 94.084265], [25.676468, 94.084826], [25.676337, 94.085143], [25.676272, 94.085218], [25.676225, 94.085263], [25.67617, 94.085301], [25.675892, 94.085428], [25.67579, 94.085488], [25.67572, 94.085557], [25.675664, 94.08563], [25.675549, 94.08581], [25.675487, 94.085936], [25.675444, 94.086153], [25.675413, 94.086286], [25.675325, 94.086434], [25.675237, 94.086507], [25.675044, 94.086587], [25.674844, 94.086614], [25.674673, 94.086596], [25.67449, 94.086517], [25.674298, 94.086253], [25.6741, 94.085814], [25.673987, 94.085672], [25.673877, 94.085611], [25.67374, 94.085561], [25.673602, 94.085483], [25.673491, 94.085404], [25.673371, 94.085332], [25.673261, 94.085275], [25.673156, 94.085251], [25.673031, 94.08528], [25.672766, 94.085457], [25.672623, 94.085526], [25.672287, 94.085635], [25.671986, 94.085717], [25.671818, 94.085748], [25.671719, 94.085779], [25.671559, 94.085898], [25.671404, 94.086033], [25.671264, 94.086165], [25.671149, 94.086347], [25.67111, 94.086434], [25.671076, 94.086472], [25.671013, 94.086529], [25.670905, 94.086551], [25.670843, 94.086531], [25.670683, 94.086451], [25.670544, 94.086426], [25.670405, 94.086433], [25.670316, 94.08646], [25.670223, 94.086512], [25.67012, 94.086618], [25.670063, 94.086695], [25.669986, 94.086743], [25.669882, 94.086765], [25.669724, 94.086764], [25.66957, 94.086756], [25.669323, 94.086719], [25.669039, 94.08661], [25.668773, 94.086412], [25.668665, 94.086356], [25.668603, 94.086322], [25.668559, 94.086298], [25.668517, 94.08628], [25.668464, 94.086269], [25.668409, 94.086273], [25.668386, 94.086286], [25.668344, 94.086311], [25.668147, 94.08647], [25.668074, 94.086548], [25.668004, 94.086658], [25.667854, 94.086846], [25.667664, 94.087008], [25.667509, 94.087105], [25.667383, 94.087153], [25.66728, 94.087138], [25.667114, 94.087058], [25.666951, 94.086967], [25.666875, 94.086953], [25.666798, 94.086979], [25.666753, 94.08702], [25.666677, 94.087177], [25.66656, 94.087339], [25.666445, 94.087498], [25.666348, 94.087632], [25.666287, 94.08777], [25.666284, 94.087893], [25.666296, 94.087996], [25.666375, 94.08805], [25.666461, 94.088101], [25.666531, 94.088125], [25.666581, 94.088173], [25.666606, 94.088225], [25.666616, 94.0883], [25.666607, 94.088368], [25.66656, 94.08846], [25.66648, 94.088563], [25.666394, 94.088635], [25.666309, 94.088692], [25.666235, 94.088769], [25.666166, 94.088922], [25.66613, 94.089035], [25.666126, 94.089182], [25.66613, 94.089269], [25.666158, 94.089316], [25.666198, 94.089361], [25.666271, 94.089412], [25.666365, 94.089405], [25.666491, 94.08933], [25.666643, 94.089205], [25.666818, 94.089147], [25.667004, 94.08911], [25.667197, 94.089133], [25.667312, 94.08915], [25.667468, 94.089163], [25.667629, 94.089201], [25.667713, 94.089242], [25.667782, 94.089321], [25.667847, 94.089446], [25.667958, 94.089569], [25.668092, 94.089703], [25.668254, 94.089798], [25.66835, 94.089866], [25.668469, 94.089911], [25.668552, 94.089969], [25.668608, 94.090029], [25.668647, 94.090112], [25.668649, 94.090214], [25.66861, 94.090355], [25.668579, 94.090521], [25.668569, 94.090712], [25.668557, 94.090838], [25.6685, 94.090956], [25.668437, 94.09107], [25.668319, 94.091338], [25.66823, 94.09146], [25.66812, 94.091521], [25.66799, 94.091593], [25.66784, 94.091701], [25.667743, 94.091816], [25.667625, 94.092047], [25.667521, 94.092385], [25.667444, 94.092638], [25.66739, 94.092706], [25.667309, 94.092778], [25.667161, 94.09281], [25.666955, 94.092856], [25.666863, 94.092909], [25.666743, 94.092997], [25.666424, 94.09316], [25.666172, 94.093211], [25.665968, 94.093226], [25.665821, 94.093224], [25.665716, 94.093243], [25.665673, 94.093277], [25.665599, 94.093364], [25.665541, 94.09346], [25.665481, 94.093629], [25.665451, 94.093832], [25.665392, 94.094199], [25.665356, 94.094395], [25.665288, 94.0946], [25.665252, 94.094703], [25.665107, 94.094998], [25.665005, 94.095183], [25.665001, 94.095216], [25.664998, 94.095278], [25.665014, 94.095332], [25.665029, 94.095356], [25.66505, 94.095391], [25.665143, 94.09549], [25.665283, 94.095547], [25.665436, 94.095549], [25.665666, 94.095485], [25.665813, 94.095418], [25.665933, 94.095374], [25.666062, 94.095372], [25.666193, 94.095412], [25.666314, 94.095495], [25.666468, 94.095646], [25.666574, 94.095787], [25.666623, 94.095878], [25.666674, 94.095952], [25.666765, 94.095966], [25.666917, 94.095956], [25.667103, 94.095977], [25.667198, 94.095937], [25.667265, 94.095853], [25.667325, 94.095758], [25.667379, 94.095686], [25.667472, 94.095621], [25.667606, 94.095583], [25.667768, 94.095605], [25.667886, 94.095666], [25.667993, 94.095775], [25.668146, 94.095872], [25.668199, 94.095885], [25.668252, 94.09585], [25.668299, 94.095789], [25.668445, 94.095567], [25.668598, 94.095348], [25.668676, 94.095276], [25.668776, 94.095252], [25.668916, 94.09526], [25.669006, 94.095269], [25.669103, 94.095262], [25.669275, 94.095254], [25.66954, 94.095237], [25.669666, 94.095229], [25.669743, 94.095229], [25.669821, 94.095254], [25.669913, 94.09532], [25.670023, 94.095442], [25.670145, 94.095605], [25.670351, 94.095965], [25.670375, 94.096095], [25.670374, 94.096209], [25.670332, 94.096447], [25.67022, 94.096711], [25.670082, 94.097038], [25.669949, 94.097275], [25.669913, 94.097365], [25.669872, 94.097518], [25.669858, 94.097653], [25.669851, 94.09777], [25.669836, 94.097899], [25.669797, 94.09803], [25.669736, 94.098159], [25.669673, 94.098253], [25.669562, 94.098374], [25.669481, 94.098468], [25.669395, 94.098596], [25.66935, 94.098718], [25.669323, 94.098864], [25.669311, 94.099062], [25.669256, 94.099264], [25.669185, 94.0994], [25.66913, 94.09947], [25.669079, 94.099543], [25.669034, 94.099632], [25.669002, 94.099761], [25.668967, 94.099907], [25.66892, 94.10008], [25.668772, 94.100429], [25.668635, 94.100719], [25.668559, 94.100856], [25.668359, 94.101213], [25.668308, 94.101318], [25.668281, 94.101417], [25.668255, 94.101489], [25.668261, 94.101592], [25.668289, 94.101731], [25.66837, 94.101916], [25.668469, 94.102051], [25.668576, 94.102185], [25.668624, 94.102333], [25.668636, 94.102462], [25.668603, 94.102686], [25.668572, 94.102797], [25.668494, 94.102981], [25.668444, 94.103098], [25.668421, 94.103191], [25.668421, 94.103246], [25.668431, 94.103305], [25.668461, 94.103404], [25.668499, 94.103491], [25.668508, 94.103503], [25.668535, 94.103536], [25.668555, 94.103585], [25.668564, 94.103657], [25.668565, 94.103754], [25.668573, 94.103816], [25.668573, 94.103915], [25.668546, 94.10409], [25.668524, 94.104166], [25.668478, 94.104326], [25.66828, 94.104765], [25.668227, 94.104894], [25.668271, 94.104995], [25.668478, 94.10538], [25.668654, 94.105694], [25.668747, 94.105809], [25.668849, 94.105886], [25.668986, 94.105949], [25.669285, 94.10605], [25.669431, 94.106106], [25.669545, 94.106208], [25.66967, 94.106416], [25.669948, 94.106607], [25.6702, 94.106735], [25.670532, 94.106824], [25.670682, 94.106871], [25.670808, 94.106939], [25.670969, 94.106999], [25.671106, 94.107005], [25.671261, 94.106977], [25.671379, 94.106975], [25.671492, 94.10703], [25.671527, 94.10705], [25.671594, 94.107087], [25.671867, 94.107298], [25.672555, 94.107686], [25.672748, 94.107786], [25.672875, 94.107824], [25.673023, 94.107872], [25.673197, 94.10792], [25.673314, 94.107946], [25.673443, 94.107939], [25.673606, 94.107929], [25.673684, 94.107921], [25.673781, 94.107917], [25.673841, 94.107927], [25.673897, 94.107956], [25.67398, 94.108022], [25.674025, 94.10809], [25.674075, 94.108174], [25.674102, 94.108272], [25.674102, 94.108399], [25.674114, 94.108587], [25.674341, 94.108641]]}]}