{
  "type": "FeatureCollection",
  "features": [
    {
      "type": "Feature",
      "properties": {
        "id": "nh102_imphal_moreh",
        "name": "NH-102 Imphal to Moreh Asian Highway Corridor",
        "highway": "NH-102",
        "distance_km": 137.8,
        "duration_hrs": 1.85,
        "point_count": 5315
      },
      "geometry": {
        "type": "LineString",
        "coordinates": [
          [
            93.936804,
            24.817071
          ],
          [
            93.936881,
            24.817067
          ],
          [
            93.937022,
            24.817113
          ],
          [
            93.937129,
            24.817172
          ],
          [
            93.937143,
            24.817315
          ],
          [
            93.93757,
            24.817278
          ],
          [
            93.938019,
            24.817222
          ],
          [
            93.938248,
            24.817194
          ],
          [
            93.938714,
            24.817145
          ],
          [
            93.938788,
            24.817137
          ],
          [
            93.938334,
            24.815911
          ],
          [
            93.938218,
            24.815554
          ],
          [
            93.93816,
            24.815324
          ],
          [
            93.938173,
            24.815305
          ],
          [
            93.938177,
            24.815283
          ],
          [
            93.938173,
            24.815261
          ],
          [
            93.939025,
            24.815215
          ],
          [
            93.939159,
            24.8152
          ],
          [
            93.939116,
            24.81515
          ],
          [
            93.93909,
            24.8151
          ],
          [
            93.939049,
            24.814813
          ],
          [
            93.938902,
            24.813121
          ],
          [
            93.938813,
            24.811918
          ],
          [
            93.938668,
            24.810294
          ],
          [
            93.938518,
            24.808376
          ],
          [
            93.93847,
            24.807604
          ],
          [
            93.938499,
            24.807575
          ],
          [
            93.938516,
            24.80754
          ],
          [
            93.938521,
            24.807501
          ],
          [
            93.938511,
            24.80746
          ],
          [
            93.938487,
            24.807424
          ],
          [
            93.93845,
            24.807398
          ],
          [
            93.938438,
            24.803449
          ],
          [
            93.938431,
            24.803057
          ],
          [
            93.938434,
            24.80294
          ],
          [
            93.938448,
            24.802768
          ],
          [
            93.938471,
            24.802632
          ],
          [
            93.938513,
            24.802614
          ],
          [
            93.938547,
            24.802585
          ],
          [
            93.938569,
            24.802548
          ],
          [
            93.938878,
            24.802543
          ],
          [
            93.939441,
            24.802522
          ],
          [
            93.940197,
            24.802516
          ],
          [
            93.940974,
            24.802525
          ],
          [
            93.941116,
            24.80253
          ],
          [
            93.941121,
            24.802452
          ],
          [
            93.94112,
            24.802214
          ],
          [
            93.941121,
            24.802089
          ],
          [
            93.941113,
            24.801617
          ],
          [
            93.941107,
            24.801201
          ],
          [
            93.941101,
            24.80101
          ],
          [
            93.941096,
            24.800755
          ],
          [
            93.941092,
            24.800445
          ],
          [
            93.94109,
            24.800081
          ],
          [
            93.941097,
            24.799717
          ],
          [
            93.94108,
            24.798745
          ],
          [
            93.941076,
            24.798548
          ],
          [
            93.941076,
            24.79829
          ],
          [
            93.941064,
            24.797996
          ],
          [
            93.94105,
            24.797663
          ],
          [
            93.941037,
            24.797535
          ],
          [
            93.941011,
            24.797377
          ],
          [
            93.940985,
            24.797212
          ],
          [
            93.940966,
            24.797041
          ],
          [
            93.94096,
            24.796991
          ],
          [
            93.940948,
            24.796938
          ],
          [
            93.940928,
            24.796886
          ],
          [
            93.940889,
            24.79683
          ],
          [
            93.940833,
            24.796766
          ],
          [
            93.94074,
            24.796663
          ],
          [
            93.940655,
            24.796561
          ],
          [
            93.940604,
            24.796483
          ],
          [
            93.940557,
            24.796382
          ],
          [
            93.940542,
            24.796301
          ],
          [
            93.940534,
            24.79621
          ],
          [
            93.940541,
            24.796057
          ],
          [
            93.940557,
            24.795924
          ],
          [
            93.940605,
            24.795759
          ],
          [
            93.940656,
            24.79561
          ],
          [
            93.940718,
            24.795465
          ],
          [
            93.940822,
            24.795212
          ],
          [
            93.940912,
            24.794983
          ],
          [
            93.940994,
            24.794763
          ],
          [
            93.941129,
            24.794379
          ],
          [
            93.941383,
            24.79367
          ],
          [
            93.941584,
            24.793144
          ],
          [
            93.94191,
            24.792287
          ],
          [
            93.941938,
            24.79219
          ],
          [
            93.941958,
            24.792064
          ],
          [
            93.941974,
            24.791896
          ],
          [
            93.941976,
            24.791781
          ],
          [
            93.94197,
            24.791641
          ],
          [
            93.941955,
            24.79151
          ],
          [
            93.941925,
            24.791364
          ],
          [
            93.941854,
            24.791118
          ],
          [
            93.941776,
            24.790882
          ],
          [
            93.941695,
            24.790673
          ],
          [
            93.941539,
            24.790294
          ],
          [
            93.941483,
            24.790161
          ],
          [
            93.941435,
            24.790049
          ],
          [
            93.941364,
            24.789903
          ],
          [
            93.941306,
            24.789799
          ],
          [
            93.940991,
            24.789255
          ],
          [
            93.940826,
            24.788935
          ],
          [
            93.940667,
            24.788619
          ],
          [
            93.940527,
            24.788349
          ],
          [
            93.940453,
            24.788201
          ],
          [
            93.940389,
            24.788079
          ],
          [
            93.940032,
            24.787375
          ],
          [
            93.939867,
            24.787028
          ],
          [
            93.939767,
            24.786831
          ],
          [
            93.939646,
            24.78659
          ],
          [
            93.939533,
            24.786371
          ],
          [
            93.939434,
            24.786159
          ],
          [
            93.939319,
            24.785924
          ],
          [
            93.939226,
            24.785731
          ],
          [
            93.9391,
            24.785448
          ],
          [
            93.939053,
            24.78534
          ],
          [
            93.938926,
            24.785077
          ],
          [
            93.9388,
            24.784825
          ],
          [
            93.938583,
            24.784404
          ],
          [
            93.938558,
            24.784354
          ],
          [
            93.938037,
            24.783306
          ],
          [
            93.937638,
            24.782592
          ],
          [
            93.937567,
            24.782468
          ],
          [
            93.937497,
            24.78236
          ],
          [
            93.937461,
            24.782305
          ],
          [
            93.9374,
            24.782189
          ],
          [
            93.937385,
            24.782104
          ],
          [
            93.937396,
            24.782027
          ],
          [
            93.937421,
            24.78196
          ],
          [
            93.937473,
            24.781896
          ],
          [
            93.937581,
            24.781813
          ],
          [
            93.937718,
            24.781735
          ],
          [
            93.937846,
            24.781671
          ],
          [
            93.937959,
            24.78163
          ],
          [
            93.938082,
            24.781604
          ],
          [
            93.938235,
            24.78159
          ],
          [
            93.93827,
            24.781587
          ],
          [
            93.938395,
            24.78158
          ],
          [
            93.938557,
            24.781581
          ],
          [
            93.938815,
            24.781577
          ],
          [
            93.93914,
            24.781567
          ],
          [
            93.939249,
            24.78156
          ],
          [
            93.939324,
            24.781555
          ],
          [
            93.939429,
            24.781532
          ],
          [
            93.939513,
            24.781504
          ],
          [
            93.93958,
            24.781469
          ],
          [
            93.939645,
            24.781425
          ],
          [
            93.939725,
            24.781365
          ],
          [
            93.939779,
            24.781311
          ],
          [
            93.939822,
            24.781252
          ],
          [
            93.939841,
            24.781196
          ],
          [
            93.939839,
            24.781126
          ],
          [
            93.939822,
            24.781019
          ],
          [
            93.939786,
            24.780854
          ],
          [
            93.939713,
            24.780494
          ],
          [
            93.939689,
            24.780375
          ],
          [
            93.939614,
            24.779961
          ],
          [
            93.939571,
            24.77974
          ],
          [
            93.939553,
            24.77964
          ],
          [
            93.939523,
            24.779474
          ],
          [
            93.939476,
            24.779252
          ],
          [
            93.939402,
            24.778896
          ],
          [
            93.939341,
            24.778628
          ],
          [
            93.939277,
            24.778347
          ],
          [
            93.93914,
            24.777607
          ],
          [
            93.939108,
            24.77745
          ],
          [
            93.939071,
            24.777271
          ],
          [
            93.938939,
            24.77665
          ],
          [
            93.9389,
            24.77647
          ],
          [
            93.938867,
            24.776314
          ],
          [
            93.93879,
            24.775926
          ],
          [
            93.938739,
            24.775664
          ],
          [
            93.938718,
            24.77556
          ],
          [
            93.938671,
            24.775321
          ],
          [
            93.938542,
            24.774688
          ],
          [
            93.938539,
            24.774636
          ],
          [
            93.938296,
            24.773414
          ],
          [
            93.938199,
            24.772966
          ],
          [
            93.938153,
            24.772729
          ],
          [
            93.93798,
            24.771923
          ],
          [
            93.937925,
            24.77167
          ],
          [
            93.93777,
            24.770893
          ],
          [
            93.93776,
            24.770841
          ],
          [
            93.937697,
            24.770506
          ],
          [
            93.937478,
            24.769427
          ],
          [
            93.937274,
            24.768385
          ],
          [
            93.937196,
            24.767985
          ],
          [
            93.937086,
            24.767459
          ],
          [
            93.936842,
            24.766183
          ],
          [
            93.936692,
            24.765477
          ],
          [
            93.936617,
            24.765167
          ],
          [
            93.936592,
            24.765065
          ],
          [
            93.936493,
            24.764571
          ],
          [
            93.936355,
            24.76386
          ],
          [
            93.936332,
            24.763743
          ],
          [
            93.93623,
            24.763263
          ],
          [
            93.93611,
            24.762719
          ],
          [
            93.936095,
            24.762646
          ],
          [
            93.936082,
            24.762578
          ],
          [
            93.936026,
            24.762342
          ],
          [
            93.935899,
            24.761718
          ],
          [
            93.935849,
            24.761475
          ],
          [
            93.935793,
            24.761188
          ],
          [
            93.935619,
            24.760267
          ],
          [
            93.935604,
            24.760196
          ],
          [
            93.935333,
            24.758854
          ],
          [
            93.935313,
            24.758754
          ],
          [
            93.935191,
            24.758158
          ],
          [
            93.935088,
            24.757596
          ],
          [
            93.934919,
            24.756725
          ],
          [
            93.934827,
            24.756343
          ],
          [
            93.934791,
            24.756164
          ],
          [
            93.934726,
            24.755843
          ],
          [
            93.934603,
            24.755239
          ],
          [
            93.934342,
            24.753954
          ],
          [
            93.934265,
            24.753613
          ],
          [
            93.934228,
            24.753444
          ],
          [
            93.934136,
            24.753034
          ],
          [
            93.934068,
            24.752672
          ],
          [
            93.933985,
            24.752133
          ],
          [
            93.933972,
            24.752088
          ],
          [
            93.93396,
            24.752062
          ],
          [
            93.933951,
            24.75205
          ],
          [
            93.933859,
            24.751928
          ],
          [
            93.933767,
            24.751557
          ],
          [
            93.933717,
            24.751301
          ],
          [
            93.93368,
            24.751003
          ],
          [
            93.933663,
            24.750847
          ],
          [
            93.933659,
            24.750743
          ],
          [
            93.933661,
            24.750595
          ],
          [
            93.933671,
            24.750357
          ],
          [
            93.933698,
            24.750125
          ],
          [
            93.93374,
            24.749871
          ],
          [
            93.933811,
            24.749525
          ],
          [
            93.934051,
            24.74859
          ],
          [
            93.934103,
            24.748321
          ],
          [
            93.934138,
            24.748154
          ],
          [
            93.934252,
            24.747616
          ],
          [
            93.934306,
            24.747397
          ],
          [
            93.934334,
            24.747282
          ],
          [
            93.934552,
            24.74639
          ],
          [
            93.934898,
            24.744971
          ],
          [
            93.935009,
            24.744521
          ],
          [
            93.935078,
            24.744255
          ],
          [
            93.93537,
            24.743018
          ],
          [
            93.935495,
            24.742487
          ],
          [
            93.935706,
            24.741591
          ],
          [
            93.935752,
            24.741399
          ],
          [
            93.93611,
            24.739908
          ],
          [
            93.936284,
            24.739187
          ],
          [
            93.936343,
            24.738953
          ],
          [
            93.936462,
            24.738477
          ],
          [
            93.936598,
            24.737938
          ],
          [
            93.936767,
            24.737229
          ],
          [
            93.936793,
            24.73712
          ],
          [
            93.93684,
            24.736922
          ],
          [
            93.936974,
            24.736363
          ],
          [
            93.937279,
            24.73509
          ],
          [
            93.937583,
            24.733826
          ],
          [
            93.93787,
            24.732655
          ],
          [
            93.938124,
            24.731579
          ],
          [
            93.93849,
            24.7301
          ],
          [
            93.938872,
            24.728561
          ],
          [
            93.938921,
            24.728345
          ],
          [
            93.938989,
            24.728071
          ],
          [
            93.939052,
            24.727824
          ],
          [
            93.939103,
            24.727605
          ],
          [
            93.939186,
            24.727237
          ],
          [
            93.939204,
            24.727165
          ],
          [
            93.93931,
            24.726746
          ],
          [
            93.939445,
            24.726211
          ],
          [
            93.939534,
            24.725808
          ],
          [
            93.939586,
            24.725574
          ],
          [
            93.939605,
            24.725498
          ],
          [
            93.939684,
            24.725187
          ],
          [
            93.939859,
            24.72445
          ],
          [
            93.939968,
            24.72394
          ],
          [
            93.940044,
            24.723631
          ],
          [
            93.940165,
            24.723179
          ],
          [
            93.940194,
            24.723079
          ],
          [
            93.940229,
            24.722965
          ],
          [
            93.94033,
            24.722625
          ],
          [
            93.94046,
            24.722178
          ],
          [
            93.940647,
            24.72151
          ],
          [
            93.940841,
            24.720878
          ],
          [
            93.940888,
            24.720744
          ],
          [
            93.941073,
            24.720147
          ],
          [
            93.941172,
            24.719897
          ],
          [
            93.941247,
            24.719686
          ],
          [
            93.941321,
            24.719468
          ],
          [
            93.941359,
            24.719351
          ],
          [
            93.94139,
            24.719259
          ],
          [
            93.941569,
            24.718709
          ],
          [
            93.941629,
            24.718524
          ],
          [
            93.941791,
            24.718026
          ],
          [
            93.941812,
            24.71796
          ],
          [
            93.942102,
            24.716971
          ],
          [
            93.942153,
            24.716811
          ],
          [
            93.942277,
            24.716421
          ],
          [
            93.9423,
            24.716347
          ],
          [
            93.9424,
            24.716035
          ],
          [
            93.942448,
            24.715884
          ],
          [
            93.942551,
            24.715545
          ],
          [
            93.942597,
            24.715394
          ],
          [
            93.942794,
            24.714749
          ],
          [
            93.942841,
            24.714601
          ],
          [
            93.942861,
            24.714539
          ],
          [
            93.942928,
            24.714332
          ],
          [
            93.942998,
            24.714112
          ],
          [
            93.943084,
            24.713847
          ],
          [
            93.943157,
            24.713618
          ],
          [
            93.943174,
            24.713561
          ],
          [
            93.94328,
            24.713216
          ],
          [
            93.943292,
            24.713176
          ],
          [
            93.943382,
            24.712879
          ],
          [
            93.943411,
            24.712786
          ],
          [
            93.9436,
            24.712189
          ],
          [
            93.944006,
            24.710909
          ],
          [
            93.944109,
            24.710584
          ],
          [
            93.944218,
            24.710243
          ],
          [
            93.944283,
            24.710046
          ],
          [
            93.944317,
            24.709945
          ],
          [
            93.944394,
            24.709849
          ],
          [
            93.944446,
            24.709698
          ],
          [
            93.944851,
            24.708434
          ],
          [
            93.945287,
            24.70702
          ],
          [
            93.945479,
            24.706394
          ],
          [
            93.945747,
            24.705568
          ],
          [
            93.946036,
            24.704595
          ],
          [
            93.946455,
            24.70329
          ],
          [
            93.946648,
            24.702666
          ],
          [
            93.946922,
            24.701807
          ],
          [
            93.947058,
            24.701342
          ],
          [
            93.947305,
            24.700558
          ],
          [
            93.947418,
            24.700168
          ],
          [
            93.947707,
            24.699288
          ],
          [
            93.948023,
            24.698277
          ],
          [
            93.94808,
            24.698094
          ],
          [
            93.948375,
            24.697166
          ],
          [
            93.948681,
            24.696184
          ],
          [
            93.948906,
            24.69546
          ],
          [
            93.949051,
            24.695029
          ],
          [
            93.949302,
            24.69419
          ],
          [
            93.949451,
            24.693705
          ],
          [
            93.949802,
            24.692604
          ],
          [
            93.950089,
            24.691688
          ],
          [
            93.950376,
            24.690776
          ],
          [
            93.950583,
            24.690116
          ],
          [
            93.950967,
            24.688906
          ],
          [
            93.951288,
            24.687849
          ],
          [
            93.951595,
            24.686902
          ],
          [
            93.951846,
            24.686043
          ],
          [
            93.951943,
            24.685683
          ],
          [
            93.952082,
            24.68513
          ],
          [
            93.952089,
            24.685057
          ],
          [
            93.952129,
            24.684967
          ],
          [
            93.952229,
            24.684647
          ],
          [
            93.952278,
            24.684531
          ],
          [
            93.952349,
            24.684187
          ],
          [
            93.952555,
            24.683842
          ],
          [
            93.952766,
            24.683506
          ],
          [
            93.953026,
            24.683192
          ],
          [
            93.953462,
            24.682823
          ],
          [
            93.953944,
            24.682467
          ],
          [
            93.954141,
            24.682298
          ],
          [
            93.95436,
            24.682192
          ],
          [
            93.954531,
            24.682081
          ],
          [
            93.954595,
            24.682031
          ],
          [
            93.954677,
            24.681967
          ],
          [
            93.954797,
            24.681853
          ],
          [
            93.954892,
            24.681746
          ],
          [
            93.955015,
            24.681583
          ],
          [
            93.955073,
            24.681488
          ],
          [
            93.955124,
            24.681385
          ],
          [
            93.955153,
            24.681297
          ],
          [
            93.955218,
            24.681199
          ],
          [
            93.955412,
            24.680611
          ],
          [
            93.955617,
            24.68015
          ],
          [
            93.955704,
            24.680014
          ],
          [
            93.955979,
            24.679613
          ],
          [
            93.956134,
            24.679451
          ],
          [
            93.956156,
            24.679428
          ],
          [
            93.956764,
            24.678923
          ],
          [
            93.957121,
            24.678669
          ],
          [
            93.957563,
            24.678264
          ],
          [
            93.957697,
            24.678103
          ],
          [
            93.957868,
            24.67785
          ],
          [
            93.958061,
            24.677382
          ],
          [
            93.958114,
            24.677176
          ],
          [
            93.958098,
            24.676607
          ],
          [
            93.958046,
            24.675901
          ],
          [
            93.958015,
            24.675698
          ],
          [
            93.957907,
            24.675375
          ],
          [
            93.957743,
            24.675186
          ],
          [
            93.957457,
            24.674847
          ],
          [
            93.95731,
            24.674656
          ],
          [
            93.957176,
            24.674268
          ],
          [
            93.957099,
            24.673929
          ],
          [
            93.957106,
            24.673363
          ],
          [
            93.957168,
            24.673037
          ],
          [
            93.957288,
            24.672819
          ],
          [
            93.957346,
            24.672741
          ],
          [
            93.957421,
            24.672639
          ],
          [
            93.957785,
            24.672273
          ],
          [
            93.95792,
            24.672172
          ],
          [
            93.958463,
            24.67178
          ],
          [
            93.958754,
            24.671571
          ],
          [
            93.95897,
            24.671407
          ],
          [
            93.959165,
            24.671089
          ],
          [
            93.959523,
            24.670493
          ],
          [
            93.959665,
            24.67026
          ],
          [
            93.959796,
            24.670041
          ],
          [
            93.959853,
            24.66987
          ],
          [
            93.959922,
            24.66952
          ],
          [
            93.959958,
            24.669131
          ],
          [
            93.959917,
            24.668414
          ],
          [
            93.959914,
            24.668053
          ],
          [
            93.959989,
            24.667842
          ],
          [
            93.960284,
            24.667374
          ],
          [
            93.960447,
            24.667217
          ],
          [
            93.960891,
            24.66686
          ],
          [
            93.961526,
            24.666538
          ],
          [
            93.962209,
            24.666231
          ],
          [
            93.963004,
            24.665903
          ],
          [
            93.963319,
            24.665792
          ],
          [
            93.963754,
            24.665684
          ],
          [
            93.964229,
            24.6656
          ],
          [
            93.964981,
            24.665489
          ],
          [
            93.965395,
            24.665422
          ],
          [
            93.965541,
            24.665387
          ],
          [
            93.965591,
            24.665371
          ],
          [
            93.965701,
            24.665334
          ],
          [
            93.965971,
            24.665249
          ],
          [
            93.966447,
            24.665107
          ],
          [
            93.967356,
            24.66484
          ],
          [
            93.968068,
            24.664621
          ],
          [
            93.968403,
            24.664512
          ],
          [
            93.968792,
            24.664389
          ],
          [
            93.969318,
            24.664221
          ],
          [
            93.970033,
            24.663997
          ],
          [
            93.970701,
            24.663786
          ],
          [
            93.971007,
            24.663689
          ],
          [
            93.971335,
            24.663585
          ],
          [
            93.971814,
            24.66344
          ],
          [
            93.972127,
            24.663343
          ],
          [
            93.9724,
            24.663258
          ],
          [
            93.973202,
            24.66301
          ],
          [
            93.973338,
            24.66297
          ],
          [
            93.97396,
            24.662787
          ],
          [
            93.974457,
            24.662642
          ],
          [
            93.975436,
            24.662339
          ],
          [
            93.976075,
            24.662142
          ],
          [
            93.976884,
            24.66189
          ],
          [
            93.977322,
            24.661754
          ],
          [
            93.977709,
            24.661634
          ],
          [
            93.978384,
            24.661425
          ],
          [
            93.978989,
            24.66124
          ],
          [
            93.979514,
            24.661072
          ],
          [
            93.979843,
            24.660974
          ],
          [
            93.980205,
            24.660874
          ],
          [
            93.980567,
            24.660785
          ],
          [
            93.980893,
            24.660713
          ],
          [
            93.981235,
            24.660646
          ],
          [
            93.981647,
            24.660565
          ],
          [
            93.982008,
            24.660495
          ],
          [
            93.982496,
            24.660387
          ],
          [
            93.98266,
            24.660336
          ],
          [
            93.982836,
            24.660272
          ],
          [
            93.983025,
            24.660192
          ],
          [
            93.983169,
            24.660116
          ],
          [
            93.98331,
            24.660029
          ],
          [
            93.983487,
            24.659916
          ],
          [
            93.983591,
            24.659861
          ],
          [
            93.983662,
            24.659824
          ],
          [
            93.98389,
            24.659726
          ],
          [
            93.984415,
            24.659543
          ],
          [
            93.984643,
            24.659464
          ],
          [
            93.984789,
            24.659403
          ],
          [
            93.984965,
            24.659329
          ],
          [
            93.98508,
            24.659269
          ],
          [
            93.985199,
            24.659199
          ],
          [
            93.985325,
            24.659124
          ],
          [
            93.985447,
            24.659043
          ],
          [
            93.985619,
            24.658913
          ],
          [
            93.985768,
            24.658773
          ],
          [
            93.985881,
            24.658651
          ],
          [
            93.98603,
            24.658489
          ],
          [
            93.986271,
            24.658178
          ],
          [
            93.986513,
            24.657865
          ],
          [
            93.986659,
            24.657676
          ],
          [
            93.987163,
            24.657023
          ],
          [
            93.987484,
            24.656622
          ],
          [
            93.987652,
            24.656412
          ],
          [
            93.987814,
            24.656209
          ],
          [
            93.987992,
            24.655985
          ],
          [
            93.98828,
            24.655623
          ],
          [
            93.988519,
            24.655325
          ],
          [
            93.988911,
            24.654813
          ],
          [
            93.989333,
            24.654277
          ],
          [
            93.989696,
            24.653817
          ],
          [
            93.989942,
            24.653497
          ],
          [
            93.99035,
            24.652978
          ],
          [
            93.990776,
            24.652426
          ],
          [
            93.99085,
            24.652331
          ],
          [
            93.990916,
            24.652247
          ],
          [
            93.991023,
            24.652112
          ],
          [
            93.991133,
            24.651974
          ],
          [
            93.991263,
            24.651817
          ],
          [
            93.992313,
            24.650497
          ],
          [
            93.992719,
            24.649965
          ],
          [
            93.99319,
            24.649366
          ],
          [
            93.993497,
            24.64898
          ],
          [
            93.995109,
            24.646917
          ],
          [
            93.995199,
            24.646795
          ],
          [
            93.995307,
            24.646659
          ],
          [
            93.995367,
            24.646581
          ],
          [
            93.995437,
            24.646491
          ],
          [
            93.9955,
            24.646407
          ],
          [
            93.995573,
            24.646302
          ],
          [
            93.995657,
            24.646169
          ],
          [
            93.995721,
            24.64606
          ],
          [
            93.995769,
            24.64596
          ],
          [
            93.995932,
            24.645574
          ],
          [
            93.995957,
            24.645514
          ],
          [
            93.996027,
            24.645347
          ],
          [
            93.996112,
            24.645155
          ],
          [
            93.996246,
            24.644861
          ],
          [
            93.996344,
            24.64464
          ],
          [
            93.996449,
            24.644389
          ],
          [
            93.996471,
            24.644236
          ],
          [
            93.996583,
            24.644049
          ],
          [
            93.996638,
            24.643957
          ],
          [
            93.996939,
            24.643487
          ],
          [
            93.996981,
            24.643416
          ],
          [
            93.997018,
            24.643362
          ],
          [
            93.997057,
            24.643313
          ],
          [
            93.997099,
            24.643273
          ],
          [
            93.997167,
            24.643229
          ],
          [
            93.997244,
            24.643192
          ],
          [
            93.997346,
            24.643145
          ],
          [
            93.997415,
            24.643117
          ],
          [
            93.997424,
            24.64301
          ],
          [
            93.997424,
            24.642964
          ],
          [
            93.997402,
            24.642731
          ],
          [
            93.997371,
            24.6424
          ],
          [
            93.997327,
            24.641881
          ],
          [
            93.997552,
            24.64187
          ],
          [
            93.997692,
            24.641854
          ],
          [
            93.998144,
            24.641756
          ],
          [
            93.998336,
            24.641706
          ],
          [
            93.998208,
            24.641337
          ],
          [
            93.998089,
            24.640976
          ],
          [
            93.998083,
            24.640959
          ],
          [
            93.998208,
            24.641337
          ],
          [
            93.998336,
            24.641706
          ],
          [
            93.998736,
            24.641603
          ],
          [
            93.999276,
            24.641475
          ],
          [
            93.999213,
            24.641554
          ],
          [
            93.999298,
            24.641601
          ],
          [
            93.999461,
            24.641396
          ],
          [
            93.999702,
            24.641091
          ],
          [
            94.000217,
            24.640415
          ],
          [
            94.000906,
            24.639521
          ],
          [
            94.001,
            24.639411
          ],
          [
            94.001148,
            24.639238
          ],
          [
            94.001534,
            24.638843
          ],
          [
            94.002003,
            24.638411
          ],
          [
            94.002414,
            24.638014
          ],
          [
            94.003082,
            24.637363
          ],
          [
            94.003401,
            24.637045
          ],
          [
            94.00376,
            24.636688
          ],
          [
            94.004109,
            24.636335
          ],
          [
            94.004425,
            24.636015
          ],
          [
            94.004892,
            24.635537
          ],
          [
            94.005345,
            24.635074
          ],
          [
            94.006151,
            24.63427
          ],
          [
            94.006719,
            24.633702
          ],
          [
            94.006848,
            24.633571
          ],
          [
            94.007102,
            24.633313
          ],
          [
            94.007434,
            24.632988
          ],
          [
            94.008286,
            24.63213
          ],
          [
            94.008836,
            24.631568
          ],
          [
            94.009577,
            24.630856
          ],
          [
            94.010293,
            24.630132
          ],
          [
            94.010832,
            24.629581
          ],
          [
            94.010961,
            24.62945
          ],
          [
            94.01119,
            24.629204
          ],
          [
            94.011375,
            24.629004
          ],
          [
            94.011517,
            24.628837
          ],
          [
            94.01162,
            24.628716
          ],
          [
            94.011764,
            24.62852
          ],
          [
            94.011807,
            24.628473
          ],
          [
            94.011887,
            24.628385
          ],
          [
            94.012165,
            24.628082
          ],
          [
            94.012204,
            24.628032
          ],
          [
            94.012221,
            24.62801
          ],
          [
            94.012338,
            24.6279
          ],
          [
            94.012439,
            24.62778
          ],
          [
            94.012818,
            24.627318
          ],
          [
            94.013226,
            24.626822
          ],
          [
            94.013412,
            24.62659
          ],
          [
            94.013597,
            24.62636
          ],
          [
            94.013759,
            24.626163
          ],
          [
            94.014102,
            24.625746
          ],
          [
            94.014238,
            24.625577
          ],
          [
            94.014269,
            24.625539
          ],
          [
            94.014344,
            24.625445
          ],
          [
            94.014637,
            24.625091
          ],
          [
            94.01493,
            24.624719
          ],
          [
            94.01553,
            24.62396
          ],
          [
            94.015632,
            24.623831
          ],
          [
            94.015972,
            24.623415
          ],
          [
            94.016019,
            24.62336
          ],
          [
            94.016336,
            24.622978
          ],
          [
            94.016625,
            24.622625
          ],
          [
            94.016845,
            24.622355
          ],
          [
            94.017505,
            24.621529
          ],
          [
            94.017912,
            24.621032
          ],
          [
            94.018264,
            24.620581
          ],
          [
            94.018664,
            24.620091
          ],
          [
            94.018845,
            24.61987
          ],
          [
            94.019464,
            24.619116
          ],
          [
            94.019909,
            24.618574
          ],
          [
            94.021841,
            24.616183
          ],
          [
            94.022035,
            24.615944
          ],
          [
            94.02246,
            24.615417
          ],
          [
            94.023546,
            24.614075
          ],
          [
            94.023891,
            24.613631
          ],
          [
            94.02484,
            24.612463
          ],
          [
            94.024923,
            24.612362
          ],
          [
            94.02519,
            24.612035
          ],
          [
            94.025728,
            24.611359
          ],
          [
            94.026607,
            24.610276
          ],
          [
            94.027232,
            24.609498
          ],
          [
            94.027668,
            24.608953
          ],
          [
            94.028253,
            24.608232
          ],
          [
            94.028717,
            24.607652
          ],
          [
            94.029269,
            24.606972
          ],
          [
            94.029657,
            24.606485
          ],
          [
            94.029769,
            24.606344
          ],
          [
            94.029906,
            24.606171
          ],
          [
            94.029936,
            24.606134
          ],
          [
            94.030333,
            24.605656
          ],
          [
            94.03079,
            24.605082
          ],
          [
            94.031285,
            24.604468
          ],
          [
            94.031792,
            24.603845
          ],
          [
            94.032265,
            24.603266
          ],
          [
            94.03255,
            24.602909
          ],
          [
            94.032928,
            24.602434
          ],
          [
            94.033014,
            24.602322
          ],
          [
            94.033072,
            24.602198
          ],
          [
            94.033121,
            24.602138
          ],
          [
            94.03321,
            24.602025
          ],
          [
            94.033263,
            24.60196
          ],
          [
            94.033348,
            24.601855
          ],
          [
            94.033908,
            24.601157
          ],
          [
            94.034769,
            24.600084
          ],
          [
            94.035094,
            24.599683
          ],
          [
            94.035358,
            24.599358
          ],
          [
            94.035663,
            24.598982
          ],
          [
            94.036056,
            24.59849
          ],
          [
            94.036165,
            24.598354
          ],
          [
            94.036225,
            24.598269
          ],
          [
            94.036289,
            24.598167
          ],
          [
            94.036375,
            24.598017
          ],
          [
            94.036501,
            24.597798
          ],
          [
            94.036694,
            24.597463
          ],
          [
            94.036796,
            24.597278
          ],
          [
            94.036954,
            24.596984
          ],
          [
            94.037049,
            24.596819
          ],
          [
            94.037136,
            24.596655
          ],
          [
            94.037217,
            24.596472
          ],
          [
            94.037257,
            24.596345
          ],
          [
            94.037278,
            24.596192
          ],
          [
            94.037273,
            24.596055
          ],
          [
            94.037258,
            24.595939
          ],
          [
            94.037224,
            24.595725
          ],
          [
            94.037157,
            24.595307
          ],
          [
            94.037091,
            24.594895
          ],
          [
            94.037045,
            24.594592
          ],
          [
            94.036976,
            24.594132
          ],
          [
            94.036907,
            24.593678
          ],
          [
            94.036792,
            24.592951
          ],
          [
            94.036713,
            24.592429
          ],
          [
            94.036632,
            24.592016
          ],
          [
            94.036562,
            24.591695
          ],
          [
            94.036503,
            24.591351
          ],
          [
            94.036434,
            24.590896
          ],
          [
            94.036262,
            24.58971
          ],
          [
            94.03616,
            24.588918
          ],
          [
            94.036198,
            24.588803
          ],
          [
            94.036192,
            24.588692
          ],
          [
            94.03618,
            24.58856
          ],
          [
            94.036124,
            24.588127
          ],
          [
            94.036103,
            24.587993
          ],
          [
            94.036029,
            24.58751
          ],
          [
            94.03596,
            24.587049
          ],
          [
            94.035912,
            24.586711
          ],
          [
            94.035848,
            24.586327
          ],
          [
            94.035813,
            24.586034
          ],
          [
            94.035799,
            24.585834
          ],
          [
            94.035768,
            24.585533
          ],
          [
            94.035739,
            24.585336
          ],
          [
            94.035677,
            24.585111
          ],
          [
            94.035598,
            24.584849
          ],
          [
            94.035514,
            24.584438
          ],
          [
            94.035454,
            24.584044
          ],
          [
            94.035449,
            24.584015
          ],
          [
            94.035282,
            24.582824
          ],
          [
            94.03515,
            24.581959
          ],
          [
            94.035007,
            24.580995
          ],
          [
            94.03487,
            24.580093
          ],
          [
            94.034742,
            24.579197
          ],
          [
            94.034564,
            24.578043
          ],
          [
            94.034451,
            24.57727
          ],
          [
            94.034425,
            24.577094
          ],
          [
            94.03432,
            24.576374
          ],
          [
            94.034272,
            24.576044
          ],
          [
            94.034157,
            24.575304
          ],
          [
            94.034101,
            24.574941
          ],
          [
            94.034005,
            24.574269
          ],
          [
            94.033979,
            24.574089
          ],
          [
            94.033848,
            24.573213
          ],
          [
            94.033757,
            24.572592
          ],
          [
            94.033723,
            24.572376
          ],
          [
            94.033712,
            24.572305
          ],
          [
            94.03367,
            24.572031
          ],
          [
            94.033545,
            24.571197
          ],
          [
            94.033452,
            24.570571
          ],
          [
            94.033356,
            24.569976
          ],
          [
            94.033336,
            24.569817
          ],
          [
            94.033246,
            24.569234
          ],
          [
            94.033193,
            24.568875
          ],
          [
            94.033173,
            24.568734
          ],
          [
            94.033085,
            24.568074
          ],
          [
            94.033069,
            24.567967
          ],
          [
            94.033012,
            24.567578
          ],
          [
            94.032988,
            24.567418
          ],
          [
            94.032971,
            24.567301
          ],
          [
            94.032864,
            24.566627
          ],
          [
            94.032834,
            24.566438
          ],
          [
            94.032799,
            24.566199
          ],
          [
            94.03274,
            24.565805
          ],
          [
            94.032673,
            24.565337
          ],
          [
            94.032601,
            24.564852
          ],
          [
            94.032528,
            24.564362
          ],
          [
            94.032522,
            24.564321
          ],
          [
            94.032436,
            24.56379
          ],
          [
            94.032382,
            24.563427
          ],
          [
            94.032342,
            24.563147
          ],
          [
            94.032331,
            24.563068
          ],
          [
            94.0323,
            24.562843
          ],
          [
            94.032267,
            24.562604
          ],
          [
            94.032243,
            24.562422
          ],
          [
            94.032214,
            24.562216
          ],
          [
            94.032165,
            24.561881
          ],
          [
            94.032096,
            24.561454
          ],
          [
            94.03205,
            24.561177
          ],
          [
            94.03204,
            24.561118
          ],
          [
            94.032031,
            24.561056
          ],
          [
            94.03201,
            24.560923
          ],
          [
            94.031991,
            24.560794
          ],
          [
            94.031956,
            24.56056
          ],
          [
            94.031945,
            24.560483
          ],
          [
            94.031929,
            24.560367
          ],
          [
            94.031923,
            24.560323
          ],
          [
            94.031893,
            24.560102
          ],
          [
            94.031886,
            24.560056
          ],
          [
            94.031882,
            24.560024
          ],
          [
            94.031843,
            24.559775
          ],
          [
            94.031815,
            24.559591
          ],
          [
            94.031805,
            24.559526
          ],
          [
            94.031783,
            24.559381
          ],
          [
            94.031754,
            24.559167
          ],
          [
            94.03171,
            24.558837
          ],
          [
            94.031685,
            24.558652
          ],
          [
            94.031653,
            24.558457
          ],
          [
            94.031642,
            24.55839
          ],
          [
            94.031576,
            24.557958
          ],
          [
            94.031551,
            24.557801
          ],
          [
            94.031498,
            24.557468
          ],
          [
            94.031459,
            24.55717
          ],
          [
            94.031398,
            24.556777
          ],
          [
            94.031358,
            24.556495
          ],
          [
            94.03134,
            24.556392
          ],
          [
            94.031297,
            24.55614
          ],
          [
            94.031284,
            24.556039
          ],
          [
            94.031246,
            24.555794
          ],
          [
            94.031221,
            24.555639
          ],
          [
            94.031162,
            24.555228
          ],
          [
            94.031101,
            24.554789
          ],
          [
            94.031046,
            24.55445
          ],
          [
            94.030999,
            24.554146
          ],
          [
            94.030946,
            24.553835
          ],
          [
            94.030922,
            24.553665
          ],
          [
            94.030907,
            24.553553
          ],
          [
            94.030871,
            24.553304
          ],
          [
            94.030833,
            24.553047
          ],
          [
            94.030794,
            24.552749
          ],
          [
            94.030757,
            24.552517
          ],
          [
            94.030751,
            24.552483
          ],
          [
            94.030716,
            24.552219
          ],
          [
            94.030671,
            24.551928
          ],
          [
            94.030654,
            24.551826
          ],
          [
            94.030635,
            24.55171
          ],
          [
            94.030597,
            24.551471
          ],
          [
            94.030557,
            24.55122
          ],
          [
            94.03055,
            24.551178
          ],
          [
            94.030531,
            24.551046
          ],
          [
            94.030484,
            24.550734
          ],
          [
            94.030409,
            24.550196
          ],
          [
            94.030306,
            24.549528
          ],
          [
            94.030206,
            24.548858
          ],
          [
            94.030059,
            24.547845
          ],
          [
            94.029731,
            24.545626
          ],
          [
            94.029666,
            24.545192
          ],
          [
            94.029302,
            24.542794
          ],
          [
            94.029125,
            24.54157
          ],
          [
            94.029064,
            24.54113
          ],
          [
            94.028996,
            24.540649
          ],
          [
            94.028957,
            24.5404
          ],
          [
            94.028902,
            24.540027
          ],
          [
            94.028846,
            24.53963
          ],
          [
            94.028826,
            24.539496
          ],
          [
            94.028815,
            24.539404
          ],
          [
            94.028757,
            24.539058
          ],
          [
            94.028706,
            24.538768
          ],
          [
            94.028685,
            24.538656
          ],
          [
            94.028678,
            24.538619
          ],
          [
            94.028648,
            24.538493
          ],
          [
            94.028607,
            24.538346
          ],
          [
            94.028551,
            24.538157
          ],
          [
            94.028482,
            24.537972
          ],
          [
            94.028407,
            24.537782
          ],
          [
            94.028193,
            24.53725
          ],
          [
            94.028143,
            24.537125
          ],
          [
            94.028049,
            24.536892
          ],
          [
            94.027936,
            24.536602
          ],
          [
            94.027755,
            24.536122
          ],
          [
            94.027643,
            24.535823
          ],
          [
            94.027326,
            24.534983
          ],
          [
            94.026956,
            24.533999
          ],
          [
            94.025959,
            24.531339
          ],
          [
            94.025876,
            24.531127
          ],
          [
            94.025866,
            24.5311
          ],
          [
            94.02577,
            24.530849
          ],
          [
            94.0256,
            24.530401
          ],
          [
            94.02549,
            24.530111
          ],
          [
            94.025335,
            24.529691
          ],
          [
            94.025214,
            24.529397
          ],
          [
            94.025046,
            24.528981
          ],
          [
            94.024824,
            24.528378
          ],
          [
            94.024696,
            24.528047
          ],
          [
            94.024561,
            24.527701
          ],
          [
            94.024443,
            24.527401
          ],
          [
            94.024291,
            24.526996
          ],
          [
            94.024004,
            24.526208
          ],
          [
            94.022093,
            24.520962
          ],
          [
            94.0219,
            24.520483
          ],
          [
            94.021754,
            24.520122
          ],
          [
            94.021415,
            24.519522
          ],
          [
            94.020963,
            24.51899
          ],
          [
            94.01975,
            24.517291
          ],
          [
            94.014795,
            24.510348
          ],
          [
            94.013878,
            24.509063
          ],
          [
            94.013651,
            24.508617
          ],
          [
            94.013538,
            24.508103
          ],
          [
            94.011779,
            24.496674
          ],
          [
            94.011732,
            24.496139
          ],
          [
            94.011487,
            24.494121
          ],
          [
            94.011428,
            24.493494
          ],
          [
            94.011597,
            24.492825
          ],
          [
            94.013596,
            24.481767
          ],
          [
            94.013792,
            24.480484
          ],
          [
            94.013828,
            24.480248
          ],
          [
            94.014007,
            24.479383
          ],
          [
            94.014017,
            24.479339
          ],
          [
            94.01456,
            24.477113
          ],
          [
            94.015559,
            24.472262
          ],
          [
            94.019889,
            24.455909
          ],
          [
            94.020068,
            24.455509
          ],
          [
            94.020886,
            24.454851
          ],
          [
            94.021821,
            24.454209
          ],
          [
            94.022235,
            24.453902
          ],
          [
            94.022466,
            24.453784
          ],
          [
            94.02263,
            24.453759
          ],
          [
            94.022705,
            24.45362
          ],
          [
            94.024118,
            24.452482
          ],
          [
            94.024856,
            24.451769
          ],
          [
            94.025288,
            24.451315
          ],
          [
            94.026019,
            24.450466
          ],
          [
            94.026661,
            24.450602
          ],
          [
            94.027323,
            24.450688
          ],
          [
            94.0276,
            24.450749
          ],
          [
            94.027981,
            24.45091
          ],
          [
            94.02841,
            24.451037
          ],
          [
            94.028978,
            24.451139
          ],
          [
            94.02996,
            24.45133
          ],
          [
            94.030062,
            24.451354
          ],
          [
            94.030288,
            24.4513
          ],
          [
            94.031983,
            24.450591
          ],
          [
            94.03253,
            24.450382
          ],
          [
            94.036033,
            24.449576
          ],
          [
            94.036747,
            24.449205
          ],
          [
            94.037014,
            24.448941
          ],
          [
            94.037493,
            24.448436
          ],
          [
            94.038142,
            24.448909
          ],
          [
            94.038747,
            24.449273
          ],
          [
            94.039062,
            24.449529
          ],
          [
            94.039573,
            24.450052
          ],
          [
            94.03987,
            24.450339
          ],
          [
            94.040066,
            24.450602
          ],
          [
            94.039461,
            24.451589
          ],
          [
            94.039486,
            24.452183
          ],
          [
            94.03962,
            24.452943
          ],
          [
            94.040126,
            24.45415
          ],
          [
            94.040196,
            24.45434
          ],
          [
            94.040342,
            24.454736
          ],
          [
            94.041226,
            24.456585
          ],
          [
            94.041395,
            24.456913
          ],
          [
            94.041553,
            24.45711
          ],
          [
            94.042527,
            24.45812
          ],
          [
            94.045072,
            24.460118
          ],
          [
            94.048162,
            24.460952
          ],
          [
            94.048442,
            24.460983
          ],
          [
            94.048751,
            24.461008
          ],
          [
            94.048819,
            24.461019
          ],
          [
            94.048883,
            24.461036
          ],
          [
            94.048957,
            24.461063
          ],
          [
            94.049005,
            24.461095
          ],
          [
            94.049047,
            24.461137
          ],
          [
            94.049093,
            24.461193
          ],
          [
            94.049198,
            24.461399
          ],
          [
            94.049293,
            24.46163
          ],
          [
            94.049362,
            24.461796
          ],
          [
            94.04941,
            24.46189
          ],
          [
            94.049476,
            24.461999
          ],
          [
            94.049555,
            24.462109
          ],
          [
            94.049663,
            24.462229
          ],
          [
            94.049746,
            24.462301
          ],
          [
            94.049771,
            24.462308
          ],
          [
            94.049806,
            24.462311
          ],
          [
            94.049842,
            24.462308
          ],
          [
            94.049859,
            24.462302
          ],
          [
            94.049965,
            24.46226
          ],
          [
            94.05016,
            24.462189
          ],
          [
            94.050222,
            24.462175
          ],
          [
            94.050289,
            24.462173
          ],
          [
            94.050348,
            24.462177
          ],
          [
            94.050498,
            24.462198
          ],
          [
            94.050552,
            24.462208
          ],
          [
            94.050602,
            24.462209
          ],
          [
            94.050718,
            24.462201
          ],
          [
            94.050768,
            24.462201
          ],
          [
            94.050801,
            24.462214
          ],
          [
            94.05088,
            24.462282
          ],
          [
            94.050909,
            24.462301
          ],
          [
            94.050946,
            24.462307
          ],
          [
            94.050992,
            24.462304
          ],
          [
            94.051191,
            24.462242
          ],
          [
            94.051256,
            24.462222
          ],
          [
            94.051442,
            24.462154
          ],
          [
            94.051713,
            24.462036
          ],
          [
            94.05188,
            24.461967
          ],
          [
            94.052021,
            24.461895
          ],
          [
            94.0522,
            24.461808
          ],
          [
            94.052393,
            24.461731
          ],
          [
            94.052518,
            24.461683
          ],
          [
            94.052622,
            24.461653
          ],
          [
            94.052684,
            24.46164
          ],
          [
            94.05272,
            24.461625
          ],
          [
            94.052756,
            24.46159
          ],
          [
            94.052807,
            24.461536
          ],
          [
            94.052897,
            24.461401
          ],
          [
            94.052954,
            24.461267
          ],
          [
            94.052468,
            24.460874
          ],
          [
            94.052018,
            24.460561
          ],
          [
            94.051661,
            24.460318
          ],
          [
            94.051455,
            24.460219
          ],
          [
            94.051358,
            24.460163
          ],
          [
            94.051323,
            24.460124
          ],
          [
            94.051252,
            24.459947
          ],
          [
            94.051114,
            24.459637
          ],
          [
            94.051045,
            24.459558
          ],
          [
            94.050934,
            24.459476
          ],
          [
            94.050665,
            24.459303
          ],
          [
            94.050158,
            24.459052
          ],
          [
            94.049739,
            24.458835
          ],
          [
            94.049585,
            24.458756
          ],
          [
            94.049249,
            24.458686
          ],
          [
            94.049115,
            24.458693
          ],
          [
            94.048949,
            24.458723
          ],
          [
            94.048816,
            24.458756
          ],
          [
            94.048563,
            24.458798
          ],
          [
            94.048277,
            24.458685
          ],
          [
            94.048012,
            24.458603
          ],
          [
            94.047848,
            24.458571
          ],
          [
            94.047673,
            24.458565
          ],
          [
            94.047502,
            24.458557
          ],
          [
            94.04728,
            24.4585
          ],
          [
            94.047166,
            24.458472
          ],
          [
            94.047051,
            24.458442
          ],
          [
            94.046956,
            24.458409
          ],
          [
            94.046883,
            24.458366
          ],
          [
            94.046828,
            24.458321
          ],
          [
            94.045687,
            24.457339
          ],
          [
            94.045183,
            24.456974
          ],
          [
            94.044715,
            24.456612
          ],
          [
            94.044468,
            24.456396
          ],
          [
            94.044239,
            24.456085
          ],
          [
            94.044047,
            24.455888
          ],
          [
            94.043851,
            24.455773
          ],
          [
            94.043268,
            24.455671
          ],
          [
            94.041754,
            24.455321
          ],
          [
            94.04159,
            24.45527
          ],
          [
            94.041432,
            24.455187
          ],
          [
            94.041269,
            24.455012
          ],
          [
            94.041001,
            24.454705
          ],
          [
            94.040791,
            24.454593
          ],
          [
            94.040668,
            24.454542
          ],
          [
            94.040571,
            24.454489
          ],
          [
            94.040492,
            24.454446
          ],
          [
            94.040438,
            24.454419
          ],
          [
            94.040393,
            24.454394
          ],
          [
            94.040341,
            24.454369
          ],
          [
            94.040196,
            24.45434
          ],
          [
            94.040126,
            24.45415
          ],
          [
            94.03962,
            24.452943
          ],
          [
            94.039486,
            24.452183
          ],
          [
            94.039461,
            24.451589
          ],
          [
            94.040066,
            24.450602
          ],
          [
            94.03987,
            24.450339
          ],
          [
            94.039573,
            24.450052
          ],
          [
            94.039062,
            24.449529
          ],
          [
            94.038747,
            24.449273
          ],
          [
            94.038142,
            24.448909
          ],
          [
            94.037493,
            24.448436
          ],
          [
            94.037014,
            24.448941
          ],
          [
            94.036747,
            24.449205
          ],
          [
            94.036033,
            24.449576
          ],
          [
            94.03253,
            24.450382
          ],
          [
            94.031983,
            24.450591
          ],
          [
            94.030288,
            24.4513
          ],
          [
            94.030062,
            24.451354
          ],
          [
            94.02996,
            24.45133
          ],
          [
            94.028978,
            24.451139
          ],
          [
            94.02841,
            24.451037
          ],
          [
            94.027981,
            24.45091
          ],
          [
            94.0276,
            24.450749
          ],
          [
            94.027323,
            24.450688
          ],
          [
            94.026661,
            24.450602
          ],
          [
            94.026934,
            24.449029
          ],
          [
            94.027361,
            24.446826
          ],
          [
            94.027455,
            24.446299
          ],
          [
            94.027587,
            24.445554
          ],
          [
            94.027851,
            24.444433
          ],
          [
            94.027903,
            24.444183
          ],
          [
            94.027928,
            24.444062
          ],
          [
            94.028131,
            24.443632
          ],
          [
            94.02834,
            24.443278
          ],
          [
            94.028366,
            24.443221
          ],
          [
            94.028569,
            24.442746
          ],
          [
            94.028608,
            24.442535
          ],
          [
            94.028589,
            24.442298
          ],
          [
            94.028526,
            24.442067
          ],
          [
            94.028432,
            24.441921
          ],
          [
            94.028143,
            24.441733
          ],
          [
            94.027692,
            24.441414
          ],
          [
            94.027481,
            24.441224
          ],
          [
            94.027342,
            24.44113
          ],
          [
            94.027213,
            24.441075
          ],
          [
            94.027125,
            24.441065
          ],
          [
            94.027043,
            24.441089
          ],
          [
            94.026905,
            24.44121
          ],
          [
            94.026746,
            24.441352
          ],
          [
            94.026637,
            24.441402
          ],
          [
            94.026298,
            24.441513
          ],
          [
            94.025775,
            24.441713
          ],
          [
            94.025591,
            24.441822
          ],
          [
            94.025551,
            24.44192
          ],
          [
            94.025564,
            24.442072
          ],
          [
            94.02564,
            24.442435
          ],
          [
            94.025635,
            24.442722
          ],
          [
            94.025613,
            24.442857
          ],
          [
            94.025522,
            24.443014
          ],
          [
            94.025429,
            24.443133
          ],
          [
            94.025312,
            24.443192
          ],
          [
            94.025157,
            24.443242
          ],
          [
            94.025001,
            24.443256
          ],
          [
            94.024864,
            24.443262
          ],
          [
            94.024693,
            24.443234
          ],
          [
            94.024543,
            24.443167
          ],
          [
            94.024294,
            24.442988
          ],
          [
            94.024064,
            24.442839
          ],
          [
            94.023809,
            24.442717
          ],
          [
            94.02361,
            24.442502
          ],
          [
            94.023479,
            24.442282
          ],
          [
            94.023395,
            24.442036
          ],
          [
            94.023415,
            24.441697
          ],
          [
            94.023512,
            24.441489
          ],
          [
            94.023681,
            24.441249
          ],
          [
            94.023734,
            24.441107
          ],
          [
            94.023785,
            24.44093
          ],
          [
            94.02376,
            24.440762
          ],
          [
            94.023716,
            24.440553
          ],
          [
            94.023749,
            24.440387
          ],
          [
            94.023856,
            24.440125
          ],
          [
            94.02398,
            24.44003
          ],
          [
            94.02415,
            24.439963
          ],
          [
            94.024332,
            24.439927
          ],
          [
            94.024673,
            24.439828
          ],
          [
            94.024959,
            24.439751
          ],
          [
            94.025196,
            24.43956
          ],
          [
            94.025303,
            24.43939
          ],
          [
            94.025354,
            24.439065
          ],
          [
            94.025312,
            24.438682
          ],
          [
            94.025336,
            24.438482
          ],
          [
            94.025411,
            24.438367
          ],
          [
            94.025662,
            24.438153
          ],
          [
            94.025868,
            24.437956
          ],
          [
            94.025966,
            24.437764
          ],
          [
            94.026192,
            24.437302
          ],
          [
            94.026551,
            24.436838
          ],
          [
            94.02661,
            24.436685
          ],
          [
            94.026595,
            24.436529
          ],
          [
            94.026482,
            24.436293
          ],
          [
            94.026362,
            24.435974
          ],
          [
            94.026072,
            24.435742
          ],
          [
            94.025806,
            24.435565
          ],
          [
            94.025642,
            24.435462
          ],
          [
            94.025569,
            24.435355
          ],
          [
            94.025527,
            24.43522
          ],
          [
            94.025611,
            24.434935
          ],
          [
            94.025731,
            24.43477
          ],
          [
            94.025974,
            24.434626
          ],
          [
            94.02622,
            24.434515
          ],
          [
            94.026486,
            24.434501
          ],
          [
            94.02665,
            24.434487
          ],
          [
            94.026956,
            24.434505
          ],
          [
            94.027302,
            24.434505
          ],
          [
            94.027504,
            24.434497
          ],
          [
            94.027685,
            24.434406
          ],
          [
            94.027834,
            24.434211
          ],
          [
            94.027962,
            24.434076
          ],
          [
            94.028095,
            24.433983
          ],
          [
            94.028237,
            24.43395
          ],
          [
            94.028434,
            24.433954
          ],
          [
            94.028548,
            24.433948
          ],
          [
            94.028687,
            24.433856
          ],
          [
            94.02902,
            24.433509
          ],
          [
            94.029206,
            24.433345
          ],
          [
            94.029352,
            24.433268
          ],
          [
            94.029525,
            24.433254
          ],
          [
            94.029673,
            24.433287
          ],
          [
            94.029786,
            24.433345
          ],
          [
            94.02988,
            24.433509
          ],
          [
            94.030026,
            24.433823
          ],
          [
            94.030145,
            24.433983
          ],
          [
            94.03025,
            24.434071
          ],
          [
            94.030456,
            24.434168
          ],
          [
            94.030675,
            24.434213
          ],
          [
            94.030808,
            24.434231
          ],
          [
            94.03101,
            24.434229
          ],
          [
            94.031322,
            24.434136
          ],
          [
            94.031608,
            24.434003
          ],
          [
            94.031862,
            24.43391
          ],
          [
            94.032194,
            24.433857
          ],
          [
            94.032389,
            24.433838
          ],
          [
            94.032497,
            24.433812
          ],
          [
            94.032887,
            24.433471
          ],
          [
            94.033106,
            24.43336
          ],
          [
            94.033418,
            24.43325
          ],
          [
            94.033581,
            24.433162
          ],
          [
            94.033732,
            24.432996
          ],
          [
            94.033816,
            24.432869
          ],
          [
            94.033843,
            24.432731
          ],
          [
            94.033852,
            24.432611
          ],
          [
            94.033819,
            24.432343
          ],
          [
            94.033855,
            24.432178
          ],
          [
            94.03392,
            24.43203
          ],
          [
            94.034048,
            24.431809
          ],
          [
            94.03431,
            24.431451
          ],
          [
            94.034614,
            24.431028
          ],
          [
            94.034772,
            24.430723
          ],
          [
            94.034807,
            24.43055
          ],
          [
            94.034803,
            24.430369
          ],
          [
            94.034796,
            24.430147
          ],
          [
            94.034793,
            24.430027
          ],
          [
            94.034846,
            24.429893
          ],
          [
            94.034913,
            24.429757
          ],
          [
            94.035238,
            24.429458
          ],
          [
            94.035496,
            24.429305
          ],
          [
            94.03559,
            24.429214
          ],
          [
            94.035725,
            24.429077
          ],
          [
            94.035825,
            24.429005
          ],
          [
            94.035938,
            24.428988
          ],
          [
            94.036087,
            24.429022
          ],
          [
            94.036355,
            24.429126
          ],
          [
            94.036856,
            24.429285
          ],
          [
            94.037092,
            24.429338
          ],
          [
            94.037189,
            24.429293
          ],
          [
            94.037292,
            24.429218
          ],
          [
            94.03758,
            24.428944
          ],
          [
            94.037717,
            24.428793
          ],
          [
            94.037842,
            24.428621
          ],
          [
            94.038007,
            24.428337
          ],
          [
            94.038145,
            24.428219
          ],
          [
            94.038314,
            24.428062
          ],
          [
            94.038372,
            24.427958
          ],
          [
            94.038474,
            24.42777
          ],
          [
            94.038676,
            24.427336
          ],
          [
            94.038739,
            24.427169
          ],
          [
            94.038775,
            24.426941
          ],
          [
            94.038823,
            24.426748
          ],
          [
            94.038894,
            24.426651
          ],
          [
            94.039002,
            24.42658
          ],
          [
            94.039134,
            24.426551
          ],
          [
            94.039229,
            24.426565
          ],
          [
            94.039417,
            24.426611
          ],
          [
            94.039624,
            24.426614
          ],
          [
            94.039759,
            24.426597
          ],
          [
            94.040171,
            24.42637
          ],
          [
            94.04035,
            24.426223
          ],
          [
            94.040495,
            24.426033
          ],
          [
            94.040776,
            24.425576
          ],
          [
            94.040983,
            24.425231
          ],
          [
            94.0411,
            24.425106
          ],
          [
            94.041226,
            24.424997
          ],
          [
            94.041304,
            24.424867
          ],
          [
            94.041389,
            24.424713
          ],
          [
            94.041487,
            24.424593
          ],
          [
            94.041655,
            24.424486
          ],
          [
            94.041812,
            24.424396
          ],
          [
            94.041939,
            24.424264
          ],
          [
            94.042099,
            24.424081
          ],
          [
            94.042282,
            24.423973
          ],
          [
            94.042483,
            24.423754
          ],
          [
            94.042631,
            24.423547
          ],
          [
            94.042652,
            24.423409
          ],
          [
            94.042655,
            24.423229
          ],
          [
            94.042617,
            24.423025
          ],
          [
            94.042542,
            24.422818
          ],
          [
            94.042385,
            24.422614
          ],
          [
            94.042246,
            24.422459
          ],
          [
            94.042197,
            24.422343
          ],
          [
            94.04219,
            24.422255
          ],
          [
            94.042211,
            24.422172
          ],
          [
            94.042269,
            24.422102
          ],
          [
            94.04239,
            24.422052
          ],
          [
            94.042584,
            24.422026
          ],
          [
            94.042942,
            24.422019
          ],
          [
            94.043127,
            24.422058
          ],
          [
            94.043345,
            24.422125
          ],
          [
            94.043459,
            24.422128
          ],
          [
            94.043529,
            24.422099
          ],
          [
            94.043575,
            24.422048
          ],
          [
            94.043661,
            24.421906
          ],
          [
            94.043833,
            24.42163
          ],
          [
            94.043967,
            24.42153
          ],
          [
            94.044108,
            24.421493
          ],
          [
            94.044247,
            24.421483
          ],
          [
            94.044332,
            24.421498
          ],
          [
            94.044561,
            24.421581
          ],
          [
            94.044697,
            24.421608
          ],
          [
            94.044824,
            24.421614
          ],
          [
            94.044918,
            24.421582
          ],
          [
            94.045086,
            24.421478
          ],
          [
            94.045209,
            24.42129
          ],
          [
            94.04533,
            24.421032
          ],
          [
            94.045506,
            24.420782
          ],
          [
            94.045672,
            24.420596
          ],
          [
            94.045871,
            24.420457
          ],
          [
            94.04597,
            24.420358
          ],
          [
            94.046056,
            24.42021
          ],
          [
            94.046078,
            24.420091
          ],
          [
            94.046106,
            24.419971
          ],
          [
            94.046208,
            24.419826
          ],
          [
            94.046393,
            24.419663
          ],
          [
            94.046574,
            24.419498
          ],
          [
            94.046994,
            24.419137
          ],
          [
            94.047109,
            24.418975
          ],
          [
            94.0472,
            24.418847
          ],
          [
            94.047342,
            24.418723
          ],
          [
            94.047452,
            24.418691
          ],
          [
            94.047577,
            24.418673
          ],
          [
            94.047675,
            24.418656
          ],
          [
            94.048099,
            24.418606
          ],
          [
            94.048442,
            24.418583
          ],
          [
            94.048595,
            24.418563
          ],
          [
            94.048698,
            24.418546
          ],
          [
            94.048877,
            24.418465
          ],
          [
            94.048999,
            24.418332
          ],
          [
            94.049151,
            24.418159
          ],
          [
            94.049297,
            24.417984
          ],
          [
            94.049521,
            24.417845
          ],
          [
            94.049757,
            24.417778
          ],
          [
            94.049989,
            24.417704
          ],
          [
            94.050238,
            24.41768
          ],
          [
            94.050411,
            24.417683
          ],
          [
            94.050585,
            24.417638
          ],
          [
            94.050737,
            24.417546
          ],
          [
            94.050865,
            24.41736
          ],
          [
            94.051187,
            24.416792
          ],
          [
            94.0514,
            24.416507
          ],
          [
            94.051552,
            24.41636
          ],
          [
            94.051766,
            24.416281
          ],
          [
            94.051987,
            24.416196
          ],
          [
            94.052298,
            24.416009
          ],
          [
            94.052682,
            24.41582
          ],
          [
            94.053026,
            24.415699
          ],
          [
            94.05337,
            24.415595
          ],
          [
            94.053688,
            24.415501
          ],
          [
            94.054053,
            24.415428
          ],
          [
            94.054191,
            24.415414
          ],
          [
            94.054285,
            24.415428
          ],
          [
            94.054387,
            24.415471
          ],
          [
            94.054565,
            24.415605
          ],
          [
            94.05476,
            24.415702
          ],
          [
            94.055003,
            24.415815
          ],
          [
            94.055092,
            24.415869
          ],
          [
            94.055208,
            24.41597
          ],
          [
            94.055343,
            24.416127
          ],
          [
            94.055534,
            24.416418
          ],
          [
            94.055631,
            24.41654
          ],
          [
            94.055883,
            24.416604
          ],
          [
            94.055995,
            24.416612
          ],
          [
            94.056103,
            24.416601
          ],
          [
            94.056202,
            24.416552
          ],
          [
            94.056291,
            24.41647
          ],
          [
            94.056441,
            24.416294
          ],
          [
            94.056463,
            24.416166
          ],
          [
            94.05639,
            24.415963
          ],
          [
            94.056363,
            24.415873
          ],
          [
            94.056349,
            24.415566
          ],
          [
            94.056412,
            24.415224
          ],
          [
            94.05649,
            24.415073
          ],
          [
            94.056603,
            24.41495
          ],
          [
            94.056723,
            24.414806
          ],
          [
            94.056822,
            24.414639
          ],
          [
            94.056886,
            24.414577
          ],
          [
            94.05698,
            24.414517
          ],
          [
            94.057151,
            24.414283
          ],
          [
            94.057232,
            24.414044
          ],
          [
            94.057447,
            24.413297
          ],
          [
            94.057644,
            24.412867
          ],
          [
            94.058074,
            24.412148
          ],
          [
            94.058438,
            24.41168
          ],
          [
            94.058702,
            24.411099
          ],
          [
            94.058839,
            24.410885
          ],
          [
            94.059087,
            24.410582
          ],
          [
            94.059757,
            24.409654
          ],
          [
            94.060093,
            24.409115
          ],
          [
            94.060417,
            24.408412
          ],
          [
            94.060555,
            24.407892
          ],
          [
            94.060623,
            24.407751
          ],
          [
            94.060718,
            24.407643
          ],
          [
            94.060925,
            24.407437
          ],
          [
            94.061165,
            24.407089
          ],
          [
            94.061257,
            24.406933
          ],
          [
            94.061347,
            24.406841
          ],
          [
            94.061467,
            24.406793
          ],
          [
            94.061593,
            24.406775
          ],
          [
            94.061732,
            24.406756
          ],
          [
            94.061847,
            24.406735
          ],
          [
            94.062049,
            24.406598
          ],
          [
            94.062217,
            24.406418
          ],
          [
            94.062372,
            24.406263
          ],
          [
            94.062452,
            24.406213
          ],
          [
            94.062564,
            24.40619
          ],
          [
            94.062644,
            24.406198
          ],
          [
            94.062742,
            24.406214
          ],
          [
            94.062845,
            24.406255
          ],
          [
            94.062889,
            24.406294
          ],
          [
            94.062956,
            24.406374
          ],
          [
            94.063025,
            24.406627
          ],
          [
            94.063071,
            24.406762
          ],
          [
            94.063176,
            24.406881
          ],
          [
            94.063301,
            24.406963
          ],
          [
            94.063417,
            24.407009
          ],
          [
            94.063531,
            24.407028
          ],
          [
            94.063771,
            24.407023
          ],
          [
            94.063928,
            24.407045
          ],
          [
            94.064091,
            24.407077
          ],
          [
            94.064229,
            24.407113
          ],
          [
            94.064345,
            24.407136
          ],
          [
            94.064426,
            24.40713
          ],
          [
            94.064564,
            24.407026
          ],
          [
            94.064641,
            24.406908
          ],
          [
            94.064744,
            24.406838
          ],
          [
            94.064921,
            24.406783
          ],
          [
            94.06505,
            24.406648
          ],
          [
            94.065229,
            24.406352
          ],
          [
            94.065508,
            24.405997
          ],
          [
            94.065581,
            24.405783
          ],
          [
            94.065691,
            24.40575
          ],
          [
            94.065915,
            24.405933
          ],
          [
            94.066057,
            24.40622
          ],
          [
            94.066292,
            24.406438
          ],
          [
            94.066451,
            24.406569
          ],
          [
            94.06667,
            24.406586
          ],
          [
            94.06699,
            24.406552
          ],
          [
            94.067272,
            24.406449
          ],
          [
            94.067369,
            24.406355
          ],
          [
            94.067435,
            24.406212
          ],
          [
            94.067463,
            24.406021
          ],
          [
            94.067485,
            24.405747
          ],
          [
            94.06757,
            24.405582
          ],
          [
            94.067726,
            24.405368
          ],
          [
            94.067805,
            24.405173
          ],
          [
            94.067817,
            24.404985
          ],
          [
            94.06788,
            24.404683
          ],
          [
            94.067946,
            24.404511
          ],
          [
            94.06802,
            24.404406
          ],
          [
            94.068338,
            24.404175
          ],
          [
            94.068388,
            24.404039
          ],
          [
            94.068387,
            24.403698
          ],
          [
            94.068391,
            24.40348
          ],
          [
            94.068459,
            24.403324
          ],
          [
            94.068651,
            24.403097
          ],
          [
            94.069101,
            24.402759
          ],
          [
            94.069581,
            24.402462
          ],
          [
            94.069791,
            24.402346
          ],
          [
            94.069979,
            24.402262
          ],
          [
            94.070192,
            24.402084
          ],
          [
            94.070507,
            24.40183
          ],
          [
            94.070723,
            24.401693
          ],
          [
            94.070897,
            24.401611
          ],
          [
            94.071087,
            24.401513
          ],
          [
            94.07117,
            24.401473
          ],
          [
            94.071229,
            24.40148
          ],
          [
            94.071306,
            24.401509
          ],
          [
            94.071355,
            24.401557
          ],
          [
            94.071402,
            24.401624
          ],
          [
            94.071449,
            24.401747
          ],
          [
            94.071538,
            24.401807
          ],
          [
            94.071703,
            24.40191
          ],
          [
            94.07183,
            24.402032
          ],
          [
            94.071938,
            24.402147
          ],
          [
            94.071985,
            24.402372
          ],
          [
            94.072022,
            24.402608
          ],
          [
            94.072077,
            24.402909
          ],
          [
            94.072184,
            24.403267
          ],
          [
            94.072326,
            24.40356
          ],
          [
            94.07245,
            24.403769
          ],
          [
            94.072601,
            24.403884
          ],
          [
            94.072726,
            24.403902
          ],
          [
            94.072829,
            24.403892
          ],
          [
            94.072953,
            24.403851
          ],
          [
            94.073115,
            24.403744
          ],
          [
            94.073213,
            24.403629
          ],
          [
            94.073293,
            24.403445
          ],
          [
            94.073325,
            24.403243
          ],
          [
            94.073282,
            24.402913
          ],
          [
            94.073333,
            24.402585
          ],
          [
            94.073389,
            24.402381
          ],
          [
            94.073467,
            24.402242
          ],
          [
            94.073543,
            24.402152
          ],
          [
            94.073627,
            24.40207
          ],
          [
            94.073687,
            24.401964
          ],
          [
            94.073704,
            24.401817
          ],
          [
            94.07371,
            24.40162
          ],
          [
            94.073729,
            24.401517
          ],
          [
            94.073773,
            24.401416
          ],
          [
            94.07385,
            24.401337
          ],
          [
            94.073961,
            24.401266
          ],
          [
            94.074088,
            24.401195
          ],
          [
            94.074303,
            24.401133
          ],
          [
            94.074444,
            24.401142
          ],
          [
            94.074602,
            24.401215
          ],
          [
            94.074702,
            24.401373
          ],
          [
            94.074879,
            24.401539
          ],
          [
            94.074976,
            24.40168
          ],
          [
            94.075022,
            24.401914
          ],
          [
            94.075075,
            24.402051
          ],
          [
            94.075207,
            24.402144
          ],
          [
            94.075371,
            24.402189
          ],
          [
            94.075643,
            24.402217
          ],
          [
            94.075777,
            24.402278
          ],
          [
            94.075953,
            24.402345
          ],
          [
            94.076166,
            24.402365
          ],
          [
            94.076285,
            24.402344
          ],
          [
            94.076376,
            24.402282
          ],
          [
            94.076436,
            24.402215
          ],
          [
            94.076486,
            24.40201
          ],
          [
            94.076479,
            24.401844
          ],
          [
            94.076451,
            24.401684
          ],
          [
            94.076346,
            24.401436
          ],
          [
            94.076221,
            24.401198
          ],
          [
            94.076127,
            24.400975
          ],
          [
            94.076135,
            24.400832
          ],
          [
            94.076146,
            24.400575
          ],
          [
            94.076148,
            24.400404
          ],
          [
            94.076114,
            24.399689
          ],
          [
            94.076084,
            24.399379
          ],
          [
            94.076084,
            24.398995
          ],
          [
            94.076017,
            24.398681
          ],
          [
            94.075878,
            24.398322
          ],
          [
            94.075849,
            24.397948
          ],
          [
            94.075874,
            24.397741
          ],
          [
            94.075937,
            24.397624
          ],
          [
            94.076026,
            24.39755
          ],
          [
            94.076166,
            24.397494
          ],
          [
            94.076481,
            24.397373
          ],
          [
            94.076838,
            24.397194
          ],
          [
            94.077268,
            24.396917
          ],
          [
            94.077586,
            24.39676
          ],
          [
            94.077808,
            24.396706
          ],
          [
            94.077957,
            24.396675
          ],
          [
            94.078084,
            24.396656
          ],
          [
            94.078189,
            24.396628
          ],
          [
            94.078307,
            24.396569
          ],
          [
            94.078457,
            24.396441
          ],
          [
            94.078529,
            24.396309
          ],
          [
            94.078567,
            24.39619
          ],
          [
            94.078669,
            24.396094
          ],
          [
            94.079012,
            24.395761
          ],
          [
            94.079296,
            24.395587
          ],
          [
            94.079556,
            24.395443
          ],
          [
            94.079661,
            24.395309
          ],
          [
            94.079705,
            24.395135
          ],
          [
            94.079783,
            24.394771
          ],
          [
            94.079968,
            24.394293
          ],
          [
            94.080056,
            24.39414
          ],
          [
            94.080151,
            24.394047
          ],
          [
            94.080435,
            24.393832
          ],
          [
            94.080657,
            24.393553
          ],
          [
            94.080756,
            24.393501
          ],
          [
            94.080858,
            24.393499
          ],
          [
            94.080938,
            24.393512
          ],
          [
            94.081082,
            24.393571
          ],
          [
            94.08127,
            24.39372
          ],
          [
            94.081527,
            24.393969
          ],
          [
            94.081801,
            24.394191
          ],
          [
            94.082002,
            24.394317
          ],
          [
            94.082256,
            24.394407
          ],
          [
            94.082378,
            24.394433
          ],
          [
            94.082494,
            24.394434
          ],
          [
            94.082574,
            24.394415
          ],
          [
            94.082715,
            24.394306
          ],
          [
            94.082839,
            24.394106
          ],
          [
            94.082953,
            24.393993
          ],
          [
            94.083016,
            24.393907
          ],
          [
            94.083366,
            24.394029
          ],
          [
            94.083698,
            24.394073
          ],
          [
            94.083818,
            24.394065
          ],
          [
            94.084283,
            24.394162
          ],
          [
            94.084523,
            24.394291
          ],
          [
            94.084696,
            24.394424
          ],
          [
            94.084846,
            24.394509
          ],
          [
            94.085046,
            24.394517
          ],
          [
            94.085219,
            24.394448
          ],
          [
            94.085405,
            24.394291
          ],
          [
            94.085538,
            24.394033
          ],
          [
            94.085638,
            24.393731
          ],
          [
            94.085657,
            24.393501
          ],
          [
            94.085622,
            24.393335
          ],
          [
            94.085562,
            24.393194
          ],
          [
            94.08538,
            24.393051
          ],
          [
            94.085139,
            24.39294
          ],
          [
            94.084968,
            24.392841
          ],
          [
            94.08476,
            24.392681
          ],
          [
            94.084689,
            24.392546
          ],
          [
            94.084682,
            24.392468
          ],
          [
            94.08474,
            24.392336
          ],
          [
            94.084895,
            24.392235
          ],
          [
            94.085103,
            24.392094
          ],
          [
            94.08548,
            24.391866
          ],
          [
            94.085906,
            24.391478
          ],
          [
            94.086136,
            24.39138
          ],
          [
            94.086278,
            24.391398
          ],
          [
            94.086387,
            24.391468
          ],
          [
            94.086471,
            24.391531
          ],
          [
            94.086637,
            24.391636
          ],
          [
            94.086786,
            24.391682
          ],
          [
            94.087134,
            24.391795
          ],
          [
            94.087289,
            24.391912
          ],
          [
            94.087484,
            24.392102
          ],
          [
            94.087557,
            24.39233
          ],
          [
            94.087754,
            24.392762
          ],
          [
            94.087814,
            24.39299
          ],
          [
            94.0879,
            24.393158
          ],
          [
            94.088002,
            24.3932
          ],
          [
            94.088113,
            24.393198
          ],
          [
            94.088293,
            24.393186
          ],
          [
            94.088397,
            24.393142
          ],
          [
            94.088636,
            24.392962
          ],
          [
            94.088716,
            24.392788
          ],
          [
            94.088794,
            24.392728
          ],
          [
            94.088911,
            24.392665
          ],
          [
            94.089044,
            24.392694
          ],
          [
            94.089144,
            24.392768
          ],
          [
            94.089303,
            24.392839
          ],
          [
            94.089481,
            24.392924
          ],
          [
            94.089607,
            24.392972
          ],
          [
            94.089722,
            24.393
          ],
          [
            94.089844,
            24.393008
          ],
          [
            94.089977,
            24.392972
          ],
          [
            94.090108,
            24.392895
          ],
          [
            94.090383,
            24.392597
          ],
          [
            94.090567,
            24.392399
          ],
          [
            94.090719,
            24.392359
          ],
          [
            94.090928,
            24.392401
          ],
          [
            94.091083,
            24.392457
          ],
          [
            94.091234,
            24.39253
          ],
          [
            94.091506,
            24.392651
          ],
          [
            94.091894,
            24.392754
          ],
          [
            94.092151,
            24.392795
          ],
          [
            94.092439,
            24.392835
          ],
          [
            94.092643,
            24.39292
          ],
          [
            94.09286,
            24.392992
          ],
          [
            94.093091,
            24.39296
          ],
          [
            94.093406,
            24.392827
          ],
          [
            94.093751,
            24.392722
          ],
          [
            94.093964,
            24.392698
          ],
          [
            94.09419,
            24.392734
          ],
          [
            94.094416,
            24.392819
          ],
          [
            94.094771,
            24.393134
          ],
          [
            94.095028,
            24.393247
          ],
          [
            94.095312,
            24.393299
          ],
          [
            94.095529,
            24.393335
          ],
          [
            94.095764,
            24.393453
          ],
          [
            94.095928,
            24.393594
          ],
          [
            94.096149,
            24.393824
          ],
          [
            94.096287,
            24.393961
          ],
          [
            94.096442,
            24.394086
          ],
          [
            94.096641,
            24.394127
          ],
          [
            94.097098,
            24.394135
          ],
          [
            94.097524,
            24.394215
          ],
          [
            94.097714,
            24.394086
          ],
          [
            94.097843,
            24.393929
          ],
          [
            94.098069,
            24.393804
          ],
          [
            94.098246,
            24.393775
          ],
          [
            94.098463,
            24.393788
          ],
          [
            94.098636,
            24.393852
          ],
          [
            94.098725,
            24.393985
          ],
          [
            94.098738,
            24.394131
          ],
          [
            94.098734,
            24.394276
          ],
          [
            94.098751,
            24.394498
          ],
          [
            94.098782,
            24.394647
          ],
          [
            94.098862,
            24.394865
          ],
          [
            94.099,
            24.395039
          ],
          [
            94.099217,
            24.395285
          ],
          [
            94.099195,
            24.395527
          ],
          [
            94.098955,
            24.395822
          ],
          [
            94.098774,
            24.396
          ],
          [
            94.098703,
            24.396214
          ],
          [
            94.098672,
            24.396391
          ],
          [
            94.098627,
            24.396541
          ],
          [
            94.098534,
            24.396783
          ],
          [
            94.098423,
            24.396961
          ],
          [
            94.098383,
            24.397102
          ],
          [
            94.098552,
            24.397275
          ],
          [
            94.098703,
            24.397316
          ],
          [
            94.098924,
            24.397336
          ],
          [
            94.099186,
            24.397348
          ],
          [
            94.099341,
            24.397372
          ],
          [
            94.099483,
            24.397409
          ],
          [
            94.099678,
            24.397493
          ],
          [
            94.099824,
            24.397663
          ],
          [
            94.099961,
            24.397776
          ],
          [
            94.100179,
            24.397901
          ],
          [
            94.100422,
            24.397986
          ],
          [
            94.100586,
            24.39808
          ],
          [
            94.100783,
            24.398173
          ],
          [
            94.101262,
            24.399055
          ],
          [
            94.101474,
            24.399439
          ],
          [
            94.101572,
            24.39959
          ],
          [
            94.102026,
            24.39981
          ],
          [
            94.10247,
            24.400024
          ],
          [
            94.102649,
            24.400159
          ],
          [
            94.103017,
            24.400438
          ],
          [
            94.103318,
            24.400691
          ],
          [
            94.103522,
            24.400974
          ],
          [
            94.103753,
            24.401369
          ],
          [
            94.10387,
            24.40176
          ],
          [
            94.103966,
            24.402083
          ],
          [
            94.103941,
            24.402496
          ],
          [
            94.103946,
            24.402692
          ],
          [
            94.103949,
            24.402813
          ],
          [
            94.10403,
            24.402862
          ],
          [
            94.10411,
            24.40289
          ],
          [
            94.104194,
            24.402882
          ],
          [
            94.104309,
            24.402827
          ],
          [
            94.104404,
            24.402775
          ],
          [
            94.104495,
            24.402733
          ],
          [
            94.104591,
            24.402706
          ],
          [
            94.104693,
            24.40269
          ],
          [
            94.104801,
            24.402694
          ],
          [
            94.104985,
            24.402729
          ],
          [
            94.105155,
            24.402735
          ],
          [
            94.10543,
            24.402694
          ],
          [
            94.105569,
            24.402686
          ],
          [
            94.105973,
            24.402598
          ],
          [
            94.106354,
            24.402648
          ],
          [
            94.106511,
            24.402704
          ],
          [
            94.106684,
            24.402715
          ],
          [
            94.106824,
            24.402702
          ],
          [
            94.10693,
            24.402626
          ],
          [
            94.107072,
            24.402499
          ],
          [
            94.107271,
            24.40223
          ],
          [
            94.107464,
            24.402156
          ],
          [
            94.107679,
            24.402242
          ],
          [
            94.107768,
            24.402269
          ],
          [
            94.107939,
            24.402258
          ],
          [
            94.108098,
            24.402196
          ],
          [
            94.108209,
            24.402119
          ],
          [
            94.108353,
            24.402047
          ],
          [
            94.108659,
            24.401948
          ],
          [
            94.108858,
            24.401738
          ],
          [
            94.109049,
            24.401522
          ],
          [
            94.109355,
            24.401354
          ],
          [
            94.109621,
            24.401096
          ],
          [
            94.109734,
            24.401056
          ],
          [
            94.109834,
            24.401039
          ],
          [
            94.109998,
            24.401019
          ],
          [
            94.110144,
            24.400975
          ],
          [
            94.110465,
            24.400811
          ],
          [
            94.110877,
            24.400567
          ],
          [
            94.111103,
            24.400438
          ],
          [
            94.11129,
            24.400246
          ],
          [
            94.111392,
            24.400123
          ],
          [
            94.11148,
            24.400115
          ],
          [
            94.11156,
            24.400145
          ],
          [
            94.11172,
            24.400196
          ],
          [
            94.111904,
            24.400254
          ],
          [
            94.112079,
            24.400285
          ],
          [
            94.112189,
            24.400232
          ],
          [
            94.112329,
            24.400131
          ],
          [
            94.112404,
            24.400006
          ],
          [
            94.112513,
            24.399907
          ],
          [
            94.112617,
            24.399865
          ],
          [
            94.112821,
            24.399863
          ],
          [
            94.113003,
            24.399945
          ],
          [
            94.113167,
            24.399984
          ],
          [
            94.113295,
            24.399968
          ],
          [
            94.113413,
            24.399951
          ],
          [
            94.113533,
            24.399909
          ],
          [
            94.113632,
            24.399897
          ],
          [
            94.113697,
            24.399899
          ],
          [
            94.113754,
            24.399933
          ],
          [
            94.113772,
            24.400028
          ],
          [
            94.113776,
            24.400111
          ],
          [
            94.113803,
            24.400212
          ],
          [
            94.113841,
            24.400295
          ],
          [
            94.113904,
            24.400338
          ],
          [
            94.114118,
            24.400359
          ],
          [
            94.114248,
            24.400297
          ],
          [
            94.114315,
            24.400226
          ],
          [
            94.114383,
            24.400133
          ],
          [
            94.114397,
            24.400034
          ],
          [
            94.11439,
            24.399976
          ],
          [
            94.114348,
            24.399872
          ],
          [
            94.114239,
            24.399653
          ],
          [
            94.114219,
            24.399478
          ],
          [
            94.114225,
            24.399275
          ],
          [
            94.114183,
            24.399067
          ],
          [
            94.114128,
            24.398982
          ],
          [
            94.114062,
            24.398911
          ],
          [
            94.11391,
            24.398787
          ],
          [
            94.113775,
            24.398669
          ],
          [
            94.11373,
            24.398587
          ],
          [
            94.113697,
            24.398503
          ],
          [
            94.113722,
            24.39841
          ],
          [
            94.113817,
            24.398162
          ],
          [
            94.114007,
            24.397798
          ],
          [
            94.11418,
            24.397484
          ],
          [
            94.114504,
            24.397114
          ],
          [
            94.114805,
            24.396654
          ],
          [
            94.11506,
            24.3962
          ],
          [
            94.115239,
            24.395762
          ],
          [
            94.115395,
            24.395615
          ],
          [
            94.115594,
            24.39548
          ],
          [
            94.115805,
            24.39536
          ],
          [
            94.116026,
            24.395142
          ],
          [
            94.116093,
            24.394999
          ],
          [
            94.116203,
            24.394719
          ],
          [
            94.116299,
            24.394448
          ],
          [
            94.116474,
            24.394188
          ],
          [
            94.116627,
            24.393944
          ],
          [
            94.116664,
            24.393788
          ],
          [
            94.11666,
            24.393663
          ],
          [
            94.11658,
            24.393403
          ],
          [
            94.116565,
            24.393122
          ],
          [
            94.116616,
            24.392856
          ],
          [
            94.116658,
            24.3927
          ],
          [
            94.116826,
            24.392563
          ],
          [
            94.116986,
            24.392504
          ],
          [
            94.117152,
            24.392492
          ],
          [
            94.117274,
            24.392468
          ],
          [
            94.117398,
            24.392412
          ],
          [
            94.117611,
            24.39226
          ],
          [
            94.117921,
            24.392008
          ],
          [
            94.117983,
            24.391919
          ],
          [
            94.118034,
            24.391816
          ],
          [
            94.118047,
            24.391693
          ],
          [
            94.118083,
            24.391618
          ],
          [
            94.118163,
            24.391548
          ],
          [
            94.118251,
            24.391521
          ],
          [
            94.11834,
            24.391519
          ],
          [
            94.118426,
            24.391544
          ],
          [
            94.118628,
            24.39161
          ],
          [
            94.11881,
            24.391612
          ],
          [
            94.11902,
            24.391675
          ],
          [
            94.119131,
            24.391764
          ],
          [
            94.119284,
            24.391901
          ],
          [
            94.119382,
            24.392038
          ],
          [
            94.119466,
            24.392115
          ],
          [
            94.119548,
            24.392125
          ],
          [
            94.119692,
            24.392127
          ],
          [
            94.119854,
            24.392103
          ],
          [
            94.120078,
            24.392022
          ],
          [
            94.120242,
            24.391862
          ],
          [
            94.120361,
            24.391741
          ],
          [
            94.120452,
            24.391685
          ],
          [
            94.120539,
            24.391653
          ],
          [
            94.120676,
            24.391661
          ],
          [
            94.12079,
            24.391714
          ],
          [
            94.120996,
            24.391841
          ],
          [
            94.121195,
            24.391927
          ],
          [
            94.121391,
            24.391978
          ],
          [
            94.121518,
            24.391986
          ],
          [
            94.12159,
            24.391975
          ],
          [
            94.121782,
            24.391902
          ],
          [
            94.121884,
            24.391847
          ],
          [
            94.121985,
            24.391825
          ],
          [
            94.12211,
            24.391825
          ],
          [
            94.122191,
            24.391861
          ],
          [
            94.122405,
            24.391958
          ],
          [
            94.122613,
            24.392029
          ],
          [
            94.122801,
            24.392029
          ],
          [
            94.122995,
            24.392019
          ],
          [
            94.123129,
            24.392025
          ],
          [
            94.123243,
            24.392041
          ],
          [
            94.123672,
            24.392088
          ],
          [
            94.12381,
            24.392092
          ],
          [
            94.124017,
            24.392031
          ],
          [
            94.124116,
            24.391861
          ],
          [
            94.12421,
            24.391642
          ],
          [
            94.124335,
            24.391475
          ],
          [
            94.12455,
            24.391244
          ],
          [
            94.124757,
            24.391106
          ],
          [
            94.12499,
            24.391014
          ],
          [
            94.125172,
            24.390962
          ],
          [
            94.125283,
            24.390956
          ],
          [
            94.125376,
            24.39098
          ],
          [
            94.125468,
            24.391019
          ],
          [
            94.125594,
            24.39108
          ],
          [
            94.125744,
            24.391166
          ],
          [
            94.125892,
            24.39121
          ],
          [
            94.126249,
            24.391306
          ],
          [
            94.126374,
            24.39131
          ],
          [
            94.12649,
            24.39129
          ],
          [
            94.126706,
            24.391219
          ],
          [
            94.126909,
            24.391144
          ],
          [
            94.12712,
            24.391143
          ],
          [
            94.127228,
            24.391161
          ],
          [
            94.127336,
            24.391166
          ],
          [
            94.127462,
            24.39116
          ],
          [
            94.127576,
            24.391112
          ],
          [
            94.127876,
            24.39098
          ],
          [
            94.128148,
            24.390866
          ],
          [
            94.12833,
            24.39085
          ],
          [
            94.128466,
            24.390885
          ],
          [
            94.128543,
            24.390912
          ],
          [
            94.128654,
            24.390922
          ],
          [
            94.128792,
            24.39092
          ],
          [
            94.128872,
            24.39089
          ],
          [
            94.128995,
            24.390795
          ],
          [
            94.129156,
            24.390545
          ],
          [
            94.129313,
            24.390386
          ],
          [
            94.129499,
            24.390208
          ],
          [
            94.129653,
            24.390118
          ],
          [
            94.129733,
            24.39007
          ],
          [
            94.129789,
            24.390045
          ],
          [
            94.12991,
            24.390028
          ],
          [
            94.130005,
            24.390071
          ],
          [
            94.130107,
            24.390141
          ],
          [
            94.130168,
            24.390239
          ],
          [
            94.13022,
            24.390337
          ],
          [
            94.130294,
            24.390559
          ],
          [
            94.130472,
            24.390832
          ],
          [
            94.130638,
            24.391103
          ],
          [
            94.130863,
            24.39148
          ],
          [
            94.130971,
            24.39154
          ],
          [
            94.131085,
            24.391567
          ],
          [
            94.131195,
            24.391565
          ],
          [
            94.131325,
            24.391525
          ],
          [
            94.131453,
            24.391444
          ],
          [
            94.131902,
            24.391231
          ],
          [
            94.132008,
            24.391151
          ],
          [
            94.132159,
            24.391039
          ],
          [
            94.132245,
            24.390966
          ],
          [
            94.132311,
            24.39088
          ],
          [
            94.132361,
            24.390732
          ],
          [
            94.132414,
            24.390621
          ],
          [
            94.132469,
            24.390516
          ],
          [
            94.132554,
            24.390442
          ],
          [
            94.132699,
            24.390324
          ],
          [
            94.13311,
            24.3901
          ],
          [
            94.13322,
            24.389983
          ],
          [
            94.133273,
            24.389887
          ],
          [
            94.133326,
            24.389797
          ],
          [
            94.133406,
            24.389601
          ],
          [
            94.133463,
            24.389327
          ],
          [
            94.133497,
            24.389158
          ],
          [
            94.133547,
            24.389005
          ],
          [
            94.133718,
            24.388682
          ],
          [
            94.133831,
            24.388544
          ],
          [
            94.134013,
            24.388481
          ],
          [
            94.13419,
            24.388385
          ],
          [
            94.134355,
            24.388115
          ],
          [
            94.134499,
            24.387929
          ],
          [
            94.134549,
            24.387852
          ],
          [
            94.134687,
            24.387807
          ],
          [
            94.134935,
            24.387804
          ],
          [
            94.135132,
            24.387781
          ],
          [
            94.135295,
            24.38765
          ],
          [
            94.135408,
            24.387524
          ],
          [
            94.135483,
            24.387418
          ],
          [
            94.135593,
            24.387304
          ],
          [
            94.135765,
            24.387244
          ],
          [
            94.135847,
            24.387236
          ],
          [
            94.135991,
            24.387253
          ],
          [
            94.136141,
            24.387353
          ],
          [
            94.136411,
            24.387635
          ],
          [
            94.13674,
            24.388164
          ],
          [
            94.136966,
            24.388412
          ],
          [
            94.137169,
            24.388512
          ],
          [
            94.137289,
            24.388529
          ],
          [
            94.137514,
            24.388472
          ],
          [
            94.137774,
            24.388335
          ],
          [
            94.137919,
            24.388323
          ],
          [
            94.138082,
            24.388369
          ],
          [
            94.138295,
            24.388523
          ],
          [
            94.138643,
            24.388789
          ],
          [
            94.138802,
            24.388849
          ],
          [
            94.138965,
            24.388869
          ],
          [
            94.139135,
            24.388812
          ],
          [
            94.139263,
            24.388792
          ],
          [
            94.139373,
            24.388817
          ],
          [
            94.139448,
            24.388857
          ],
          [
            94.139552,
            24.388949
          ],
          [
            94.139608,
            24.389034
          ],
          [
            94.139705,
            24.389131
          ],
          [
            94.139755,
            24.389183
          ],
          [
            94.139835,
            24.389207
          ],
          [
            94.139978,
            24.389192
          ],
          [
            94.140187,
            24.389149
          ],
          [
            94.140343,
            24.389137
          ],
          [
            94.140429,
            24.389211
          ],
          [
            94.140593,
            24.389276
          ],
          [
            94.140917,
            24.389394
          ],
          [
            94.141125,
            24.389479
          ],
          [
            94.141295,
            24.389491
          ],
          [
            94.141464,
            24.389448
          ],
          [
            94.141568,
            24.389385
          ],
          [
            94.141751,
            24.389297
          ],
          [
            94.142011,
            24.389245
          ],
          [
            94.142444,
            24.389354
          ],
          [
            94.14282,
            24.389588
          ],
          [
            94.143107,
            24.389821
          ],
          [
            94.14324,
            24.389894
          ],
          [
            94.143506,
            24.390025
          ],
          [
            94.14363,
            24.390019
          ],
          [
            94.143773,
            24.389985
          ],
          [
            94.143859,
            24.389949
          ],
          [
            94.143929,
            24.389894
          ],
          [
            94.143986,
            24.389806
          ],
          [
            94.143996,
            24.389764
          ],
          [
            94.144046,
            24.389636
          ],
          [
            94.144059,
            24.389524
          ],
          [
            94.144046,
            24.389433
          ],
          [
            94.144043,
            24.38933
          ],
          [
            94.144013,
            24.389257
          ],
          [
            94.143947,
            24.388985
          ],
          [
            94.143971,
            24.388865
          ],
          [
            94.144041,
            24.388745
          ],
          [
            94.144133,
            24.388625
          ],
          [
            94.144343,
            24.38847
          ],
          [
            94.144715,
            24.388376
          ],
          [
            94.145007,
            24.388527
          ],
          [
            94.145189,
            24.388598
          ],
          [
            94.145294,
            24.388639
          ],
          [
            94.145634,
            24.388819
          ],
          [
            94.145878,
            24.388896
          ],
          [
            94.146072,
            24.388943
          ],
          [
            94.146265,
            24.388939
          ],
          [
            94.14643,
            24.388943
          ],
          [
            94.146609,
            24.388939
          ],
          [
            94.146811,
            24.388896
          ],
          [
            94.146967,
            24.388853
          ],
          [
            94.147108,
            24.388806
          ],
          [
            94.147164,
            24.388669
          ],
          [
            94.14716,
            24.388583
          ],
          [
            94.147205,
            24.388351
          ],
          [
            94.147288,
            24.38829
          ],
          [
            94.147408,
            24.388299
          ],
          [
            94.147615,
            24.38846
          ],
          [
            94.147981,
            24.388818
          ],
          [
            94.148414,
            24.38893
          ],
          [
            94.148714,
            24.38904
          ],
          [
            94.148874,
            24.389197
          ],
          [
            94.14914,
            24.389346
          ],
          [
            94.149207,
            24.389422
          ],
          [
            94.149217,
            24.389519
          ],
          [
            94.149227,
            24.389625
          ],
          [
            94.14923,
            24.389692
          ],
          [
            94.149237,
            24.389925
          ],
          [
            94.149304,
            24.39001
          ],
          [
            94.149407,
            24.39008
          ],
          [
            94.149467,
            24.390107
          ],
          [
            94.14962,
            24.390186
          ],
          [
            94.150183,
            24.390429
          ],
          [
            94.150283,
            24.390699
          ],
          [
            94.150403,
            24.391002
          ],
          [
            94.150523,
            24.391106
          ],
          [
            94.150653,
            24.391163
          ],
          [
            94.150802,
            24.391194
          ],
          [
            94.150902,
            24.391218
          ],
          [
            94.150996,
            24.391248
          ],
          [
            94.151082,
            24.391294
          ],
          [
            94.151139,
            24.391354
          ],
          [
            94.151179,
            24.391412
          ],
          [
            94.151252,
            24.391445
          ],
          [
            94.151362,
            24.391421
          ],
          [
            94.151449,
            24.391379
          ],
          [
            94.151525,
            24.391318
          ],
          [
            94.151595,
            24.391242
          ],
          [
            94.151752,
            24.39116
          ],
          [
            94.151842,
            24.391163
          ],
          [
            94.151972,
            24.391236
          ],
          [
            94.152085,
            24.391288
          ],
          [
            94.152228,
            24.391306
          ],
          [
            94.152325,
            24.391266
          ],
          [
            94.152431,
            24.391203
          ],
          [
            94.152481,
            24.391163
          ],
          [
            94.152528,
            24.391121
          ],
          [
            94.152565,
            24.391063
          ],
          [
            94.152585,
            24.391005
          ],
          [
            94.152608,
            24.39093
          ],
          [
            94.152625,
            24.39086
          ],
          [
            94.152635,
            24.390811
          ],
          [
            94.152654,
            24.390641
          ],
          [
            94.152641,
            24.390572
          ],
          [
            94.152671,
            24.390405
          ],
          [
            94.152648,
            24.390308
          ],
          [
            94.152635,
            24.390256
          ],
          [
            94.152608,
            24.390141
          ],
          [
            94.152625,
            24.389925
          ],
          [
            94.152771,
            24.389883
          ],
          [
            94.153018,
            24.390019
          ],
          [
            94.153114,
            24.390089
          ],
          [
            94.153237,
            24.390177
          ],
          [
            94.153434,
            24.390277
          ],
          [
            94.153727,
            24.390471
          ],
          [
            94.153857,
            24.390666
          ],
          [
            94.15409,
            24.390887
          ],
          [
            94.154243,
            24.391075
          ],
          [
            94.154407,
            24.391278
          ],
          [
            94.154473,
            24.391457
          ],
          [
            94.15453,
            24.391652
          ],
          [
            94.15457,
            24.391809
          ],
          [
            94.154683,
            24.392113
          ],
          [
            94.15481,
            24.392286
          ],
          [
            94.15488,
            24.392404
          ],
          [
            94.15497,
            24.392553
          ],
          [
            94.155029,
            24.392671
          ],
          [
            94.155059,
            24.39278
          ],
          [
            94.155089,
            24.392868
          ],
          [
            94.155143,
            24.393026
          ],
          [
            94.155256,
            24.393217
          ],
          [
            94.155286,
            24.393329
          ],
          [
            94.155313,
            24.393426
          ],
          [
            94.155336,
            24.39352
          ],
          [
            94.155336,
            24.393581
          ],
          [
            94.155279,
            24.393666
          ],
          [
            94.155236,
            24.393727
          ],
          [
            94.155216,
            24.393778
          ],
          [
            94.155209,
            24.393824
          ],
          [
            94.155213,
            24.393887
          ],
          [
            94.155236,
            24.393966
          ],
          [
            94.155323,
            24.394006
          ],
          [
            94.155419,
            24.394024
          ],
          [
            94.155522,
            24.394033
          ],
          [
            94.155612,
            24.394045
          ],
          [
            94.155839,
            24.394106
          ],
          [
            94.155956,
            24.394321
          ],
          [
            94.156012,
            24.394427
          ],
          [
            94.156062,
            24.394579
          ],
          [
            94.156182,
            24.394797
          ],
          [
            94.156349,
            24.394976
          ],
          [
            94.156572,
            24.395198
          ],
          [
            94.156772,
            24.395365
          ],
          [
            94.156875,
            24.395483
          ],
          [
            94.156965,
            24.395589
          ],
          [
            94.156988,
            24.39565
          ],
          [
            94.157025,
            24.395783
          ],
          [
            94.157041,
            24.39589
          ],
          [
            94.157011,
            24.396135
          ],
          [
            94.157025,
            24.396238
          ],
          [
            94.157065,
            24.396357
          ],
          [
            94.157121,
            24.396411
          ],
          [
            94.157238,
            24.396496
          ],
          [
            94.157391,
            24.396527
          ],
          [
            94.157498,
            24.396505
          ],
          [
            94.157768,
            24.396445
          ],
          [
            94.157934,
            24.396405
          ],
          [
            94.158077,
            24.396384
          ],
          [
            94.158124,
            24.39639
          ],
          [
            94.158357,
            24.396487
          ],
          [
            94.158507,
            24.396593
          ],
          [
            94.158597,
            24.396624
          ],
          [
            94.158714,
            24.396639
          ],
          [
            94.158797,
            24.396654
          ],
          [
            94.158863,
            24.396709
          ],
          [
            94.1589,
            24.396766
          ],
          [
            94.158903,
            24.396857
          ],
          [
            94.158863,
            24.39696
          ],
          [
            94.1588,
            24.397058
          ],
          [
            94.15868,
            24.397334
          ],
          [
            94.15855,
            24.397479
          ],
          [
            94.15844,
            24.397607
          ],
          [
            94.15836,
            24.397695
          ],
          [
            94.158224,
            24.397804
          ],
          [
            94.158131,
            24.397849
          ],
          [
            94.158021,
            24.397898
          ],
          [
            94.157904,
            24.397934
          ],
          [
            94.157824,
            24.397983
          ],
          [
            94.157751,
            24.398068
          ],
          [
            94.157668,
            24.398195
          ],
          [
            94.157641,
            24.398404
          ],
          [
            94.157598,
            24.398565
          ],
          [
            94.157571,
            24.398668
          ],
          [
            94.157528,
            24.398774
          ],
          [
            94.157451,
            24.398881
          ],
          [
            94.157368,
            24.398963
          ],
          [
            94.157258,
            24.399014
          ],
          [
            94.157138,
            24.399072
          ],
          [
            94.157021,
            24.399117
          ],
          [
            94.156915,
            24.399157
          ],
          [
            94.156788,
            24.399196
          ],
          [
            94.156778,
            24.399254
          ],
          [
            94.156772,
            24.399351
          ],
          [
            94.156772,
            24.399412
          ],
          [
            94.156812,
            24.399587
          ],
          [
            94.156835,
            24.399721
          ],
          [
            94.156925,
            24.399803
          ],
          [
            94.157005,
            24.3999
          ],
          [
            94.157111,
            24.400012
          ],
          [
            94.157145,
            24.400058
          ],
          [
            94.157185,
            24.400167
          ],
          [
            94.157221,
            24.400209
          ],
          [
            94.157318,
            24.400279
          ],
          [
            94.157418,
            24.400355
          ],
          [
            94.157478,
            24.400416
          ],
          [
            94.157528,
            24.40047
          ],
          [
            94.157658,
            24.400604
          ],
          [
            94.157728,
            24.400695
          ],
          [
            94.157763,
            24.400803
          ],
          [
            94.157803,
            24.400892
          ],
          [
            94.15782,
            24.401024
          ],
          [
            94.157828,
            24.401114
          ],
          [
            94.157835,
            24.401159
          ],
          [
            94.157848,
            24.401255
          ],
          [
            94.157873,
            24.401294
          ],
          [
            94.15791,
            24.401337
          ],
          [
            94.157976,
            24.401376
          ],
          [
            94.158133,
            24.401464
          ],
          [
            94.158211,
            24.401511
          ],
          [
            94.158254,
            24.401575
          ],
          [
            94.158294,
            24.401645
          ],
          [
            94.158264,
            24.401795
          ],
          [
            94.158139,
            24.401931
          ],
          [
            94.157935,
            24.402077
          ],
          [
            94.157825,
            24.402162
          ],
          [
            94.15757,
            24.402321
          ],
          [
            94.157462,
            24.402386
          ],
          [
            94.15737,
            24.402441
          ],
          [
            94.157322,
            24.402473
          ],
          [
            94.157285,
            24.402549
          ],
          [
            94.157282,
            24.4026
          ],
          [
            94.157307,
            24.402664
          ],
          [
            94.157347,
            24.402794
          ],
          [
            94.15732,
            24.402876
          ],
          [
            94.157242,
            24.402979
          ],
          [
            94.157145,
            24.403039
          ],
          [
            94.157023,
            24.403105
          ],
          [
            94.15687,
            24.403196
          ],
          [
            94.156695,
            24.40328
          ],
          [
            94.156544,
            24.40338
          ],
          [
            94.156519,
            24.403422
          ],
          [
            94.156511,
            24.403494
          ],
          [
            94.156516,
            24.403553
          ],
          [
            94.156522,
            24.403662
          ],
          [
            94.156567,
            24.403815
          ],
          [
            94.156595,
            24.40393
          ],
          [
            94.156624,
            24.403989
          ],
          [
            94.156639,
            24.404114
          ],
          [
            94.156602,
            24.40417
          ],
          [
            94.156514,
            24.404226
          ],
          [
            94.156441,
            24.404247
          ],
          [
            94.156272,
            24.404358
          ],
          [
            94.156189,
            24.404487
          ],
          [
            94.156129,
            24.404636
          ],
          [
            94.156134,
            24.404749
          ],
          [
            94.156131,
            24.405232
          ],
          [
            94.156159,
            24.405631
          ],
          [
            94.156219,
            24.405938
          ],
          [
            94.156317,
            24.406271
          ],
          [
            94.156387,
            24.406624
          ],
          [
            94.156449,
            24.406868
          ],
          [
            94.156482,
            24.407124
          ],
          [
            94.156466,
            24.407344
          ],
          [
            94.156491,
            24.407648
          ],
          [
            94.156541,
            24.407801
          ],
          [
            94.156605,
            24.407936
          ],
          [
            94.156699,
            24.408027
          ],
          [
            94.156845,
            24.408151
          ],
          [
            94.157077,
            24.408353
          ],
          [
            94.15717,
            24.408444
          ],
          [
            94.157273,
            24.408552
          ],
          [
            94.157312,
            24.40864
          ],
          [
            94.1573,
            24.408734
          ],
          [
            94.157282,
            24.408784
          ],
          [
            94.157262,
            24.408846
          ],
          [
            94.15724,
            24.408908
          ],
          [
            94.157235,
            24.408947
          ],
          [
            94.157243,
            24.409007
          ],
          [
            94.157302,
            24.409076
          ],
          [
            94.157367,
            24.409132
          ],
          [
            94.157445,
            24.409161
          ],
          [
            94.157528,
            24.409192
          ],
          [
            94.157785,
            24.409284
          ],
          [
            94.157988,
            24.409424
          ],
          [
            94.158214,
            24.409571
          ],
          [
            94.158329,
            24.409648
          ],
          [
            94.158564,
            24.409792
          ],
          [
            94.158631,
            24.409873
          ],
          [
            94.158917,
            24.410132
          ],
          [
            94.159102,
            24.410267
          ],
          [
            94.15929,
            24.410422
          ],
          [
            94.159623,
            24.410702
          ],
          [
            94.15997,
            24.410992
          ],
          [
            94.160193,
            24.411209
          ],
          [
            94.160443,
            24.411488
          ],
          [
            94.160593,
            24.411781
          ],
          [
            94.160723,
            24.411966
          ],
          [
            94.160819,
            24.412041
          ],
          [
            94.160904,
            24.412101
          ],
          [
            94.161072,
            24.412276
          ],
          [
            94.161166,
            24.412378
          ],
          [
            94.161266,
            24.412411
          ],
          [
            94.161419,
            24.412416
          ],
          [
            94.161495,
            24.41244
          ],
          [
            94.161612,
            24.412478
          ],
          [
            94.161842,
            24.41259
          ],
          [
            94.161968,
            24.412592
          ],
          [
            94.162073,
            24.412575
          ],
          [
            94.162162,
            24.412542
          ],
          [
            94.162235,
            24.412451
          ],
          [
            94.162276,
            24.412392
          ],
          [
            94.162388,
            24.412281
          ],
          [
            94.162486,
            24.412211
          ],
          [
            94.162591,
            24.412173
          ],
          [
            94.16268,
            24.412134
          ],
          [
            94.162863,
            24.412057
          ],
          [
            94.162991,
            24.411972
          ],
          [
            94.163126,
            24.411806
          ],
          [
            94.163194,
            24.411602
          ],
          [
            94.163224,
            24.411442
          ],
          [
            94.163272,
            24.41131
          ],
          [
            94.163371,
            24.411181
          ],
          [
            94.163609,
            24.410945
          ],
          [
            94.163765,
            24.410827
          ],
          [
            94.163909,
            24.410705
          ],
          [
            94.164037,
            24.410676
          ],
          [
            94.164232,
            24.41067
          ],
          [
            94.164562,
            24.410637
          ],
          [
            94.164826,
            24.410642
          ],
          [
            94.16493,
            24.410666
          ],
          [
            94.165016,
            24.410675
          ],
          [
            94.165104,
            24.410681
          ],
          [
            94.165261,
            24.410673
          ],
          [
            94.165369,
            24.410632
          ],
          [
            94.165701,
            24.410469
          ],
          [
            94.166189,
            24.410271
          ],
          [
            94.166337,
            24.410164
          ],
          [
            94.166548,
            24.410003
          ],
          [
            94.16669,
            24.409851
          ],
          [
            94.166767,
            24.409795
          ],
          [
            94.16706,
            24.409703
          ],
          [
            94.167435,
            24.409572
          ],
          [
            94.167996,
            24.409322
          ],
          [
            94.168159,
            24.409289
          ],
          [
            94.168439,
            24.409223
          ],
          [
            94.16874,
            24.409172
          ],
          [
            94.168937,
            24.409111
          ],
          [
            94.16909,
            24.408978
          ],
          [
            94.169162,
            24.408882
          ],
          [
            94.16921,
            24.408814
          ],
          [
            94.169228,
            24.408799
          ],
          [
            94.169267,
            24.408784
          ],
          [
            94.169297,
            24.408784
          ],
          [
            94.169356,
            24.408806
          ],
          [
            94.169395,
            24.40885
          ],
          [
            94.169418,
            24.408899
          ],
          [
            94.169456,
            24.409001
          ],
          [
            94.169461,
            24.409017
          ],
          [
            94.169521,
            24.409145
          ],
          [
            94.169615,
            24.409246
          ],
          [
            94.169798,
            24.409506
          ],
          [
            94.169873,
            24.409609
          ],
          [
            94.169993,
            24.409695
          ],
          [
            94.170239,
            24.409818
          ],
          [
            94.170406,
            24.409885
          ],
          [
            94.170527,
            24.409958
          ],
          [
            94.170604,
            24.410077
          ],
          [
            94.170681,
            24.410243
          ],
          [
            94.170805,
            24.410584
          ],
          [
            94.17088,
            24.410814
          ],
          [
            94.170942,
            24.411078
          ],
          [
            94.17099,
            24.411166
          ],
          [
            94.17106,
            24.411262
          ],
          [
            94.171134,
            24.41135
          ],
          [
            94.17136,
            24.411521
          ],
          [
            94.17145,
            24.411591
          ],
          [
            94.171558,
            24.411755
          ],
          [
            94.171562,
            24.411781
          ],
          [
            94.171607,
            24.411908
          ],
          [
            94.171866,
            24.412097
          ],
          [
            94.172038,
            24.412181
          ],
          [
            94.172399,
            24.412396
          ],
          [
            94.172484,
            24.412527
          ],
          [
            94.172516,
            24.412639
          ],
          [
            94.172559,
            24.412737
          ],
          [
            94.172641,
            24.412844
          ],
          [
            94.172851,
            24.413018
          ],
          [
            94.173149,
            24.413195
          ],
          [
            94.173317,
            24.413312
          ],
          [
            94.173499,
            24.413482
          ],
          [
            94.173715,
            24.413625
          ],
          [
            94.173872,
            24.413699
          ],
          [
            94.173943,
            24.413748
          ],
          [
            94.173977,
            24.413795
          ],
          [
            94.174002,
            24.413876
          ],
          [
            94.174043,
            24.413999
          ],
          [
            94.174085,
            24.414245
          ],
          [
            94.174108,
            24.414344
          ],
          [
            94.174175,
            24.414412
          ],
          [
            94.17427,
            24.414506
          ],
          [
            94.17448,
            24.414738
          ],
          [
            94.174626,
            24.414812
          ],
          [
            94.174769,
            24.414873
          ],
          [
            94.175038,
            24.4149
          ],
          [
            94.175351,
            24.414912
          ],
          [
            94.17561,
            24.414914
          ],
          [
            94.175887,
            24.41492
          ],
          [
            94.176043,
            24.414932
          ],
          [
            94.176113,
            24.414979
          ],
          [
            94.17618,
            24.415047
          ],
          [
            94.176235,
            24.41514
          ],
          [
            94.17632,
            24.415253
          ],
          [
            94.176382,
            24.415352
          ],
          [
            94.176535,
            24.415437
          ],
          [
            94.176665,
            24.415445
          ],
          [
            94.176766,
            24.415431
          ],
          [
            94.176848,
            24.415411
          ],
          [
            94.176944,
            24.415376
          ],
          [
            94.177126,
            24.415279
          ],
          [
            94.177321,
            24.415244
          ],
          [
            94.177393,
            24.415252
          ],
          [
            94.177464,
            24.415288
          ],
          [
            94.177509,
            24.415347
          ],
          [
            94.177546,
            24.415425
          ],
          [
            94.177547,
            24.415469
          ],
          [
            94.177529,
            24.415849
          ],
          [
            94.177509,
            24.416054
          ],
          [
            94.177519,
            24.416218
          ],
          [
            94.177559,
            24.416301
          ],
          [
            94.177622,
            24.416382
          ],
          [
            94.177709,
            24.416438
          ],
          [
            94.177837,
            24.416499
          ],
          [
            94.178209,
            24.416652
          ],
          [
            94.178533,
            24.416767
          ],
          [
            94.178677,
            24.416917
          ],
          [
            94.17873,
            24.417055
          ],
          [
            94.178767,
            24.41726
          ],
          [
            94.178728,
            24.417715
          ],
          [
            94.178738,
            24.417873
          ],
          [
            94.178846,
            24.418129
          ],
          [
            94.178961,
            24.418303
          ],
          [
            94.179095,
            24.418646
          ],
          [
            94.179133,
            24.418754
          ],
          [
            94.179231,
            24.418861
          ],
          [
            94.179401,
            24.41892
          ],
          [
            94.179584,
            24.418925
          ],
          [
            94.179787,
            24.418913
          ],
          [
            94.179919,
            24.418911
          ],
          [
            94.180109,
            24.418963
          ],
          [
            94.180251,
            24.419025
          ],
          [
            94.180494,
            24.419183
          ],
          [
            94.180837,
            24.41945
          ],
          [
            94.181115,
            24.419704
          ],
          [
            94.181286,
            24.419859
          ],
          [
            94.181385,
            24.419906
          ],
          [
            94.181483,
            24.41994
          ],
          [
            94.18158,
            24.41994
          ],
          [
            94.181729,
            24.419899
          ],
          [
            94.181868,
            24.419853
          ],
          [
            94.182316,
            24.419733
          ],
          [
            94.182552,
            24.419656
          ],
          [
            94.182809,
            24.419594
          ],
          [
            94.183205,
            24.419541
          ],
          [
            94.18342,
            24.419486
          ],
          [
            94.183623,
            24.419425
          ],
          [
            94.183863,
            24.419322
          ],
          [
            94.184051,
            24.41918
          ],
          [
            94.184088,
            24.419063
          ],
          [
            94.184101,
            24.418996
          ],
          [
            94.184136,
            24.418864
          ],
          [
            94.184164,
            24.418816
          ],
          [
            94.184273,
            24.418732
          ],
          [
            94.184439,
            24.418673
          ],
          [
            94.184814,
            24.418572
          ],
          [
            94.184961,
            24.418472
          ],
          [
            94.184996,
            24.418412
          ],
          [
            94.185015,
            24.418362
          ],
          [
            94.185027,
            24.418291
          ],
          [
            94.185027,
            24.418202
          ],
          [
            94.185075,
            24.41808
          ],
          [
            94.185164,
            24.417895
          ],
          [
            94.185249,
            24.417804
          ],
          [
            94.185295,
            24.417759
          ],
          [
            94.185407,
            24.417684
          ],
          [
            94.185537,
            24.417648
          ],
          [
            94.185677,
            24.417639
          ],
          [
            94.185763,
            24.417647
          ],
          [
            94.18588,
            24.417677
          ],
          [
            94.186091,
            24.417692
          ],
          [
            94.18625,
            24.41766
          ],
          [
            94.186298,
            24.417657
          ],
          [
            94.186386,
            24.417677
          ],
          [
            94.186415,
            24.417706
          ],
          [
            94.186416,
            24.417763
          ],
          [
            94.186385,
            24.417815
          ],
          [
            94.186335,
            24.417874
          ],
          [
            94.186238,
            24.417957
          ],
          [
            94.186158,
            24.41808
          ],
          [
            94.186103,
            24.418196
          ],
          [
            94.1861,
            24.418314
          ],
          [
            94.18611,
            24.418435
          ],
          [
            94.18614,
            24.418587
          ],
          [
            94.186235,
            24.418769
          ],
          [
            94.186255,
            24.41884
          ],
          [
            94.1862,
            24.418967
          ],
          [
            94.186113,
            24.419095
          ],
          [
            94.186073,
            24.419181
          ],
          [
            94.186048,
            24.419254
          ],
          [
            94.186031,
            24.419315
          ],
          [
            94.186021,
            24.419385
          ],
          [
            94.186021,
            24.419456
          ],
          [
            94.18606,
            24.419574
          ],
          [
            94.186101,
            24.419715
          ],
          [
            94.18612,
            24.419794
          ],
          [
            94.186135,
            24.419867
          ],
          [
            94.186155,
            24.419956
          ],
          [
            94.18618,
            24.42002
          ],
          [
            94.18622,
            24.420094
          ],
          [
            94.186318,
            24.420234
          ],
          [
            94.186378,
            24.42036
          ],
          [
            94.186439,
            24.420449
          ],
          [
            94.186484,
            24.420522
          ],
          [
            94.186563,
            24.420636
          ],
          [
            94.186669,
            24.420724
          ],
          [
            94.186886,
            24.420731
          ],
          [
            94.187022,
            24.420751
          ],
          [
            94.187192,
            24.420751
          ],
          [
            94.187382,
            24.420772
          ],
          [
            94.187604,
            24.42079
          ],
          [
            94.187722,
            24.420795
          ],
          [
            94.187765,
            24.420818
          ],
          [
            94.187815,
            24.420849
          ],
          [
            94.187848,
            24.420887
          ],
          [
            94.187897,
            24.420978
          ],
          [
            94.187872,
            24.421071
          ],
          [
            94.187822,
            24.42131
          ],
          [
            94.18771,
            24.421626
          ],
          [
            94.187655,
            24.421737
          ],
          [
            94.187605,
            24.421809
          ],
          [
            94.187545,
            24.421869
          ],
          [
            94.187479,
            24.421919
          ],
          [
            94.187339,
            24.421956
          ],
          [
            94.187152,
            24.421999
          ],
          [
            94.186942,
            24.422043
          ],
          [
            94.186759,
            24.422152
          ],
          [
            94.186676,
            24.422225
          ],
          [
            94.186628,
            24.422293
          ],
          [
            94.186608,
            24.422369
          ],
          [
            94.186624,
            24.422448
          ],
          [
            94.186669,
            24.422484
          ],
          [
            94.186746,
            24.422518
          ],
          [
            94.186849,
            24.422549
          ],
          [
            94.186979,
            24.422578
          ],
          [
            94.187049,
            24.422602
          ],
          [
            94.187152,
            24.422643
          ],
          [
            94.187289,
            24.422731
          ],
          [
            94.187344,
            24.422795
          ],
          [
            94.187399,
            24.422898
          ],
          [
            94.187425,
            24.422953
          ],
          [
            94.187465,
            24.423015
          ],
          [
            94.187517,
            24.423059
          ],
          [
            94.187574,
            24.423107
          ],
          [
            94.18766,
            24.423156
          ],
          [
            94.187842,
            24.423188
          ],
          [
            94.187927,
            24.423211
          ],
          [
            94.188018,
            24.423227
          ],
          [
            94.188398,
            24.423383
          ],
          [
            94.18869,
            24.423437
          ],
          [
            94.188829,
            24.423482
          ],
          [
            94.188988,
            24.423537
          ],
          [
            94.189153,
            24.42359
          ],
          [
            94.189234,
            24.423588
          ],
          [
            94.189364,
            24.423576
          ],
          [
            94.189619,
            24.423488
          ],
          [
            94.189854,
            24.423481
          ],
          [
            94.190199,
            24.423493
          ],
          [
            94.190403,
            24.423597
          ],
          [
            94.190495,
            24.423694
          ],
          [
            94.19054,
            24.423758
          ],
          [
            94.19056,
            24.42384
          ],
          [
            94.190568,
            24.42392
          ],
          [
            94.190585,
            24.424025
          ],
          [
            94.19062,
            24.424145
          ],
          [
            94.190687,
            24.424237
          ],
          [
            94.190765,
            24.424336
          ],
          [
            94.190848,
            24.424401
          ],
          [
            94.190921,
            24.424483
          ],
          [
            94.191003,
            24.424537
          ],
          [
            94.191093,
            24.424591
          ],
          [
            94.191336,
            24.424688
          ],
          [
            94.191606,
            24.42475
          ],
          [
            94.191772,
            24.424788
          ],
          [
            94.192051,
            24.424871
          ],
          [
            94.192185,
            24.424971
          ],
          [
            94.192394,
            24.425133
          ],
          [
            94.192552,
            24.425299
          ],
          [
            94.192637,
            24.425443
          ],
          [
            94.192778,
            24.425663
          ],
          [
            94.192928,
            24.425905
          ],
          [
            94.19296,
            24.42599
          ],
          [
            94.192978,
            24.426077
          ],
          [
            94.192948,
            24.426157
          ],
          [
            94.192907,
            24.426209
          ],
          [
            94.192848,
            24.426262
          ],
          [
            94.19278,
            24.426294
          ],
          [
            94.192702,
            24.426304
          ],
          [
            94.19262,
            24.426292
          ],
          [
            94.192534,
            24.426287
          ],
          [
            94.192455,
            24.426283
          ],
          [
            94.19239,
            24.42629
          ],
          [
            94.192339,
            24.426306
          ],
          [
            94.192287,
            24.426328
          ],
          [
            94.192212,
            24.42643
          ],
          [
            94.192051,
            24.426683
          ],
          [
            94.191974,
            24.426759
          ],
          [
            94.191876,
            24.426826
          ],
          [
            94.191697,
            24.426927
          ],
          [
            94.191586,
            24.427
          ],
          [
            94.191538,
            24.42707
          ],
          [
            94.191496,
            24.427141
          ],
          [
            94.191471,
            24.427241
          ],
          [
            94.191474,
            24.427311
          ],
          [
            94.191486,
            24.427435
          ],
          [
            94.191499,
            24.427519
          ],
          [
            94.191478,
            24.427898
          ],
          [
            94.191458,
            24.428184
          ],
          [
            94.19121,
            24.428595
          ],
          [
            94.190704,
            24.42873
          ],
          [
            94.190101,
            24.428977
          ],
          [
            94.189847,
            24.429327
          ],
          [
            94.189288,
            24.429534
          ],
          [
            94.189122,
            24.430369
          ],
          [
            94.188615,
            24.430751
          ],
          [
            94.188265,
            24.431571
          ],
          [
            94.18803,
            24.431889
          ],
          [
            94.187933,
            24.432406
          ],
          [
            94.187986,
            24.432581
          ],
          [
            94.187881,
            24.432788
          ],
          [
            94.188082,
            24.432852
          ],
          [
            94.188554,
            24.432876
          ],
          [
            94.188729,
            24.432764
          ],
          [
            94.189069,
            24.432645
          ],
          [
            94.18959,
            24.432604
          ],
          [
            94.189505,
            24.432559
          ],
          [
            94.189439,
            24.432535
          ],
          [
            94.18934,
            24.432522
          ],
          [
            94.189265,
            24.432527
          ],
          [
            94.189206,
            24.43255
          ],
          [
            94.189133,
            24.432574
          ],
          [
            94.189072,
            24.432572
          ],
          [
            94.188991,
            24.432527
          ],
          [
            94.188937,
            24.432486
          ],
          [
            94.188902,
            24.432441
          ],
          [
            94.188874,
            24.432336
          ],
          [
            94.188852,
            24.432244
          ],
          [
            94.188827,
            24.432109
          ],
          [
            94.188697,
            24.431986
          ],
          [
            94.1886,
            24.431873
          ],
          [
            94.188572,
            24.431772
          ],
          [
            94.188575,
            24.431723
          ],
          [
            94.188591,
            24.431624
          ],
          [
            94.188605,
            24.431551
          ],
          [
            94.188626,
            24.431435
          ],
          [
            94.188688,
            24.431272
          ],
          [
            94.188937,
            24.43094
          ],
          [
            94.189036,
            24.430841
          ],
          [
            94.189156,
            24.430745
          ],
          [
            94.189288,
            24.430702
          ],
          [
            94.18951,
            24.430633
          ],
          [
            94.189623,
            24.430507
          ],
          [
            94.1897,
            24.430251
          ],
          [
            94.189861,
            24.430028
          ],
          [
            94.190009,
            24.429857
          ],
          [
            94.190209,
            24.429681
          ],
          [
            94.190442,
            24.429479
          ],
          [
            94.190789,
            24.429274
          ],
          [
            94.190979,
            24.429108
          ],
          [
            94.191177,
            24.42893
          ],
          [
            94.191392,
            24.428761
          ],
          [
            94.19145,
            24.428667
          ],
          [
            94.191463,
            24.428491
          ],
          [
            94.191458,
            24.428184
          ],
          [
            94.191478,
            24.427898
          ],
          [
            94.191499,
            24.427519
          ],
          [
            94.191486,
            24.427435
          ],
          [
            94.191474,
            24.427311
          ],
          [
            94.191471,
            24.427241
          ],
          [
            94.191496,
            24.427141
          ],
          [
            94.191538,
            24.42707
          ],
          [
            94.191586,
            24.427
          ],
          [
            94.191697,
            24.426927
          ],
          [
            94.191876,
            24.426826
          ],
          [
            94.191974,
            24.426759
          ],
          [
            94.192051,
            24.426683
          ],
          [
            94.192212,
            24.42643
          ],
          [
            94.192287,
            24.426328
          ],
          [
            94.192339,
            24.426306
          ],
          [
            94.19239,
            24.42629
          ],
          [
            94.192455,
            24.426283
          ],
          [
            94.192534,
            24.426287
          ],
          [
            94.19262,
            24.426292
          ],
          [
            94.192702,
            24.426304
          ],
          [
            94.19278,
            24.426294
          ],
          [
            94.192848,
            24.426262
          ],
          [
            94.192907,
            24.426209
          ],
          [
            94.192948,
            24.426157
          ],
          [
            94.192978,
            24.426077
          ],
          [
            94.19296,
            24.42599
          ],
          [
            94.192928,
            24.425905
          ],
          [
            94.192778,
            24.425663
          ],
          [
            94.192637,
            24.425443
          ],
          [
            94.192552,
            24.425299
          ],
          [
            94.192394,
            24.425133
          ],
          [
            94.192185,
            24.424971
          ],
          [
            94.192051,
            24.424871
          ],
          [
            94.191772,
            24.424788
          ],
          [
            94.191606,
            24.42475
          ],
          [
            94.191336,
            24.424688
          ],
          [
            94.191093,
            24.424591
          ],
          [
            94.191003,
            24.424537
          ],
          [
            94.190921,
            24.424483
          ],
          [
            94.190848,
            24.424401
          ],
          [
            94.190765,
            24.424336
          ],
          [
            94.190687,
            24.424237
          ],
          [
            94.19062,
            24.424145
          ],
          [
            94.190585,
            24.424025
          ],
          [
            94.190568,
            24.42392
          ],
          [
            94.19056,
            24.42384
          ],
          [
            94.19054,
            24.423758
          ],
          [
            94.190495,
            24.423694
          ],
          [
            94.190403,
            24.423597
          ],
          [
            94.190199,
            24.423493
          ],
          [
            94.189854,
            24.423481
          ],
          [
            94.189619,
            24.423488
          ],
          [
            94.189364,
            24.423576
          ],
          [
            94.189234,
            24.423588
          ],
          [
            94.189153,
            24.42359
          ],
          [
            94.188988,
            24.423537
          ],
          [
            94.188829,
            24.423482
          ],
          [
            94.18869,
            24.423437
          ],
          [
            94.188398,
            24.423383
          ],
          [
            94.188018,
            24.423227
          ],
          [
            94.187927,
            24.423211
          ],
          [
            94.187842,
            24.423188
          ],
          [
            94.18766,
            24.423156
          ],
          [
            94.187574,
            24.423107
          ],
          [
            94.187517,
            24.423059
          ],
          [
            94.187465,
            24.423015
          ],
          [
            94.187425,
            24.422953
          ],
          [
            94.187399,
            24.422898
          ],
          [
            94.187344,
            24.422795
          ],
          [
            94.187289,
            24.422731
          ],
          [
            94.187152,
            24.422643
          ],
          [
            94.187049,
            24.422602
          ],
          [
            94.186979,
            24.422578
          ],
          [
            94.186849,
            24.422549
          ],
          [
            94.186746,
            24.422518
          ],
          [
            94.186669,
            24.422484
          ],
          [
            94.186624,
            24.422448
          ],
          [
            94.186608,
            24.422369
          ],
          [
            94.186628,
            24.422293
          ],
          [
            94.186676,
            24.422225
          ],
          [
            94.186759,
            24.422152
          ],
          [
            94.186942,
            24.422043
          ],
          [
            94.187152,
            24.421999
          ],
          [
            94.187339,
            24.421956
          ],
          [
            94.187479,
            24.421919
          ],
          [
            94.187545,
            24.421869
          ],
          [
            94.187605,
            24.421809
          ],
          [
            94.187655,
            24.421737
          ],
          [
            94.18771,
            24.421626
          ],
          [
            94.187822,
            24.42131
          ],
          [
            94.187872,
            24.421071
          ],
          [
            94.187897,
            24.420978
          ],
          [
            94.187848,
            24.420887
          ],
          [
            94.187815,
            24.420849
          ],
          [
            94.187765,
            24.420818
          ],
          [
            94.187722,
            24.420795
          ],
          [
            94.187604,
            24.42079
          ],
          [
            94.187382,
            24.420772
          ],
          [
            94.187192,
            24.420751
          ],
          [
            94.187022,
            24.420751
          ],
          [
            94.186886,
            24.420731
          ],
          [
            94.186669,
            24.420724
          ],
          [
            94.186563,
            24.420636
          ],
          [
            94.186484,
            24.420522
          ],
          [
            94.186439,
            24.420449
          ],
          [
            94.186378,
            24.42036
          ],
          [
            94.186318,
            24.420234
          ],
          [
            94.18622,
            24.420094
          ],
          [
            94.18618,
            24.42002
          ],
          [
            94.186155,
            24.419956
          ],
          [
            94.186135,
            24.419867
          ],
          [
            94.18612,
            24.419794
          ],
          [
            94.186101,
            24.419715
          ],
          [
            94.18606,
            24.419574
          ],
          [
            94.186021,
            24.419456
          ],
          [
            94.186021,
            24.419385
          ],
          [
            94.186031,
            24.419315
          ],
          [
            94.186048,
            24.419254
          ],
          [
            94.186073,
            24.419181
          ],
          [
            94.186113,
            24.419095
          ],
          [
            94.1862,
            24.418967
          ],
          [
            94.186255,
            24.41884
          ],
          [
            94.186235,
            24.418769
          ],
          [
            94.18614,
            24.418587
          ],
          [
            94.18611,
            24.418435
          ],
          [
            94.1861,
            24.418314
          ],
          [
            94.186103,
            24.418196
          ],
          [
            94.186158,
            24.41808
          ],
          [
            94.186238,
            24.417957
          ],
          [
            94.186335,
            24.417874
          ],
          [
            94.186385,
            24.417815
          ],
          [
            94.186416,
            24.417763
          ],
          [
            94.186415,
            24.417706
          ],
          [
            94.186386,
            24.417677
          ],
          [
            94.186298,
            24.417657
          ],
          [
            94.18625,
            24.41766
          ],
          [
            94.186091,
            24.417692
          ],
          [
            94.18588,
            24.417677
          ],
          [
            94.185763,
            24.417647
          ],
          [
            94.185677,
            24.417639
          ],
          [
            94.185537,
            24.417648
          ],
          [
            94.185407,
            24.417684
          ],
          [
            94.185295,
            24.417759
          ],
          [
            94.185249,
            24.417804
          ],
          [
            94.185164,
            24.417895
          ],
          [
            94.185075,
            24.41808
          ],
          [
            94.185027,
            24.418202
          ],
          [
            94.185027,
            24.418291
          ],
          [
            94.185015,
            24.418362
          ],
          [
            94.184996,
            24.418412
          ],
          [
            94.184961,
            24.418472
          ],
          [
            94.184814,
            24.418572
          ],
          [
            94.184439,
            24.418673
          ],
          [
            94.184273,
            24.418732
          ],
          [
            94.184164,
            24.418816
          ],
          [
            94.184136,
            24.418864
          ],
          [
            94.184101,
            24.418996
          ],
          [
            94.184088,
            24.419063
          ],
          [
            94.184051,
            24.41918
          ],
          [
            94.183863,
            24.419322
          ],
          [
            94.183623,
            24.419425
          ],
          [
            94.18342,
            24.419486
          ],
          [
            94.183205,
            24.419541
          ],
          [
            94.182809,
            24.419594
          ],
          [
            94.182552,
            24.419656
          ],
          [
            94.182316,
            24.419733
          ],
          [
            94.181868,
            24.419853
          ],
          [
            94.181729,
            24.419899
          ],
          [
            94.18158,
            24.41994
          ],
          [
            94.181483,
            24.41994
          ],
          [
            94.181385,
            24.419906
          ],
          [
            94.181286,
            24.419859
          ],
          [
            94.181115,
            24.419704
          ],
          [
            94.180837,
            24.41945
          ],
          [
            94.180494,
            24.419183
          ],
          [
            94.180251,
            24.419025
          ],
          [
            94.180109,
            24.418963
          ],
          [
            94.179919,
            24.418911
          ],
          [
            94.179787,
            24.418913
          ],
          [
            94.179584,
            24.418925
          ],
          [
            94.179401,
            24.41892
          ],
          [
            94.179231,
            24.418861
          ],
          [
            94.179133,
            24.418754
          ],
          [
            94.179095,
            24.418646
          ],
          [
            94.178961,
            24.418303
          ],
          [
            94.178846,
            24.418129
          ],
          [
            94.178738,
            24.417873
          ],
          [
            94.178728,
            24.417715
          ],
          [
            94.178767,
            24.41726
          ],
          [
            94.17873,
            24.417055
          ],
          [
            94.178677,
            24.416917
          ],
          [
            94.178533,
            24.416767
          ],
          [
            94.178209,
            24.416652
          ],
          [
            94.177837,
            24.416499
          ],
          [
            94.177709,
            24.416438
          ],
          [
            94.177622,
            24.416382
          ],
          [
            94.177559,
            24.416301
          ],
          [
            94.177519,
            24.416218
          ],
          [
            94.177509,
            24.416054
          ],
          [
            94.177529,
            24.415849
          ],
          [
            94.177547,
            24.415469
          ],
          [
            94.177546,
            24.415425
          ],
          [
            94.177509,
            24.415347
          ],
          [
            94.177464,
            24.415288
          ],
          [
            94.177393,
            24.415252
          ],
          [
            94.177321,
            24.415244
          ],
          [
            94.177126,
            24.415279
          ],
          [
            94.176944,
            24.415376
          ],
          [
            94.176848,
            24.415411
          ],
          [
            94.176766,
            24.415431
          ],
          [
            94.176665,
            24.415445
          ],
          [
            94.176535,
            24.415437
          ],
          [
            94.176382,
            24.415352
          ],
          [
            94.17632,
            24.415253
          ],
          [
            94.176235,
            24.41514
          ],
          [
            94.17618,
            24.415047
          ],
          [
            94.176113,
            24.414979
          ],
          [
            94.176043,
            24.414932
          ],
          [
            94.175887,
            24.41492
          ],
          [
            94.17561,
            24.414914
          ],
          [
            94.175351,
            24.414912
          ],
          [
            94.175038,
            24.4149
          ],
          [
            94.174769,
            24.414873
          ],
          [
            94.174626,
            24.414812
          ],
          [
            94.17448,
            24.414738
          ],
          [
            94.17427,
            24.414506
          ],
          [
            94.174175,
            24.414412
          ],
          [
            94.174108,
            24.414344
          ],
          [
            94.174085,
            24.414245
          ],
          [
            94.174043,
            24.413999
          ],
          [
            94.174002,
            24.413876
          ],
          [
            94.173977,
            24.413795
          ],
          [
            94.173943,
            24.413748
          ],
          [
            94.173872,
            24.413699
          ],
          [
            94.173715,
            24.413625
          ],
          [
            94.173499,
            24.413482
          ],
          [
            94.173317,
            24.413312
          ],
          [
            94.173149,
            24.413195
          ],
          [
            94.172851,
            24.413018
          ],
          [
            94.172641,
            24.412844
          ],
          [
            94.172559,
            24.412737
          ],
          [
            94.172516,
            24.412639
          ],
          [
            94.172484,
            24.412527
          ],
          [
            94.172399,
            24.412396
          ],
          [
            94.172038,
            24.412181
          ],
          [
            94.171866,
            24.412097
          ],
          [
            94.171607,
            24.411908
          ],
          [
            94.171562,
            24.411781
          ],
          [
            94.171558,
            24.411755
          ],
          [
            94.17145,
            24.411591
          ],
          [
            94.17136,
            24.411521
          ],
          [
            94.171134,
            24.41135
          ],
          [
            94.17106,
            24.411262
          ],
          [
            94.17099,
            24.411166
          ],
          [
            94.170942,
            24.411078
          ],
          [
            94.17088,
            24.410814
          ],
          [
            94.170805,
            24.410584
          ],
          [
            94.170681,
            24.410243
          ],
          [
            94.170604,
            24.410077
          ],
          [
            94.170527,
            24.409958
          ],
          [
            94.170406,
            24.409885
          ],
          [
            94.170239,
            24.409818
          ],
          [
            94.169993,
            24.409695
          ],
          [
            94.169873,
            24.409609
          ],
          [
            94.169798,
            24.409506
          ],
          [
            94.169615,
            24.409246
          ],
          [
            94.169521,
            24.409145
          ],
          [
            94.169461,
            24.409017
          ],
          [
            94.169456,
            24.409001
          ],
          [
            94.169418,
            24.408899
          ],
          [
            94.169395,
            24.40885
          ],
          [
            94.169356,
            24.408806
          ],
          [
            94.169297,
            24.408784
          ],
          [
            94.169267,
            24.408784
          ],
          [
            94.169228,
            24.408799
          ],
          [
            94.16921,
            24.408814
          ],
          [
            94.169162,
            24.408882
          ],
          [
            94.16909,
            24.408978
          ],
          [
            94.168937,
            24.409111
          ],
          [
            94.16874,
            24.409172
          ],
          [
            94.168439,
            24.409223
          ],
          [
            94.168159,
            24.409289
          ],
          [
            94.167996,
            24.409322
          ],
          [
            94.167435,
            24.409572
          ],
          [
            94.16706,
            24.409703
          ],
          [
            94.166767,
            24.409795
          ],
          [
            94.16669,
            24.409851
          ],
          [
            94.166548,
            24.410003
          ],
          [
            94.166337,
            24.410164
          ],
          [
            94.166189,
            24.410271
          ],
          [
            94.165701,
            24.410469
          ],
          [
            94.165369,
            24.410632
          ],
          [
            94.165261,
            24.410673
          ],
          [
            94.165104,
            24.410681
          ],
          [
            94.165016,
            24.410675
          ],
          [
            94.16493,
            24.410666
          ],
          [
            94.164826,
            24.410642
          ],
          [
            94.164562,
            24.410637
          ],
          [
            94.164232,
            24.41067
          ],
          [
            94.164037,
            24.410676
          ],
          [
            94.163909,
            24.410705
          ],
          [
            94.163765,
            24.410827
          ],
          [
            94.163609,
            24.410945
          ],
          [
            94.163371,
            24.411181
          ],
          [
            94.163272,
            24.41131
          ],
          [
            94.163224,
            24.411442
          ],
          [
            94.163194,
            24.411602
          ],
          [
            94.163126,
            24.411806
          ],
          [
            94.162991,
            24.411972
          ],
          [
            94.162863,
            24.412057
          ],
          [
            94.16268,
            24.412134
          ],
          [
            94.162591,
            24.412173
          ],
          [
            94.162486,
            24.412211
          ],
          [
            94.162388,
            24.412281
          ],
          [
            94.162276,
            24.412392
          ],
          [
            94.162235,
            24.412451
          ],
          [
            94.162162,
            24.412542
          ],
          [
            94.162073,
            24.412575
          ],
          [
            94.161968,
            24.412592
          ],
          [
            94.161842,
            24.41259
          ],
          [
            94.161612,
            24.412478
          ],
          [
            94.161495,
            24.41244
          ],
          [
            94.161419,
            24.412416
          ],
          [
            94.161266,
            24.412411
          ],
          [
            94.161166,
            24.412378
          ],
          [
            94.161072,
            24.412276
          ],
          [
            94.160904,
            24.412101
          ],
          [
            94.160819,
            24.412041
          ],
          [
            94.160723,
            24.411966
          ],
          [
            94.160593,
            24.411781
          ],
          [
            94.160443,
            24.411488
          ],
          [
            94.160193,
            24.411209
          ],
          [
            94.15997,
            24.410992
          ],
          [
            94.159623,
            24.410702
          ],
          [
            94.15929,
            24.410422
          ],
          [
            94.159102,
            24.410267
          ],
          [
            94.158917,
            24.410132
          ],
          [
            94.158631,
            24.409873
          ],
          [
            94.158564,
            24.409792
          ],
          [
            94.158329,
            24.409648
          ],
          [
            94.158214,
            24.409571
          ],
          [
            94.157988,
            24.409424
          ],
          [
            94.157785,
            24.409284
          ],
          [
            94.157528,
            24.409192
          ],
          [
            94.157445,
            24.409161
          ],
          [
            94.157367,
            24.409132
          ],
          [
            94.157302,
            24.409076
          ],
          [
            94.157243,
            24.409007
          ],
          [
            94.157235,
            24.408947
          ],
          [
            94.15724,
            24.408908
          ],
          [
            94.157262,
            24.408846
          ],
          [
            94.157282,
            24.408784
          ],
          [
            94.1573,
            24.408734
          ],
          [
            94.157312,
            24.40864
          ],
          [
            94.157273,
            24.408552
          ],
          [
            94.15717,
            24.408444
          ],
          [
            94.157077,
            24.408353
          ],
          [
            94.156845,
            24.408151
          ],
          [
            94.156699,
            24.408027
          ],
          [
            94.156605,
            24.407936
          ],
          [
            94.156541,
            24.407801
          ],
          [
            94.156491,
            24.407648
          ],
          [
            94.156466,
            24.407344
          ],
          [
            94.156482,
            24.407124
          ],
          [
            94.156449,
            24.406868
          ],
          [
            94.156387,
            24.406624
          ],
          [
            94.156317,
            24.406271
          ],
          [
            94.156219,
            24.405938
          ],
          [
            94.156159,
            24.405631
          ],
          [
            94.156131,
            24.405232
          ],
          [
            94.156134,
            24.404749
          ],
          [
            94.156129,
            24.404636
          ],
          [
            94.156189,
            24.404487
          ],
          [
            94.156272,
            24.404358
          ],
          [
            94.156441,
            24.404247
          ],
          [
            94.156514,
            24.404226
          ],
          [
            94.156602,
            24.40417
          ],
          [
            94.156639,
            24.404114
          ],
          [
            94.156624,
            24.403989
          ],
          [
            94.156595,
            24.40393
          ],
          [
            94.156567,
            24.403815
          ],
          [
            94.156522,
            24.403662
          ],
          [
            94.156516,
            24.403553
          ],
          [
            94.156511,
            24.403494
          ],
          [
            94.156519,
            24.403422
          ],
          [
            94.156544,
            24.40338
          ],
          [
            94.156695,
            24.40328
          ],
          [
            94.15687,
            24.403196
          ],
          [
            94.157023,
            24.403105
          ],
          [
            94.157145,
            24.403039
          ],
          [
            94.157242,
            24.402979
          ],
          [
            94.15732,
            24.402876
          ],
          [
            94.157347,
            24.402794
          ],
          [
            94.157307,
            24.402664
          ],
          [
            94.157282,
            24.4026
          ],
          [
            94.157285,
            24.402549
          ],
          [
            94.157322,
            24.402473
          ],
          [
            94.15737,
            24.402441
          ],
          [
            94.157462,
            24.402386
          ],
          [
            94.15757,
            24.402321
          ],
          [
            94.157825,
            24.402162
          ],
          [
            94.157935,
            24.402077
          ],
          [
            94.158139,
            24.401931
          ],
          [
            94.158264,
            24.401795
          ],
          [
            94.158294,
            24.401645
          ],
          [
            94.158254,
            24.401575
          ],
          [
            94.158211,
            24.401511
          ],
          [
            94.158133,
            24.401464
          ],
          [
            94.157976,
            24.401376
          ],
          [
            94.15791,
            24.401337
          ],
          [
            94.157873,
            24.401294
          ],
          [
            94.157848,
            24.401255
          ],
          [
            94.157835,
            24.401159
          ],
          [
            94.157828,
            24.401114
          ],
          [
            94.15782,
            24.401024
          ],
          [
            94.157803,
            24.400892
          ],
          [
            94.157763,
            24.400803
          ],
          [
            94.157728,
            24.400695
          ],
          [
            94.157658,
            24.400604
          ],
          [
            94.157528,
            24.40047
          ],
          [
            94.157478,
            24.400416
          ],
          [
            94.157418,
            24.400355
          ],
          [
            94.157318,
            24.400279
          ],
          [
            94.157221,
            24.400209
          ],
          [
            94.157185,
            24.400167
          ],
          [
            94.157145,
            24.400058
          ],
          [
            94.157111,
            24.400012
          ],
          [
            94.157005,
            24.3999
          ],
          [
            94.156925,
            24.399803
          ],
          [
            94.156835,
            24.399721
          ],
          [
            94.156812,
            24.399587
          ],
          [
            94.156772,
            24.399412
          ],
          [
            94.156772,
            24.399351
          ],
          [
            94.156778,
            24.399254
          ],
          [
            94.156788,
            24.399196
          ],
          [
            94.156915,
            24.399157
          ],
          [
            94.157021,
            24.399117
          ],
          [
            94.157138,
            24.399072
          ],
          [
            94.157258,
            24.399014
          ],
          [
            94.157368,
            24.398963
          ],
          [
            94.157451,
            24.398881
          ],
          [
            94.157528,
            24.398774
          ],
          [
            94.157571,
            24.398668
          ],
          [
            94.157598,
            24.398565
          ],
          [
            94.157641,
            24.398404
          ],
          [
            94.157668,
            24.398195
          ],
          [
            94.157751,
            24.398068
          ],
          [
            94.157824,
            24.397983
          ],
          [
            94.157904,
            24.397934
          ],
          [
            94.158021,
            24.397898
          ],
          [
            94.158131,
            24.397849
          ],
          [
            94.158224,
            24.397804
          ],
          [
            94.15836,
            24.397695
          ],
          [
            94.15844,
            24.397607
          ],
          [
            94.15855,
            24.397479
          ],
          [
            94.15868,
            24.397334
          ],
          [
            94.1588,
            24.397058
          ],
          [
            94.158863,
            24.39696
          ],
          [
            94.158903,
            24.396857
          ],
          [
            94.1589,
            24.396766
          ],
          [
            94.158863,
            24.396709
          ],
          [
            94.158797,
            24.396654
          ],
          [
            94.158714,
            24.396639
          ],
          [
            94.158597,
            24.396624
          ],
          [
            94.158507,
            24.396593
          ],
          [
            94.158357,
            24.396487
          ],
          [
            94.158124,
            24.39639
          ],
          [
            94.158077,
            24.396384
          ],
          [
            94.157934,
            24.396405
          ],
          [
            94.157768,
            24.396445
          ],
          [
            94.157498,
            24.396505
          ],
          [
            94.157391,
            24.396527
          ],
          [
            94.157238,
            24.396496
          ],
          [
            94.157121,
            24.396411
          ],
          [
            94.157065,
            24.396357
          ],
          [
            94.157025,
            24.396238
          ],
          [
            94.157011,
            24.396135
          ],
          [
            94.157041,
            24.39589
          ],
          [
            94.157025,
            24.395783
          ],
          [
            94.156988,
            24.39565
          ],
          [
            94.156965,
            24.395589
          ],
          [
            94.156875,
            24.395483
          ],
          [
            94.156772,
            24.395365
          ],
          [
            94.156572,
            24.395198
          ],
          [
            94.156349,
            24.394976
          ],
          [
            94.156182,
            24.394797
          ],
          [
            94.156062,
            24.394579
          ],
          [
            94.156012,
            24.394427
          ],
          [
            94.155956,
            24.394321
          ],
          [
            94.155839,
            24.394106
          ],
          [
            94.155612,
            24.394045
          ],
          [
            94.155522,
            24.394033
          ],
          [
            94.155419,
            24.394024
          ],
          [
            94.155323,
            24.394006
          ],
          [
            94.155236,
            24.393966
          ],
          [
            94.155213,
            24.393887
          ],
          [
            94.155209,
            24.393824
          ],
          [
            94.155216,
            24.393778
          ],
          [
            94.155236,
            24.393727
          ],
          [
            94.155279,
            24.393666
          ],
          [
            94.155336,
            24.393581
          ],
          [
            94.155336,
            24.39352
          ],
          [
            94.155313,
            24.393426
          ],
          [
            94.155286,
            24.393329
          ],
          [
            94.155256,
            24.393217
          ],
          [
            94.155143,
            24.393026
          ],
          [
            94.155089,
            24.392868
          ],
          [
            94.155059,
            24.39278
          ],
          [
            94.155029,
            24.392671
          ],
          [
            94.15497,
            24.392553
          ],
          [
            94.15488,
            24.392404
          ],
          [
            94.15481,
            24.392286
          ],
          [
            94.154683,
            24.392113
          ],
          [
            94.15457,
            24.391809
          ],
          [
            94.15453,
            24.391652
          ],
          [
            94.154473,
            24.391457
          ],
          [
            94.154407,
            24.391278
          ],
          [
            94.154243,
            24.391075
          ],
          [
            94.15409,
            24.390887
          ],
          [
            94.153857,
            24.390666
          ],
          [
            94.153727,
            24.390471
          ],
          [
            94.153434,
            24.390277
          ],
          [
            94.153237,
            24.390177
          ],
          [
            94.153114,
            24.390089
          ],
          [
            94.153018,
            24.390019
          ],
          [
            94.152771,
            24.389883
          ],
          [
            94.152625,
            24.389925
          ],
          [
            94.152608,
            24.390141
          ],
          [
            94.152635,
            24.390256
          ],
          [
            94.152648,
            24.390308
          ],
          [
            94.152671,
            24.390405
          ],
          [
            94.152641,
            24.390572
          ],
          [
            94.152654,
            24.390641
          ],
          [
            94.152635,
            24.390811
          ],
          [
            94.152625,
            24.39086
          ],
          [
            94.152608,
            24.39093
          ],
          [
            94.152585,
            24.391005
          ],
          [
            94.152565,
            24.391063
          ],
          [
            94.152528,
            24.391121
          ],
          [
            94.152481,
            24.391163
          ],
          [
            94.152431,
            24.391203
          ],
          [
            94.152325,
            24.391266
          ],
          [
            94.152228,
            24.391306
          ],
          [
            94.152085,
            24.391288
          ],
          [
            94.151972,
            24.391236
          ],
          [
            94.151842,
            24.391163
          ],
          [
            94.151752,
            24.39116
          ],
          [
            94.151595,
            24.391242
          ],
          [
            94.151525,
            24.391318
          ],
          [
            94.151449,
            24.391379
          ],
          [
            94.151362,
            24.391421
          ],
          [
            94.151252,
            24.391445
          ],
          [
            94.151179,
            24.391412
          ],
          [
            94.151139,
            24.391354
          ],
          [
            94.151082,
            24.391294
          ],
          [
            94.150996,
            24.391248
          ],
          [
            94.150902,
            24.391218
          ],
          [
            94.150802,
            24.391194
          ],
          [
            94.150653,
            24.391163
          ],
          [
            94.150523,
            24.391106
          ],
          [
            94.150403,
            24.391002
          ],
          [
            94.150283,
            24.390699
          ],
          [
            94.150183,
            24.390429
          ],
          [
            94.14962,
            24.390186
          ],
          [
            94.149467,
            24.390107
          ],
          [
            94.149407,
            24.39008
          ],
          [
            94.149304,
            24.39001
          ],
          [
            94.149237,
            24.389925
          ],
          [
            94.14923,
            24.389692
          ],
          [
            94.149227,
            24.389625
          ],
          [
            94.149217,
            24.389519
          ],
          [
            94.149207,
            24.389422
          ],
          [
            94.14914,
            24.389346
          ],
          [
            94.148874,
            24.389197
          ],
          [
            94.148714,
            24.38904
          ],
          [
            94.148414,
            24.38893
          ],
          [
            94.147981,
            24.388818
          ],
          [
            94.147615,
            24.38846
          ],
          [
            94.147408,
            24.388299
          ],
          [
            94.147288,
            24.38829
          ],
          [
            94.147205,
            24.388351
          ],
          [
            94.14716,
            24.388583
          ],
          [
            94.147164,
            24.388669
          ],
          [
            94.147108,
            24.388806
          ],
          [
            94.146967,
            24.388853
          ],
          [
            94.146811,
            24.388896
          ],
          [
            94.146609,
            24.388939
          ],
          [
            94.14643,
            24.388943
          ],
          [
            94.146265,
            24.388939
          ],
          [
            94.146072,
            24.388943
          ],
          [
            94.145878,
            24.388896
          ],
          [
            94.145634,
            24.388819
          ],
          [
            94.145294,
            24.388639
          ],
          [
            94.145007,
            24.388527
          ],
          [
            94.144715,
            24.388376
          ],
          [
            94.144343,
            24.38847
          ],
          [
            94.144133,
            24.388625
          ],
          [
            94.144041,
            24.388745
          ],
          [
            94.143971,
            24.388865
          ],
          [
            94.143947,
            24.388985
          ],
          [
            94.144013,
            24.389257
          ],
          [
            94.144043,
            24.38933
          ],
          [
            94.144046,
            24.389433
          ],
          [
            94.144059,
            24.389524
          ],
          [
            94.144046,
            24.389636
          ],
          [
            94.143996,
            24.389764
          ],
          [
            94.143986,
            24.389806
          ],
          [
            94.143929,
            24.389894
          ],
          [
            94.143859,
            24.389949
          ],
          [
            94.143773,
            24.389985
          ],
          [
            94.14363,
            24.390019
          ],
          [
            94.143506,
            24.390025
          ],
          [
            94.14324,
            24.389894
          ],
          [
            94.143107,
            24.389821
          ],
          [
            94.14282,
            24.389588
          ],
          [
            94.142444,
            24.389354
          ],
          [
            94.142011,
            24.389245
          ],
          [
            94.141751,
            24.389297
          ],
          [
            94.141568,
            24.389385
          ],
          [
            94.141464,
            24.389448
          ],
          [
            94.141295,
            24.389491
          ],
          [
            94.141125,
            24.389479
          ],
          [
            94.140917,
            24.389394
          ],
          [
            94.140593,
            24.389276
          ],
          [
            94.140429,
            24.389211
          ],
          [
            94.140343,
            24.389137
          ],
          [
            94.14043,
            24.389116
          ],
          [
            94.140549,
            24.389079
          ],
          [
            94.140692,
            24.389015
          ],
          [
            94.140796,
            24.388953
          ],
          [
            94.140932,
            24.388867
          ],
          [
            94.141181,
            24.388695
          ],
          [
            94.141572,
            24.388497
          ],
          [
            94.142023,
            24.388304
          ],
          [
            94.142719,
            24.387949
          ],
          [
            94.14304,
            24.387736
          ],
          [
            94.143198,
            24.387594
          ],
          [
            94.143245,
            24.387489
          ],
          [
            94.143253,
            24.387395
          ],
          [
            94.143266,
            24.387244
          ],
          [
            94.143264,
            24.387158
          ],
          [
            94.143371,
            24.387007
          ],
          [
            94.143483,
            24.386956
          ],
          [
            94.143595,
            24.386934
          ],
          [
            94.143756,
            24.386918
          ],
          [
            94.143958,
            24.386931
          ],
          [
            94.144146,
            24.387004
          ],
          [
            94.14424,
            24.387045
          ],
          [
            94.144408,
            24.387051
          ],
          [
            94.144748,
            24.386983
          ],
          [
            94.14491,
            24.386896
          ],
          [
            94.145074,
            24.386773
          ],
          [
            94.145209,
            24.38655
          ],
          [
            94.145276,
            24.386419
          ],
          [
            94.14537,
            24.38631
          ],
          [
            94.145712,
            24.386068
          ],
          [
            94.145928,
            24.385935
          ],
          [
            94.146112,
            24.385769
          ],
          [
            94.146171,
            24.38567
          ],
          [
            94.146246,
            24.385483
          ],
          [
            94.146281,
            24.385293
          ],
          [
            94.146312,
            24.385046
          ],
          [
            94.146256,
            24.384649
          ],
          [
            94.146239,
            24.384275
          ],
          [
            94.146331,
            24.383965
          ],
          [
            94.146472,
            24.383673
          ],
          [
            94.146539,
            24.383433
          ],
          [
            94.146579,
            24.383317
          ],
          [
            94.146588,
            24.383232
          ],
          [
            94.14663,
            24.383182
          ],
          [
            94.146688,
            24.383155
          ],
          [
            94.146753,
            24.383152
          ],
          [
            94.146826,
            24.383186
          ],
          [
            94.146862,
            24.38325
          ],
          [
            94.146876,
            24.383341
          ],
          [
            94.1469,
            24.383674
          ],
          [
            94.146903,
            24.384294
          ],
          [
            94.146882,
            24.384421
          ],
          [
            94.14687,
            24.384492
          ],
          [
            94.146804,
            24.384729
          ],
          [
            94.146837,
            24.38489
          ],
          [
            94.146879,
            24.384992
          ],
          [
            94.146963,
            24.385139
          ],
          [
            94.147011,
            24.385298
          ],
          [
            94.147046,
            24.385511
          ],
          [
            94.147053,
            24.385635
          ],
          [
            94.147083,
            24.385774
          ],
          [
            94.147171,
            24.385984
          ],
          [
            94.147223,
            24.386125
          ],
          [
            94.147274,
            24.386309
          ],
          [
            94.14739,
            24.386683
          ],
          [
            94.147461,
            24.386747
          ],
          [
            94.147533,
            24.386749
          ],
          [
            94.147582,
            24.38671
          ],
          [
            94.147608,
            24.386623
          ],
          [
            94.147593,
            24.386527
          ],
          [
            94.14755,
            24.386346
          ],
          [
            94.147567,
            24.386108
          ],
          [
            94.14761,
            24.385804
          ],
          [
            94.147555,
            24.385523
          ],
          [
            94.147486,
            24.385311
          ],
          [
            94.147495,
            24.385177
          ],
          [
            94.147533,
            24.385059
          ],
          [
            94.147624,
            24.384937
          ],
          [
            94.147748,
            24.384646
          ],
          [
            94.147777,
            24.384386
          ],
          [
            94.147779,
            24.384268
          ],
          [
            94.147804,
            24.384174
          ],
          [
            94.147842,
            24.384111
          ],
          [
            94.14795,
            24.384034
          ],
          [
            94.148067,
            24.383929
          ],
          [
            94.148176,
            24.38376
          ],
          [
            94.148293,
            24.383447
          ],
          [
            94.14838,
            24.383255
          ],
          [
            94.148427,
            24.383083
          ],
          [
            94.148505,
            24.382998
          ],
          [
            94.148602,
            24.382956
          ],
          [
            94.148793,
            24.382864
          ],
          [
            94.149143,
            24.382677
          ],
          [
            94.14953,
            24.382484
          ],
          [
            94.149832,
            24.382293
          ],
          [
            94.149956,
            24.382108
          ],
          [
            94.15006,
            24.381896
          ],
          [
            94.150166,
            24.381584
          ],
          [
            94.150212,
            24.381361
          ],
          [
            94.150306,
            24.381167
          ],
          [
            94.150436,
            24.381036
          ],
          [
            94.150804,
            24.380829
          ],
          [
            94.151039,
            24.380586
          ],
          [
            94.151252,
            24.380362
          ],
          [
            94.151445,
            24.380202
          ],
          [
            94.15165,
            24.380096
          ],
          [
            94.151746,
            24.380061
          ],
          [
            94.151823,
            24.380075
          ],
          [
            94.152094,
            24.380096
          ],
          [
            94.152276,
            24.380095
          ],
          [
            94.152519,
            24.380059
          ],
          [
            94.152746,
            24.380025
          ],
          [
            94.152888,
            24.379985
          ],
          [
            94.15295,
            24.379932
          ],
          [
            94.153017,
            24.379848
          ],
          [
            94.15305,
            24.379777
          ],
          [
            94.153073,
            24.379704
          ],
          [
            94.153145,
            24.37964
          ],
          [
            94.153255,
            24.379615
          ],
          [
            94.153402,
            24.37957
          ],
          [
            94.153906,
            24.37948
          ],
          [
            94.154045,
            24.379393
          ],
          [
            94.154233,
            24.379154
          ],
          [
            94.154338,
            24.37897
          ],
          [
            94.154451,
            24.378843
          ],
          [
            94.154637,
            24.378819
          ],
          [
            94.154821,
            24.378797
          ],
          [
            94.155159,
            24.378789
          ],
          [
            94.155371,
            24.378762
          ],
          [
            94.155499,
            24.378688
          ],
          [
            94.155706,
            24.378559
          ],
          [
            94.155869,
            24.378512
          ],
          [
            94.15617,
            24.378448
          ],
          [
            94.156636,
            24.378328
          ],
          [
            94.157046,
            24.378256
          ],
          [
            94.157281,
            24.378199
          ],
          [
            94.157537,
            24.378102
          ],
          [
            94.157707,
            24.377998
          ],
          [
            94.157847,
            24.37785
          ],
          [
            94.157958,
            24.377727
          ],
          [
            94.158066,
            24.377441
          ],
          [
            94.158116,
            24.377262
          ],
          [
            94.158247,
            24.377023
          ],
          [
            94.158336,
            24.376882
          ],
          [
            94.158389,
            24.376833
          ],
          [
            94.158507,
            24.3768
          ],
          [
            94.158634,
            24.376836
          ],
          [
            94.158657,
            24.37691
          ],
          [
            94.158662,
            24.377019
          ],
          [
            94.158602,
            24.377189
          ],
          [
            94.158579,
            24.377366
          ],
          [
            94.158601,
            24.377606
          ],
          [
            94.15863,
            24.377775
          ],
          [
            94.158682,
            24.377841
          ],
          [
            94.158734,
            24.377867
          ],
          [
            94.158786,
            24.377864
          ],
          [
            94.15884,
            24.377823
          ],
          [
            94.158861,
            24.377754
          ],
          [
            94.158856,
            24.377641
          ],
          [
            94.158845,
            24.377444
          ],
          [
            94.158922,
            24.377266
          ],
          [
            94.159079,
            24.377069
          ],
          [
            94.159126,
            24.376918
          ],
          [
            94.159113,
            24.376742
          ],
          [
            94.15911,
            24.376658
          ],
          [
            94.159187,
            24.376476
          ],
          [
            94.159315,
            24.376319
          ],
          [
            94.15934,
            24.376164
          ],
          [
            94.1593,
            24.376013
          ],
          [
            94.159289,
            24.375776
          ],
          [
            94.159322,
            24.37566
          ],
          [
            94.159422,
            24.375486
          ],
          [
            94.159613,
            24.375324
          ],
          [
            94.159776,
            24.375177
          ],
          [
            94.159906,
            24.374952
          ],
          [
            94.16013,
            24.374766
          ],
          [
            94.160303,
            24.374676
          ],
          [
            94.16051,
            24.374529
          ],
          [
            94.160635,
            24.374431
          ],
          [
            94.160657,
            24.37436
          ],
          [
            94.16069,
            24.374201
          ],
          [
            94.160688,
            24.373956
          ],
          [
            94.160743,
            24.373704
          ],
          [
            94.16076,
            24.373572
          ],
          [
            94.160738,
            24.373383
          ],
          [
            94.160763,
            24.373299
          ],
          [
            94.160828,
            24.373263
          ],
          [
            94.160889,
            24.373245
          ],
          [
            94.16102,
            24.373208
          ],
          [
            94.161298,
            24.373156
          ],
          [
            94.161541,
            24.373033
          ],
          [
            94.161845,
            24.372889
          ],
          [
            94.162179,
            24.372791
          ],
          [
            94.162479,
            24.372711
          ],
          [
            94.162602,
            24.372647
          ],
          [
            94.162653,
            24.372568
          ],
          [
            94.162669,
            24.372509
          ],
          [
            94.162668,
            24.372342
          ],
          [
            94.162668,
            24.371983
          ],
          [
            94.162672,
            24.371863
          ],
          [
            94.162704,
            24.371804
          ],
          [
            94.16278,
            24.371666
          ],
          [
            94.162837,
            24.371482
          ],
          [
            94.162804,
            24.371298
          ],
          [
            94.162773,
            24.371098
          ],
          [
            94.162746,
            24.370916
          ],
          [
            94.162757,
            24.370818
          ],
          [
            94.162793,
            24.370719
          ],
          [
            94.162873,
            24.370611
          ],
          [
            94.162929,
            24.370461
          ],
          [
            94.163034,
            24.3702
          ],
          [
            94.16307,
            24.369979
          ],
          [
            94.163089,
            24.369607
          ],
          [
            94.16312,
            24.369239
          ],
          [
            94.163081,
            24.369062
          ],
          [
            94.162951,
            24.368704
          ],
          [
            94.162732,
            24.368156
          ],
          [
            94.162545,
            24.3676
          ],
          [
            94.162555,
            24.367463
          ],
          [
            94.162594,
            24.367382
          ],
          [
            94.162664,
            24.36725
          ],
          [
            94.162824,
            24.367165
          ],
          [
            94.162917,
            24.367112
          ],
          [
            94.163072,
            24.366987
          ],
          [
            94.163162,
            24.366879
          ],
          [
            94.163265,
            24.366809
          ],
          [
            94.163365,
            24.36678
          ],
          [
            94.163502,
            24.366779
          ],
          [
            94.163627,
            24.366793
          ],
          [
            94.163796,
            24.36683
          ],
          [
            94.163998,
            24.36682
          ],
          [
            94.164359,
            24.36678
          ],
          [
            94.164657,
            24.36675
          ],
          [
            94.164804,
            24.366699
          ],
          [
            94.164921,
            24.366623
          ],
          [
            94.165037,
            24.366512
          ],
          [
            94.165157,
            24.366379
          ],
          [
            94.165332,
            24.366265
          ],
          [
            94.165564,
            24.366165
          ],
          [
            94.165682,
            24.366078
          ],
          [
            94.165918,
            24.365847
          ],
          [
            94.166141,
            24.365674
          ],
          [
            94.166377,
            24.365528
          ],
          [
            94.166454,
            24.365508
          ],
          [
            94.166545,
            24.36552
          ],
          [
            94.166689,
            24.365567
          ],
          [
            94.166923,
            24.365661
          ],
          [
            94.167314,
            24.365807
          ],
          [
            94.167626,
            24.36599
          ],
          [
            94.167813,
            24.366047
          ],
          [
            94.167952,
            24.366061
          ],
          [
            94.168089,
            24.366057
          ],
          [
            94.168176,
            24.366048
          ],
          [
            94.1683,
            24.365982
          ],
          [
            94.16839,
            24.365864
          ],
          [
            94.168435,
            24.365805
          ],
          [
            94.168557,
            24.365752
          ],
          [
            94.168742,
            24.36573
          ],
          [
            94.168944,
            24.36576
          ],
          [
            94.16905,
            24.365754
          ],
          [
            94.169181,
            24.36573
          ],
          [
            94.169486,
            24.365603
          ],
          [
            94.169663,
            24.365573
          ],
          [
            94.169853,
            24.36556
          ],
          [
            94.169967,
            24.365559
          ],
          [
            94.170124,
            24.365483
          ],
          [
            94.170191,
            24.365395
          ],
          [
            94.170215,
            24.365323
          ],
          [
            94.170227,
            24.365091
          ],
          [
            94.170221,
            24.364928
          ],
          [
            94.170265,
            24.364805
          ],
          [
            94.170281,
            24.364687
          ],
          [
            94.170266,
            24.364577
          ],
          [
            94.170218,
            24.36449
          ],
          [
            94.17021,
            24.364361
          ],
          [
            94.170224,
            24.364308
          ],
          [
            94.17027,
            24.364224
          ],
          [
            94.170373,
            24.364216
          ],
          [
            94.170536,
            24.364223
          ],
          [
            94.170621,
            24.364227
          ],
          [
            94.170788,
            24.364253
          ],
          [
            94.170911,
            24.364273
          ],
          [
            94.171041,
            24.364234
          ],
          [
            94.171124,
            24.36414
          ],
          [
            94.171246,
            24.363909
          ],
          [
            94.171284,
            24.3638
          ],
          [
            94.171462,
            24.363749
          ],
          [
            94.171619,
            24.363756
          ],
          [
            94.171689,
            24.363742
          ],
          [
            94.171766,
            24.363702
          ],
          [
            94.171865,
            24.363682
          ],
          [
            94.171951,
            24.363666
          ],
          [
            94.172047,
            24.363672
          ],
          [
            94.172131,
            24.363727
          ],
          [
            94.172243,
            24.363829
          ],
          [
            94.172363,
            24.364
          ],
          [
            94.172459,
            24.364139
          ],
          [
            94.17257,
            24.364207
          ],
          [
            94.172678,
            24.364227
          ],
          [
            94.172783,
            24.364207
          ],
          [
            94.172879,
            24.364131
          ],
          [
            94.172959,
            24.364052
          ],
          [
            94.1731,
            24.363982
          ],
          [
            94.173264,
            24.36395
          ],
          [
            94.173416,
            24.363996
          ],
          [
            94.173525,
            24.364016
          ],
          [
            94.173634,
            24.364022
          ],
          [
            94.173731,
            24.364036
          ],
          [
            94.17384,
            24.36407
          ],
          [
            94.173907,
            24.364133
          ],
          [
            94.173954,
            24.364204
          ],
          [
            94.173949,
            24.364326
          ],
          [
            94.174007,
            24.364534
          ],
          [
            94.174129,
            24.364731
          ],
          [
            94.174372,
            24.364994
          ],
          [
            94.174415,
            24.365152
          ],
          [
            94.174401,
            24.365393
          ],
          [
            94.174349,
            24.365729
          ],
          [
            94.174394,
            24.366209
          ],
          [
            94.174393,
            24.366341
          ],
          [
            94.174355,
            24.366461
          ],
          [
            94.174222,
            24.36664
          ],
          [
            94.174156,
            24.366805
          ],
          [
            94.174123,
            24.366995
          ],
          [
            94.174166,
            24.367204
          ],
          [
            94.174234,
            24.367298
          ],
          [
            94.174327,
            24.367368
          ],
          [
            94.174463,
            24.367468
          ],
          [
            94.174664,
            24.367588
          ],
          [
            94.174832,
            24.36761
          ],
          [
            94.174966,
            24.367593
          ],
          [
            94.175056,
            24.367565
          ],
          [
            94.175143,
            24.367523
          ],
          [
            94.1752,
            24.367468
          ],
          [
            94.175258,
            24.367359
          ],
          [
            94.175277,
            24.367206
          ],
          [
            94.175302,
            24.367072
          ],
          [
            94.175314,
            24.366967
          ],
          [
            94.175331,
            24.366884
          ],
          [
            94.175396,
            24.366808
          ],
          [
            94.175488,
            24.366775
          ],
          [
            94.175603,
            24.366771
          ],
          [
            94.175717,
            24.36679
          ],
          [
            94.175817,
            24.366828
          ],
          [
            94.175961,
            24.366872
          ],
          [
            94.176204,
            24.366995
          ],
          [
            94.176527,
            24.367168
          ],
          [
            94.176703,
            24.367246
          ],
          [
            94.176839,
            24.367291
          ],
          [
            94.177027,
            24.367314
          ],
          [
            94.177104,
            24.367296
          ],
          [
            94.177196,
            24.367202
          ],
          [
            94.177297,
            24.367057
          ],
          [
            94.177372,
            24.366918
          ],
          [
            94.17748,
            24.366825
          ],
          [
            94.177616,
            24.366782
          ],
          [
            94.177709,
            24.366797
          ],
          [
            94.177826,
            24.36683
          ],
          [
            94.17796,
            24.366884
          ],
          [
            94.178069,
            24.366949
          ],
          [
            94.178141,
            24.367007
          ],
          [
            94.178262,
            24.367148
          ],
          [
            94.178351,
            24.367335
          ],
          [
            94.178463,
            24.367388
          ],
          [
            94.178572,
            24.367395
          ],
          [
            94.178699,
            24.367406
          ],
          [
            94.178812,
            24.367429
          ],
          [
            94.178991,
            24.367472
          ],
          [
            94.179337,
            24.36781
          ],
          [
            94.179486,
            24.368002
          ],
          [
            94.1796,
            24.36801
          ],
          [
            94.179669,
            24.36797
          ],
          [
            94.179702,
            24.36791
          ],
          [
            94.179716,
            24.36784
          ],
          [
            94.179752,
            24.367745
          ],
          [
            94.179809,
            24.36769
          ],
          [
            94.1799,
            24.367626
          ],
          [
            94.180038,
            24.367639
          ],
          [
            94.180174,
            24.367682
          ],
          [
            94.180296,
            24.36772
          ],
          [
            94.180451,
            24.367785
          ],
          [
            94.180649,
            24.367899
          ],
          [
            94.180766,
            24.367946
          ],
          [
            94.180901,
            24.367992
          ],
          [
            94.181008,
            24.368017
          ],
          [
            94.181114,
            24.36802
          ],
          [
            94.181168,
            24.367992
          ],
          [
            94.181188,
            24.367956
          ],
          [
            94.181182,
            24.367895
          ],
          [
            94.181152,
            24.367859
          ],
          [
            94.181064,
            24.367777
          ],
          [
            94.180865,
            24.367612
          ],
          [
            94.180784,
            24.367476
          ],
          [
            94.180748,
            24.367315
          ],
          [
            94.180737,
            24.367141
          ],
          [
            94.180729,
            24.367058
          ],
          [
            94.180682,
            24.366971
          ],
          [
            94.180589,
            24.366818
          ],
          [
            94.180527,
            24.366745
          ],
          [
            94.180489,
            24.366667
          ],
          [
            94.180469,
            24.366587
          ],
          [
            94.180414,
            24.36649
          ],
          [
            94.180346,
            24.366413
          ],
          [
            94.180039,
            24.366229
          ],
          [
            94.179765,
            24.366027
          ],
          [
            94.179671,
            24.365939
          ],
          [
            94.179602,
            24.365862
          ],
          [
            94.179596,
            24.365837
          ],
          [
            94.179605,
            24.365703
          ],
          [
            94.179647,
            24.365639
          ],
          [
            94.17974,
            24.365585
          ],
          [
            94.179859,
            24.365565
          ],
          [
            94.179992,
            24.365559
          ],
          [
            94.180069,
            24.365528
          ],
          [
            94.180292,
            24.365376
          ],
          [
            94.180566,
            24.365186
          ],
          [
            94.180671,
            24.365115
          ],
          [
            94.180741,
            24.365037
          ],
          [
            94.180763,
            24.364924
          ],
          [
            94.180766,
            24.364824
          ],
          [
            94.180812,
            24.364742
          ],
          [
            94.180972,
            24.364664
          ],
          [
            94.181232,
            24.364628
          ],
          [
            94.181614,
            24.364591
          ],
          [
            94.182003,
            24.364555
          ],
          [
            94.182182,
            24.364544
          ],
          [
            94.182337,
            24.364561
          ],
          [
            94.182457,
            24.364607
          ],
          [
            94.182518,
            24.364635
          ],
          [
            94.18262,
            24.364704
          ],
          [
            94.182714,
            24.364742
          ],
          [
            94.182946,
            24.364782
          ],
          [
            94.183238,
            24.364754
          ],
          [
            94.183489,
            24.36472
          ],
          [
            94.183683,
            24.364607
          ],
          [
            94.183757,
            24.364468
          ],
          [
            94.18388,
            24.364284
          ],
          [
            94.183946,
            24.364207
          ],
          [
            94.184031,
            24.364111
          ],
          [
            94.184203,
            24.364119
          ],
          [
            94.184305,
            24.364173
          ],
          [
            94.184412,
            24.364207
          ],
          [
            94.184523,
            24.364216
          ],
          [
            94.184603,
            24.364191
          ],
          [
            94.184691,
            24.364126
          ],
          [
            94.18473,
            24.36403
          ],
          [
            94.184781,
            24.36391
          ],
          [
            94.184854,
            24.363796
          ],
          [
            94.184919,
            24.363777
          ],
          [
            94.184993,
            24.36376
          ],
          [
            94.185079,
            24.363802
          ],
          [
            94.185283,
            24.363842
          ],
          [
            94.185353,
            24.363857
          ],
          [
            94.185473,
            24.363826
          ],
          [
            94.185545,
            24.36374
          ],
          [
            94.1856,
            24.363655
          ],
          [
            94.185687,
            24.36349
          ],
          [
            94.185723,
            24.363446
          ],
          [
            94.185784,
            24.363411
          ],
          [
            94.185861,
            24.363372
          ],
          [
            94.185952,
            24.363369
          ],
          [
            94.186146,
            24.363398
          ],
          [
            94.186306,
            24.363406
          ],
          [
            94.186488,
            24.363361
          ],
          [
            94.186606,
            24.363266
          ],
          [
            94.186814,
            24.362995
          ],
          [
            94.186885,
            24.362928
          ],
          [
            94.186955,
            24.362919
          ],
          [
            94.187098,
            24.362921
          ],
          [
            94.187273,
            24.362981
          ],
          [
            94.187453,
            24.363017
          ],
          [
            94.187568,
            24.363031
          ],
          [
            94.187787,
            24.363034
          ],
          [
            94.18795,
            24.363019
          ],
          [
            94.188055,
            24.362965
          ],
          [
            94.188165,
            24.362918
          ],
          [
            94.188261,
            24.362892
          ],
          [
            94.188345,
            24.362874
          ],
          [
            94.188449,
            24.362871
          ],
          [
            94.188618,
            24.362858
          ],
          [
            94.188681,
            24.362845
          ],
          [
            94.188793,
            24.36281
          ],
          [
            94.188927,
            24.362677
          ],
          [
            94.189021,
            24.362588
          ],
          [
            94.18919,
            24.362515
          ],
          [
            94.189337,
            24.36245
          ],
          [
            94.189445,
            24.362367
          ],
          [
            94.189503,
            24.362278
          ],
          [
            94.189514,
            24.362181
          ],
          [
            94.189502,
            24.36207
          ],
          [
            94.189503,
            24.361979
          ],
          [
            94.189553,
            24.361837
          ],
          [
            94.189662,
            24.361709
          ],
          [
            94.189953,
            24.361486
          ],
          [
            94.190089,
            24.36135
          ],
          [
            94.190111,
            24.361249
          ],
          [
            94.190133,
            24.361156
          ],
          [
            94.190088,
            24.361054
          ],
          [
            94.189925,
            24.360841
          ],
          [
            94.189831,
            24.360707
          ],
          [
            94.189811,
            24.360628
          ],
          [
            94.189798,
            24.360545
          ],
          [
            94.189817,
            24.360477
          ],
          [
            94.189878,
            24.360401
          ],
          [
            94.189969,
            24.360347
          ],
          [
            94.190292,
            24.36019
          ],
          [
            94.190649,
            24.360054
          ],
          [
            94.191055,
            24.359931
          ],
          [
            94.191194,
            24.35989
          ],
          [
            94.191313,
            24.359763
          ],
          [
            94.19137,
            24.359616
          ],
          [
            94.191403,
            24.359542
          ],
          [
            94.19145,
            24.359483
          ],
          [
            94.191509,
            24.359443
          ],
          [
            94.191589,
            24.359429
          ],
          [
            94.191702,
            24.359422
          ],
          [
            94.191791,
            24.359413
          ],
          [
            94.191865,
            24.359392
          ],
          [
            94.19194,
            24.35934
          ],
          [
            94.191975,
            24.359275
          ],
          [
            94.191973,
            24.359213
          ],
          [
            94.191951,
            24.359098
          ],
          [
            94.191827,
            24.358913
          ],
          [
            94.19178,
            24.358831
          ],
          [
            94.191743,
            24.358749
          ],
          [
            94.191831,
            24.358639
          ],
          [
            94.191881,
            24.358579
          ],
          [
            94.191968,
            24.358494
          ],
          [
            94.192216,
            24.358285
          ],
          [
            94.192268,
            24.358198
          ],
          [
            94.192258,
            24.358125
          ],
          [
            94.192169,
            24.358013
          ],
          [
            94.192041,
            24.357787
          ],
          [
            94.192026,
            24.357703
          ],
          [
            94.192033,
            24.357633
          ],
          [
            94.192106,
            24.357532
          ],
          [
            94.192147,
            24.357489
          ],
          [
            94.192251,
            24.357417
          ],
          [
            94.192404,
            24.357352
          ],
          [
            94.192577,
            24.35729
          ],
          [
            94.192793,
            24.357175
          ],
          [
            94.193044,
            24.357053
          ],
          [
            94.193182,
            24.356919
          ],
          [
            94.193249,
            24.356821
          ],
          [
            94.193306,
            24.356737
          ],
          [
            94.19331,
            24.356677
          ],
          [
            94.193302,
            24.356601
          ],
          [
            94.193291,
            24.356477
          ],
          [
            94.193299,
            24.356365
          ],
          [
            94.193365,
            24.356307
          ],
          [
            94.193434,
            24.35629
          ],
          [
            94.193509,
            24.356261
          ],
          [
            94.19358,
            24.356225
          ],
          [
            94.193647,
            24.356175
          ],
          [
            94.193653,
            24.356088
          ],
          [
            94.193639,
            24.355958
          ],
          [
            94.193585,
            24.355599
          ],
          [
            94.193592,
            24.355442
          ],
          [
            94.193617,
            24.355187
          ],
          [
            94.19369,
            24.354799
          ],
          [
            94.193697,
            24.354664
          ],
          [
            94.193707,
            24.354578
          ],
          [
            94.193749,
            24.354481
          ],
          [
            94.193865,
            24.354361
          ],
          [
            94.193983,
            24.354285
          ],
          [
            94.194175,
            24.354228
          ],
          [
            94.194323,
            24.354204
          ],
          [
            94.194595,
            24.354154
          ],
          [
            94.194879,
            24.354087
          ],
          [
            94.19521,
            24.35399
          ],
          [
            94.195288,
            24.353937
          ],
          [
            94.195393,
            24.353858
          ],
          [
            94.195569,
            24.353656
          ],
          [
            94.195721,
            24.353414
          ],
          [
            94.19579,
            24.353267
          ],
          [
            94.195849,
            24.353162
          ],
          [
            94.195971,
            24.353134
          ],
          [
            94.196072,
            24.353136
          ],
          [
            94.196152,
            24.35314
          ],
          [
            94.196242,
            24.353129
          ],
          [
            94.196311,
            24.353074
          ],
          [
            94.196426,
            24.352989
          ],
          [
            94.196636,
            24.352769
          ],
          [
            94.196785,
            24.352669
          ],
          [
            94.19697,
            24.35258
          ],
          [
            94.197238,
            24.352452
          ],
          [
            94.197531,
            24.352289
          ],
          [
            94.197633,
            24.352275
          ],
          [
            94.197712,
            24.352276
          ],
          [
            94.197857,
            24.352296
          ],
          [
            94.1981,
            24.352345
          ],
          [
            94.198255,
            24.352419
          ],
          [
            94.198325,
            24.352488
          ],
          [
            94.198433,
            24.352525
          ],
          [
            94.198534,
            24.352535
          ],
          [
            94.198629,
            24.352515
          ],
          [
            94.198742,
            24.352443
          ],
          [
            94.198891,
            24.352349
          ],
          [
            94.19899,
            24.352186
          ],
          [
            94.199087,
            24.352125
          ],
          [
            94.199222,
            24.352122
          ],
          [
            94.199353,
            24.352136
          ],
          [
            94.199585,
            24.352172
          ],
          [
            94.199778,
            24.352205
          ],
          [
            94.200112,
            24.352261
          ],
          [
            94.200281,
            24.352338
          ],
          [
            94.20041,
            24.352443
          ],
          [
            94.200496,
            24.352505
          ],
          [
            94.200588,
            24.352543
          ],
          [
            94.200673,
            24.352551
          ],
          [
            94.200773,
            24.352532
          ],
          [
            94.200837,
            24.352491
          ],
          [
            94.200866,
            24.352425
          ],
          [
            94.200851,
            24.352356
          ],
          [
            94.200781,
            24.352251
          ],
          [
            94.200576,
            24.351997
          ],
          [
            94.200414,
            24.351604
          ],
          [
            94.200334,
            24.351198
          ],
          [
            94.200328,
            24.351001
          ],
          [
            94.200328,
            24.350891
          ],
          [
            94.2004,
            24.350812
          ],
          [
            94.200513,
            24.350666
          ],
          [
            94.200712,
            24.350394
          ],
          [
            94.200808,
            24.350268
          ],
          [
            94.200841,
            24.350165
          ],
          [
            94.200839,
            24.350035
          ],
          [
            94.200813,
            24.349903
          ],
          [
            94.200808,
            24.349727
          ],
          [
            94.200888,
            24.349611
          ],
          [
            94.200977,
            24.349588
          ],
          [
            94.201259,
            24.349546
          ],
          [
            94.201579,
            24.349483
          ],
          [
            94.201743,
            24.349419
          ],
          [
            94.201798,
            24.349364
          ],
          [
            94.201823,
            24.349282
          ],
          [
            94.20183,
            24.349172
          ],
          [
            94.201863,
            24.349089
          ],
          [
            94.201939,
            24.349007
          ],
          [
            94.20212,
            24.348813
          ],
          [
            94.202156,
            24.348559
          ],
          [
            94.202217,
            24.348248
          ],
          [
            94.202214,
            24.348112
          ],
          [
            94.202178,
            24.347795
          ],
          [
            94.202124,
            24.347424
          ],
          [
            94.202138,
            24.347308
          ],
          [
            94.20219,
            24.347176
          ],
          [
            94.202242,
            24.347081
          ],
          [
            94.202267,
            24.346947
          ],
          [
            94.202236,
            24.346739
          ],
          [
            94.202226,
            24.346624
          ],
          [
            94.202245,
            24.346554
          ],
          [
            94.202275,
            24.34648
          ],
          [
            94.202309,
            24.346416
          ],
          [
            94.202452,
            24.346163
          ],
          [
            94.202524,
            24.346015
          ],
          [
            94.202576,
            24.345918
          ],
          [
            94.202692,
            24.345812
          ],
          [
            94.203055,
            24.345516
          ],
          [
            94.20325,
            24.345392
          ],
          [
            94.203378,
            24.345329
          ],
          [
            94.203496,
            24.345321
          ],
          [
            94.203648,
            24.345317
          ],
          [
            94.20392,
            24.345328
          ],
          [
            94.204132,
            24.345305
          ],
          [
            94.204357,
            24.345287
          ],
          [
            94.204499,
            24.345252
          ],
          [
            94.204638,
            24.345185
          ],
          [
            94.204687,
            24.345111
          ],
          [
            94.204793,
            24.344974
          ],
          [
            94.204972,
            24.344713
          ],
          [
            94.205063,
            24.34467
          ],
          [
            94.205157,
            24.344664
          ],
          [
            94.205342,
            24.344683
          ],
          [
            94.205465,
            24.344745
          ],
          [
            94.205657,
            24.344873
          ],
          [
            94.205882,
            24.344902
          ],
          [
            94.206114,
            24.3449
          ],
          [
            94.206392,
            24.344887
          ],
          [
            94.206715,
            24.344857
          ],
          [
            94.207017,
            24.344841
          ],
          [
            94.2072,
            24.344818
          ],
          [
            94.207327,
            24.344788
          ],
          [
            94.207415,
            24.344748
          ],
          [
            94.207503,
            24.344713
          ],
          [
            94.207813,
            24.344504
          ],
          [
            94.20823,
            24.34415
          ],
          [
            94.208459,
            24.343914
          ],
          [
            94.208548,
            24.343696
          ],
          [
            94.208728,
            24.343466
          ],
          [
            94.208843,
            24.34333
          ],
          [
            94.208924,
            24.343252
          ],
          [
            94.20897,
            24.343196
          ],
          [
            94.208979,
            24.343069
          ],
          [
            94.208992,
            24.342958
          ],
          [
            94.209018,
            24.342856
          ],
          [
            94.209114,
            24.342726
          ],
          [
            94.209271,
            24.342554
          ],
          [
            94.209454,
            24.342439
          ],
          [
            94.209554,
            24.342357
          ],
          [
            94.209628,
            24.342271
          ],
          [
            94.209697,
            24.342144
          ],
          [
            94.2097,
            24.342037
          ],
          [
            94.209667,
            24.341925
          ],
          [
            94.209575,
            24.341818
          ],
          [
            94.209415,
            24.341614
          ],
          [
            94.209401,
            24.341511
          ],
          [
            94.209408,
            24.341421
          ],
          [
            94.209466,
            24.341339
          ],
          [
            94.209571,
            24.341316
          ],
          [
            94.209659,
            24.34132
          ],
          [
            94.209781,
            24.341339
          ],
          [
            94.210031,
            24.341479
          ],
          [
            94.210178,
            24.341648
          ],
          [
            94.210305,
            24.341856
          ],
          [
            94.21043,
            24.342115
          ],
          [
            94.210491,
            24.342231
          ],
          [
            94.210584,
            24.342317
          ],
          [
            94.210683,
            24.342357
          ],
          [
            94.210791,
            24.342357
          ],
          [
            94.210893,
            24.342327
          ],
          [
            94.211098,
            24.34224
          ],
          [
            94.211215,
            24.342195
          ],
          [
            94.211347,
            24.342174
          ],
          [
            94.211466,
            24.342144
          ],
          [
            94.211587,
            24.342104
          ],
          [
            94.211657,
            24.342054
          ],
          [
            94.211729,
            24.341965
          ],
          [
            94.211769,
            24.341834
          ],
          [
            94.211927,
            24.34158
          ],
          [
            94.212113,
            24.341436
          ],
          [
            94.212236,
            24.341326
          ],
          [
            94.212408,
            24.341127
          ],
          [
            94.212569,
            24.341029
          ],
          [
            94.212676,
            24.34093
          ],
          [
            94.212845,
            24.340793
          ],
          [
            94.212988,
            24.340509
          ],
          [
            94.213029,
            24.340356
          ],
          [
            94.213101,
            24.340128
          ],
          [
            94.213151,
            24.340022
          ],
          [
            94.213331,
            24.339778
          ],
          [
            94.213511,
            24.339507
          ],
          [
            94.213723,
            24.339328
          ],
          [
            94.214058,
            24.339181
          ],
          [
            94.214267,
            24.339104
          ],
          [
            94.214414,
            24.339071
          ],
          [
            94.214646,
            24.339067
          ],
          [
            94.214768,
            24.339044
          ],
          [
            94.214934,
            24.338973
          ],
          [
            94.21506,
            24.338898
          ],
          [
            94.21521,
            24.338847
          ],
          [
            94.215351,
            24.338818
          ],
          [
            94.215442,
            24.338814
          ],
          [
            94.215743,
            24.338823
          ],
          [
            94.215931,
            24.338876
          ],
          [
            94.216089,
            24.338944
          ],
          [
            94.216271,
            24.33903
          ],
          [
            94.216373,
            24.339061
          ],
          [
            94.216447,
            24.33905
          ],
          [
            94.216509,
            24.339008
          ],
          [
            94.216541,
            24.338956
          ],
          [
            94.216539,
            24.338878
          ],
          [
            94.216563,
            24.33877
          ],
          [
            94.216737,
            24.338686
          ],
          [
            94.216854,
            24.33864
          ],
          [
            94.216962,
            24.338557
          ],
          [
            94.217058,
            24.338493
          ],
          [
            94.217222,
            24.338419
          ],
          [
            94.217385,
            24.338493
          ],
          [
            94.21749,
            24.338623
          ],
          [
            94.217699,
            24.338774
          ],
          [
            94.217866,
            24.338907
          ],
          [
            94.217929,
            24.338984
          ],
          [
            94.218116,
            24.339067
          ],
          [
            94.218324,
            24.339105
          ],
          [
            94.218506,
            24.339101
          ],
          [
            94.218605,
            24.339175
          ],
          [
            94.218738,
            24.339371
          ],
          [
            94.218837,
            24.33941
          ],
          [
            94.219043,
            24.339418
          ],
          [
            94.219222,
            24.339462
          ],
          [
            94.219357,
            24.339619
          ],
          [
            94.219454,
            24.339748
          ],
          [
            94.219587,
            24.339812
          ],
          [
            94.21972,
            24.339848
          ],
          [
            94.219871,
            24.339875
          ],
          [
            94.220056,
            24.339891
          ],
          [
            94.220154,
            24.339871
          ],
          [
            94.220352,
            24.339768
          ],
          [
            94.220448,
            24.339684
          ],
          [
            94.22049,
            24.339575
          ],
          [
            94.220516,
            24.33948
          ],
          [
            94.220603,
            24.339342
          ],
          [
            94.220709,
            24.339284
          ],
          [
            94.220788,
            24.339321
          ],
          [
            94.220825,
            24.339395
          ],
          [
            94.220857,
            24.339484
          ],
          [
            94.220893,
            24.339592
          ],
          [
            94.220938,
            24.339687
          ],
          [
            94.220998,
            24.339745
          ],
          [
            94.221107,
            24.339805
          ],
          [
            94.221194,
            24.339828
          ],
          [
            94.221419,
            24.339792
          ],
          [
            94.221556,
            24.339735
          ],
          [
            94.221703,
            24.339684
          ],
          [
            94.221861,
            24.339579
          ],
          [
            94.222024,
            24.339448
          ],
          [
            94.222095,
            24.339335
          ],
          [
            94.222226,
            24.339065
          ],
          [
            94.222305,
            24.338911
          ],
          [
            94.222359,
            24.338797
          ],
          [
            94.222441,
            24.338681
          ],
          [
            94.222511,
            24.33863
          ],
          [
            94.222588,
            24.338613
          ],
          [
            94.222698,
            24.338621
          ],
          [
            94.222798,
            24.338641
          ],
          [
            94.222958,
            24.338689
          ],
          [
            94.223138,
            24.3388
          ],
          [
            94.223273,
            24.338954
          ],
          [
            94.22333,
            24.339047
          ],
          [
            94.223414,
            24.339123
          ],
          [
            94.223632,
            24.33925
          ],
          [
            94.223757,
            24.339264
          ],
          [
            94.223903,
            24.339268
          ],
          [
            94.224032,
            24.339291
          ],
          [
            94.224166,
            24.339392
          ],
          [
            94.224196,
            24.339447
          ],
          [
            94.22426,
            24.339588
          ],
          [
            94.224375,
            24.339664
          ],
          [
            94.224491,
            24.339694
          ],
          [
            94.224572,
            24.339748
          ],
          [
            94.224605,
            24.339811
          ],
          [
            94.224633,
            24.339905
          ],
          [
            94.224655,
            24.340094
          ],
          [
            94.224748,
            24.340311
          ],
          [
            94.224782,
            24.340542
          ],
          [
            94.224886,
            24.340743
          ],
          [
            94.22501,
            24.340895
          ],
          [
            94.225155,
            24.341024
          ],
          [
            94.225307,
            24.341183
          ],
          [
            94.225517,
            24.341371
          ],
          [
            94.225694,
            24.34151
          ],
          [
            94.225777,
            24.341584
          ],
          [
            94.225834,
            24.341636
          ],
          [
            94.225895,
            24.34166
          ],
          [
            94.225969,
            24.341651
          ],
          [
            94.226039,
            24.341611
          ],
          [
            94.226107,
            24.341544
          ],
          [
            94.226168,
            24.34148
          ],
          [
            94.226215,
            24.341456
          ],
          [
            94.226545,
            24.341331
          ],
          [
            94.226661,
            24.341284
          ],
          [
            94.22673,
            24.34124
          ],
          [
            94.226785,
            24.34119
          ],
          [
            94.226798,
            24.341142
          ],
          [
            94.226809,
            24.34109
          ],
          [
            94.226784,
            24.341
          ],
          [
            94.226682,
            24.340887
          ],
          [
            94.226655,
            24.340819
          ],
          [
            94.226647,
            24.340742
          ],
          [
            94.226702,
            24.340688
          ],
          [
            94.226879,
            24.340638
          ],
          [
            94.226997,
            24.340622
          ],
          [
            94.227175,
            24.34061
          ],
          [
            94.227277,
            24.340602
          ],
          [
            94.227352,
            24.34056
          ],
          [
            94.227371,
            24.340499
          ],
          [
            94.227357,
            24.340431
          ],
          [
            94.227329,
            24.340375
          ],
          [
            94.227315,
            24.340301
          ],
          [
            94.227331,
            24.340168
          ],
          [
            94.227313,
            24.340036
          ],
          [
            94.227255,
            24.339975
          ],
          [
            94.227131,
            24.339849
          ],
          [
            94.226881,
            24.339548
          ],
          [
            94.226849,
            24.339354
          ],
          [
            94.226867,
            24.33926
          ],
          [
            94.226936,
            24.339234
          ],
          [
            94.227037,
            24.339228
          ],
          [
            94.227179,
            24.339248
          ],
          [
            94.227316,
            24.339274
          ],
          [
            94.227457,
            24.339288
          ],
          [
            94.227671,
            24.339265
          ],
          [
            94.227754,
            24.339221
          ],
          [
            94.227776,
            24.339071
          ],
          [
            94.227801,
            24.338971
          ],
          [
            94.227805,
            24.338853
          ],
          [
            94.227812,
            24.338793
          ],
          [
            94.227846,
            24.338777
          ],
          [
            94.228097,
            24.338814
          ],
          [
            94.228269,
            24.338843
          ],
          [
            94.228454,
            24.338827
          ],
          [
            94.228608,
            24.338796
          ],
          [
            94.228732,
            24.338771
          ],
          [
            94.228935,
            24.338753
          ],
          [
            94.229061,
            24.338778
          ],
          [
            94.229139,
            24.338834
          ],
          [
            94.229217,
            24.338921
          ],
          [
            94.229437,
            24.339118
          ],
          [
            94.229576,
            24.339225
          ],
          [
            94.229681,
            24.339221
          ],
          [
            94.229811,
            24.339203
          ],
          [
            94.229929,
            24.339151
          ],
          [
            94.230106,
            24.339095
          ],
          [
            94.230198,
            24.33908
          ],
          [
            94.230647,
            24.339083
          ],
          [
            94.230885,
            24.33911
          ],
          [
            94.23104,
            24.339123
          ],
          [
            94.231136,
            24.339118
          ],
          [
            94.231226,
            24.339074
          ],
          [
            94.231275,
            24.339001
          ],
          [
            94.231269,
            24.338907
          ],
          [
            94.231245,
            24.338747
          ],
          [
            94.231187,
            24.338456
          ],
          [
            94.231259,
            24.338252
          ],
          [
            94.231342,
            24.338167
          ],
          [
            94.231463,
            24.338063
          ],
          [
            94.231571,
            24.338035
          ],
          [
            94.231871,
            24.337959
          ],
          [
            94.232043,
            24.337876
          ],
          [
            94.232161,
            24.337779
          ],
          [
            94.232162,
            24.337725
          ],
          [
            94.232137,
            24.337665
          ],
          [
            94.232065,
            24.337615
          ],
          [
            94.231972,
            24.337572
          ],
          [
            94.231858,
            24.337539
          ],
          [
            94.231559,
            24.337495
          ],
          [
            94.231203,
            24.337282
          ],
          [
            94.230921,
            24.337018
          ],
          [
            94.230772,
            24.336865
          ],
          [
            94.230712,
            24.336754
          ],
          [
            94.230734,
            24.336557
          ],
          [
            94.230759,
            24.33651
          ],
          [
            94.230847,
            24.336451
          ],
          [
            94.231031,
            24.336393
          ],
          [
            94.231212,
            24.336335
          ],
          [
            94.231311,
            24.336276
          ],
          [
            94.231373,
            24.336194
          ],
          [
            94.23141,
            24.336107
          ],
          [
            94.231427,
            24.336027
          ],
          [
            94.23144,
            24.335972
          ],
          [
            94.231471,
            24.335919
          ],
          [
            94.231539,
            24.3359
          ],
          [
            94.231654,
            24.335882
          ],
          [
            94.231755,
            24.335876
          ],
          [
            94.231949,
            24.335838
          ],
          [
            94.232237,
            24.335671
          ],
          [
            94.232437,
            24.335552
          ],
          [
            94.232476,
            24.33548
          ],
          [
            94.232462,
            24.335392
          ],
          [
            94.232415,
            24.33531
          ],
          [
            94.232373,
            24.33525
          ],
          [
            94.232359,
            24.335176
          ],
          [
            94.232401,
            24.335085
          ],
          [
            94.232423,
            24.335052
          ],
          [
            94.232513,
            24.335015
          ],
          [
            94.23274,
            24.334976
          ],
          [
            94.232876,
            24.334933
          ],
          [
            94.233038,
            24.33483
          ],
          [
            94.233164,
            24.334782
          ],
          [
            94.233297,
            24.334749
          ],
          [
            94.23344,
            24.334627
          ],
          [
            94.233752,
            24.334458
          ],
          [
            94.233865,
            24.334358
          ],
          [
            94.233992,
            24.334315
          ],
          [
            94.234055,
            24.334307
          ],
          [
            94.234144,
            24.334294
          ],
          [
            94.234201,
            24.334259
          ],
          [
            94.234225,
            24.334205
          ],
          [
            94.234217,
            24.334168
          ],
          [
            94.234171,
            24.334104
          ],
          [
            94.234071,
            24.33397
          ],
          [
            94.234066,
            24.333911
          ],
          [
            94.234074,
            24.333841
          ],
          [
            94.234106,
            24.333779
          ],
          [
            94.234164,
            24.333704
          ],
          [
            94.234373,
            24.333565
          ],
          [
            94.234568,
            24.333402
          ],
          [
            94.23471,
            24.333262
          ],
          [
            94.234881,
            24.333175
          ],
          [
            94.235068,
            24.333065
          ],
          [
            94.235332,
            24.332883
          ],
          [
            94.235506,
            24.332741
          ],
          [
            94.235747,
            24.33262
          ],
          [
            94.235937,
            24.332475
          ],
          [
            94.236056,
            24.332295
          ],
          [
            94.236055,
            24.332239
          ],
          [
            94.23605,
            24.332189
          ],
          [
            94.235945,
            24.332125
          ],
          [
            94.235848,
            24.332149
          ],
          [
            94.235733,
            24.332168
          ],
          [
            94.235644,
            24.332158
          ],
          [
            94.23549,
            24.332124
          ],
          [
            94.235347,
            24.332064
          ],
          [
            94.235177,
            24.331979
          ],
          [
            94.235113,
            24.331922
          ],
          [
            94.235054,
            24.331896
          ],
          [
            94.234988,
            24.33189
          ],
          [
            94.234911,
            24.331902
          ],
          [
            94.234723,
            24.331948
          ],
          [
            94.234509,
            24.331988
          ],
          [
            94.234426,
            24.331961
          ],
          [
            94.234338,
            24.331902
          ],
          [
            94.234298,
            24.331821
          ],
          [
            94.234285,
            24.331743
          ],
          [
            94.234321,
            24.331637
          ],
          [
            94.234474,
            24.331392
          ],
          [
            94.234562,
            24.331187
          ],
          [
            94.234648,
            24.331016
          ],
          [
            94.23474,
            24.330937
          ],
          [
            94.234883,
            24.330881
          ],
          [
            94.235036,
            24.330739
          ],
          [
            94.235235,
            24.330554
          ],
          [
            94.235425,
            24.330323
          ],
          [
            94.235471,
            24.33021
          ],
          [
            94.235485,
            24.330121
          ],
          [
            94.235466,
            24.329935
          ],
          [
            94.235438,
            24.32977
          ],
          [
            94.235441,
            24.329703
          ],
          [
            94.235472,
            24.329644
          ],
          [
            94.235556,
            24.329551
          ],
          [
            94.235645,
            24.329416
          ],
          [
            94.235675,
            24.329281
          ],
          [
            94.235675,
            24.329187
          ],
          [
            94.235651,
            24.329111
          ],
          [
            94.235603,
            24.328978
          ],
          [
            94.235563,
            24.328839
          ],
          [
            94.235515,
            24.328763
          ],
          [
            94.235389,
            24.328654
          ],
          [
            94.235246,
            24.328584
          ],
          [
            94.235113,
            24.328521
          ],
          [
            94.23504,
            24.328466
          ],
          [
            94.234994,
            24.328418
          ],
          [
            94.23497,
            24.328369
          ],
          [
            94.23497,
            24.328308
          ],
          [
            94.234975,
            24.328191
          ],
          [
            94.235006,
            24.328028
          ],
          [
            94.235012,
            24.327939
          ],
          [
            94.235013,
            24.327868
          ],
          [
            94.235006,
            24.32782
          ],
          [
            94.234971,
            24.327773
          ],
          [
            94.2349,
            24.327734
          ],
          [
            94.234535,
            24.327585
          ],
          [
            94.234283,
            24.327487
          ],
          [
            94.23418,
            24.327456
          ],
          [
            94.23407,
            24.327439
          ],
          [
            94.233963,
            24.327417
          ],
          [
            94.23389,
            24.32739
          ],
          [
            94.233834,
            24.327327
          ],
          [
            94.233739,
            24.327175
          ],
          [
            94.233619,
            24.326964
          ],
          [
            94.233546,
            24.326877
          ],
          [
            94.233363,
            24.326789
          ],
          [
            94.233158,
            24.326683
          ],
          [
            94.233095,
            24.326645
          ],
          [
            94.233056,
            24.326603
          ],
          [
            94.23296,
            24.326574
          ],
          [
            94.23292,
            24.326444
          ],
          [
            94.232897,
            24.326284
          ],
          [
            94.232847,
            24.326129
          ],
          [
            94.232768,
            24.325998
          ],
          [
            94.232736,
            24.325912
          ],
          [
            94.232735,
            24.325829
          ],
          [
            94.232963,
            24.325661
          ],
          [
            94.233347,
            24.325378
          ],
          [
            94.234076,
            24.32484
          ],
          [
            94.234383,
            24.324614
          ],
          [
            94.234446,
            24.324496
          ],
          [
            94.234477,
            24.324394
          ],
          [
            94.23446,
            24.324323
          ],
          [
            94.234383,
            24.324226
          ],
          [
            94.234238,
            24.324139
          ],
          [
            94.233961,
            24.324042
          ],
          [
            94.233759,
            24.324013
          ],
          [
            94.233608,
            24.324009
          ],
          [
            94.23343,
            24.324023
          ],
          [
            94.23332,
            24.323979
          ],
          [
            94.233191,
            24.323878
          ],
          [
            94.232995,
            24.323698
          ],
          [
            94.232836,
            24.323489
          ],
          [
            94.232764,
            24.323375
          ],
          [
            94.232717,
            24.323268
          ],
          [
            94.232712,
            24.323177
          ],
          [
            94.232775,
            24.323121
          ],
          [
            94.232858,
            24.323099
          ],
          [
            94.233004,
            24.323085
          ],
          [
            94.233173,
            24.323112
          ],
          [
            94.233404,
            24.323074
          ],
          [
            94.233683,
            24.322991
          ],
          [
            94.233853,
            24.32287
          ],
          [
            94.233867,
            24.322768
          ],
          [
            94.233798,
            24.322672
          ],
          [
            94.23364,
            24.322554
          ],
          [
            94.233598,
            24.322474
          ],
          [
            94.23359,
            24.322398
          ],
          [
            94.23364,
            24.322248
          ],
          [
            94.233742,
            24.322097
          ],
          [
            94.23379,
            24.321982
          ],
          [
            94.233765,
            24.321862
          ],
          [
            94.233726,
            24.321724
          ],
          [
            94.233723,
            24.321665
          ],
          [
            94.233739,
            24.321531
          ],
          [
            94.233798,
            24.321386
          ],
          [
            94.233949,
            24.321111
          ],
          [
            94.234225,
            24.320768
          ],
          [
            94.234334,
            24.320633
          ],
          [
            94.234405,
            24.320516
          ],
          [
            94.234431,
            24.320386
          ],
          [
            94.234409,
            24.320261
          ],
          [
            94.234354,
            24.320033
          ],
          [
            94.234341,
            24.319936
          ],
          [
            94.234369,
            24.319851
          ],
          [
            94.234429,
            24.319775
          ],
          [
            94.234522,
            24.31971
          ],
          [
            94.234708,
            24.319623
          ],
          [
            94.234966,
            24.319508
          ],
          [
            94.235152,
            24.3195
          ],
          [
            94.235318,
            24.319488
          ],
          [
            94.235433,
            24.319466
          ],
          [
            94.235628,
            24.319411
          ],
          [
            94.235868,
            24.31935
          ],
          [
            94.2361,
            24.319312
          ],
          [
            94.236211,
            24.319278
          ],
          [
            94.236311,
            24.319219
          ],
          [
            94.236373,
            24.319142
          ],
          [
            94.236375,
            24.319045
          ],
          [
            94.236346,
            24.318833
          ],
          [
            94.236222,
            24.318474
          ],
          [
            94.236393,
            24.318211
          ],
          [
            94.23659,
            24.317856
          ],
          [
            94.236821,
            24.317498
          ],
          [
            94.236965,
            24.317399
          ],
          [
            94.23704,
            24.317361
          ],
          [
            94.237146,
            24.317264
          ],
          [
            94.237151,
            24.317139
          ],
          [
            94.237111,
            24.317042
          ],
          [
            94.236947,
            24.316943
          ],
          [
            94.236767,
            24.316911
          ],
          [
            94.236561,
            24.316923
          ],
          [
            94.236377,
            24.316945
          ],
          [
            94.236162,
            24.317018
          ],
          [
            94.236052,
            24.317103
          ],
          [
            94.235717,
            24.317428
          ],
          [
            94.235316,
            24.317672
          ],
          [
            94.235103,
            24.317731
          ],
          [
            94.234966,
            24.31771
          ],
          [
            94.234821,
            24.317666
          ],
          [
            94.2347,
            24.317599
          ],
          [
            94.234547,
            24.317527
          ],
          [
            94.2344,
            24.317492
          ],
          [
            94.234285,
            24.317474
          ],
          [
            94.23417,
            24.317482
          ],
          [
            94.234041,
            24.317517
          ],
          [
            94.23382,
            24.31771
          ],
          [
            94.233534,
            24.317912
          ],
          [
            94.233124,
            24.318108
          ],
          [
            94.232896,
            24.31829
          ],
          [
            94.232638,
            24.318452
          ],
          [
            94.232308,
            24.318557
          ],
          [
            94.232206,
            24.318603
          ],
          [
            94.232151,
            24.318672
          ],
          [
            94.232011,
            24.3187
          ],
          [
            94.231869,
            24.318692
          ],
          [
            94.231756,
            24.318676
          ],
          [
            94.231621,
            24.318644
          ],
          [
            94.231468,
            24.318621
          ],
          [
            94.231368,
            24.318613
          ],
          [
            94.231273,
            24.318561
          ],
          [
            94.231191,
            24.31844
          ],
          [
            94.231196,
            24.31833
          ],
          [
            94.231264,
            24.31825
          ],
          [
            94.23138,
            24.318167
          ],
          [
            94.231557,
            24.318078
          ],
          [
            94.231652,
            24.317935
          ],
          [
            94.231665,
            24.317759
          ],
          [
            94.231632,
            24.317583
          ],
          [
            94.231606,
            24.317434
          ],
          [
            94.231484,
            24.317244
          ],
          [
            94.231433,
            24.317167
          ],
          [
            94.231433,
            24.31709
          ],
          [
            94.231499,
            24.316989
          ],
          [
            94.231639,
            24.31684
          ],
          [
            94.231792,
            24.316695
          ],
          [
            94.232013,
            24.316515
          ],
          [
            94.232222,
            24.316379
          ],
          [
            94.23239,
            24.316153
          ],
          [
            94.232545,
            24.315998
          ],
          [
            94.232661,
            24.315913
          ],
          [
            94.232782,
            24.315873
          ],
          [
            94.233082,
            24.315808
          ],
          [
            94.233239,
            24.315689
          ],
          [
            94.233368,
            24.315568
          ],
          [
            94.233434,
            24.315461
          ],
          [
            94.233427,
            24.315351
          ],
          [
            94.233339,
            24.315252
          ],
          [
            94.233215,
            24.315228
          ],
          [
            94.233115,
            24.31521
          ],
          [
            94.232995,
            24.315156
          ],
          [
            94.232858,
            24.315067
          ],
          [
            94.232654,
            24.31495
          ],
          [
            94.232357,
            24.314895
          ],
          [
            94.232259,
            24.31481
          ],
          [
            94.23214,
            24.314691
          ],
          [
            94.232095,
            24.314574
          ],
          [
            94.231907,
            24.314216
          ],
          [
            94.23171,
            24.314121
          ],
          [
            94.231495,
            24.314041
          ],
          [
            94.231216,
            24.3138
          ],
          [
            94.231049,
            24.313683
          ],
          [
            94.230956,
            24.313647
          ],
          [
            94.230701,
            24.313685
          ],
          [
            94.230571,
            24.313685
          ],
          [
            94.230449,
            24.313645
          ],
          [
            94.230384,
            24.31357
          ],
          [
            94.230365,
            24.313481
          ],
          [
            94.230396,
            24.31338
          ],
          [
            94.230486,
            24.313235
          ],
          [
            94.230664,
            24.312877
          ],
          [
            94.230863,
            24.312643
          ],
          [
            94.230972,
            24.312362
          ],
          [
            94.231085,
            24.312122
          ],
          [
            94.23124,
            24.312051
          ],
          [
            94.231333,
            24.312045
          ],
          [
            94.231504,
            24.3121
          ],
          [
            94.23163,
            24.312168
          ],
          [
            94.231759,
            24.312189
          ],
          [
            94.231996,
            24.312237
          ],
          [
            94.232284,
            24.312372
          ],
          [
            94.232556,
            24.312502
          ],
          [
            94.232787,
            24.31256
          ],
          [
            94.232933,
            24.312593
          ],
          [
            94.233217,
            24.312574
          ],
          [
            94.23339,
            24.312504
          ],
          [
            94.233492,
            24.312389
          ],
          [
            94.233534,
            24.312292
          ],
          [
            94.233603,
            24.312146
          ],
          [
            94.233753,
            24.312011
          ],
          [
            94.233895,
            24.311958
          ],
          [
            94.234236,
            24.311833
          ],
          [
            94.234487,
            24.311724
          ],
          [
            94.234602,
            24.311607
          ],
          [
            94.234844,
            24.311405
          ],
          [
            94.235094,
            24.311138
          ],
          [
            94.235289,
            24.311015
          ],
          [
            94.235351,
            24.310952
          ],
          [
            94.235369,
            24.310884
          ],
          [
            94.235325,
            24.310815
          ],
          [
            94.234974,
            24.310361
          ],
          [
            94.234746,
            24.309941
          ],
          [
            94.234522,
            24.309458
          ],
          [
            94.234423,
            24.309268
          ],
          [
            94.234345,
            24.309133
          ],
          [
            94.234389,
            24.308979
          ],
          [
            94.234553,
            24.30882
          ],
          [
            94.234746,
            24.308777
          ],
          [
            94.234943,
            24.308779
          ],
          [
            94.235156,
            24.308834
          ],
          [
            94.235413,
            24.30891
          ],
          [
            94.235597,
            24.309068
          ],
          [
            94.235666,
            24.309157
          ],
          [
            94.235799,
            24.309175
          ],
          [
            94.235943,
            24.309129
          ],
          [
            94.236067,
            24.308939
          ],
          [
            94.23614,
            24.308745
          ],
          [
            94.236218,
            24.308614
          ],
          [
            94.236309,
            24.308553
          ],
          [
            94.236411,
            24.308525
          ],
          [
            94.236519,
            24.308513
          ],
          [
            94.236641,
            24.308494
          ],
          [
            94.236821,
            24.308395
          ],
          [
            94.236909,
            24.308246
          ],
          [
            94.236889,
            24.308137
          ],
          [
            94.236732,
            24.307955
          ],
          [
            94.236497,
            24.307642
          ],
          [
            94.236404,
            24.30759
          ],
          [
            94.236229,
            24.307581
          ],
          [
            94.236094,
            24.307553
          ],
          [
            94.235912,
            24.307402
          ],
          [
            94.23585,
            24.30728
          ],
          [
            94.235821,
            24.307153
          ],
          [
            94.235825,
            24.307034
          ],
          [
            94.23585,
            24.306897
          ],
          [
            94.235797,
            24.306814
          ],
          [
            94.235692,
            24.30678
          ],
          [
            94.235544,
            24.306757
          ],
          [
            94.235411,
            24.306745
          ],
          [
            94.23528,
            24.306707
          ],
          [
            94.235081,
            24.306606
          ],
          [
            94.235127,
            24.306228
          ],
          [
            94.235105,
            24.305899
          ],
          [
            94.235149,
            24.305794
          ],
          [
            94.235247,
            24.305731
          ],
          [
            94.235398,
            24.305727
          ],
          [
            94.235644,
            24.305715
          ],
          [
            94.236054,
            24.305691
          ],
          [
            94.236397,
            24.305683
          ],
          [
            94.236608,
            24.305675
          ],
          [
            94.236716,
            24.305646
          ],
          [
            94.236821,
            24.305594
          ],
          [
            94.236838,
            24.305507
          ],
          [
            94.236772,
            24.30544
          ],
          [
            94.236484,
            24.305315
          ],
          [
            94.236397,
            24.305234
          ],
          [
            94.236368,
            24.305152
          ],
          [
            94.23636,
            24.305065
          ],
          [
            94.236499,
            24.304996
          ],
          [
            94.236634,
            24.304964
          ],
          [
            94.236767,
            24.304929
          ],
          [
            94.236878,
            24.304853
          ],
          [
            94.236896,
            24.304731
          ],
          [
            94.236849,
            24.304661
          ],
          [
            94.236597,
            24.304392
          ],
          [
            94.236603,
            24.304319
          ],
          [
            94.236705,
            24.304239
          ],
          [
            94.23681,
            24.304176
          ],
          [
            94.236852,
            24.304075
          ],
          [
            94.236856,
            24.303934
          ],
          [
            94.236801,
            24.303742
          ],
          [
            94.236683,
            24.303489
          ],
          [
            94.236696,
            24.303412
          ],
          [
            94.236743,
            24.30337
          ],
          [
            94.23686,
            24.303368
          ],
          [
            94.236949,
            24.303412
          ],
          [
            94.237131,
            24.303546
          ],
          [
            94.237215,
            24.303604
          ],
          [
            94.237341,
            24.303643
          ],
          [
            94.237399,
            24.303695
          ],
          [
            94.237468,
            24.303804
          ],
          [
            94.237428,
            24.303984
          ],
          [
            94.237412,
            24.304176
          ],
          [
            94.237605,
            24.304398
          ],
          [
            94.237845,
            24.304632
          ],
          [
            94.237869,
            24.304814
          ],
          [
            94.237873,
            24.304964
          ],
          [
            94.237991,
            24.305113
          ],
          [
            94.238181,
            24.305315
          ],
          [
            94.23831,
            24.305426
          ],
          [
            94.238436,
            24.305457
          ],
          [
            94.238547,
            24.305473
          ],
          [
            94.238662,
            24.305535
          ],
          [
            94.238786,
            24.305638
          ],
          [
            94.238942,
            24.305806
          ],
          [
            94.238957,
            24.305921
          ],
          [
            94.23897,
            24.306024
          ],
          [
            94.23903,
            24.306099
          ],
          [
            94.239128,
            24.306137
          ],
          [
            94.239245,
            24.306172
          ],
          [
            94.239387,
            24.306242
          ],
          [
            94.239649,
            24.306359
          ],
          [
            94.239786,
            24.30642
          ],
          [
            94.239906,
            24.306448
          ],
          [
            94.240003,
            24.306434
          ],
          [
            94.240118,
            24.306374
          ],
          [
            94.240207,
            24.306238
          ],
          [
            94.240336,
            24.30605
          ],
          [
            94.240444,
            24.305893
          ],
          [
            94.240639,
            24.305695
          ],
          [
            94.240737,
            24.30556
          ],
          [
            94.240817,
            24.305406
          ],
          [
            94.240843,
            24.305277
          ],
          [
            94.240932,
            24.305139
          ],
          [
            94.241056,
            24.305083
          ],
          [
            94.241235,
            24.305097
          ],
          [
            94.24138,
            24.305127
          ],
          [
            94.241526,
            24.305143
          ],
          [
            94.241628,
            24.305146
          ],
          [
            94.241703,
            24.305115
          ],
          [
            94.241716,
            24.305024
          ],
          [
            94.24167,
            24.304944
          ],
          [
            94.241597,
            24.304869
          ],
          [
            94.241541,
            24.304766
          ],
          [
            94.241519,
            24.304663
          ],
          [
            94.241583,
            24.304558
          ],
          [
            94.241665,
            24.304558
          ],
          [
            94.241739,
            24.304584
          ],
          [
            94.241847,
            24.304641
          ],
          [
            94.241951,
            24.304655
          ],
          [
            94.242082,
            24.304639
          ],
          [
            94.242412,
            24.30456
          ],
          [
            94.242501,
            24.304584
          ],
          [
            94.242603,
            24.304572
          ],
          [
            94.242632,
            24.304499
          ],
          [
            94.242598,
            24.30442
          ],
          [
            94.242605,
            24.30422
          ],
          [
            94.242736,
            24.304123
          ],
          [
            94.242833,
            24.304051
          ],
          [
            94.242853,
            24.303879
          ],
          [
            94.242864,
            24.303782
          ],
          [
            94.242915,
            24.303691
          ],
          [
            94.243028,
            24.303614
          ],
          [
            94.24313,
            24.303548
          ],
          [
            94.243252,
            24.303517
          ],
          [
            94.24333,
            24.303513
          ],
          [
            94.243407,
            24.303532
          ],
          [
            94.243565,
            24.30357
          ],
          [
            94.243802,
            24.30379
          ],
          [
            94.244066,
            24.304002
          ],
          [
            94.244294,
            24.304289
          ],
          [
            94.244442,
            24.304384
          ],
          [
            94.24458,
            24.304529
          ],
          [
            94.244715,
            24.304596
          ],
          [
            94.244793,
            24.30461
          ],
          [
            94.244861,
            24.304586
          ],
          [
            94.244952,
            24.30455
          ],
          [
            94.244994,
            24.304493
          ],
          [
            94.24503,
            24.304384
          ],
          [
            94.24501,
            24.304257
          ],
          [
            94.245043,
            24.30393
          ],
          [
            94.24507,
            24.303586
          ],
          [
            94.245116,
            24.303253
          ],
          [
            94.245136,
            24.302738
          ],
          [
            94.245223,
            24.302439
          ],
          [
            94.245294,
            24.302255
          ],
          [
            94.245325,
            24.302138
          ],
          [
            94.245364,
            24.302043
          ],
          [
            94.245451,
            24.302021
          ],
          [
            94.245557,
            24.302055
          ],
          [
            94.245748,
            24.302087
          ],
          [
            94.245976,
            24.30214
          ],
          [
            94.246043,
            24.302194
          ],
          [
            94.246098,
            24.302316
          ],
          [
            94.246074,
            24.302431
          ],
          [
            94.246043,
            24.302617
          ],
          [
            94.246029,
            24.302762
          ],
          [
            94.246036,
            24.302903
          ],
          [
            94.246063,
            24.303047
          ],
          [
            94.246096,
            24.303204
          ],
          [
            94.246224,
            24.303487
          ],
          [
            94.246311,
            24.30359
          ],
          [
            94.246428,
            24.303639
          ],
          [
            94.246548,
            24.303691
          ],
          [
            94.246639,
            24.303734
          ],
          [
            94.246712,
            24.3038
          ],
          [
            94.246745,
            24.303861
          ],
          [
            94.246761,
            24.304033
          ],
          [
            94.246778,
            24.304152
          ],
          [
            94.246838,
            24.304233
          ],
          [
            94.247004,
            24.304277
          ],
          [
            94.247118,
            24.304402
          ],
          [
            94.247115,
            24.304503
          ],
          [
            94.247058,
            24.304614
          ],
          [
            94.246996,
            24.304713
          ],
          [
            94.247011,
            24.304836
          ],
          [
            94.247089,
            24.304905
          ],
          [
            94.247197,
            24.304968
          ],
          [
            94.247308,
            24.305034
          ],
          [
            94.247412,
            24.305063
          ],
          [
            94.24755,
            24.305014
          ],
          [
            94.247661,
            24.304939
          ],
          [
            94.247833,
            24.304838
          ],
          [
            94.247946,
            24.304746
          ],
          [
            94.248017,
            24.304677
          ],
          [
            94.248159,
            24.304647
          ],
          [
            94.248286,
            24.304711
          ],
          [
            94.248374,
            24.30478
          ],
          [
            94.248401,
            24.304857
          ],
          [
            94.248494,
            24.305089
          ],
          [
            94.248472,
            24.305543
          ],
          [
            94.248434,
            24.305778
          ],
          [
            94.248381,
            24.305905
          ],
          [
            94.248352,
            24.306028
          ],
          [
            94.248354,
            24.306127
          ],
          [
            94.248383,
            24.30623
          ],
          [
            94.248465,
            24.306287
          ],
          [
            94.248824,
            24.306456
          ],
          [
            94.249017,
            24.306503
          ],
          [
            94.24917,
            24.306493
          ],
          [
            94.249303,
            24.306456
          ],
          [
            94.249387,
            24.306313
          ],
          [
            94.249436,
            24.306149
          ],
          [
            94.24946,
            24.305933
          ],
          [
            94.249476,
            24.305788
          ],
          [
            94.249487,
            24.305667
          ],
          [
            94.249536,
            24.305558
          ],
          [
            94.249598,
            24.305465
          ],
          [
            94.249711,
            24.305414
          ],
          [
            94.249804,
            24.305418
          ],
          [
            94.249923,
            24.305467
          ],
          [
            94.250034,
            24.305531
          ],
          [
            94.250138,
            24.305574
          ],
          [
            94.250329,
            24.3056
          ],
          [
            94.250451,
            24.305562
          ],
          [
            94.250579,
            24.305509
          ],
          [
            94.250699,
            24.305451
          ],
          [
            94.250805,
            24.305455
          ],
          [
            94.250912,
            24.305487
          ],
          [
            94.251009,
            24.305576
          ],
          [
            94.251107,
            24.305689
          ],
          [
            94.251187,
            24.305766
          ],
          [
            94.251282,
            24.305751
          ],
          [
            94.251397,
            24.305677
          ],
          [
            94.251433,
            24.30565
          ],
          [
            94.251521,
            24.305659
          ],
          [
            94.251606,
            24.305729
          ],
          [
            94.251657,
            24.305802
          ],
          [
            94.25171,
            24.305879
          ],
          [
            94.251794,
            24.305909
          ],
          [
            94.251863,
            24.305883
          ],
          [
            94.251927,
            24.305816
          ],
          [
            94.25198,
            24.305717
          ],
          [
            94.252033,
            24.305632
          ],
          [
            94.252126,
            24.305545
          ],
          [
            94.252268,
            24.305457
          ],
          [
            94.252366,
            24.305269
          ],
          [
            94.252341,
            24.305077
          ],
          [
            94.252293,
            24.304847
          ],
          [
            94.252226,
            24.304527
          ],
          [
            94.252182,
            24.303998
          ],
          [
            94.252219,
            24.303568
          ],
          [
            94.25231,
            24.303283
          ],
          [
            94.252408,
            24.30316
          ],
          [
            94.252534,
            24.303101
          ],
          [
            94.252667,
            24.303116
          ],
          [
            94.2528,
            24.303166
          ],
          [
            94.252942,
            24.303275
          ],
          [
            94.253068,
            24.30354
          ],
          [
            94.253248,
            24.303673
          ],
          [
            94.25333,
            24.303699
          ],
          [
            94.253469,
            24.303663
          ],
          [
            94.253569,
            24.30361
          ],
          [
            94.253758,
            24.303475
          ],
          [
            94.253778,
            24.303441
          ],
          [
            94.253809,
            24.303388
          ],
          [
            94.253784,
            24.303006
          ],
          [
            94.253797,
            24.302516
          ],
          [
            94.253766,
            24.302346
          ],
          [
            94.253724,
            24.302243
          ],
          [
            94.253642,
            24.302182
          ],
          [
            94.253438,
            24.302061
          ],
          [
            94.253294,
            24.301944
          ],
          [
            94.25325,
            24.301863
          ],
          [
            94.253237,
            24.301734
          ],
          [
            94.25329,
            24.301475
          ],
          [
            94.253348,
            24.301368
          ],
          [
            94.25343,
            24.301263
          ],
          [
            94.253505,
            24.301195
          ],
          [
            94.253596,
            24.301207
          ],
          [
            94.253687,
            24.301233
          ],
          [
            94.253842,
            24.30132
          ],
          [
            94.254015,
            24.301423
          ],
          [
            94.254278,
            24.301544
          ],
          [
            94.254562,
            24.301691
          ],
          [
            94.25477,
            24.301879
          ],
          [
            94.25499,
            24.302106
          ],
          [
            94.255085,
            24.302374
          ],
          [
            94.255141,
            24.302657
          ],
          [
            94.255462,
            24.303111
          ],
          [
            94.25577,
            24.303505
          ],
          [
            94.255936,
            24.303808
          ],
          [
            94.25604,
            24.304142
          ],
          [
            94.25608,
            24.304342
          ],
          [
            94.256151,
            24.304447
          ],
          [
            94.256233,
            24.304519
          ],
          [
            94.256342,
            24.304572
          ],
          [
            94.256488,
            24.30461
          ],
          [
            94.256734,
            24.304679
          ],
          [
            94.257215,
            24.304976
          ],
          [
            94.257488,
            24.305129
          ],
          [
            94.25768,
            24.305166
          ],
          [
            94.257933,
            24.305105
          ],
          [
            94.258152,
            24.304942
          ],
          [
            94.25827,
            24.304788
          ],
          [
            94.258432,
            24.304685
          ],
          [
            94.25856,
            24.304639
          ],
          [
            94.258673,
            24.304641
          ],
          [
            94.258777,
            24.304653
          ],
          [
            94.258922,
            24.304683
          ],
          [
            94.259128,
            24.304764
          ],
          [
            94.259416,
            24.304897
          ],
          [
            94.259635,
            24.30499
          ],
          [
            94.259795,
            24.305002
          ],
          [
            94.259937,
            24.304986
          ],
          [
            94.260045,
            24.304962
          ],
          [
            94.260156,
            24.304891
          ],
          [
            94.260411,
            24.304778
          ],
          [
            94.260593,
            24.304762
          ],
          [
            94.260763,
            24.304796
          ],
          [
            94.260872,
            24.304879
          ],
          [
            94.260965,
            24.304937
          ],
          [
            94.261086,
            24.305057
          ],
          [
            94.261184,
            24.305154
          ],
          [
            94.261317,
            24.305182
          ],
          [
            94.261428,
            24.305146
          ],
          [
            94.261541,
            24.30503
          ],
          [
            94.26169,
            24.304867
          ],
          [
            94.261977,
            24.304604
          ],
          [
            94.262536,
            24.304249
          ],
          [
            94.262854,
            24.304096
          ],
          [
            94.263067,
            24.304062
          ],
          [
            94.263352,
            24.304027
          ],
          [
            94.263528,
            24.303982
          ],
          [
            94.263735,
            24.303805
          ],
          [
            94.264086,
            24.303345
          ],
          [
            94.264352,
            24.303025
          ],
          [
            94.264462,
            24.302573
          ],
          [
            94.264553,
            24.302276
          ],
          [
            94.264722,
            24.302099
          ],
          [
            94.264907,
            24.301939
          ],
          [
            94.265042,
            24.301556
          ],
          [
            94.265274,
            24.300991
          ],
          [
            94.265433,
            24.300517
          ],
          [
            94.26559,
            24.300357
          ],
          [
            94.265715,
            24.300282
          ],
          [
            94.265869,
            24.300257
          ],
          [
            94.26601,
            24.300174
          ],
          [
            94.266054,
            24.30008
          ],
          [
            94.266057,
            24.299897
          ],
          [
            94.266004,
            24.299725
          ],
          [
            94.265976,
            24.299548
          ],
          [
            94.266054,
            24.299214
          ],
          [
            94.266173,
            24.298825
          ],
          [
            94.266305,
            24.298506
          ],
          [
            94.266371,
            24.298128
          ],
          [
            94.266465,
            24.297709
          ],
          [
            94.266515,
            24.297571
          ],
          [
            94.266577,
            24.297511
          ],
          [
            94.266712,
            24.29748
          ],
          [
            94.266913,
            24.297551
          ],
          [
            94.267327,
            24.297646
          ],
          [
            94.267674,
            24.297783
          ],
          [
            94.267963,
            24.297903
          ],
          [
            94.268132,
            24.297928
          ],
          [
            94.268424,
            24.297888
          ],
          [
            94.268655,
            24.297843
          ],
          [
            94.268956,
            24.297897
          ],
          [
            94.269307,
            24.297946
          ],
          [
            94.269552,
            24.297986
          ],
          [
            94.269727,
            24.297894
          ],
          [
            94.269821,
            24.2978
          ],
          [
            94.269831,
            24.297703
          ],
          [
            94.269834,
            24.297543
          ],
          [
            94.26989,
            24.297451
          ],
          [
            94.269972,
            24.297437
          ],
          [
            94.270072,
            24.297411
          ],
          [
            94.270245,
            24.297394
          ],
          [
            94.270578,
            24.297364
          ],
          [
            94.270849,
            24.297418
          ],
          [
            94.271028,
            24.297418
          ],
          [
            94.271114,
            24.297315
          ],
          [
            94.271165,
            24.297208
          ],
          [
            94.271239,
            24.296988
          ],
          [
            94.271323,
            24.296723
          ],
          [
            94.271487,
            24.296424
          ],
          [
            94.271547,
            24.296146
          ],
          [
            94.271786,
            24.295374
          ],
          [
            94.27197,
            24.294738
          ],
          [
            94.272001,
            24.294477
          ],
          [
            94.272085,
            24.29432
          ],
          [
            94.272196,
            24.294206
          ],
          [
            94.272398,
            24.294039
          ],
          [
            94.272732,
            24.293865
          ],
          [
            94.273018,
            24.293708
          ],
          [
            94.273408,
            24.293467
          ],
          [
            94.273745,
            24.293221
          ],
          [
            94.273812,
            24.293164
          ],
          [
            94.274111,
            24.292908
          ],
          [
            94.27441,
            24.292643
          ],
          [
            94.275009,
            24.292241
          ],
          [
            94.275263,
            24.292112
          ],
          [
            94.275501,
            24.292071
          ],
          [
            94.275611,
            24.292067
          ],
          [
            94.275787,
            24.292036
          ],
          [
            94.275965,
            24.291916
          ],
          [
            94.276087,
            24.291796
          ],
          [
            94.276284,
            24.291571
          ],
          [
            94.276306,
            24.291449
          ],
          [
            94.276248,
            24.291256
          ],
          [
            94.276187,
            24.291073
          ],
          [
            94.276104,
            24.290793
          ],
          [
            94.276099,
            24.290616
          ],
          [
            94.276149,
            24.290482
          ],
          [
            94.276222,
            24.290407
          ],
          [
            94.276374,
            24.290312
          ],
          [
            94.276496,
            24.290244
          ],
          [
            94.276585,
            24.290165
          ],
          [
            94.276579,
            24.29009
          ],
          [
            94.276541,
            24.290035
          ],
          [
            94.276449,
            24.28998
          ],
          [
            94.276077,
            24.289735
          ],
          [
            94.275965,
            24.289625
          ],
          [
            94.275924,
            24.289537
          ],
          [
            94.275907,
            24.289447
          ],
          [
            94.275991,
            24.289333
          ],
          [
            94.276107,
            24.289245
          ],
          [
            94.276201,
            24.289179
          ],
          [
            94.276259,
            24.289169
          ],
          [
            94.276395,
            24.289167
          ],
          [
            94.276485,
            24.289199
          ],
          [
            94.276772,
            24.289342
          ],
          [
            94.276883,
            24.289385
          ],
          [
            94.277066,
            24.28935
          ],
          [
            94.277224,
            24.289303
          ],
          [
            94.277298,
            24.289245
          ],
          [
            94.277441,
            24.28907
          ],
          [
            94.277494,
            24.289005
          ],
          [
            94.277583,
            24.288923
          ],
          [
            94.277654,
            24.288897
          ],
          [
            94.27771,
            24.288906
          ],
          [
            94.2778,
            24.288927
          ],
          [
            94.277975,
            24.289062
          ],
          [
            94.278063,
            24.289269
          ],
          [
            94.278168,
            24.289576
          ],
          [
            94.278323,
            24.28983
          ],
          [
            94.278412,
            24.289883
          ],
          [
            94.278467,
            24.28991
          ],
          [
            94.278572,
            24.289933
          ],
          [
            94.278749,
            24.289899
          ],
          [
            94.278821,
            24.28986
          ],
          [
            94.278977,
            24.289735
          ],
          [
            94.279277,
            24.289532
          ],
          [
            94.279668,
            24.289549
          ],
          [
            94.280022,
            24.289553
          ],
          [
            94.280232,
            24.289535
          ],
          [
            94.280374,
            24.289515
          ],
          [
            94.280516,
            24.289479
          ],
          [
            94.280565,
            24.28946
          ],
          [
            94.280588,
            24.2894
          ],
          [
            94.280642,
            24.289277
          ],
          [
            94.280688,
            24.289202
          ],
          [
            94.280777,
            24.289122
          ],
          [
            94.280843,
            24.289063
          ],
          [
            94.28089,
            24.28901
          ],
          [
            94.280925,
            24.288945
          ],
          [
            94.280928,
            24.28888
          ],
          [
            94.280901,
            24.288787
          ],
          [
            94.280899,
            24.288622
          ],
          [
            94.280892,
            24.288328
          ],
          [
            94.281012,
            24.288302
          ],
          [
            94.2811,
            24.28831
          ],
          [
            94.281188,
            24.288316
          ],
          [
            94.281283,
            24.288296
          ],
          [
            94.281346,
            24.288246
          ],
          [
            94.281357,
            24.288122
          ],
          [
            94.281359,
            24.287923
          ],
          [
            94.28131,
            24.287715
          ],
          [
            94.281316,
            24.287628
          ],
          [
            94.281346,
            24.28754
          ],
          [
            94.281392,
            24.287463
          ],
          [
            94.281465,
            24.287398
          ],
          [
            94.281562,
            24.287296
          ],
          [
            94.281578,
            24.287215
          ],
          [
            94.28157,
            24.28716
          ],
          [
            94.2815,
            24.287068
          ],
          [
            94.281359,
            24.286898
          ],
          [
            94.281354,
            24.286832
          ],
          [
            94.281374,
            24.286775
          ],
          [
            94.281426,
            24.286706
          ],
          [
            94.28158,
            24.286599
          ],
          [
            94.281636,
            24.286462
          ],
          [
            94.281617,
            24.286399
          ],
          [
            94.281545,
            24.286359
          ],
          [
            94.281434,
            24.286321
          ],
          [
            94.281211,
            24.286179
          ],
          [
            94.281023,
            24.286021
          ],
          [
            94.281,
            24.285931
          ],
          [
            94.280997,
            24.285852
          ],
          [
            94.281033,
            24.285772
          ],
          [
            94.281127,
            24.285669
          ],
          [
            94.281178,
            24.285581
          ],
          [
            94.281166,
            24.285506
          ],
          [
            94.281055,
            24.285369
          ],
          [
            94.281053,
            24.285223
          ],
          [
            94.28105,
            24.285061
          ],
          [
            94.281033,
            24.284991
          ],
          [
            94.28089,
            24.284864
          ],
          [
            94.28057,
            24.284704
          ],
          [
            94.280423,
            24.284609
          ],
          [
            94.280381,
            24.284548
          ],
          [
            94.280378,
            24.284484
          ],
          [
            94.280417,
            24.284412
          ],
          [
            94.280512,
            24.284341
          ],
          [
            94.280661,
            24.284152
          ],
          [
            94.280716,
            24.284024
          ],
          [
            94.280642,
            24.283938
          ],
          [
            94.280588,
            24.283911
          ],
          [
            94.280357,
            24.283808
          ],
          [
            94.280172,
            24.283715
          ],
          [
            94.280055,
            24.283585
          ],
          [
            94.280009,
            24.283519
          ],
          [
            94.279997,
            24.283441
          ],
          [
            94.280008,
            24.283364
          ],
          [
            94.280097,
            24.283301
          ],
          [
            94.280188,
            24.283248
          ],
          [
            94.280259,
            24.283166
          ],
          [
            94.280282,
            24.283056
          ],
          [
            94.280229,
            24.282999
          ],
          [
            94.280144,
            24.282959
          ],
          [
            94.280009,
            24.282899
          ],
          [
            94.279768,
            24.282769
          ],
          [
            94.279624,
            24.282652
          ],
          [
            94.279516,
            24.282602
          ],
          [
            94.279408,
            24.282526
          ],
          [
            94.279379,
            24.282454
          ],
          [
            94.279398,
            24.282354
          ],
          [
            94.27945,
            24.282308
          ],
          [
            94.279603,
            24.282129
          ],
          [
            94.279625,
            24.282005
          ],
          [
            94.279677,
            24.281784
          ],
          [
            94.279705,
            24.281672
          ],
          [
            94.279809,
            24.281529
          ],
          [
            94.279879,
            24.281414
          ],
          [
            94.279906,
            24.281297
          ],
          [
            94.279926,
            24.281252
          ],
          [
            94.279823,
            24.280951
          ],
          [
            94.279511,
            24.280487
          ],
          [
            94.279354,
            24.280289
          ],
          [
            94.279116,
            24.280141
          ],
          [
            94.278884,
            24.279994
          ],
          [
            94.278754,
            24.279774
          ],
          [
            94.278593,
            24.279525
          ],
          [
            94.278586,
            24.279332
          ],
          [
            94.278608,
            24.279191
          ],
          [
            94.278657,
            24.279055
          ],
          [
            94.278665,
            24.278937
          ],
          [
            94.278658,
            24.278772
          ],
          [
            94.278586,
            24.278559
          ],
          [
            94.278464,
            24.278311
          ],
          [
            94.278325,
            24.278108
          ],
          [
            94.27826,
            24.278014
          ],
          [
            94.278179,
            24.277807
          ],
          [
            94.278157,
            24.277627
          ],
          [
            94.278168,
            24.277412
          ],
          [
            94.278195,
            24.277247
          ],
          [
            94.278262,
            24.277042
          ],
          [
            94.278268,
            24.276867
          ],
          [
            94.278289,
            24.276517
          ],
          [
            94.278287,
            24.276328
          ],
          [
            94.278365,
            24.276189
          ],
          [
            94.278419,
            24.276141
          ],
          [
            94.278676,
            24.275969
          ],
          [
            94.278785,
            24.275861
          ],
          [
            94.278814,
            24.275767
          ],
          [
            94.278847,
            24.275648
          ],
          [
            94.278823,
            24.275561
          ],
          [
            94.278752,
            24.275464
          ],
          [
            94.278577,
            24.275321
          ],
          [
            94.278422,
            24.275208
          ],
          [
            94.278318,
            24.275111
          ],
          [
            94.278262,
            24.275021
          ],
          [
            94.278246,
            24.274915
          ],
          [
            94.278267,
            24.274568
          ],
          [
            94.278317,
            24.274312
          ],
          [
            94.278381,
            24.274021
          ],
          [
            94.278499,
            24.273532
          ],
          [
            94.278602,
            24.273057
          ],
          [
            94.27869,
            24.272615
          ],
          [
            94.278682,
            24.272324
          ],
          [
            94.278669,
            24.271712
          ],
          [
            94.278679,
            24.271301
          ],
          [
            94.278582,
            24.270964
          ],
          [
            94.278406,
            24.270651
          ],
          [
            94.278104,
            24.270191
          ],
          [
            94.277903,
            24.269836
          ],
          [
            94.277735,
            24.269632
          ],
          [
            94.277635,
            24.269433
          ],
          [
            94.277619,
            24.269209
          ],
          [
            94.27766,
            24.268755
          ],
          [
            94.277696,
            24.268179
          ],
          [
            94.277792,
            24.267929
          ],
          [
            94.277876,
            24.267588
          ],
          [
            94.278011,
            24.267382
          ],
          [
            94.278303,
            24.26714
          ],
          [
            94.278555,
            24.26693
          ],
          [
            94.278779,
            24.266759
          ],
          [
            94.279038,
            24.266588
          ],
          [
            94.279329,
            24.266495
          ],
          [
            94.279787,
            24.266392
          ],
          [
            94.280066,
            24.266322
          ],
          [
            94.280398,
            24.266042
          ],
          [
            94.280548,
            24.265852
          ],
          [
            94.280702,
            24.265725
          ],
          [
            94.280906,
            24.265616
          ],
          [
            94.281169,
            24.265536
          ],
          [
            94.281346,
            24.265519
          ],
          [
            94.281478,
            24.265539
          ],
          [
            94.281603,
            24.265583
          ],
          [
            94.281802,
            24.265685
          ],
          [
            94.28192,
            24.265736
          ],
          [
            94.282142,
            24.265747
          ],
          [
            94.282319,
            24.265692
          ],
          [
            94.282492,
            24.265597
          ],
          [
            94.282739,
            24.265316
          ],
          [
            94.282905,
            24.265155
          ],
          [
            94.283032,
            24.265046
          ],
          [
            94.283267,
            24.264655
          ],
          [
            94.283523,
            24.26449
          ],
          [
            94.283711,
            24.264456
          ],
          [
            94.283833,
            24.264434
          ],
          [
            94.283918,
            24.264384
          ],
          [
            94.284017,
            24.264306
          ],
          [
            94.284151,
            24.26412
          ],
          [
            94.284302,
            24.26394
          ],
          [
            94.284424,
            24.263907
          ],
          [
            94.284548,
            24.263916
          ],
          [
            94.284636,
            24.263963
          ],
          [
            94.284814,
            24.264107
          ],
          [
            94.28496,
            24.264273
          ],
          [
            94.285063,
            24.264306
          ],
          [
            94.285156,
            24.264296
          ],
          [
            94.285327,
            24.264174
          ],
          [
            94.285535,
            24.263912
          ],
          [
            94.28578,
            24.263686
          ],
          [
            94.285972,
            24.263334
          ],
          [
            94.286019,
            24.263196
          ],
          [
            94.286046,
            24.263099
          ],
          [
            94.286104,
            24.262462
          ],
          [
            94.286128,
            24.261877
          ],
          [
            94.286219,
            24.261493
          ],
          [
            94.286298,
            24.261293
          ],
          [
            94.286445,
            24.261071
          ],
          [
            94.286426,
            24.260843
          ],
          [
            94.286392,
            24.26056
          ],
          [
            94.286318,
            24.2603
          ],
          [
            94.286256,
            24.259998
          ],
          [
            94.286258,
            24.259743
          ],
          [
            94.286221,
            24.259439
          ],
          [
            94.286163,
            24.259037
          ],
          [
            94.286268,
            24.25889
          ],
          [
            94.286403,
            24.258819
          ],
          [
            94.286654,
            24.258767
          ],
          [
            94.286883,
            24.258743
          ],
          [
            94.287093,
            24.258673
          ],
          [
            94.287326,
            24.258511
          ],
          [
            94.287514,
            24.258379
          ],
          [
            94.287782,
            24.258046
          ],
          [
            94.288036,
            24.257877
          ],
          [
            94.288249,
            24.257738
          ],
          [
            94.288544,
            24.257528
          ],
          [
            94.288848,
            24.257308
          ],
          [
            94.289299,
            24.257105
          ],
          [
            94.289663,
            24.25698
          ],
          [
            94.289954,
            24.256935
          ],
          [
            94.29021,
            24.256914
          ],
          [
            94.290453,
            24.256915
          ],
          [
            94.290537,
            24.256901
          ],
          [
            94.290721,
            24.256841
          ],
          [
            94.290802,
            24.256773
          ],
          [
            94.290843,
            24.256688
          ],
          [
            94.290855,
            24.256591
          ],
          [
            94.290899,
            24.25625
          ],
          [
            94.291039,
            24.256008
          ],
          [
            94.291108,
            24.255857
          ],
          [
            94.291166,
            24.255781
          ],
          [
            94.29139,
            24.255628
          ],
          [
            94.291608,
            24.255552
          ],
          [
            94.291782,
            24.25546
          ],
          [
            94.291901,
            24.255361
          ],
          [
            94.292355,
            24.254944
          ],
          [
            94.292543,
            24.254815
          ],
          [
            94.292724,
            24.254827
          ],
          [
            94.292891,
            24.254909
          ],
          [
            94.293087,
            24.255012
          ],
          [
            94.293234,
            24.255244
          ],
          [
            94.293334,
            24.255598
          ],
          [
            94.293419,
            24.255731
          ],
          [
            94.293514,
            24.255804
          ],
          [
            94.293809,
            24.255865
          ],
          [
            94.29409,
            24.255854
          ],
          [
            94.29425,
            24.25583
          ],
          [
            94.294358,
            24.255822
          ],
          [
            94.294502,
            24.255826
          ],
          [
            94.294739,
            24.255875
          ],
          [
            94.295096,
            24.25601
          ],
          [
            94.295526,
            24.25618
          ],
          [
            94.295881,
            24.256305
          ],
          [
            94.296025,
            24.256343
          ],
          [
            94.296153,
            24.25642
          ],
          [
            94.296293,
            24.256612
          ],
          [
            94.296419,
            24.256689
          ],
          [
            94.296537,
            24.256735
          ],
          [
            94.296639,
            24.256733
          ],
          [
            94.296745,
            24.256697
          ],
          [
            94.296814,
            24.256642
          ],
          [
            94.296856,
            24.256568
          ],
          [
            94.296905,
            24.256489
          ],
          [
            94.296911,
            24.256406
          ],
          [
            94.296911,
            24.256279
          ],
          [
            94.296904,
            24.256199
          ],
          [
            94.296922,
            24.256041
          ],
          [
            94.297065,
            24.255876
          ],
          [
            94.297202,
            24.255728
          ],
          [
            94.297243,
            24.255638
          ],
          [
            94.297283,
            24.25552
          ],
          [
            94.297285,
            24.255462
          ],
          [
            94.297239,
            24.255357
          ],
          [
            94.297175,
            24.255248
          ],
          [
            94.297107,
            24.255203
          ],
          [
            94.296899,
            24.255151
          ],
          [
            94.296754,
            24.255119
          ],
          [
            94.296694,
            24.255086
          ],
          [
            94.296645,
            24.255041
          ],
          [
            94.296612,
            24.254935
          ],
          [
            94.296614,
            24.254873
          ],
          [
            94.29663,
            24.254807
          ],
          [
            94.296704,
            24.254726
          ],
          [
            94.297079,
            24.254562
          ],
          [
            94.297239,
            24.254471
          ],
          [
            94.297389,
            24.254346
          ],
          [
            94.297545,
            24.254142
          ],
          [
            94.2976,
            24.254116
          ],
          [
            94.297808,
            24.253949
          ],
          [
            94.297963,
            24.253874
          ],
          [
            94.29818,
            24.253854
          ],
          [
            94.298374,
            24.253846
          ],
          [
            94.298483,
            24.253834
          ],
          [
            94.298594,
            24.253799
          ],
          [
            94.298744,
            24.253707
          ],
          [
            94.298965,
            24.253558
          ],
          [
            94.299079,
            24.253467
          ],
          [
            94.299157,
            24.253316
          ],
          [
            94.299177,
            24.253209
          ],
          [
            94.299174,
            24.253125
          ],
          [
            94.299135,
            24.252995
          ],
          [
            94.299,
            24.252785
          ],
          [
            94.298961,
            24.252655
          ],
          [
            94.298912,
            24.252451
          ],
          [
            94.298914,
            24.252344
          ],
          [
            94.298945,
            24.252223
          ],
          [
            94.299015,
            24.252091
          ],
          [
            94.299231,
            24.25187
          ],
          [
            94.29942,
            24.25173
          ],
          [
            94.299602,
            24.251609
          ],
          [
            94.299773,
            24.251455
          ],
          [
            94.299812,
            24.251414
          ],
          [
            94.299988,
            24.25123
          ],
          [
            94.300068,
            24.251122
          ],
          [
            94.300112,
            24.251062
          ],
          [
            94.300379,
            24.250697
          ],
          [
            94.30055,
            24.250522
          ],
          [
            94.300592,
            24.250497
          ],
          [
            94.300833,
            24.250336
          ],
          [
            94.300983,
            24.250251
          ],
          [
            94.301261,
            24.250087
          ],
          [
            94.301474,
            24.24996
          ],
          [
            94.301971,
            24.249678
          ],
          [
            94.302461,
            24.249427
          ],
          [
            94.303145,
            24.248998
          ],
          [
            94.303351,
            24.24882
          ],
          [
            94.30348,
            24.248661
          ],
          [
            94.303595,
            24.248487
          ],
          [
            94.303675,
            24.24831
          ],
          [
            94.303718,
            24.248153
          ],
          [
            94.303779,
            24.247867
          ],
          [
            94.303785,
            24.24784
          ],
          [
            94.303878,
            24.247789
          ],
          [
            94.303973,
            24.247642
          ],
          [
            94.304045,
            24.247504
          ],
          [
            94.304214,
            24.247301
          ],
          [
            94.304493,
            24.247007
          ],
          [
            94.304681,
            24.246846
          ],
          [
            94.304847,
            24.24666
          ],
          [
            94.304981,
            24.246459
          ],
          [
            94.30511,
            24.246205
          ],
          [
            94.305196,
            24.24599
          ],
          [
            94.305314,
            24.245554
          ],
          [
            94.305598,
            24.245609
          ]
        ]
      },
      "leaflet_coordinates": [
        [
          24.817071,
          93.936804
        ],
        [
          24.817067,
          93.936881
        ],
        [
          24.817113,
          93.937022
        ],
        [
          24.817172,
          93.937129
        ],
        [
          24.817315,
          93.937143
        ],
        [
          24.817278,
          93.93757
        ],
        [
          24.817222,
          93.938019
        ],
        [
          24.817194,
          93.938248
        ],
        [
          24.817145,
          93.938714
        ],
        [
          24.817137,
          93.938788
        ],
        [
          24.815911,
          93.938334
        ],
        [
          24.815554,
          93.938218
        ],
        [
          24.815324,
          93.93816
        ],
        [
          24.815305,
          93.938173
        ],
        [
          24.815283,
          93.938177
        ],
        [
          24.815261,
          93.938173
        ],
        [
          24.815215,
          93.939025
        ],
        [
          24.8152,
          93.939159
        ],
        [
          24.81515,
          93.939116
        ],
        [
          24.8151,
          93.93909
        ],
        [
          24.814813,
          93.939049
        ],
        [
          24.813121,
          93.938902
        ],
        [
          24.811918,
          93.938813
        ],
        [
          24.810294,
          93.938668
        ],
        [
          24.808376,
          93.938518
        ],
        [
          24.807604,
          93.93847
        ],
        [
          24.807575,
          93.938499
        ],
        [
          24.80754,
          93.938516
        ],
        [
          24.807501,
          93.938521
        ],
        [
          24.80746,
          93.938511
        ],
        [
          24.807424,
          93.938487
        ],
        [
          24.807398,
          93.93845
        ],
        [
          24.803449,
          93.938438
        ],
        [
          24.803057,
          93.938431
        ],
        [
          24.80294,
          93.938434
        ],
        [
          24.802768,
          93.938448
        ],
        [
          24.802632,
          93.938471
        ],
        [
          24.802614,
          93.938513
        ],
        [
          24.802585,
          93.938547
        ],
        [
          24.802548,
          93.938569
        ],
        [
          24.802543,
          93.938878
        ],
        [
          24.802522,
          93.939441
        ],
        [
          24.802516,
          93.940197
        ],
        [
          24.802525,
          93.940974
        ],
        [
          24.80253,
          93.941116
        ],
        [
          24.802452,
          93.941121
        ],
        [
          24.802214,
          93.94112
        ],
        [
          24.802089,
          93.941121
        ],
        [
          24.801617,
          93.941113
        ],
        [
          24.801201,
          93.941107
        ],
        [
          24.80101,
          93.941101
        ],
        [
          24.800755,
          93.941096
        ],
        [
          24.800445,
          93.941092
        ],
        [
          24.800081,
          93.94109
        ],
        [
          24.799717,
          93.941097
        ],
        [
          24.798745,
          93.94108
        ],
        [
          24.798548,
          93.941076
        ],
        [
          24.79829,
          93.941076
        ],
        [
          24.797996,
          93.941064
        ],
        [
          24.797663,
          93.94105
        ],
        [
          24.797535,
          93.941037
        ],
        [
          24.797377,
          93.941011
        ],
        [
          24.797212,
          93.940985
        ],
        [
          24.797041,
          93.940966
        ],
        [
          24.796991,
          93.94096
        ],
        [
          24.796938,
          93.940948
        ],
        [
          24.796886,
          93.940928
        ],
        [
          24.79683,
          93.940889
        ],
        [
          24.796766,
          93.940833
        ],
        [
          24.796663,
          93.94074
        ],
        [
          24.796561,
          93.940655
        ],
        [
          24.796483,
          93.940604
        ],
        [
          24.796382,
          93.940557
        ],
        [
          24.796301,
          93.940542
        ],
        [
          24.79621,
          93.940534
        ],
        [
          24.796057,
          93.940541
        ],
        [
          24.795924,
          93.940557
        ],
        [
          24.795759,
          93.940605
        ],
        [
          24.79561,
          93.940656
        ],
        [
          24.795465,
          93.940718
        ],
        [
          24.795212,
          93.940822
        ],
        [
          24.794983,
          93.940912
        ],
        [
          24.794763,
          93.940994
        ],
        [
          24.794379,
          93.941129
        ],
        [
          24.79367,
          93.941383
        ],
        [
          24.793144,
          93.941584
        ],
        [
          24.792287,
          93.94191
        ],
        [
          24.79219,
          93.941938
        ],
        [
          24.792064,
          93.941958
        ],
        [
          24.791896,
          93.941974
        ],
        [
          24.791781,
          93.941976
        ],
        [
          24.791641,
          93.94197
        ],
        [
          24.79151,
          93.941955
        ],
        [
          24.791364,
          93.941925
        ],
        [
          24.791118,
          93.941854
        ],
        [
          24.790882,
          93.941776
        ],
        [
          24.790673,
          93.941695
        ],
        [
          24.790294,
          93.941539
        ],
        [
          24.790161,
          93.941483
        ],
        [
          24.790049,
          93.941435
        ],
        [
          24.789903,
          93.941364
        ],
        [
          24.789799,
          93.941306
        ],
        [
          24.789255,
          93.940991
        ],
        [
          24.788935,
          93.940826
        ],
        [
          24.788619,
          93.940667
        ],
        [
          24.788349,
          93.940527
        ],
        [
          24.788201,
          93.940453
        ],
        [
          24.788079,
          93.940389
        ],
        [
          24.787375,
          93.940032
        ],
        [
          24.787028,
          93.939867
        ],
        [
          24.786831,
          93.939767
        ],
        [
          24.78659,
          93.939646
        ],
        [
          24.786371,
          93.939533
        ],
        [
          24.786159,
          93.939434
        ],
        [
          24.785924,
          93.939319
        ],
        [
          24.785731,
          93.939226
        ],
        [
          24.785448,
          93.9391
        ],
        [
          24.78534,
          93.939053
        ],
        [
          24.785077,
          93.938926
        ],
        [
          24.784825,
          93.9388
        ],
        [
          24.784404,
          93.938583
        ],
        [
          24.784354,
          93.938558
        ],
        [
          24.783306,
          93.938037
        ],
        [
          24.782592,
          93.937638
        ],
        [
          24.782468,
          93.937567
        ],
        [
          24.78236,
          93.937497
        ],
        [
          24.782305,
          93.937461
        ],
        [
          24.782189,
          93.9374
        ],
        [
          24.782104,
          93.937385
        ],
        [
          24.782027,
          93.937396
        ],
        [
          24.78196,
          93.937421
        ],
        [
          24.781896,
          93.937473
        ],
        [
          24.781813,
          93.937581
        ],
        [
          24.781735,
          93.937718
        ],
        [
          24.781671,
          93.937846
        ],
        [
          24.78163,
          93.937959
        ],
        [
          24.781604,
          93.938082
        ],
        [
          24.78159,
          93.938235
        ],
        [
          24.781587,
          93.93827
        ],
        [
          24.78158,
          93.938395
        ],
        [
          24.781581,
          93.938557
        ],
        [
          24.781577,
          93.938815
        ],
        [
          24.781567,
          93.93914
        ],
        [
          24.78156,
          93.939249
        ],
        [
          24.781555,
          93.939324
        ],
        [
          24.781532,
          93.939429
        ],
        [
          24.781504,
          93.939513
        ],
        [
          24.781469,
          93.93958
        ],
        [
          24.781425,
          93.939645
        ],
        [
          24.781365,
          93.939725
        ],
        [
          24.781311,
          93.939779
        ],
        [
          24.781252,
          93.939822
        ],
        [
          24.781196,
          93.939841
        ],
        [
          24.781126,
          93.939839
        ],
        [
          24.781019,
          93.939822
        ],
        [
          24.780854,
          93.939786
        ],
        [
          24.780494,
          93.939713
        ],
        [
          24.780375,
          93.939689
        ],
        [
          24.779961,
          93.939614
        ],
        [
          24.77974,
          93.939571
        ],
        [
          24.77964,
          93.939553
        ],
        [
          24.779474,
          93.939523
        ],
        [
          24.779252,
          93.939476
        ],
        [
          24.778896,
          93.939402
        ],
        [
          24.778628,
          93.939341
        ],
        [
          24.778347,
          93.939277
        ],
        [
          24.777607,
          93.93914
        ],
        [
          24.77745,
          93.939108
        ],
        [
          24.777271,
          93.939071
        ],
        [
          24.77665,
          93.938939
        ],
        [
          24.77647,
          93.9389
        ],
        [
          24.776314,
          93.938867
        ],
        [
          24.775926,
          93.93879
        ],
        [
          24.775664,
          93.938739
        ],
        [
          24.77556,
          93.938718
        ],
        [
          24.775321,
          93.938671
        ],
        [
          24.774688,
          93.938542
        ],
        [
          24.774636,
          93.938539
        ],
        [
          24.773414,
          93.938296
        ],
        [
          24.772966,
          93.938199
        ],
        [
          24.772729,
          93.938153
        ],
        [
          24.771923,
          93.93798
        ],
        [
          24.77167,
          93.937925
        ],
        [
          24.770893,
          93.93777
        ],
        [
          24.770841,
          93.93776
        ],
        [
          24.770506,
          93.937697
        ],
        [
          24.769427,
          93.937478
        ],
        [
          24.768385,
          93.937274
        ],
        [
          24.767985,
          93.937196
        ],
        [
          24.767459,
          93.937086
        ],
        [
          24.766183,
          93.936842
        ],
        [
          24.765477,
          93.936692
        ],
        [
          24.765167,
          93.936617
        ],
        [
          24.765065,
          93.936592
        ],
        [
          24.764571,
          93.936493
        ],
        [
          24.76386,
          93.936355
        ],
        [
          24.763743,
          93.936332
        ],
        [
          24.763263,
          93.93623
        ],
        [
          24.762719,
          93.93611
        ],
        [
          24.762646,
          93.936095
        ],
        [
          24.762578,
          93.936082
        ],
        [
          24.762342,
          93.936026
        ],
        [
          24.761718,
          93.935899
        ],
        [
          24.761475,
          93.935849
        ],
        [
          24.761188,
          93.935793
        ],
        [
          24.760267,
          93.935619
        ],
        [
          24.760196,
          93.935604
        ],
        [
          24.758854,
          93.935333
        ],
        [
          24.758754,
          93.935313
        ],
        [
          24.758158,
          93.935191
        ],
        [
          24.757596,
          93.935088
        ],
        [
          24.756725,
          93.934919
        ],
        [
          24.756343,
          93.934827
        ],
        [
          24.756164,
          93.934791
        ],
        [
          24.755843,
          93.934726
        ],
        [
          24.755239,
          93.934603
        ],
        [
          24.753954,
          93.934342
        ],
        [
          24.753613,
          93.934265
        ],
        [
          24.753444,
          93.934228
        ],
        [
          24.753034,
          93.934136
        ],
        [
          24.752672,
          93.934068
        ],
        [
          24.752133,
          93.933985
        ],
        [
          24.752088,
          93.933972
        ],
        [
          24.752062,
          93.93396
        ],
        [
          24.75205,
          93.933951
        ],
        [
          24.751928,
          93.933859
        ],
        [
          24.751557,
          93.933767
        ],
        [
          24.751301,
          93.933717
        ],
        [
          24.751003,
          93.93368
        ],
        [
          24.750847,
          93.933663
        ],
        [
          24.750743,
          93.933659
        ],
        [
          24.750595,
          93.933661
        ],
        [
          24.750357,
          93.933671
        ],
        [
          24.750125,
          93.933698
        ],
        [
          24.749871,
          93.93374
        ],
        [
          24.749525,
          93.933811
        ],
        [
          24.74859,
          93.934051
        ],
        [
          24.748321,
          93.934103
        ],
        [
          24.748154,
          93.934138
        ],
        [
          24.747616,
          93.934252
        ],
        [
          24.747397,
          93.934306
        ],
        [
          24.747282,
          93.934334
        ],
        [
          24.74639,
          93.934552
        ],
        [
          24.744971,
          93.934898
        ],
        [
          24.744521,
          93.935009
        ],
        [
          24.744255,
          93.935078
        ],
        [
          24.743018,
          93.93537
        ],
        [
          24.742487,
          93.935495
        ],
        [
          24.741591,
          93.935706
        ],
        [
          24.741399,
          93.935752
        ],
        [
          24.739908,
          93.93611
        ],
        [
          24.739187,
          93.936284
        ],
        [
          24.738953,
          93.936343
        ],
        [
          24.738477,
          93.936462
        ],
        [
          24.737938,
          93.936598
        ],
        [
          24.737229,
          93.936767
        ],
        [
          24.73712,
          93.936793
        ],
        [
          24.736922,
          93.93684
        ],
        [
          24.736363,
          93.936974
        ],
        [
          24.73509,
          93.937279
        ],
        [
          24.733826,
          93.937583
        ],
        [
          24.732655,
          93.93787
        ],
        [
          24.731579,
          93.938124
        ],
        [
          24.7301,
          93.93849
        ],
        [
          24.728561,
          93.938872
        ],
        [
          24.728345,
          93.938921
        ],
        [
          24.728071,
          93.938989
        ],
        [
          24.727824,
          93.939052
        ],
        [
          24.727605,
          93.939103
        ],
        [
          24.727237,
          93.939186
        ],
        [
          24.727165,
          93.939204
        ],
        [
          24.726746,
          93.93931
        ],
        [
          24.726211,
          93.939445
        ],
        [
          24.725808,
          93.939534
        ],
        [
          24.725574,
          93.939586
        ],
        [
          24.725498,
          93.939605
        ],
        [
          24.725187,
          93.939684
        ],
        [
          24.72445,
          93.939859
        ],
        [
          24.72394,
          93.939968
        ],
        [
          24.723631,
          93.940044
        ],
        [
          24.723179,
          93.940165
        ],
        [
          24.723079,
          93.940194
        ],
        [
          24.722965,
          93.940229
        ],
        [
          24.722625,
          93.94033
        ],
        [
          24.722178,
          93.94046
        ],
        [
          24.72151,
          93.940647
        ],
        [
          24.720878,
          93.940841
        ],
        [
          24.720744,
          93.940888
        ],
        [
          24.720147,
          93.941073
        ],
        [
          24.719897,
          93.941172
        ],
        [
          24.719686,
          93.941247
        ],
        [
          24.719468,
          93.941321
        ],
        [
          24.719351,
          93.941359
        ],
        [
          24.719259,
          93.94139
        ],
        [
          24.718709,
          93.941569
        ],
        [
          24.718524,
          93.941629
        ],
        [
          24.718026,
          93.941791
        ],
        [
          24.71796,
          93.941812
        ],
        [
          24.716971,
          93.942102
        ],
        [
          24.716811,
          93.942153
        ],
        [
          24.716421,
          93.942277
        ],
        [
          24.716347,
          93.9423
        ],
        [
          24.716035,
          93.9424
        ],
        [
          24.715884,
          93.942448
        ],
        [
          24.715545,
          93.942551
        ],
        [
          24.715394,
          93.942597
        ],
        [
          24.714749,
          93.942794
        ],
        [
          24.714601,
          93.942841
        ],
        [
          24.714539,
          93.942861
        ],
        [
          24.714332,
          93.942928
        ],
        [
          24.714112,
          93.942998
        ],
        [
          24.713847,
          93.943084
        ],
        [
          24.713618,
          93.943157
        ],
        [
          24.713561,
          93.943174
        ],
        [
          24.713216,
          93.94328
        ],
        [
          24.713176,
          93.943292
        ],
        [
          24.712879,
          93.943382
        ],
        [
          24.712786,
          93.943411
        ],
        [
          24.712189,
          93.9436
        ],
        [
          24.710909,
          93.944006
        ],
        [
          24.710584,
          93.944109
        ],
        [
          24.710243,
          93.944218
        ],
        [
          24.710046,
          93.944283
        ],
        [
          24.709945,
          93.944317
        ],
        [
          24.709849,
          93.944394
        ],
        [
          24.709698,
          93.944446
        ],
        [
          24.708434,
          93.944851
        ],
        [
          24.70702,
          93.945287
        ],
        [
          24.706394,
          93.945479
        ],
        [
          24.705568,
          93.945747
        ],
        [
          24.704595,
          93.946036
        ],
        [
          24.70329,
          93.946455
        ],
        [
          24.702666,
          93.946648
        ],
        [
          24.701807,
          93.946922
        ],
        [
          24.701342,
          93.947058
        ],
        [
          24.700558,
          93.947305
        ],
        [
          24.700168,
          93.947418
        ],
        [
          24.699288,
          93.947707
        ],
        [
          24.698277,
          93.948023
        ],
        [
          24.698094,
          93.94808
        ],
        [
          24.697166,
          93.948375
        ],
        [
          24.696184,
          93.948681
        ],
        [
          24.69546,
          93.948906
        ],
        [
          24.695029,
          93.949051
        ],
        [
          24.69419,
          93.949302
        ],
        [
          24.693705,
          93.949451
        ],
        [
          24.692604,
          93.949802
        ],
        [
          24.691688,
          93.950089
        ],
        [
          24.690776,
          93.950376
        ],
        [
          24.690116,
          93.950583
        ],
        [
          24.688906,
          93.950967
        ],
        [
          24.687849,
          93.951288
        ],
        [
          24.686902,
          93.951595
        ],
        [
          24.686043,
          93.951846
        ],
        [
          24.685683,
          93.951943
        ],
        [
          24.68513,
          93.952082
        ],
        [
          24.685057,
          93.952089
        ],
        [
          24.684967,
          93.952129
        ],
        [
          24.684647,
          93.952229
        ],
        [
          24.684531,
          93.952278
        ],
        [
          24.684187,
          93.952349
        ],
        [
          24.683842,
          93.952555
        ],
        [
          24.683506,
          93.952766
        ],
        [
          24.683192,
          93.953026
        ],
        [
          24.682823,
          93.953462
        ],
        [
          24.682467,
          93.953944
        ],
        [
          24.682298,
          93.954141
        ],
        [
          24.682192,
          93.95436
        ],
        [
          24.682081,
          93.954531
        ],
        [
          24.682031,
          93.954595
        ],
        [
          24.681967,
          93.954677
        ],
        [
          24.681853,
          93.954797
        ],
        [
          24.681746,
          93.954892
        ],
        [
          24.681583,
          93.955015
        ],
        [
          24.681488,
          93.955073
        ],
        [
          24.681385,
          93.955124
        ],
        [
          24.681297,
          93.955153
        ],
        [
          24.681199,
          93.955218
        ],
        [
          24.680611,
          93.955412
        ],
        [
          24.68015,
          93.955617
        ],
        [
          24.680014,
          93.955704
        ],
        [
          24.679613,
          93.955979
        ],
        [
          24.679451,
          93.956134
        ],
        [
          24.679428,
          93.956156
        ],
        [
          24.678923,
          93.956764
        ],
        [
          24.678669,
          93.957121
        ],
        [
          24.678264,
          93.957563
        ],
        [
          24.678103,
          93.957697
        ],
        [
          24.67785,
          93.957868
        ],
        [
          24.677382,
          93.958061
        ],
        [
          24.677176,
          93.958114
        ],
        [
          24.676607,
          93.958098
        ],
        [
          24.675901,
          93.958046
        ],
        [
          24.675698,
          93.958015
        ],
        [
          24.675375,
          93.957907
        ],
        [
          24.675186,
          93.957743
        ],
        [
          24.674847,
          93.957457
        ],
        [
          24.674656,
          93.95731
        ],
        [
          24.674268,
          93.957176
        ],
        [
          24.673929,
          93.957099
        ],
        [
          24.673363,
          93.957106
        ],
        [
          24.673037,
          93.957168
        ],
        [
          24.672819,
          93.957288
        ],
        [
          24.672741,
          93.957346
        ],
        [
          24.672639,
          93.957421
        ],
        [
          24.672273,
          93.957785
        ],
        [
          24.672172,
          93.95792
        ],
        [
          24.67178,
          93.958463
        ],
        [
          24.671571,
          93.958754
        ],
        [
          24.671407,
          93.95897
        ],
        [
          24.671089,
          93.959165
        ],
        [
          24.670493,
          93.959523
        ],
        [
          24.67026,
          93.959665
        ],
        [
          24.670041,
          93.959796
        ],
        [
          24.66987,
          93.959853
        ],
        [
          24.66952,
          93.959922
        ],
        [
          24.669131,
          93.959958
        ],
        [
          24.668414,
          93.959917
        ],
        [
          24.668053,
          93.959914
        ],
        [
          24.667842,
          93.959989
        ],
        [
          24.667374,
          93.960284
        ],
        [
          24.667217,
          93.960447
        ],
        [
          24.66686,
          93.960891
        ],
        [
          24.666538,
          93.961526
        ],
        [
          24.666231,
          93.962209
        ],
        [
          24.665903,
          93.963004
        ],
        [
          24.665792,
          93.963319
        ],
        [
          24.665684,
          93.963754
        ],
        [
          24.6656,
          93.964229
        ],
        [
          24.665489,
          93.964981
        ],
        [
          24.665422,
          93.965395
        ],
        [
          24.665387,
          93.965541
        ],
        [
          24.665371,
          93.965591
        ],
        [
          24.665334,
          93.965701
        ],
        [
          24.665249,
          93.965971
        ],
        [
          24.665107,
          93.966447
        ],
        [
          24.66484,
          93.967356
        ],
        [
          24.664621,
          93.968068
        ],
        [
          24.664512,
          93.968403
        ],
        [
          24.664389,
          93.968792
        ],
        [
          24.664221,
          93.969318
        ],
        [
          24.663997,
          93.970033
        ],
        [
          24.663786,
          93.970701
        ],
        [
          24.663689,
          93.971007
        ],
        [
          24.663585,
          93.971335
        ],
        [
          24.66344,
          93.971814
        ],
        [
          24.663343,
          93.972127
        ],
        [
          24.663258,
          93.9724
        ],
        [
          24.66301,
          93.973202
        ],
        [
          24.66297,
          93.973338
        ],
        [
          24.662787,
          93.97396
        ],
        [
          24.662642,
          93.974457
        ],
        [
          24.662339,
          93.975436
        ],
        [
          24.662142,
          93.976075
        ],
        [
          24.66189,
          93.976884
        ],
        [
          24.661754,
          93.977322
        ],
        [
          24.661634,
          93.977709
        ],
        [
          24.661425,
          93.978384
        ],
        [
          24.66124,
          93.978989
        ],
        [
          24.661072,
          93.979514
        ],
        [
          24.660974,
          93.979843
        ],
        [
          24.660874,
          93.980205
        ],
        [
          24.660785,
          93.980567
        ],
        [
          24.660713,
          93.980893
        ],
        [
          24.660646,
          93.981235
        ],
        [
          24.660565,
          93.981647
        ],
        [
          24.660495,
          93.982008
        ],
        [
          24.660387,
          93.982496
        ],
        [
          24.660336,
          93.98266
        ],
        [
          24.660272,
          93.982836
        ],
        [
          24.660192,
          93.983025
        ],
        [
          24.660116,
          93.983169
        ],
        [
          24.660029,
          93.98331
        ],
        [
          24.659916,
          93.983487
        ],
        [
          24.659861,
          93.983591
        ],
        [
          24.659824,
          93.983662
        ],
        [
          24.659726,
          93.98389
        ],
        [
          24.659543,
          93.984415
        ],
        [
          24.659464,
          93.984643
        ],
        [
          24.659403,
          93.984789
        ],
        [
          24.659329,
          93.984965
        ],
        [
          24.659269,
          93.98508
        ],
        [
          24.659199,
          93.985199
        ],
        [
          24.659124,
          93.985325
        ],
        [
          24.659043,
          93.985447
        ],
        [
          24.658913,
          93.985619
        ],
        [
          24.658773,
          93.985768
        ],
        [
          24.658651,
          93.985881
        ],
        [
          24.658489,
          93.98603
        ],
        [
          24.658178,
          93.986271
        ],
        [
          24.657865,
          93.986513
        ],
        [
          24.657676,
          93.986659
        ],
        [
          24.657023,
          93.987163
        ],
        [
          24.656622,
          93.987484
        ],
        [
          24.656412,
          93.987652
        ],
        [
          24.656209,
          93.987814
        ],
        [
          24.655985,
          93.987992
        ],
        [
          24.655623,
          93.98828
        ],
        [
          24.655325,
          93.988519
        ],
        [
          24.654813,
          93.988911
        ],
        [
          24.654277,
          93.989333
        ],
        [
          24.653817,
          93.989696
        ],
        [
          24.653497,
          93.989942
        ],
        [
          24.652978,
          93.99035
        ],
        [
          24.652426,
          93.990776
        ],
        [
          24.652331,
          93.99085
        ],
        [
          24.652247,
          93.990916
        ],
        [
          24.652112,
          93.991023
        ],
        [
          24.651974,
          93.991133
        ],
        [
          24.651817,
          93.991263
        ],
        [
          24.650497,
          93.992313
        ],
        [
          24.649965,
          93.992719
        ],
        [
          24.649366,
          93.99319
        ],
        [
          24.64898,
          93.993497
        ],
        [
          24.646917,
          93.995109
        ],
        [
          24.646795,
          93.995199
        ],
        [
          24.646659,
          93.995307
        ],
        [
          24.646581,
          93.995367
        ],
        [
          24.646491,
          93.995437
        ],
        [
          24.646407,
          93.9955
        ],
        [
          24.646302,
          93.995573
        ],
        [
          24.646169,
          93.995657
        ],
        [
          24.64606,
          93.995721
        ],
        [
          24.64596,
          93.995769
        ],
        [
          24.645574,
          93.995932
        ],
        [
          24.645514,
          93.995957
        ],
        [
          24.645347,
          93.996027
        ],
        [
          24.645155,
          93.996112
        ],
        [
          24.644861,
          93.996246
        ],
        [
          24.64464,
          93.996344
        ],
        [
          24.644389,
          93.996449
        ],
        [
          24.644236,
          93.996471
        ],
        [
          24.644049,
          93.996583
        ],
        [
          24.643957,
          93.996638
        ],
        [
          24.643487,
          93.996939
        ],
        [
          24.643416,
          93.996981
        ],
        [
          24.643362,
          93.997018
        ],
        [
          24.643313,
          93.997057
        ],
        [
          24.643273,
          93.997099
        ],
        [
          24.643229,
          93.997167
        ],
        [
          24.643192,
          93.997244
        ],
        [
          24.643145,
          93.997346
        ],
        [
          24.643117,
          93.997415
        ],
        [
          24.64301,
          93.997424
        ],
        [
          24.642964,
          93.997424
        ],
        [
          24.642731,
          93.997402
        ],
        [
          24.6424,
          93.997371
        ],
        [
          24.641881,
          93.997327
        ],
        [
          24.64187,
          93.997552
        ],
        [
          24.641854,
          93.997692
        ],
        [
          24.641756,
          93.998144
        ],
        [
          24.641706,
          93.998336
        ],
        [
          24.641337,
          93.998208
        ],
        [
          24.640976,
          93.998089
        ],
        [
          24.640959,
          93.998083
        ],
        [
          24.641337,
          93.998208
        ],
        [
          24.641706,
          93.998336
        ],
        [
          24.641603,
          93.998736
        ],
        [
          24.641475,
          93.999276
        ],
        [
          24.641554,
          93.999213
        ],
        [
          24.641601,
          93.999298
        ],
        [
          24.641396,
          93.999461
        ],
        [
          24.641091,
          93.999702
        ],
        [
          24.640415,
          94.000217
        ],
        [
          24.639521,
          94.000906
        ],
        [
          24.639411,
          94.001
        ],
        [
          24.639238,
          94.001148
        ],
        [
          24.638843,
          94.001534
        ],
        [
          24.638411,
          94.002003
        ],
        [
          24.638014,
          94.002414
        ],
        [
          24.637363,
          94.003082
        ],
        [
          24.637045,
          94.003401
        ],
        [
          24.636688,
          94.00376
        ],
        [
          24.636335,
          94.004109
        ],
        [
          24.636015,
          94.004425
        ],
        [
          24.635537,
          94.004892
        ],
        [
          24.635074,
          94.005345
        ],
        [
          24.63427,
          94.006151
        ],
        [
          24.633702,
          94.006719
        ],
        [
          24.633571,
          94.006848
        ],
        [
          24.633313,
          94.007102
        ],
        [
          24.632988,
          94.007434
        ],
        [
          24.63213,
          94.008286
        ],
        [
          24.631568,
          94.008836
        ],
        [
          24.630856,
          94.009577
        ],
        [
          24.630132,
          94.010293
        ],
        [
          24.629581,
          94.010832
        ],
        [
          24.62945,
          94.010961
        ],
        [
          24.629204,
          94.01119
        ],
        [
          24.629004,
          94.011375
        ],
        [
          24.628837,
          94.011517
        ],
        [
          24.628716,
          94.01162
        ],
        [
          24.62852,
          94.011764
        ],
        [
          24.628473,
          94.011807
        ],
        [
          24.628385,
          94.011887
        ],
        [
          24.628082,
          94.012165
        ],
        [
          24.628032,
          94.012204
        ],
        [
          24.62801,
          94.012221
        ],
        [
          24.6279,
          94.012338
        ],
        [
          24.62778,
          94.012439
        ],
        [
          24.627318,
          94.012818
        ],
        [
          24.626822,
          94.013226
        ],
        [
          24.62659,
          94.013412
        ],
        [
          24.62636,
          94.013597
        ],
        [
          24.626163,
          94.013759
        ],
        [
          24.625746,
          94.014102
        ],
        [
          24.625577,
          94.014238
        ],
        [
          24.625539,
          94.014269
        ],
        [
          24.625445,
          94.014344
        ],
        [
          24.625091,
          94.014637
        ],
        [
          24.624719,
          94.01493
        ],
        [
          24.62396,
          94.01553
        ],
        [
          24.623831,
          94.015632
        ],
        [
          24.623415,
          94.015972
        ],
        [
          24.62336,
          94.016019
        ],
        [
          24.622978,
          94.016336
        ],
        [
          24.622625,
          94.016625
        ],
        [
          24.622355,
          94.016845
        ],
        [
          24.621529,
          94.017505
        ],
        [
          24.621032,
          94.017912
        ],
        [
          24.620581,
          94.018264
        ],
        [
          24.620091,
          94.018664
        ],
        [
          24.61987,
          94.018845
        ],
        [
          24.619116,
          94.019464
        ],
        [
          24.618574,
          94.019909
        ],
        [
          24.616183,
          94.021841
        ],
        [
          24.615944,
          94.022035
        ],
        [
          24.615417,
          94.02246
        ],
        [
          24.614075,
          94.023546
        ],
        [
          24.613631,
          94.023891
        ],
        [
          24.612463,
          94.02484
        ],
        [
          24.612362,
          94.024923
        ],
        [
          24.612035,
          94.02519
        ],
        [
          24.611359,
          94.025728
        ],
        [
          24.610276,
          94.026607
        ],
        [
          24.609498,
          94.027232
        ],
        [
          24.608953,
          94.027668
        ],
        [
          24.608232,
          94.028253
        ],
        [
          24.607652,
          94.028717
        ],
        [
          24.606972,
          94.029269
        ],
        [
          24.606485,
          94.029657
        ],
        [
          24.606344,
          94.029769
        ],
        [
          24.606171,
          94.029906
        ],
        [
          24.606134,
          94.029936
        ],
        [
          24.605656,
          94.030333
        ],
        [
          24.605082,
          94.03079
        ],
        [
          24.604468,
          94.031285
        ],
        [
          24.603845,
          94.031792
        ],
        [
          24.603266,
          94.032265
        ],
        [
          24.602909,
          94.03255
        ],
        [
          24.602434,
          94.032928
        ],
        [
          24.602322,
          94.033014
        ],
        [
          24.602198,
          94.033072
        ],
        [
          24.602138,
          94.033121
        ],
        [
          24.602025,
          94.03321
        ],
        [
          24.60196,
          94.033263
        ],
        [
          24.601855,
          94.033348
        ],
        [
          24.601157,
          94.033908
        ],
        [
          24.600084,
          94.034769
        ],
        [
          24.599683,
          94.035094
        ],
        [
          24.599358,
          94.035358
        ],
        [
          24.598982,
          94.035663
        ],
        [
          24.59849,
          94.036056
        ],
        [
          24.598354,
          94.036165
        ],
        [
          24.598269,
          94.036225
        ],
        [
          24.598167,
          94.036289
        ],
        [
          24.598017,
          94.036375
        ],
        [
          24.597798,
          94.036501
        ],
        [
          24.597463,
          94.036694
        ],
        [
          24.597278,
          94.036796
        ],
        [
          24.596984,
          94.036954
        ],
        [
          24.596819,
          94.037049
        ],
        [
          24.596655,
          94.037136
        ],
        [
          24.596472,
          94.037217
        ],
        [
          24.596345,
          94.037257
        ],
        [
          24.596192,
          94.037278
        ],
        [
          24.596055,
          94.037273
        ],
        [
          24.595939,
          94.037258
        ],
        [
          24.595725,
          94.037224
        ],
        [
          24.595307,
          94.037157
        ],
        [
          24.594895,
          94.037091
        ],
        [
          24.594592,
          94.037045
        ],
        [
          24.594132,
          94.036976
        ],
        [
          24.593678,
          94.036907
        ],
        [
          24.592951,
          94.036792
        ],
        [
          24.592429,
          94.036713
        ],
        [
          24.592016,
          94.036632
        ],
        [
          24.591695,
          94.036562
        ],
        [
          24.591351,
          94.036503
        ],
        [
          24.590896,
          94.036434
        ],
        [
          24.58971,
          94.036262
        ],
        [
          24.588918,
          94.03616
        ],
        [
          24.588803,
          94.036198
        ],
        [
          24.588692,
          94.036192
        ],
        [
          24.58856,
          94.03618
        ],
        [
          24.588127,
          94.036124
        ],
        [
          24.587993,
          94.036103
        ],
        [
          24.58751,
          94.036029
        ],
        [
          24.587049,
          94.03596
        ],
        [
          24.586711,
          94.035912
        ],
        [
          24.586327,
          94.035848
        ],
        [
          24.586034,
          94.035813
        ],
        [
          24.585834,
          94.035799
        ],
        [
          24.585533,
          94.035768
        ],
        [
          24.585336,
          94.035739
        ],
        [
          24.585111,
          94.035677
        ],
        [
          24.584849,
          94.035598
        ],
        [
          24.584438,
          94.035514
        ],
        [
          24.584044,
          94.035454
        ],
        [
          24.584015,
          94.035449
        ],
        [
          24.582824,
          94.035282
        ],
        [
          24.581959,
          94.03515
        ],
        [
          24.580995,
          94.035007
        ],
        [
          24.580093,
          94.03487
        ],
        [
          24.579197,
          94.034742
        ],
        [
          24.578043,
          94.034564
        ],
        [
          24.57727,
          94.034451
        ],
        [
          24.577094,
          94.034425
        ],
        [
          24.576374,
          94.03432
        ],
        [
          24.576044,
          94.034272
        ],
        [
          24.575304,
          94.034157
        ],
        [
          24.574941,
          94.034101
        ],
        [
          24.574269,
          94.034005
        ],
        [
          24.574089,
          94.033979
        ],
        [
          24.573213,
          94.033848
        ],
        [
          24.572592,
          94.033757
        ],
        [
          24.572376,
          94.033723
        ],
        [
          24.572305,
          94.033712
        ],
        [
          24.572031,
          94.03367
        ],
        [
          24.571197,
          94.033545
        ],
        [
          24.570571,
          94.033452
        ],
        [
          24.569976,
          94.033356
        ],
        [
          24.569817,
          94.033336
        ],
        [
          24.569234,
          94.033246
        ],
        [
          24.568875,
          94.033193
        ],
        [
          24.568734,
          94.033173
        ],
        [
          24.568074,
          94.033085
        ],
        [
          24.567967,
          94.033069
        ],
        [
          24.567578,
          94.033012
        ],
        [
          24.567418,
          94.032988
        ],
        [
          24.567301,
          94.032971
        ],
        [
          24.566627,
          94.032864
        ],
        [
          24.566438,
          94.032834
        ],
        [
          24.566199,
          94.032799
        ],
        [
          24.565805,
          94.03274
        ],
        [
          24.565337,
          94.032673
        ],
        [
          24.564852,
          94.032601
        ],
        [
          24.564362,
          94.032528
        ],
        [
          24.564321,
          94.032522
        ],
        [
          24.56379,
          94.032436
        ],
        [
          24.563427,
          94.032382
        ],
        [
          24.563147,
          94.032342
        ],
        [
          24.563068,
          94.032331
        ],
        [
          24.562843,
          94.0323
        ],
        [
          24.562604,
          94.032267
        ],
        [
          24.562422,
          94.032243
        ],
        [
          24.562216,
          94.032214
        ],
        [
          24.561881,
          94.032165
        ],
        [
          24.561454,
          94.032096
        ],
        [
          24.561177,
          94.03205
        ],
        [
          24.561118,
          94.03204
        ],
        [
          24.561056,
          94.032031
        ],
        [
          24.560923,
          94.03201
        ],
        [
          24.560794,
          94.031991
        ],
        [
          24.56056,
          94.031956
        ],
        [
          24.560483,
          94.031945
        ],
        [
          24.560367,
          94.031929
        ],
        [
          24.560323,
          94.031923
        ],
        [
          24.560102,
          94.031893
        ],
        [
          24.560056,
          94.031886
        ],
        [
          24.560024,
          94.031882
        ],
        [
          24.559775,
          94.031843
        ],
        [
          24.559591,
          94.031815
        ],
        [
          24.559526,
          94.031805
        ],
        [
          24.559381,
          94.031783
        ],
        [
          24.559167,
          94.031754
        ],
        [
          24.558837,
          94.03171
        ],
        [
          24.558652,
          94.031685
        ],
        [
          24.558457,
          94.031653
        ],
        [
          24.55839,
          94.031642
        ],
        [
          24.557958,
          94.031576
        ],
        [
          24.557801,
          94.031551
        ],
        [
          24.557468,
          94.031498
        ],
        [
          24.55717,
          94.031459
        ],
        [
          24.556777,
          94.031398
        ],
        [
          24.556495,
          94.031358
        ],
        [
          24.556392,
          94.03134
        ],
        [
          24.55614,
          94.031297
        ],
        [
          24.556039,
          94.031284
        ],
        [
          24.555794,
          94.031246
        ],
        [
          24.555639,
          94.031221
        ],
        [
          24.555228,
          94.031162
        ],
        [
          24.554789,
          94.031101
        ],
        [
          24.55445,
          94.031046
        ],
        [
          24.554146,
          94.030999
        ],
        [
          24.553835,
          94.030946
        ],
        [
          24.553665,
          94.030922
        ],
        [
          24.553553,
          94.030907
        ],
        [
          24.553304,
          94.030871
        ],
        [
          24.553047,
          94.030833
        ],
        [
          24.552749,
          94.030794
        ],
        [
          24.552517,
          94.030757
        ],
        [
          24.552483,
          94.030751
        ],
        [
          24.552219,
          94.030716
        ],
        [
          24.551928,
          94.030671
        ],
        [
          24.551826,
          94.030654
        ],
        [
          24.55171,
          94.030635
        ],
        [
          24.551471,
          94.030597
        ],
        [
          24.55122,
          94.030557
        ],
        [
          24.551178,
          94.03055
        ],
        [
          24.551046,
          94.030531
        ],
        [
          24.550734,
          94.030484
        ],
        [
          24.550196,
          94.030409
        ],
        [
          24.549528,
          94.030306
        ],
        [
          24.548858,
          94.030206
        ],
        [
          24.547845,
          94.030059
        ],
        [
          24.545626,
          94.029731
        ],
        [
          24.545192,
          94.029666
        ],
        [
          24.542794,
          94.029302
        ],
        [
          24.54157,
          94.029125
        ],
        [
          24.54113,
          94.029064
        ],
        [
          24.540649,
          94.028996
        ],
        [
          24.5404,
          94.028957
        ],
        [
          24.540027,
          94.028902
        ],
        [
          24.53963,
          94.028846
        ],
        [
          24.539496,
          94.028826
        ],
        [
          24.539404,
          94.028815
        ],
        [
          24.539058,
          94.028757
        ],
        [
          24.538768,
          94.028706
        ],
        [
          24.538656,
          94.028685
        ],
        [
          24.538619,
          94.028678
        ],
        [
          24.538493,
          94.028648
        ],
        [
          24.538346,
          94.028607
        ],
        [
          24.538157,
          94.028551
        ],
        [
          24.537972,
          94.028482
        ],
        [
          24.537782,
          94.028407
        ],
        [
          24.53725,
          94.028193
        ],
        [
          24.537125,
          94.028143
        ],
        [
          24.536892,
          94.028049
        ],
        [
          24.536602,
          94.027936
        ],
        [
          24.536122,
          94.027755
        ],
        [
          24.535823,
          94.027643
        ],
        [
          24.534983,
          94.027326
        ],
        [
          24.533999,
          94.026956
        ],
        [
          24.531339,
          94.025959
        ],
        [
          24.531127,
          94.025876
        ],
        [
          24.5311,
          94.025866
        ],
        [
          24.530849,
          94.02577
        ],
        [
          24.530401,
          94.0256
        ],
        [
          24.530111,
          94.02549
        ],
        [
          24.529691,
          94.025335
        ],
        [
          24.529397,
          94.025214
        ],
        [
          24.528981,
          94.025046
        ],
        [
          24.528378,
          94.024824
        ],
        [
          24.528047,
          94.024696
        ],
        [
          24.527701,
          94.024561
        ],
        [
          24.527401,
          94.024443
        ],
        [
          24.526996,
          94.024291
        ],
        [
          24.526208,
          94.024004
        ],
        [
          24.520962,
          94.022093
        ],
        [
          24.520483,
          94.0219
        ],
        [
          24.520122,
          94.021754
        ],
        [
          24.519522,
          94.021415
        ],
        [
          24.51899,
          94.020963
        ],
        [
          24.517291,
          94.01975
        ],
        [
          24.510348,
          94.014795
        ],
        [
          24.509063,
          94.013878
        ],
        [
          24.508617,
          94.013651
        ],
        [
          24.508103,
          94.013538
        ],
        [
          24.496674,
          94.011779
        ],
        [
          24.496139,
          94.011732
        ],
        [
          24.494121,
          94.011487
        ],
        [
          24.493494,
          94.011428
        ],
        [
          24.492825,
          94.011597
        ],
        [
          24.481767,
          94.013596
        ],
        [
          24.480484,
          94.013792
        ],
        [
          24.480248,
          94.013828
        ],
        [
          24.479383,
          94.014007
        ],
        [
          24.479339,
          94.014017
        ],
        [
          24.477113,
          94.01456
        ],
        [
          24.472262,
          94.015559
        ],
        [
          24.455909,
          94.019889
        ],
        [
          24.455509,
          94.020068
        ],
        [
          24.454851,
          94.020886
        ],
        [
          24.454209,
          94.021821
        ],
        [
          24.453902,
          94.022235
        ],
        [
          24.453784,
          94.022466
        ],
        [
          24.453759,
          94.02263
        ],
        [
          24.45362,
          94.022705
        ],
        [
          24.452482,
          94.024118
        ],
        [
          24.451769,
          94.024856
        ],
        [
          24.451315,
          94.025288
        ],
        [
          24.450466,
          94.026019
        ],
        [
          24.450602,
          94.026661
        ],
        [
          24.450688,
          94.027323
        ],
        [
          24.450749,
          94.0276
        ],
        [
          24.45091,
          94.027981
        ],
        [
          24.451037,
          94.02841
        ],
        [
          24.451139,
          94.028978
        ],
        [
          24.45133,
          94.02996
        ],
        [
          24.451354,
          94.030062
        ],
        [
          24.4513,
          94.030288
        ],
        [
          24.450591,
          94.031983
        ],
        [
          24.450382,
          94.03253
        ],
        [
          24.449576,
          94.036033
        ],
        [
          24.449205,
          94.036747
        ],
        [
          24.448941,
          94.037014
        ],
        [
          24.448436,
          94.037493
        ],
        [
          24.448909,
          94.038142
        ],
        [
          24.449273,
          94.038747
        ],
        [
          24.449529,
          94.039062
        ],
        [
          24.450052,
          94.039573
        ],
        [
          24.450339,
          94.03987
        ],
        [
          24.450602,
          94.040066
        ],
        [
          24.451589,
          94.039461
        ],
        [
          24.452183,
          94.039486
        ],
        [
          24.452943,
          94.03962
        ],
        [
          24.45415,
          94.040126
        ],
        [
          24.45434,
          94.040196
        ],
        [
          24.454736,
          94.040342
        ],
        [
          24.456585,
          94.041226
        ],
        [
          24.456913,
          94.041395
        ],
        [
          24.45711,
          94.041553
        ],
        [
          24.45812,
          94.042527
        ],
        [
          24.460118,
          94.045072
        ],
        [
          24.460952,
          94.048162
        ],
        [
          24.460983,
          94.048442
        ],
        [
          24.461008,
          94.048751
        ],
        [
          24.461019,
          94.048819
        ],
        [
          24.461036,
          94.048883
        ],
        [
          24.461063,
          94.048957
        ],
        [
          24.461095,
          94.049005
        ],
        [
          24.461137,
          94.049047
        ],
        [
          24.461193,
          94.049093
        ],
        [
          24.461399,
          94.049198
        ],
        [
          24.46163,
          94.049293
        ],
        [
          24.461796,
          94.049362
        ],
        [
          24.46189,
          94.04941
        ],
        [
          24.461999,
          94.049476
        ],
        [
          24.462109,
          94.049555
        ],
        [
          24.462229,
          94.049663
        ],
        [
          24.462301,
          94.049746
        ],
        [
          24.462308,
          94.049771
        ],
        [
          24.462311,
          94.049806
        ],
        [
          24.462308,
          94.049842
        ],
        [
          24.462302,
          94.049859
        ],
        [
          24.46226,
          94.049965
        ],
        [
          24.462189,
          94.05016
        ],
        [
          24.462175,
          94.050222
        ],
        [
          24.462173,
          94.050289
        ],
        [
          24.462177,
          94.050348
        ],
        [
          24.462198,
          94.050498
        ],
        [
          24.462208,
          94.050552
        ],
        [
          24.462209,
          94.050602
        ],
        [
          24.462201,
          94.050718
        ],
        [
          24.462201,
          94.050768
        ],
        [
          24.462214,
          94.050801
        ],
        [
          24.462282,
          94.05088
        ],
        [
          24.462301,
          94.050909
        ],
        [
          24.462307,
          94.050946
        ],
        [
          24.462304,
          94.050992
        ],
        [
          24.462242,
          94.051191
        ],
        [
          24.462222,
          94.051256
        ],
        [
          24.462154,
          94.051442
        ],
        [
          24.462036,
          94.051713
        ],
        [
          24.461967,
          94.05188
        ],
        [
          24.461895,
          94.052021
        ],
        [
          24.461808,
          94.0522
        ],
        [
          24.461731,
          94.052393
        ],
        [
          24.461683,
          94.052518
        ],
        [
          24.461653,
          94.052622
        ],
        [
          24.46164,
          94.052684
        ],
        [
          24.461625,
          94.05272
        ],
        [
          24.46159,
          94.052756
        ],
        [
          24.461536,
          94.052807
        ],
        [
          24.461401,
          94.052897
        ],
        [
          24.461267,
          94.052954
        ],
        [
          24.460874,
          94.052468
        ],
        [
          24.460561,
          94.052018
        ],
        [
          24.460318,
          94.051661
        ],
        [
          24.460219,
          94.051455
        ],
        [
          24.460163,
          94.051358
        ],
        [
          24.460124,
          94.051323
        ],
        [
          24.459947,
          94.051252
        ],
        [
          24.459637,
          94.051114
        ],
        [
          24.459558,
          94.051045
        ],
        [
          24.459476,
          94.050934
        ],
        [
          24.459303,
          94.050665
        ],
        [
          24.459052,
          94.050158
        ],
        [
          24.458835,
          94.049739
        ],
        [
          24.458756,
          94.049585
        ],
        [
          24.458686,
          94.049249
        ],
        [
          24.458693,
          94.049115
        ],
        [
          24.458723,
          94.048949
        ],
        [
          24.458756,
          94.048816
        ],
        [
          24.458798,
          94.048563
        ],
        [
          24.458685,
          94.048277
        ],
        [
          24.458603,
          94.048012
        ],
        [
          24.458571,
          94.047848
        ],
        [
          24.458565,
          94.047673
        ],
        [
          24.458557,
          94.047502
        ],
        [
          24.4585,
          94.04728
        ],
        [
          24.458472,
          94.047166
        ],
        [
          24.458442,
          94.047051
        ],
        [
          24.458409,
          94.046956
        ],
        [
          24.458366,
          94.046883
        ],
        [
          24.458321,
          94.046828
        ],
        [
          24.457339,
          94.045687
        ],
        [
          24.456974,
          94.045183
        ],
        [
          24.456612,
          94.044715
        ],
        [
          24.456396,
          94.044468
        ],
        [
          24.456085,
          94.044239
        ],
        [
          24.455888,
          94.044047
        ],
        [
          24.455773,
          94.043851
        ],
        [
          24.455671,
          94.043268
        ],
        [
          24.455321,
          94.041754
        ],
        [
          24.45527,
          94.04159
        ],
        [
          24.455187,
          94.041432
        ],
        [
          24.455012,
          94.041269
        ],
        [
          24.454705,
          94.041001
        ],
        [
          24.454593,
          94.040791
        ],
        [
          24.454542,
          94.040668
        ],
        [
          24.454489,
          94.040571
        ],
        [
          24.454446,
          94.040492
        ],
        [
          24.454419,
          94.040438
        ],
        [
          24.454394,
          94.040393
        ],
        [
          24.454369,
          94.040341
        ],
        [
          24.45434,
          94.040196
        ],
        [
          24.45415,
          94.040126
        ],
        [
          24.452943,
          94.03962
        ],
        [
          24.452183,
          94.039486
        ],
        [
          24.451589,
          94.039461
        ],
        [
          24.450602,
          94.040066
        ],
        [
          24.450339,
          94.03987
        ],
        [
          24.450052,
          94.039573
        ],
        [
          24.449529,
          94.039062
        ],
        [
          24.449273,
          94.038747
        ],
        [
          24.448909,
          94.038142
        ],
        [
          24.448436,
          94.037493
        ],
        [
          24.448941,
          94.037014
        ],
        [
          24.449205,
          94.036747
        ],
        [
          24.449576,
          94.036033
        ],
        [
          24.450382,
          94.03253
        ],
        [
          24.450591,
          94.031983
        ],
        [
          24.4513,
          94.030288
        ],
        [
          24.451354,
          94.030062
        ],
        [
          24.45133,
          94.02996
        ],
        [
          24.451139,
          94.028978
        ],
        [
          24.451037,
          94.02841
        ],
        [
          24.45091,
          94.027981
        ],
        [
          24.450749,
          94.0276
        ],
        [
          24.450688,
          94.027323
        ],
        [
          24.450602,
          94.026661
        ],
        [
          24.449029,
          94.026934
        ],
        [
          24.446826,
          94.027361
        ],
        [
          24.446299,
          94.027455
        ],
        [
          24.445554,
          94.027587
        ],
        [
          24.444433,
          94.027851
        ],
        [
          24.444183,
          94.027903
        ],
        [
          24.444062,
          94.027928
        ],
        [
          24.443632,
          94.028131
        ],
        [
          24.443278,
          94.02834
        ],
        [
          24.443221,
          94.028366
        ],
        [
          24.442746,
          94.028569
        ],
        [
          24.442535,
          94.028608
        ],
        [
          24.442298,
          94.028589
        ],
        [
          24.442067,
          94.028526
        ],
        [
          24.441921,
          94.028432
        ],
        [
          24.441733,
          94.028143
        ],
        [
          24.441414,
          94.027692
        ],
        [
          24.441224,
          94.027481
        ],
        [
          24.44113,
          94.027342
        ],
        [
          24.441075,
          94.027213
        ],
        [
          24.441065,
          94.027125
        ],
        [
          24.441089,
          94.027043
        ],
        [
          24.44121,
          94.026905
        ],
        [
          24.441352,
          94.026746
        ],
        [
          24.441402,
          94.026637
        ],
        [
          24.441513,
          94.026298
        ],
        [
          24.441713,
          94.025775
        ],
        [
          24.441822,
          94.025591
        ],
        [
          24.44192,
          94.025551
        ],
        [
          24.442072,
          94.025564
        ],
        [
          24.442435,
          94.02564
        ],
        [
          24.442722,
          94.025635
        ],
        [
          24.442857,
          94.025613
        ],
        [
          24.443014,
          94.025522
        ],
        [
          24.443133,
          94.025429
        ],
        [
          24.443192,
          94.025312
        ],
        [
          24.443242,
          94.025157
        ],
        [
          24.443256,
          94.025001
        ],
        [
          24.443262,
          94.024864
        ],
        [
          24.443234,
          94.024693
        ],
        [
          24.443167,
          94.024543
        ],
        [
          24.442988,
          94.024294
        ],
        [
          24.442839,
          94.024064
        ],
        [
          24.442717,
          94.023809
        ],
        [
          24.442502,
          94.02361
        ],
        [
          24.442282,
          94.023479
        ],
        [
          24.442036,
          94.023395
        ],
        [
          24.441697,
          94.023415
        ],
        [
          24.441489,
          94.023512
        ],
        [
          24.441249,
          94.023681
        ],
        [
          24.441107,
          94.023734
        ],
        [
          24.44093,
          94.023785
        ],
        [
          24.440762,
          94.02376
        ],
        [
          24.440553,
          94.023716
        ],
        [
          24.440387,
          94.023749
        ],
        [
          24.440125,
          94.023856
        ],
        [
          24.44003,
          94.02398
        ],
        [
          24.439963,
          94.02415
        ],
        [
          24.439927,
          94.024332
        ],
        [
          24.439828,
          94.024673
        ],
        [
          24.439751,
          94.024959
        ],
        [
          24.43956,
          94.025196
        ],
        [
          24.43939,
          94.025303
        ],
        [
          24.439065,
          94.025354
        ],
        [
          24.438682,
          94.025312
        ],
        [
          24.438482,
          94.025336
        ],
        [
          24.438367,
          94.025411
        ],
        [
          24.438153,
          94.025662
        ],
        [
          24.437956,
          94.025868
        ],
        [
          24.437764,
          94.025966
        ],
        [
          24.437302,
          94.026192
        ],
        [
          24.436838,
          94.026551
        ],
        [
          24.436685,
          94.02661
        ],
        [
          24.436529,
          94.026595
        ],
        [
          24.436293,
          94.026482
        ],
        [
          24.435974,
          94.026362
        ],
        [
          24.435742,
          94.026072
        ],
        [
          24.435565,
          94.025806
        ],
        [
          24.435462,
          94.025642
        ],
        [
          24.435355,
          94.025569
        ],
        [
          24.43522,
          94.025527
        ],
        [
          24.434935,
          94.025611
        ],
        [
          24.43477,
          94.025731
        ],
        [
          24.434626,
          94.025974
        ],
        [
          24.434515,
          94.02622
        ],
        [
          24.434501,
          94.026486
        ],
        [
          24.434487,
          94.02665
        ],
        [
          24.434505,
          94.026956
        ],
        [
          24.434505,
          94.027302
        ],
        [
          24.434497,
          94.027504
        ],
        [
          24.434406,
          94.027685
        ],
        [
          24.434211,
          94.027834
        ],
        [
          24.434076,
          94.027962
        ],
        [
          24.433983,
          94.028095
        ],
        [
          24.43395,
          94.028237
        ],
        [
          24.433954,
          94.028434
        ],
        [
          24.433948,
          94.028548
        ],
        [
          24.433856,
          94.028687
        ],
        [
          24.433509,
          94.02902
        ],
        [
          24.433345,
          94.029206
        ],
        [
          24.433268,
          94.029352
        ],
        [
          24.433254,
          94.029525
        ],
        [
          24.433287,
          94.029673
        ],
        [
          24.433345,
          94.029786
        ],
        [
          24.433509,
          94.02988
        ],
        [
          24.433823,
          94.030026
        ],
        [
          24.433983,
          94.030145
        ],
        [
          24.434071,
          94.03025
        ],
        [
          24.434168,
          94.030456
        ],
        [
          24.434213,
          94.030675
        ],
        [
          24.434231,
          94.030808
        ],
        [
          24.434229,
          94.03101
        ],
        [
          24.434136,
          94.031322
        ],
        [
          24.434003,
          94.031608
        ],
        [
          24.43391,
          94.031862
        ],
        [
          24.433857,
          94.032194
        ],
        [
          24.433838,
          94.032389
        ],
        [
          24.433812,
          94.032497
        ],
        [
          24.433471,
          94.032887
        ],
        [
          24.43336,
          94.033106
        ],
        [
          24.43325,
          94.033418
        ],
        [
          24.433162,
          94.033581
        ],
        [
          24.432996,
          94.033732
        ],
        [
          24.432869,
          94.033816
        ],
        [
          24.432731,
          94.033843
        ],
        [
          24.432611,
          94.033852
        ],
        [
          24.432343,
          94.033819
        ],
        [
          24.432178,
          94.033855
        ],
        [
          24.43203,
          94.03392
        ],
        [
          24.431809,
          94.034048
        ],
        [
          24.431451,
          94.03431
        ],
        [
          24.431028,
          94.034614
        ],
        [
          24.430723,
          94.034772
        ],
        [
          24.43055,
          94.034807
        ],
        [
          24.430369,
          94.034803
        ],
        [
          24.430147,
          94.034796
        ],
        [
          24.430027,
          94.034793
        ],
        [
          24.429893,
          94.034846
        ],
        [
          24.429757,
          94.034913
        ],
        [
          24.429458,
          94.035238
        ],
        [
          24.429305,
          94.035496
        ],
        [
          24.429214,
          94.03559
        ],
        [
          24.429077,
          94.035725
        ],
        [
          24.429005,
          94.035825
        ],
        [
          24.428988,
          94.035938
        ],
        [
          24.429022,
          94.036087
        ],
        [
          24.429126,
          94.036355
        ],
        [
          24.429285,
          94.036856
        ],
        [
          24.429338,
          94.037092
        ],
        [
          24.429293,
          94.037189
        ],
        [
          24.429218,
          94.037292
        ],
        [
          24.428944,
          94.03758
        ],
        [
          24.428793,
          94.037717
        ],
        [
          24.428621,
          94.037842
        ],
        [
          24.428337,
          94.038007
        ],
        [
          24.428219,
          94.038145
        ],
        [
          24.428062,
          94.038314
        ],
        [
          24.427958,
          94.038372
        ],
        [
          24.42777,
          94.038474
        ],
        [
          24.427336,
          94.038676
        ],
        [
          24.427169,
          94.038739
        ],
        [
          24.426941,
          94.038775
        ],
        [
          24.426748,
          94.038823
        ],
        [
          24.426651,
          94.038894
        ],
        [
          24.42658,
          94.039002
        ],
        [
          24.426551,
          94.039134
        ],
        [
          24.426565,
          94.039229
        ],
        [
          24.426611,
          94.039417
        ],
        [
          24.426614,
          94.039624
        ],
        [
          24.426597,
          94.039759
        ],
        [
          24.42637,
          94.040171
        ],
        [
          24.426223,
          94.04035
        ],
        [
          24.426033,
          94.040495
        ],
        [
          24.425576,
          94.040776
        ],
        [
          24.425231,
          94.040983
        ],
        [
          24.425106,
          94.0411
        ],
        [
          24.424997,
          94.041226
        ],
        [
          24.424867,
          94.041304
        ],
        [
          24.424713,
          94.041389
        ],
        [
          24.424593,
          94.041487
        ],
        [
          24.424486,
          94.041655
        ],
        [
          24.424396,
          94.041812
        ],
        [
          24.424264,
          94.041939
        ],
        [
          24.424081,
          94.042099
        ],
        [
          24.423973,
          94.042282
        ],
        [
          24.423754,
          94.042483
        ],
        [
          24.423547,
          94.042631
        ],
        [
          24.423409,
          94.042652
        ],
        [
          24.423229,
          94.042655
        ],
        [
          24.423025,
          94.042617
        ],
        [
          24.422818,
          94.042542
        ],
        [
          24.422614,
          94.042385
        ],
        [
          24.422459,
          94.042246
        ],
        [
          24.422343,
          94.042197
        ],
        [
          24.422255,
          94.04219
        ],
        [
          24.422172,
          94.042211
        ],
        [
          24.422102,
          94.042269
        ],
        [
          24.422052,
          94.04239
        ],
        [
          24.422026,
          94.042584
        ],
        [
          24.422019,
          94.042942
        ],
        [
          24.422058,
          94.043127
        ],
        [
          24.422125,
          94.043345
        ],
        [
          24.422128,
          94.043459
        ],
        [
          24.422099,
          94.043529
        ],
        [
          24.422048,
          94.043575
        ],
        [
          24.421906,
          94.043661
        ],
        [
          24.42163,
          94.043833
        ],
        [
          24.42153,
          94.043967
        ],
        [
          24.421493,
          94.044108
        ],
        [
          24.421483,
          94.044247
        ],
        [
          24.421498,
          94.044332
        ],
        [
          24.421581,
          94.044561
        ],
        [
          24.421608,
          94.044697
        ],
        [
          24.421614,
          94.044824
        ],
        [
          24.421582,
          94.044918
        ],
        [
          24.421478,
          94.045086
        ],
        [
          24.42129,
          94.045209
        ],
        [
          24.421032,
          94.04533
        ],
        [
          24.420782,
          94.045506
        ],
        [
          24.420596,
          94.045672
        ],
        [
          24.420457,
          94.045871
        ],
        [
          24.420358,
          94.04597
        ],
        [
          24.42021,
          94.046056
        ],
        [
          24.420091,
          94.046078
        ],
        [
          24.419971,
          94.046106
        ],
        [
          24.419826,
          94.046208
        ],
        [
          24.419663,
          94.046393
        ],
        [
          24.419498,
          94.046574
        ],
        [
          24.419137,
          94.046994
        ],
        [
          24.418975,
          94.047109
        ],
        [
          24.418847,
          94.0472
        ],
        [
          24.418723,
          94.047342
        ],
        [
          24.418691,
          94.047452
        ],
        [
          24.418673,
          94.047577
        ],
        [
          24.418656,
          94.047675
        ],
        [
          24.418606,
          94.048099
        ],
        [
          24.418583,
          94.048442
        ],
        [
          24.418563,
          94.048595
        ],
        [
          24.418546,
          94.048698
        ],
        [
          24.418465,
          94.048877
        ],
        [
          24.418332,
          94.048999
        ],
        [
          24.418159,
          94.049151
        ],
        [
          24.417984,
          94.049297
        ],
        [
          24.417845,
          94.049521
        ],
        [
          24.417778,
          94.049757
        ],
        [
          24.417704,
          94.049989
        ],
        [
          24.41768,
          94.050238
        ],
        [
          24.417683,
          94.050411
        ],
        [
          24.417638,
          94.050585
        ],
        [
          24.417546,
          94.050737
        ],
        [
          24.41736,
          94.050865
        ],
        [
          24.416792,
          94.051187
        ],
        [
          24.416507,
          94.0514
        ],
        [
          24.41636,
          94.051552
        ],
        [
          24.416281,
          94.051766
        ],
        [
          24.416196,
          94.051987
        ],
        [
          24.416009,
          94.052298
        ],
        [
          24.41582,
          94.052682
        ],
        [
          24.415699,
          94.053026
        ],
        [
          24.415595,
          94.05337
        ],
        [
          24.415501,
          94.053688
        ],
        [
          24.415428,
          94.054053
        ],
        [
          24.415414,
          94.054191
        ],
        [
          24.415428,
          94.054285
        ],
        [
          24.415471,
          94.054387
        ],
        [
          24.415605,
          94.054565
        ],
        [
          24.415702,
          94.05476
        ],
        [
          24.415815,
          94.055003
        ],
        [
          24.415869,
          94.055092
        ],
        [
          24.41597,
          94.055208
        ],
        [
          24.416127,
          94.055343
        ],
        [
          24.416418,
          94.055534
        ],
        [
          24.41654,
          94.055631
        ],
        [
          24.416604,
          94.055883
        ],
        [
          24.416612,
          94.055995
        ],
        [
          24.416601,
          94.056103
        ],
        [
          24.416552,
          94.056202
        ],
        [
          24.41647,
          94.056291
        ],
        [
          24.416294,
          94.056441
        ],
        [
          24.416166,
          94.056463
        ],
        [
          24.415963,
          94.05639
        ],
        [
          24.415873,
          94.056363
        ],
        [
          24.415566,
          94.056349
        ],
        [
          24.415224,
          94.056412
        ],
        [
          24.415073,
          94.05649
        ],
        [
          24.41495,
          94.056603
        ],
        [
          24.414806,
          94.056723
        ],
        [
          24.414639,
          94.056822
        ],
        [
          24.414577,
          94.056886
        ],
        [
          24.414517,
          94.05698
        ],
        [
          24.414283,
          94.057151
        ],
        [
          24.414044,
          94.057232
        ],
        [
          24.413297,
          94.057447
        ],
        [
          24.412867,
          94.057644
        ],
        [
          24.412148,
          94.058074
        ],
        [
          24.41168,
          94.058438
        ],
        [
          24.411099,
          94.058702
        ],
        [
          24.410885,
          94.058839
        ],
        [
          24.410582,
          94.059087
        ],
        [
          24.409654,
          94.059757
        ],
        [
          24.409115,
          94.060093
        ],
        [
          24.408412,
          94.060417
        ],
        [
          24.407892,
          94.060555
        ],
        [
          24.407751,
          94.060623
        ],
        [
          24.407643,
          94.060718
        ],
        [
          24.407437,
          94.060925
        ],
        [
          24.407089,
          94.061165
        ],
        [
          24.406933,
          94.061257
        ],
        [
          24.406841,
          94.061347
        ],
        [
          24.406793,
          94.061467
        ],
        [
          24.406775,
          94.061593
        ],
        [
          24.406756,
          94.061732
        ],
        [
          24.406735,
          94.061847
        ],
        [
          24.406598,
          94.062049
        ],
        [
          24.406418,
          94.062217
        ],
        [
          24.406263,
          94.062372
        ],
        [
          24.406213,
          94.062452
        ],
        [
          24.40619,
          94.062564
        ],
        [
          24.406198,
          94.062644
        ],
        [
          24.406214,
          94.062742
        ],
        [
          24.406255,
          94.062845
        ],
        [
          24.406294,
          94.062889
        ],
        [
          24.406374,
          94.062956
        ],
        [
          24.406627,
          94.063025
        ],
        [
          24.406762,
          94.063071
        ],
        [
          24.406881,
          94.063176
        ],
        [
          24.406963,
          94.063301
        ],
        [
          24.407009,
          94.063417
        ],
        [
          24.407028,
          94.063531
        ],
        [
          24.407023,
          94.063771
        ],
        [
          24.407045,
          94.063928
        ],
        [
          24.407077,
          94.064091
        ],
        [
          24.407113,
          94.064229
        ],
        [
          24.407136,
          94.064345
        ],
        [
          24.40713,
          94.064426
        ],
        [
          24.407026,
          94.064564
        ],
        [
          24.406908,
          94.064641
        ],
        [
          24.406838,
          94.064744
        ],
        [
          24.406783,
          94.064921
        ],
        [
          24.406648,
          94.06505
        ],
        [
          24.406352,
          94.065229
        ],
        [
          24.405997,
          94.065508
        ],
        [
          24.405783,
          94.065581
        ],
        [
          24.40575,
          94.065691
        ],
        [
          24.405933,
          94.065915
        ],
        [
          24.40622,
          94.066057
        ],
        [
          24.406438,
          94.066292
        ],
        [
          24.406569,
          94.066451
        ],
        [
          24.406586,
          94.06667
        ],
        [
          24.406552,
          94.06699
        ],
        [
          24.406449,
          94.067272
        ],
        [
          24.406355,
          94.067369
        ],
        [
          24.406212,
          94.067435
        ],
        [
          24.406021,
          94.067463
        ],
        [
          24.405747,
          94.067485
        ],
        [
          24.405582,
          94.06757
        ],
        [
          24.405368,
          94.067726
        ],
        [
          24.405173,
          94.067805
        ],
        [
          24.404985,
          94.067817
        ],
        [
          24.404683,
          94.06788
        ],
        [
          24.404511,
          94.067946
        ],
        [
          24.404406,
          94.06802
        ],
        [
          24.404175,
          94.068338
        ],
        [
          24.404039,
          94.068388
        ],
        [
          24.403698,
          94.068387
        ],
        [
          24.40348,
          94.068391
        ],
        [
          24.403324,
          94.068459
        ],
        [
          24.403097,
          94.068651
        ],
        [
          24.402759,
          94.069101
        ],
        [
          24.402462,
          94.069581
        ],
        [
          24.402346,
          94.069791
        ],
        [
          24.402262,
          94.069979
        ],
        [
          24.402084,
          94.070192
        ],
        [
          24.40183,
          94.070507
        ],
        [
          24.401693,
          94.070723
        ],
        [
          24.401611,
          94.070897
        ],
        [
          24.401513,
          94.071087
        ],
        [
          24.401473,
          94.07117
        ],
        [
          24.40148,
          94.071229
        ],
        [
          24.401509,
          94.071306
        ],
        [
          24.401557,
          94.071355
        ],
        [
          24.401624,
          94.071402
        ],
        [
          24.401747,
          94.071449
        ],
        [
          24.401807,
          94.071538
        ],
        [
          24.40191,
          94.071703
        ],
        [
          24.402032,
          94.07183
        ],
        [
          24.402147,
          94.071938
        ],
        [
          24.402372,
          94.071985
        ],
        [
          24.402608,
          94.072022
        ],
        [
          24.402909,
          94.072077
        ],
        [
          24.403267,
          94.072184
        ],
        [
          24.40356,
          94.072326
        ],
        [
          24.403769,
          94.07245
        ],
        [
          24.403884,
          94.072601
        ],
        [
          24.403902,
          94.072726
        ],
        [
          24.403892,
          94.072829
        ],
        [
          24.403851,
          94.072953
        ],
        [
          24.403744,
          94.073115
        ],
        [
          24.403629,
          94.073213
        ],
        [
          24.403445,
          94.073293
        ],
        [
          24.403243,
          94.073325
        ],
        [
          24.402913,
          94.073282
        ],
        [
          24.402585,
          94.073333
        ],
        [
          24.402381,
          94.073389
        ],
        [
          24.402242,
          94.073467
        ],
        [
          24.402152,
          94.073543
        ],
        [
          24.40207,
          94.073627
        ],
        [
          24.401964,
          94.073687
        ],
        [
          24.401817,
          94.073704
        ],
        [
          24.40162,
          94.07371
        ],
        [
          24.401517,
          94.073729
        ],
        [
          24.401416,
          94.073773
        ],
        [
          24.401337,
          94.07385
        ],
        [
          24.401266,
          94.073961
        ],
        [
          24.401195,
          94.074088
        ],
        [
          24.401133,
          94.074303
        ],
        [
          24.401142,
          94.074444
        ],
        [
          24.401215,
          94.074602
        ],
        [
          24.401373,
          94.074702
        ],
        [
          24.401539,
          94.074879
        ],
        [
          24.40168,
          94.074976
        ],
        [
          24.401914,
          94.075022
        ],
        [
          24.402051,
          94.075075
        ],
        [
          24.402144,
          94.075207
        ],
        [
          24.402189,
          94.075371
        ],
        [
          24.402217,
          94.075643
        ],
        [
          24.402278,
          94.075777
        ],
        [
          24.402345,
          94.075953
        ],
        [
          24.402365,
          94.076166
        ],
        [
          24.402344,
          94.076285
        ],
        [
          24.402282,
          94.076376
        ],
        [
          24.402215,
          94.076436
        ],
        [
          24.40201,
          94.076486
        ],
        [
          24.401844,
          94.076479
        ],
        [
          24.401684,
          94.076451
        ],
        [
          24.401436,
          94.076346
        ],
        [
          24.401198,
          94.076221
        ],
        [
          24.400975,
          94.076127
        ],
        [
          24.400832,
          94.076135
        ],
        [
          24.400575,
          94.076146
        ],
        [
          24.400404,
          94.076148
        ],
        [
          24.399689,
          94.076114
        ],
        [
          24.399379,
          94.076084
        ],
        [
          24.398995,
          94.076084
        ],
        [
          24.398681,
          94.076017
        ],
        [
          24.398322,
          94.075878
        ],
        [
          24.397948,
          94.075849
        ],
        [
          24.397741,
          94.075874
        ],
        [
          24.397624,
          94.075937
        ],
        [
          24.39755,
          94.076026
        ],
        [
          24.397494,
          94.076166
        ],
        [
          24.397373,
          94.076481
        ],
        [
          24.397194,
          94.076838
        ],
        [
          24.396917,
          94.077268
        ],
        [
          24.39676,
          94.077586
        ],
        [
          24.396706,
          94.077808
        ],
        [
          24.396675,
          94.077957
        ],
        [
          24.396656,
          94.078084
        ],
        [
          24.396628,
          94.078189
        ],
        [
          24.396569,
          94.078307
        ],
        [
          24.396441,
          94.078457
        ],
        [
          24.396309,
          94.078529
        ],
        [
          24.39619,
          94.078567
        ],
        [
          24.396094,
          94.078669
        ],
        [
          24.395761,
          94.079012
        ],
        [
          24.395587,
          94.079296
        ],
        [
          24.395443,
          94.079556
        ],
        [
          24.395309,
          94.079661
        ],
        [
          24.395135,
          94.079705
        ],
        [
          24.394771,
          94.079783
        ],
        [
          24.394293,
          94.079968
        ],
        [
          24.39414,
          94.080056
        ],
        [
          24.394047,
          94.080151
        ],
        [
          24.393832,
          94.080435
        ],
        [
          24.393553,
          94.080657
        ],
        [
          24.393501,
          94.080756
        ],
        [
          24.393499,
          94.080858
        ],
        [
          24.393512,
          94.080938
        ],
        [
          24.393571,
          94.081082
        ],
        [
          24.39372,
          94.08127
        ],
        [
          24.393969,
          94.081527
        ],
        [
          24.394191,
          94.081801
        ],
        [
          24.394317,
          94.082002
        ],
        [
          24.394407,
          94.082256
        ],
        [
          24.394433,
          94.082378
        ],
        [
          24.394434,
          94.082494
        ],
        [
          24.394415,
          94.082574
        ],
        [
          24.394306,
          94.082715
        ],
        [
          24.394106,
          94.082839
        ],
        [
          24.393993,
          94.082953
        ],
        [
          24.393907,
          94.083016
        ],
        [
          24.394029,
          94.083366
        ],
        [
          24.394073,
          94.083698
        ],
        [
          24.394065,
          94.083818
        ],
        [
          24.394162,
          94.084283
        ],
        [
          24.394291,
          94.084523
        ],
        [
          24.394424,
          94.084696
        ],
        [
          24.394509,
          94.084846
        ],
        [
          24.394517,
          94.085046
        ],
        [
          24.394448,
          94.085219
        ],
        [
          24.394291,
          94.085405
        ],
        [
          24.394033,
          94.085538
        ],
        [
          24.393731,
          94.085638
        ],
        [
          24.393501,
          94.085657
        ],
        [
          24.393335,
          94.085622
        ],
        [
          24.393194,
          94.085562
        ],
        [
          24.393051,
          94.08538
        ],
        [
          24.39294,
          94.085139
        ],
        [
          24.392841,
          94.084968
        ],
        [
          24.392681,
          94.08476
        ],
        [
          24.392546,
          94.084689
        ],
        [
          24.392468,
          94.084682
        ],
        [
          24.392336,
          94.08474
        ],
        [
          24.392235,
          94.084895
        ],
        [
          24.392094,
          94.085103
        ],
        [
          24.391866,
          94.08548
        ],
        [
          24.391478,
          94.085906
        ],
        [
          24.39138,
          94.086136
        ],
        [
          24.391398,
          94.086278
        ],
        [
          24.391468,
          94.086387
        ],
        [
          24.391531,
          94.086471
        ],
        [
          24.391636,
          94.086637
        ],
        [
          24.391682,
          94.086786
        ],
        [
          24.391795,
          94.087134
        ],
        [
          24.391912,
          94.087289
        ],
        [
          24.392102,
          94.087484
        ],
        [
          24.39233,
          94.087557
        ],
        [
          24.392762,
          94.087754
        ],
        [
          24.39299,
          94.087814
        ],
        [
          24.393158,
          94.0879
        ],
        [
          24.3932,
          94.088002
        ],
        [
          24.393198,
          94.088113
        ],
        [
          24.393186,
          94.088293
        ],
        [
          24.393142,
          94.088397
        ],
        [
          24.392962,
          94.088636
        ],
        [
          24.392788,
          94.088716
        ],
        [
          24.392728,
          94.088794
        ],
        [
          24.392665,
          94.088911
        ],
        [
          24.392694,
          94.089044
        ],
        [
          24.392768,
          94.089144
        ],
        [
          24.392839,
          94.089303
        ],
        [
          24.392924,
          94.089481
        ],
        [
          24.392972,
          94.089607
        ],
        [
          24.393,
          94.089722
        ],
        [
          24.393008,
          94.089844
        ],
        [
          24.392972,
          94.089977
        ],
        [
          24.392895,
          94.090108
        ],
        [
          24.392597,
          94.090383
        ],
        [
          24.392399,
          94.090567
        ],
        [
          24.392359,
          94.090719
        ],
        [
          24.392401,
          94.090928
        ],
        [
          24.392457,
          94.091083
        ],
        [
          24.39253,
          94.091234
        ],
        [
          24.392651,
          94.091506
        ],
        [
          24.392754,
          94.091894
        ],
        [
          24.392795,
          94.092151
        ],
        [
          24.392835,
          94.092439
        ],
        [
          24.39292,
          94.092643
        ],
        [
          24.392992,
          94.09286
        ],
        [
          24.39296,
          94.093091
        ],
        [
          24.392827,
          94.093406
        ],
        [
          24.392722,
          94.093751
        ],
        [
          24.392698,
          94.093964
        ],
        [
          24.392734,
          94.09419
        ],
        [
          24.392819,
          94.094416
        ],
        [
          24.393134,
          94.094771
        ],
        [
          24.393247,
          94.095028
        ],
        [
          24.393299,
          94.095312
        ],
        [
          24.393335,
          94.095529
        ],
        [
          24.393453,
          94.095764
        ],
        [
          24.393594,
          94.095928
        ],
        [
          24.393824,
          94.096149
        ],
        [
          24.393961,
          94.096287
        ],
        [
          24.394086,
          94.096442
        ],
        [
          24.394127,
          94.096641
        ],
        [
          24.394135,
          94.097098
        ],
        [
          24.394215,
          94.097524
        ],
        [
          24.394086,
          94.097714
        ],
        [
          24.393929,
          94.097843
        ],
        [
          24.393804,
          94.098069
        ],
        [
          24.393775,
          94.098246
        ],
        [
          24.393788,
          94.098463
        ],
        [
          24.393852,
          94.098636
        ],
        [
          24.393985,
          94.098725
        ],
        [
          24.394131,
          94.098738
        ],
        [
          24.394276,
          94.098734
        ],
        [
          24.394498,
          94.098751
        ],
        [
          24.394647,
          94.098782
        ],
        [
          24.394865,
          94.098862
        ],
        [
          24.395039,
          94.099
        ],
        [
          24.395285,
          94.099217
        ],
        [
          24.395527,
          94.099195
        ],
        [
          24.395822,
          94.098955
        ],
        [
          24.396,
          94.098774
        ],
        [
          24.396214,
          94.098703
        ],
        [
          24.396391,
          94.098672
        ],
        [
          24.396541,
          94.098627
        ],
        [
          24.396783,
          94.098534
        ],
        [
          24.396961,
          94.098423
        ],
        [
          24.397102,
          94.098383
        ],
        [
          24.397275,
          94.098552
        ],
        [
          24.397316,
          94.098703
        ],
        [
          24.397336,
          94.098924
        ],
        [
          24.397348,
          94.099186
        ],
        [
          24.397372,
          94.099341
        ],
        [
          24.397409,
          94.099483
        ],
        [
          24.397493,
          94.099678
        ],
        [
          24.397663,
          94.099824
        ],
        [
          24.397776,
          94.099961
        ],
        [
          24.397901,
          94.100179
        ],
        [
          24.397986,
          94.100422
        ],
        [
          24.39808,
          94.100586
        ],
        [
          24.398173,
          94.100783
        ],
        [
          24.399055,
          94.101262
        ],
        [
          24.399439,
          94.101474
        ],
        [
          24.39959,
          94.101572
        ],
        [
          24.39981,
          94.102026
        ],
        [
          24.400024,
          94.10247
        ],
        [
          24.400159,
          94.102649
        ],
        [
          24.400438,
          94.103017
        ],
        [
          24.400691,
          94.103318
        ],
        [
          24.400974,
          94.103522
        ],
        [
          24.401369,
          94.103753
        ],
        [
          24.40176,
          94.10387
        ],
        [
          24.402083,
          94.103966
        ],
        [
          24.402496,
          94.103941
        ],
        [
          24.402692,
          94.103946
        ],
        [
          24.402813,
          94.103949
        ],
        [
          24.402862,
          94.10403
        ],
        [
          24.40289,
          94.10411
        ],
        [
          24.402882,
          94.104194
        ],
        [
          24.402827,
          94.104309
        ],
        [
          24.402775,
          94.104404
        ],
        [
          24.402733,
          94.104495
        ],
        [
          24.402706,
          94.104591
        ],
        [
          24.40269,
          94.104693
        ],
        [
          24.402694,
          94.104801
        ],
        [
          24.402729,
          94.104985
        ],
        [
          24.402735,
          94.105155
        ],
        [
          24.402694,
          94.10543
        ],
        [
          24.402686,
          94.105569
        ],
        [
          24.402598,
          94.105973
        ],
        [
          24.402648,
          94.106354
        ],
        [
          24.402704,
          94.106511
        ],
        [
          24.402715,
          94.106684
        ],
        [
          24.402702,
          94.106824
        ],
        [
          24.402626,
          94.10693
        ],
        [
          24.402499,
          94.107072
        ],
        [
          24.40223,
          94.107271
        ],
        [
          24.402156,
          94.107464
        ],
        [
          24.402242,
          94.107679
        ],
        [
          24.402269,
          94.107768
        ],
        [
          24.402258,
          94.107939
        ],
        [
          24.402196,
          94.108098
        ],
        [
          24.402119,
          94.108209
        ],
        [
          24.402047,
          94.108353
        ],
        [
          24.401948,
          94.108659
        ],
        [
          24.401738,
          94.108858
        ],
        [
          24.401522,
          94.109049
        ],
        [
          24.401354,
          94.109355
        ],
        [
          24.401096,
          94.109621
        ],
        [
          24.401056,
          94.109734
        ],
        [
          24.401039,
          94.109834
        ],
        [
          24.401019,
          94.109998
        ],
        [
          24.400975,
          94.110144
        ],
        [
          24.400811,
          94.110465
        ],
        [
          24.400567,
          94.110877
        ],
        [
          24.400438,
          94.111103
        ],
        [
          24.400246,
          94.11129
        ],
        [
          24.400123,
          94.111392
        ],
        [
          24.400115,
          94.11148
        ],
        [
          24.400145,
          94.11156
        ],
        [
          24.400196,
          94.11172
        ],
        [
          24.400254,
          94.111904
        ],
        [
          24.400285,
          94.112079
        ],
        [
          24.400232,
          94.112189
        ],
        [
          24.400131,
          94.112329
        ],
        [
          24.400006,
          94.112404
        ],
        [
          24.399907,
          94.112513
        ],
        [
          24.399865,
          94.112617
        ],
        [
          24.399863,
          94.112821
        ],
        [
          24.399945,
          94.113003
        ],
        [
          24.399984,
          94.113167
        ],
        [
          24.399968,
          94.113295
        ],
        [
          24.399951,
          94.113413
        ],
        [
          24.399909,
          94.113533
        ],
        [
          24.399897,
          94.113632
        ],
        [
          24.399899,
          94.113697
        ],
        [
          24.399933,
          94.113754
        ],
        [
          24.400028,
          94.113772
        ],
        [
          24.400111,
          94.113776
        ],
        [
          24.400212,
          94.113803
        ],
        [
          24.400295,
          94.113841
        ],
        [
          24.400338,
          94.113904
        ],
        [
          24.400359,
          94.114118
        ],
        [
          24.400297,
          94.114248
        ],
        [
          24.400226,
          94.114315
        ],
        [
          24.400133,
          94.114383
        ],
        [
          24.400034,
          94.114397
        ],
        [
          24.399976,
          94.11439
        ],
        [
          24.399872,
          94.114348
        ],
        [
          24.399653,
          94.114239
        ],
        [
          24.399478,
          94.114219
        ],
        [
          24.399275,
          94.114225
        ],
        [
          24.399067,
          94.114183
        ],
        [
          24.398982,
          94.114128
        ],
        [
          24.398911,
          94.114062
        ],
        [
          24.398787,
          94.11391
        ],
        [
          24.398669,
          94.113775
        ],
        [
          24.398587,
          94.11373
        ],
        [
          24.398503,
          94.113697
        ],
        [
          24.39841,
          94.113722
        ],
        [
          24.398162,
          94.113817
        ],
        [
          24.397798,
          94.114007
        ],
        [
          24.397484,
          94.11418
        ],
        [
          24.397114,
          94.114504
        ],
        [
          24.396654,
          94.114805
        ],
        [
          24.3962,
          94.11506
        ],
        [
          24.395762,
          94.115239
        ],
        [
          24.395615,
          94.115395
        ],
        [
          24.39548,
          94.115594
        ],
        [
          24.39536,
          94.115805
        ],
        [
          24.395142,
          94.116026
        ],
        [
          24.394999,
          94.116093
        ],
        [
          24.394719,
          94.116203
        ],
        [
          24.394448,
          94.116299
        ],
        [
          24.394188,
          94.116474
        ],
        [
          24.393944,
          94.116627
        ],
        [
          24.393788,
          94.116664
        ],
        [
          24.393663,
          94.11666
        ],
        [
          24.393403,
          94.11658
        ],
        [
          24.393122,
          94.116565
        ],
        [
          24.392856,
          94.116616
        ],
        [
          24.3927,
          94.116658
        ],
        [
          24.392563,
          94.116826
        ],
        [
          24.392504,
          94.116986
        ],
        [
          24.392492,
          94.117152
        ],
        [
          24.392468,
          94.117274
        ],
        [
          24.392412,
          94.117398
        ],
        [
          24.39226,
          94.117611
        ],
        [
          24.392008,
          94.117921
        ],
        [
          24.391919,
          94.117983
        ],
        [
          24.391816,
          94.118034
        ],
        [
          24.391693,
          94.118047
        ],
        [
          24.391618,
          94.118083
        ],
        [
          24.391548,
          94.118163
        ],
        [
          24.391521,
          94.118251
        ],
        [
          24.391519,
          94.11834
        ],
        [
          24.391544,
          94.118426
        ],
        [
          24.39161,
          94.118628
        ],
        [
          24.391612,
          94.11881
        ],
        [
          24.391675,
          94.11902
        ],
        [
          24.391764,
          94.119131
        ],
        [
          24.391901,
          94.119284
        ],
        [
          24.392038,
          94.119382
        ],
        [
          24.392115,
          94.119466
        ],
        [
          24.392125,
          94.119548
        ],
        [
          24.392127,
          94.119692
        ],
        [
          24.392103,
          94.119854
        ],
        [
          24.392022,
          94.120078
        ],
        [
          24.391862,
          94.120242
        ],
        [
          24.391741,
          94.120361
        ],
        [
          24.391685,
          94.120452
        ],
        [
          24.391653,
          94.120539
        ],
        [
          24.391661,
          94.120676
        ],
        [
          24.391714,
          94.12079
        ],
        [
          24.391841,
          94.120996
        ],
        [
          24.391927,
          94.121195
        ],
        [
          24.391978,
          94.121391
        ],
        [
          24.391986,
          94.121518
        ],
        [
          24.391975,
          94.12159
        ],
        [
          24.391902,
          94.121782
        ],
        [
          24.391847,
          94.121884
        ],
        [
          24.391825,
          94.121985
        ],
        [
          24.391825,
          94.12211
        ],
        [
          24.391861,
          94.122191
        ],
        [
          24.391958,
          94.122405
        ],
        [
          24.392029,
          94.122613
        ],
        [
          24.392029,
          94.122801
        ],
        [
          24.392019,
          94.122995
        ],
        [
          24.392025,
          94.123129
        ],
        [
          24.392041,
          94.123243
        ],
        [
          24.392088,
          94.123672
        ],
        [
          24.392092,
          94.12381
        ],
        [
          24.392031,
          94.124017
        ],
        [
          24.391861,
          94.124116
        ],
        [
          24.391642,
          94.12421
        ],
        [
          24.391475,
          94.124335
        ],
        [
          24.391244,
          94.12455
        ],
        [
          24.391106,
          94.124757
        ],
        [
          24.391014,
          94.12499
        ],
        [
          24.390962,
          94.125172
        ],
        [
          24.390956,
          94.125283
        ],
        [
          24.39098,
          94.125376
        ],
        [
          24.391019,
          94.125468
        ],
        [
          24.39108,
          94.125594
        ],
        [
          24.391166,
          94.125744
        ],
        [
          24.39121,
          94.125892
        ],
        [
          24.391306,
          94.126249
        ],
        [
          24.39131,
          94.126374
        ],
        [
          24.39129,
          94.12649
        ],
        [
          24.391219,
          94.126706
        ],
        [
          24.391144,
          94.126909
        ],
        [
          24.391143,
          94.12712
        ],
        [
          24.391161,
          94.127228
        ],
        [
          24.391166,
          94.127336
        ],
        [
          24.39116,
          94.127462
        ],
        [
          24.391112,
          94.127576
        ],
        [
          24.39098,
          94.127876
        ],
        [
          24.390866,
          94.128148
        ],
        [
          24.39085,
          94.12833
        ],
        [
          24.390885,
          94.128466
        ],
        [
          24.390912,
          94.128543
        ],
        [
          24.390922,
          94.128654
        ],
        [
          24.39092,
          94.128792
        ],
        [
          24.39089,
          94.128872
        ],
        [
          24.390795,
          94.128995
        ],
        [
          24.390545,
          94.129156
        ],
        [
          24.390386,
          94.129313
        ],
        [
          24.390208,
          94.129499
        ],
        [
          24.390118,
          94.129653
        ],
        [
          24.39007,
          94.129733
        ],
        [
          24.390045,
          94.129789
        ],
        [
          24.390028,
          94.12991
        ],
        [
          24.390071,
          94.130005
        ],
        [
          24.390141,
          94.130107
        ],
        [
          24.390239,
          94.130168
        ],
        [
          24.390337,
          94.13022
        ],
        [
          24.390559,
          94.130294
        ],
        [
          24.390832,
          94.130472
        ],
        [
          24.391103,
          94.130638
        ],
        [
          24.39148,
          94.130863
        ],
        [
          24.39154,
          94.130971
        ],
        [
          24.391567,
          94.131085
        ],
        [
          24.391565,
          94.131195
        ],
        [
          24.391525,
          94.131325
        ],
        [
          24.391444,
          94.131453
        ],
        [
          24.391231,
          94.131902
        ],
        [
          24.391151,
          94.132008
        ],
        [
          24.391039,
          94.132159
        ],
        [
          24.390966,
          94.132245
        ],
        [
          24.39088,
          94.132311
        ],
        [
          24.390732,
          94.132361
        ],
        [
          24.390621,
          94.132414
        ],
        [
          24.390516,
          94.132469
        ],
        [
          24.390442,
          94.132554
        ],
        [
          24.390324,
          94.132699
        ],
        [
          24.3901,
          94.13311
        ],
        [
          24.389983,
          94.13322
        ],
        [
          24.389887,
          94.133273
        ],
        [
          24.389797,
          94.133326
        ],
        [
          24.389601,
          94.133406
        ],
        [
          24.389327,
          94.133463
        ],
        [
          24.389158,
          94.133497
        ],
        [
          24.389005,
          94.133547
        ],
        [
          24.388682,
          94.133718
        ],
        [
          24.388544,
          94.133831
        ],
        [
          24.388481,
          94.134013
        ],
        [
          24.388385,
          94.13419
        ],
        [
          24.388115,
          94.134355
        ],
        [
          24.387929,
          94.134499
        ],
        [
          24.387852,
          94.134549
        ],
        [
          24.387807,
          94.134687
        ],
        [
          24.387804,
          94.134935
        ],
        [
          24.387781,
          94.135132
        ],
        [
          24.38765,
          94.135295
        ],
        [
          24.387524,
          94.135408
        ],
        [
          24.387418,
          94.135483
        ],
        [
          24.387304,
          94.135593
        ],
        [
          24.387244,
          94.135765
        ],
        [
          24.387236,
          94.135847
        ],
        [
          24.387253,
          94.135991
        ],
        [
          24.387353,
          94.136141
        ],
        [
          24.387635,
          94.136411
        ],
        [
          24.388164,
          94.13674
        ],
        [
          24.388412,
          94.136966
        ],
        [
          24.388512,
          94.137169
        ],
        [
          24.388529,
          94.137289
        ],
        [
          24.388472,
          94.137514
        ],
        [
          24.388335,
          94.137774
        ],
        [
          24.388323,
          94.137919
        ],
        [
          24.388369,
          94.138082
        ],
        [
          24.388523,
          94.138295
        ],
        [
          24.388789,
          94.138643
        ],
        [
          24.388849,
          94.138802
        ],
        [
          24.388869,
          94.138965
        ],
        [
          24.388812,
          94.139135
        ],
        [
          24.388792,
          94.139263
        ],
        [
          24.388817,
          94.139373
        ],
        [
          24.388857,
          94.139448
        ],
        [
          24.388949,
          94.139552
        ],
        [
          24.389034,
          94.139608
        ],
        [
          24.389131,
          94.139705
        ],
        [
          24.389183,
          94.139755
        ],
        [
          24.389207,
          94.139835
        ],
        [
          24.389192,
          94.139978
        ],
        [
          24.389149,
          94.140187
        ],
        [
          24.389137,
          94.140343
        ],
        [
          24.389211,
          94.140429
        ],
        [
          24.389276,
          94.140593
        ],
        [
          24.389394,
          94.140917
        ],
        [
          24.389479,
          94.141125
        ],
        [
          24.389491,
          94.141295
        ],
        [
          24.389448,
          94.141464
        ],
        [
          24.389385,
          94.141568
        ],
        [
          24.389297,
          94.141751
        ],
        [
          24.389245,
          94.142011
        ],
        [
          24.389354,
          94.142444
        ],
        [
          24.389588,
          94.14282
        ],
        [
          24.389821,
          94.143107
        ],
        [
          24.389894,
          94.14324
        ],
        [
          24.390025,
          94.143506
        ],
        [
          24.390019,
          94.14363
        ],
        [
          24.389985,
          94.143773
        ],
        [
          24.389949,
          94.143859
        ],
        [
          24.389894,
          94.143929
        ],
        [
          24.389806,
          94.143986
        ],
        [
          24.389764,
          94.143996
        ],
        [
          24.389636,
          94.144046
        ],
        [
          24.389524,
          94.144059
        ],
        [
          24.389433,
          94.144046
        ],
        [
          24.38933,
          94.144043
        ],
        [
          24.389257,
          94.144013
        ],
        [
          24.388985,
          94.143947
        ],
        [
          24.388865,
          94.143971
        ],
        [
          24.388745,
          94.144041
        ],
        [
          24.388625,
          94.144133
        ],
        [
          24.38847,
          94.144343
        ],
        [
          24.388376,
          94.144715
        ],
        [
          24.388527,
          94.145007
        ],
        [
          24.388598,
          94.145189
        ],
        [
          24.388639,
          94.145294
        ],
        [
          24.388819,
          94.145634
        ],
        [
          24.388896,
          94.145878
        ],
        [
          24.388943,
          94.146072
        ],
        [
          24.388939,
          94.146265
        ],
        [
          24.388943,
          94.14643
        ],
        [
          24.388939,
          94.146609
        ],
        [
          24.388896,
          94.146811
        ],
        [
          24.388853,
          94.146967
        ],
        [
          24.388806,
          94.147108
        ],
        [
          24.388669,
          94.147164
        ],
        [
          24.388583,
          94.14716
        ],
        [
          24.388351,
          94.147205
        ],
        [
          24.38829,
          94.147288
        ],
        [
          24.388299,
          94.147408
        ],
        [
          24.38846,
          94.147615
        ],
        [
          24.388818,
          94.147981
        ],
        [
          24.38893,
          94.148414
        ],
        [
          24.38904,
          94.148714
        ],
        [
          24.389197,
          94.148874
        ],
        [
          24.389346,
          94.14914
        ],
        [
          24.389422,
          94.149207
        ],
        [
          24.389519,
          94.149217
        ],
        [
          24.389625,
          94.149227
        ],
        [
          24.389692,
          94.14923
        ],
        [
          24.389925,
          94.149237
        ],
        [
          24.39001,
          94.149304
        ],
        [
          24.39008,
          94.149407
        ],
        [
          24.390107,
          94.149467
        ],
        [
          24.390186,
          94.14962
        ],
        [
          24.390429,
          94.150183
        ],
        [
          24.390699,
          94.150283
        ],
        [
          24.391002,
          94.150403
        ],
        [
          24.391106,
          94.150523
        ],
        [
          24.391163,
          94.150653
        ],
        [
          24.391194,
          94.150802
        ],
        [
          24.391218,
          94.150902
        ],
        [
          24.391248,
          94.150996
        ],
        [
          24.391294,
          94.151082
        ],
        [
          24.391354,
          94.151139
        ],
        [
          24.391412,
          94.151179
        ],
        [
          24.391445,
          94.151252
        ],
        [
          24.391421,
          94.151362
        ],
        [
          24.391379,
          94.151449
        ],
        [
          24.391318,
          94.151525
        ],
        [
          24.391242,
          94.151595
        ],
        [
          24.39116,
          94.151752
        ],
        [
          24.391163,
          94.151842
        ],
        [
          24.391236,
          94.151972
        ],
        [
          24.391288,
          94.152085
        ],
        [
          24.391306,
          94.152228
        ],
        [
          24.391266,
          94.152325
        ],
        [
          24.391203,
          94.152431
        ],
        [
          24.391163,
          94.152481
        ],
        [
          24.391121,
          94.152528
        ],
        [
          24.391063,
          94.152565
        ],
        [
          24.391005,
          94.152585
        ],
        [
          24.39093,
          94.152608
        ],
        [
          24.39086,
          94.152625
        ],
        [
          24.390811,
          94.152635
        ],
        [
          24.390641,
          94.152654
        ],
        [
          24.390572,
          94.152641
        ],
        [
          24.390405,
          94.152671
        ],
        [
          24.390308,
          94.152648
        ],
        [
          24.390256,
          94.152635
        ],
        [
          24.390141,
          94.152608
        ],
        [
          24.389925,
          94.152625
        ],
        [
          24.389883,
          94.152771
        ],
        [
          24.390019,
          94.153018
        ],
        [
          24.390089,
          94.153114
        ],
        [
          24.390177,
          94.153237
        ],
        [
          24.390277,
          94.153434
        ],
        [
          24.390471,
          94.153727
        ],
        [
          24.390666,
          94.153857
        ],
        [
          24.390887,
          94.15409
        ],
        [
          24.391075,
          94.154243
        ],
        [
          24.391278,
          94.154407
        ],
        [
          24.391457,
          94.154473
        ],
        [
          24.391652,
          94.15453
        ],
        [
          24.391809,
          94.15457
        ],
        [
          24.392113,
          94.154683
        ],
        [
          24.392286,
          94.15481
        ],
        [
          24.392404,
          94.15488
        ],
        [
          24.392553,
          94.15497
        ],
        [
          24.392671,
          94.155029
        ],
        [
          24.39278,
          94.155059
        ],
        [
          24.392868,
          94.155089
        ],
        [
          24.393026,
          94.155143
        ],
        [
          24.393217,
          94.155256
        ],
        [
          24.393329,
          94.155286
        ],
        [
          24.393426,
          94.155313
        ],
        [
          24.39352,
          94.155336
        ],
        [
          24.393581,
          94.155336
        ],
        [
          24.393666,
          94.155279
        ],
        [
          24.393727,
          94.155236
        ],
        [
          24.393778,
          94.155216
        ],
        [
          24.393824,
          94.155209
        ],
        [
          24.393887,
          94.155213
        ],
        [
          24.393966,
          94.155236
        ],
        [
          24.394006,
          94.155323
        ],
        [
          24.394024,
          94.155419
        ],
        [
          24.394033,
          94.155522
        ],
        [
          24.394045,
          94.155612
        ],
        [
          24.394106,
          94.155839
        ],
        [
          24.394321,
          94.155956
        ],
        [
          24.394427,
          94.156012
        ],
        [
          24.394579,
          94.156062
        ],
        [
          24.394797,
          94.156182
        ],
        [
          24.394976,
          94.156349
        ],
        [
          24.395198,
          94.156572
        ],
        [
          24.395365,
          94.156772
        ],
        [
          24.395483,
          94.156875
        ],
        [
          24.395589,
          94.156965
        ],
        [
          24.39565,
          94.156988
        ],
        [
          24.395783,
          94.157025
        ],
        [
          24.39589,
          94.157041
        ],
        [
          24.396135,
          94.157011
        ],
        [
          24.396238,
          94.157025
        ],
        [
          24.396357,
          94.157065
        ],
        [
          24.396411,
          94.157121
        ],
        [
          24.396496,
          94.157238
        ],
        [
          24.396527,
          94.157391
        ],
        [
          24.396505,
          94.157498
        ],
        [
          24.396445,
          94.157768
        ],
        [
          24.396405,
          94.157934
        ],
        [
          24.396384,
          94.158077
        ],
        [
          24.39639,
          94.158124
        ],
        [
          24.396487,
          94.158357
        ],
        [
          24.396593,
          94.158507
        ],
        [
          24.396624,
          94.158597
        ],
        [
          24.396639,
          94.158714
        ],
        [
          24.396654,
          94.158797
        ],
        [
          24.396709,
          94.158863
        ],
        [
          24.396766,
          94.1589
        ],
        [
          24.396857,
          94.158903
        ],
        [
          24.39696,
          94.158863
        ],
        [
          24.397058,
          94.1588
        ],
        [
          24.397334,
          94.15868
        ],
        [
          24.397479,
          94.15855
        ],
        [
          24.397607,
          94.15844
        ],
        [
          24.397695,
          94.15836
        ],
        [
          24.397804,
          94.158224
        ],
        [
          24.397849,
          94.158131
        ],
        [
          24.397898,
          94.158021
        ],
        [
          24.397934,
          94.157904
        ],
        [
          24.397983,
          94.157824
        ],
        [
          24.398068,
          94.157751
        ],
        [
          24.398195,
          94.157668
        ],
        [
          24.398404,
          94.157641
        ],
        [
          24.398565,
          94.157598
        ],
        [
          24.398668,
          94.157571
        ],
        [
          24.398774,
          94.157528
        ],
        [
          24.398881,
          94.157451
        ],
        [
          24.398963,
          94.157368
        ],
        [
          24.399014,
          94.157258
        ],
        [
          24.399072,
          94.157138
        ],
        [
          24.399117,
          94.157021
        ],
        [
          24.399157,
          94.156915
        ],
        [
          24.399196,
          94.156788
        ],
        [
          24.399254,
          94.156778
        ],
        [
          24.399351,
          94.156772
        ],
        [
          24.399412,
          94.156772
        ],
        [
          24.399587,
          94.156812
        ],
        [
          24.399721,
          94.156835
        ],
        [
          24.399803,
          94.156925
        ],
        [
          24.3999,
          94.157005
        ],
        [
          24.400012,
          94.157111
        ],
        [
          24.400058,
          94.157145
        ],
        [
          24.400167,
          94.157185
        ],
        [
          24.400209,
          94.157221
        ],
        [
          24.400279,
          94.157318
        ],
        [
          24.400355,
          94.157418
        ],
        [
          24.400416,
          94.157478
        ],
        [
          24.40047,
          94.157528
        ],
        [
          24.400604,
          94.157658
        ],
        [
          24.400695,
          94.157728
        ],
        [
          24.400803,
          94.157763
        ],
        [
          24.400892,
          94.157803
        ],
        [
          24.401024,
          94.15782
        ],
        [
          24.401114,
          94.157828
        ],
        [
          24.401159,
          94.157835
        ],
        [
          24.401255,
          94.157848
        ],
        [
          24.401294,
          94.157873
        ],
        [
          24.401337,
          94.15791
        ],
        [
          24.401376,
          94.157976
        ],
        [
          24.401464,
          94.158133
        ],
        [
          24.401511,
          94.158211
        ],
        [
          24.401575,
          94.158254
        ],
        [
          24.401645,
          94.158294
        ],
        [
          24.401795,
          94.158264
        ],
        [
          24.401931,
          94.158139
        ],
        [
          24.402077,
          94.157935
        ],
        [
          24.402162,
          94.157825
        ],
        [
          24.402321,
          94.15757
        ],
        [
          24.402386,
          94.157462
        ],
        [
          24.402441,
          94.15737
        ],
        [
          24.402473,
          94.157322
        ],
        [
          24.402549,
          94.157285
        ],
        [
          24.4026,
          94.157282
        ],
        [
          24.402664,
          94.157307
        ],
        [
          24.402794,
          94.157347
        ],
        [
          24.402876,
          94.15732
        ],
        [
          24.402979,
          94.157242
        ],
        [
          24.403039,
          94.157145
        ],
        [
          24.403105,
          94.157023
        ],
        [
          24.403196,
          94.15687
        ],
        [
          24.40328,
          94.156695
        ],
        [
          24.40338,
          94.156544
        ],
        [
          24.403422,
          94.156519
        ],
        [
          24.403494,
          94.156511
        ],
        [
          24.403553,
          94.156516
        ],
        [
          24.403662,
          94.156522
        ],
        [
          24.403815,
          94.156567
        ],
        [
          24.40393,
          94.156595
        ],
        [
          24.403989,
          94.156624
        ],
        [
          24.404114,
          94.156639
        ],
        [
          24.40417,
          94.156602
        ],
        [
          24.404226,
          94.156514
        ],
        [
          24.404247,
          94.156441
        ],
        [
          24.404358,
          94.156272
        ],
        [
          24.404487,
          94.156189
        ],
        [
          24.404636,
          94.156129
        ],
        [
          24.404749,
          94.156134
        ],
        [
          24.405232,
          94.156131
        ],
        [
          24.405631,
          94.156159
        ],
        [
          24.405938,
          94.156219
        ],
        [
          24.406271,
          94.156317
        ],
        [
          24.406624,
          94.156387
        ],
        [
          24.406868,
          94.156449
        ],
        [
          24.407124,
          94.156482
        ],
        [
          24.407344,
          94.156466
        ],
        [
          24.407648,
          94.156491
        ],
        [
          24.407801,
          94.156541
        ],
        [
          24.407936,
          94.156605
        ],
        [
          24.408027,
          94.156699
        ],
        [
          24.408151,
          94.156845
        ],
        [
          24.408353,
          94.157077
        ],
        [
          24.408444,
          94.15717
        ],
        [
          24.408552,
          94.157273
        ],
        [
          24.40864,
          94.157312
        ],
        [
          24.408734,
          94.1573
        ],
        [
          24.408784,
          94.157282
        ],
        [
          24.408846,
          94.157262
        ],
        [
          24.408908,
          94.15724
        ],
        [
          24.408947,
          94.157235
        ],
        [
          24.409007,
          94.157243
        ],
        [
          24.409076,
          94.157302
        ],
        [
          24.409132,
          94.157367
        ],
        [
          24.409161,
          94.157445
        ],
        [
          24.409192,
          94.157528
        ],
        [
          24.409284,
          94.157785
        ],
        [
          24.409424,
          94.157988
        ],
        [
          24.409571,
          94.158214
        ],
        [
          24.409648,
          94.158329
        ],
        [
          24.409792,
          94.158564
        ],
        [
          24.409873,
          94.158631
        ],
        [
          24.410132,
          94.158917
        ],
        [
          24.410267,
          94.159102
        ],
        [
          24.410422,
          94.15929
        ],
        [
          24.410702,
          94.159623
        ],
        [
          24.410992,
          94.15997
        ],
        [
          24.411209,
          94.160193
        ],
        [
          24.411488,
          94.160443
        ],
        [
          24.411781,
          94.160593
        ],
        [
          24.411966,
          94.160723
        ],
        [
          24.412041,
          94.160819
        ],
        [
          24.412101,
          94.160904
        ],
        [
          24.412276,
          94.161072
        ],
        [
          24.412378,
          94.161166
        ],
        [
          24.412411,
          94.161266
        ],
        [
          24.412416,
          94.161419
        ],
        [
          24.41244,
          94.161495
        ],
        [
          24.412478,
          94.161612
        ],
        [
          24.41259,
          94.161842
        ],
        [
          24.412592,
          94.161968
        ],
        [
          24.412575,
          94.162073
        ],
        [
          24.412542,
          94.162162
        ],
        [
          24.412451,
          94.162235
        ],
        [
          24.412392,
          94.162276
        ],
        [
          24.412281,
          94.162388
        ],
        [
          24.412211,
          94.162486
        ],
        [
          24.412173,
          94.162591
        ],
        [
          24.412134,
          94.16268
        ],
        [
          24.412057,
          94.162863
        ],
        [
          24.411972,
          94.162991
        ],
        [
          24.411806,
          94.163126
        ],
        [
          24.411602,
          94.163194
        ],
        [
          24.411442,
          94.163224
        ],
        [
          24.41131,
          94.163272
        ],
        [
          24.411181,
          94.163371
        ],
        [
          24.410945,
          94.163609
        ],
        [
          24.410827,
          94.163765
        ],
        [
          24.410705,
          94.163909
        ],
        [
          24.410676,
          94.164037
        ],
        [
          24.41067,
          94.164232
        ],
        [
          24.410637,
          94.164562
        ],
        [
          24.410642,
          94.164826
        ],
        [
          24.410666,
          94.16493
        ],
        [
          24.410675,
          94.165016
        ],
        [
          24.410681,
          94.165104
        ],
        [
          24.410673,
          94.165261
        ],
        [
          24.410632,
          94.165369
        ],
        [
          24.410469,
          94.165701
        ],
        [
          24.410271,
          94.166189
        ],
        [
          24.410164,
          94.166337
        ],
        [
          24.410003,
          94.166548
        ],
        [
          24.409851,
          94.16669
        ],
        [
          24.409795,
          94.166767
        ],
        [
          24.409703,
          94.16706
        ],
        [
          24.409572,
          94.167435
        ],
        [
          24.409322,
          94.167996
        ],
        [
          24.409289,
          94.168159
        ],
        [
          24.409223,
          94.168439
        ],
        [
          24.409172,
          94.16874
        ],
        [
          24.409111,
          94.168937
        ],
        [
          24.408978,
          94.16909
        ],
        [
          24.408882,
          94.169162
        ],
        [
          24.408814,
          94.16921
        ],
        [
          24.408799,
          94.169228
        ],
        [
          24.408784,
          94.169267
        ],
        [
          24.408784,
          94.169297
        ],
        [
          24.408806,
          94.169356
        ],
        [
          24.40885,
          94.169395
        ],
        [
          24.408899,
          94.169418
        ],
        [
          24.409001,
          94.169456
        ],
        [
          24.409017,
          94.169461
        ],
        [
          24.409145,
          94.169521
        ],
        [
          24.409246,
          94.169615
        ],
        [
          24.409506,
          94.169798
        ],
        [
          24.409609,
          94.169873
        ],
        [
          24.409695,
          94.169993
        ],
        [
          24.409818,
          94.170239
        ],
        [
          24.409885,
          94.170406
        ],
        [
          24.409958,
          94.170527
        ],
        [
          24.410077,
          94.170604
        ],
        [
          24.410243,
          94.170681
        ],
        [
          24.410584,
          94.170805
        ],
        [
          24.410814,
          94.17088
        ],
        [
          24.411078,
          94.170942
        ],
        [
          24.411166,
          94.17099
        ],
        [
          24.411262,
          94.17106
        ],
        [
          24.41135,
          94.171134
        ],
        [
          24.411521,
          94.17136
        ],
        [
          24.411591,
          94.17145
        ],
        [
          24.411755,
          94.171558
        ],
        [
          24.411781,
          94.171562
        ],
        [
          24.411908,
          94.171607
        ],
        [
          24.412097,
          94.171866
        ],
        [
          24.412181,
          94.172038
        ],
        [
          24.412396,
          94.172399
        ],
        [
          24.412527,
          94.172484
        ],
        [
          24.412639,
          94.172516
        ],
        [
          24.412737,
          94.172559
        ],
        [
          24.412844,
          94.172641
        ],
        [
          24.413018,
          94.172851
        ],
        [
          24.413195,
          94.173149
        ],
        [
          24.413312,
          94.173317
        ],
        [
          24.413482,
          94.173499
        ],
        [
          24.413625,
          94.173715
        ],
        [
          24.413699,
          94.173872
        ],
        [
          24.413748,
          94.173943
        ],
        [
          24.413795,
          94.173977
        ],
        [
          24.413876,
          94.174002
        ],
        [
          24.413999,
          94.174043
        ],
        [
          24.414245,
          94.174085
        ],
        [
          24.414344,
          94.174108
        ],
        [
          24.414412,
          94.174175
        ],
        [
          24.414506,
          94.17427
        ],
        [
          24.414738,
          94.17448
        ],
        [
          24.414812,
          94.174626
        ],
        [
          24.414873,
          94.174769
        ],
        [
          24.4149,
          94.175038
        ],
        [
          24.414912,
          94.175351
        ],
        [
          24.414914,
          94.17561
        ],
        [
          24.41492,
          94.175887
        ],
        [
          24.414932,
          94.176043
        ],
        [
          24.414979,
          94.176113
        ],
        [
          24.415047,
          94.17618
        ],
        [
          24.41514,
          94.176235
        ],
        [
          24.415253,
          94.17632
        ],
        [
          24.415352,
          94.176382
        ],
        [
          24.415437,
          94.176535
        ],
        [
          24.415445,
          94.176665
        ],
        [
          24.415431,
          94.176766
        ],
        [
          24.415411,
          94.176848
        ],
        [
          24.415376,
          94.176944
        ],
        [
          24.415279,
          94.177126
        ],
        [
          24.415244,
          94.177321
        ],
        [
          24.415252,
          94.177393
        ],
        [
          24.415288,
          94.177464
        ],
        [
          24.415347,
          94.177509
        ],
        [
          24.415425,
          94.177546
        ],
        [
          24.415469,
          94.177547
        ],
        [
          24.415849,
          94.177529
        ],
        [
          24.416054,
          94.177509
        ],
        [
          24.416218,
          94.177519
        ],
        [
          24.416301,
          94.177559
        ],
        [
          24.416382,
          94.177622
        ],
        [
          24.416438,
          94.177709
        ],
        [
          24.416499,
          94.177837
        ],
        [
          24.416652,
          94.178209
        ],
        [
          24.416767,
          94.178533
        ],
        [
          24.416917,
          94.178677
        ],
        [
          24.417055,
          94.17873
        ],
        [
          24.41726,
          94.178767
        ],
        [
          24.417715,
          94.178728
        ],
        [
          24.417873,
          94.178738
        ],
        [
          24.418129,
          94.178846
        ],
        [
          24.418303,
          94.178961
        ],
        [
          24.418646,
          94.179095
        ],
        [
          24.418754,
          94.179133
        ],
        [
          24.418861,
          94.179231
        ],
        [
          24.41892,
          94.179401
        ],
        [
          24.418925,
          94.179584
        ],
        [
          24.418913,
          94.179787
        ],
        [
          24.418911,
          94.179919
        ],
        [
          24.418963,
          94.180109
        ],
        [
          24.419025,
          94.180251
        ],
        [
          24.419183,
          94.180494
        ],
        [
          24.41945,
          94.180837
        ],
        [
          24.419704,
          94.181115
        ],
        [
          24.419859,
          94.181286
        ],
        [
          24.419906,
          94.181385
        ],
        [
          24.41994,
          94.181483
        ],
        [
          24.41994,
          94.18158
        ],
        [
          24.419899,
          94.181729
        ],
        [
          24.419853,
          94.181868
        ],
        [
          24.419733,
          94.182316
        ],
        [
          24.419656,
          94.182552
        ],
        [
          24.419594,
          94.182809
        ],
        [
          24.419541,
          94.183205
        ],
        [
          24.419486,
          94.18342
        ],
        [
          24.419425,
          94.183623
        ],
        [
          24.419322,
          94.183863
        ],
        [
          24.41918,
          94.184051
        ],
        [
          24.419063,
          94.184088
        ],
        [
          24.418996,
          94.184101
        ],
        [
          24.418864,
          94.184136
        ],
        [
          24.418816,
          94.184164
        ],
        [
          24.418732,
          94.184273
        ],
        [
          24.418673,
          94.184439
        ],
        [
          24.418572,
          94.184814
        ],
        [
          24.418472,
          94.184961
        ],
        [
          24.418412,
          94.184996
        ],
        [
          24.418362,
          94.185015
        ],
        [
          24.418291,
          94.185027
        ],
        [
          24.418202,
          94.185027
        ],
        [
          24.41808,
          94.185075
        ],
        [
          24.417895,
          94.185164
        ],
        [
          24.417804,
          94.185249
        ],
        [
          24.417759,
          94.185295
        ],
        [
          24.417684,
          94.185407
        ],
        [
          24.417648,
          94.185537
        ],
        [
          24.417639,
          94.185677
        ],
        [
          24.417647,
          94.185763
        ],
        [
          24.417677,
          94.18588
        ],
        [
          24.417692,
          94.186091
        ],
        [
          24.41766,
          94.18625
        ],
        [
          24.417657,
          94.186298
        ],
        [
          24.417677,
          94.186386
        ],
        [
          24.417706,
          94.186415
        ],
        [
          24.417763,
          94.186416
        ],
        [
          24.417815,
          94.186385
        ],
        [
          24.417874,
          94.186335
        ],
        [
          24.417957,
          94.186238
        ],
        [
          24.41808,
          94.186158
        ],
        [
          24.418196,
          94.186103
        ],
        [
          24.418314,
          94.1861
        ],
        [
          24.418435,
          94.18611
        ],
        [
          24.418587,
          94.18614
        ],
        [
          24.418769,
          94.186235
        ],
        [
          24.41884,
          94.186255
        ],
        [
          24.418967,
          94.1862
        ],
        [
          24.419095,
          94.186113
        ],
        [
          24.419181,
          94.186073
        ],
        [
          24.419254,
          94.186048
        ],
        [
          24.419315,
          94.186031
        ],
        [
          24.419385,
          94.186021
        ],
        [
          24.419456,
          94.186021
        ],
        [
          24.419574,
          94.18606
        ],
        [
          24.419715,
          94.186101
        ],
        [
          24.419794,
          94.18612
        ],
        [
          24.419867,
          94.186135
        ],
        [
          24.419956,
          94.186155
        ],
        [
          24.42002,
          94.18618
        ],
        [
          24.420094,
          94.18622
        ],
        [
          24.420234,
          94.186318
        ],
        [
          24.42036,
          94.186378
        ],
        [
          24.420449,
          94.186439
        ],
        [
          24.420522,
          94.186484
        ],
        [
          24.420636,
          94.186563
        ],
        [
          24.420724,
          94.186669
        ],
        [
          24.420731,
          94.186886
        ],
        [
          24.420751,
          94.187022
        ],
        [
          24.420751,
          94.187192
        ],
        [
          24.420772,
          94.187382
        ],
        [
          24.42079,
          94.187604
        ],
        [
          24.420795,
          94.187722
        ],
        [
          24.420818,
          94.187765
        ],
        [
          24.420849,
          94.187815
        ],
        [
          24.420887,
          94.187848
        ],
        [
          24.420978,
          94.187897
        ],
        [
          24.421071,
          94.187872
        ],
        [
          24.42131,
          94.187822
        ],
        [
          24.421626,
          94.18771
        ],
        [
          24.421737,
          94.187655
        ],
        [
          24.421809,
          94.187605
        ],
        [
          24.421869,
          94.187545
        ],
        [
          24.421919,
          94.187479
        ],
        [
          24.421956,
          94.187339
        ],
        [
          24.421999,
          94.187152
        ],
        [
          24.422043,
          94.186942
        ],
        [
          24.422152,
          94.186759
        ],
        [
          24.422225,
          94.186676
        ],
        [
          24.422293,
          94.186628
        ],
        [
          24.422369,
          94.186608
        ],
        [
          24.422448,
          94.186624
        ],
        [
          24.422484,
          94.186669
        ],
        [
          24.422518,
          94.186746
        ],
        [
          24.422549,
          94.186849
        ],
        [
          24.422578,
          94.186979
        ],
        [
          24.422602,
          94.187049
        ],
        [
          24.422643,
          94.187152
        ],
        [
          24.422731,
          94.187289
        ],
        [
          24.422795,
          94.187344
        ],
        [
          24.422898,
          94.187399
        ],
        [
          24.422953,
          94.187425
        ],
        [
          24.423015,
          94.187465
        ],
        [
          24.423059,
          94.187517
        ],
        [
          24.423107,
          94.187574
        ],
        [
          24.423156,
          94.18766
        ],
        [
          24.423188,
          94.187842
        ],
        [
          24.423211,
          94.187927
        ],
        [
          24.423227,
          94.188018
        ],
        [
          24.423383,
          94.188398
        ],
        [
          24.423437,
          94.18869
        ],
        [
          24.423482,
          94.188829
        ],
        [
          24.423537,
          94.188988
        ],
        [
          24.42359,
          94.189153
        ],
        [
          24.423588,
          94.189234
        ],
        [
          24.423576,
          94.189364
        ],
        [
          24.423488,
          94.189619
        ],
        [
          24.423481,
          94.189854
        ],
        [
          24.423493,
          94.190199
        ],
        [
          24.423597,
          94.190403
        ],
        [
          24.423694,
          94.190495
        ],
        [
          24.423758,
          94.19054
        ],
        [
          24.42384,
          94.19056
        ],
        [
          24.42392,
          94.190568
        ],
        [
          24.424025,
          94.190585
        ],
        [
          24.424145,
          94.19062
        ],
        [
          24.424237,
          94.190687
        ],
        [
          24.424336,
          94.190765
        ],
        [
          24.424401,
          94.190848
        ],
        [
          24.424483,
          94.190921
        ],
        [
          24.424537,
          94.191003
        ],
        [
          24.424591,
          94.191093
        ],
        [
          24.424688,
          94.191336
        ],
        [
          24.42475,
          94.191606
        ],
        [
          24.424788,
          94.191772
        ],
        [
          24.424871,
          94.192051
        ],
        [
          24.424971,
          94.192185
        ],
        [
          24.425133,
          94.192394
        ],
        [
          24.425299,
          94.192552
        ],
        [
          24.425443,
          94.192637
        ],
        [
          24.425663,
          94.192778
        ],
        [
          24.425905,
          94.192928
        ],
        [
          24.42599,
          94.19296
        ],
        [
          24.426077,
          94.192978
        ],
        [
          24.426157,
          94.192948
        ],
        [
          24.426209,
          94.192907
        ],
        [
          24.426262,
          94.192848
        ],
        [
          24.426294,
          94.19278
        ],
        [
          24.426304,
          94.192702
        ],
        [
          24.426292,
          94.19262
        ],
        [
          24.426287,
          94.192534
        ],
        [
          24.426283,
          94.192455
        ],
        [
          24.42629,
          94.19239
        ],
        [
          24.426306,
          94.192339
        ],
        [
          24.426328,
          94.192287
        ],
        [
          24.42643,
          94.192212
        ],
        [
          24.426683,
          94.192051
        ],
        [
          24.426759,
          94.191974
        ],
        [
          24.426826,
          94.191876
        ],
        [
          24.426927,
          94.191697
        ],
        [
          24.427,
          94.191586
        ],
        [
          24.42707,
          94.191538
        ],
        [
          24.427141,
          94.191496
        ],
        [
          24.427241,
          94.191471
        ],
        [
          24.427311,
          94.191474
        ],
        [
          24.427435,
          94.191486
        ],
        [
          24.427519,
          94.191499
        ],
        [
          24.427898,
          94.191478
        ],
        [
          24.428184,
          94.191458
        ],
        [
          24.428595,
          94.19121
        ],
        [
          24.42873,
          94.190704
        ],
        [
          24.428977,
          94.190101
        ],
        [
          24.429327,
          94.189847
        ],
        [
          24.429534,
          94.189288
        ],
        [
          24.430369,
          94.189122
        ],
        [
          24.430751,
          94.188615
        ],
        [
          24.431571,
          94.188265
        ],
        [
          24.431889,
          94.18803
        ],
        [
          24.432406,
          94.187933
        ],
        [
          24.432581,
          94.187986
        ],
        [
          24.432788,
          94.187881
        ],
        [
          24.432852,
          94.188082
        ],
        [
          24.432876,
          94.188554
        ],
        [
          24.432764,
          94.188729
        ],
        [
          24.432645,
          94.189069
        ],
        [
          24.432604,
          94.18959
        ],
        [
          24.432559,
          94.189505
        ],
        [
          24.432535,
          94.189439
        ],
        [
          24.432522,
          94.18934
        ],
        [
          24.432527,
          94.189265
        ],
        [
          24.43255,
          94.189206
        ],
        [
          24.432574,
          94.189133
        ],
        [
          24.432572,
          94.189072
        ],
        [
          24.432527,
          94.188991
        ],
        [
          24.432486,
          94.188937
        ],
        [
          24.432441,
          94.188902
        ],
        [
          24.432336,
          94.188874
        ],
        [
          24.432244,
          94.188852
        ],
        [
          24.432109,
          94.188827
        ],
        [
          24.431986,
          94.188697
        ],
        [
          24.431873,
          94.1886
        ],
        [
          24.431772,
          94.188572
        ],
        [
          24.431723,
          94.188575
        ],
        [
          24.431624,
          94.188591
        ],
        [
          24.431551,
          94.188605
        ],
        [
          24.431435,
          94.188626
        ],
        [
          24.431272,
          94.188688
        ],
        [
          24.43094,
          94.188937
        ],
        [
          24.430841,
          94.189036
        ],
        [
          24.430745,
          94.189156
        ],
        [
          24.430702,
          94.189288
        ],
        [
          24.430633,
          94.18951
        ],
        [
          24.430507,
          94.189623
        ],
        [
          24.430251,
          94.1897
        ],
        [
          24.430028,
          94.189861
        ],
        [
          24.429857,
          94.190009
        ],
        [
          24.429681,
          94.190209
        ],
        [
          24.429479,
          94.190442
        ],
        [
          24.429274,
          94.190789
        ],
        [
          24.429108,
          94.190979
        ],
        [
          24.42893,
          94.191177
        ],
        [
          24.428761,
          94.191392
        ],
        [
          24.428667,
          94.19145
        ],
        [
          24.428491,
          94.191463
        ],
        [
          24.428184,
          94.191458
        ],
        [
          24.427898,
          94.191478
        ],
        [
          24.427519,
          94.191499
        ],
        [
          24.427435,
          94.191486
        ],
        [
          24.427311,
          94.191474
        ],
        [
          24.427241,
          94.191471
        ],
        [
          24.427141,
          94.191496
        ],
        [
          24.42707,
          94.191538
        ],
        [
          24.427,
          94.191586
        ],
        [
          24.426927,
          94.191697
        ],
        [
          24.426826,
          94.191876
        ],
        [
          24.426759,
          94.191974
        ],
        [
          24.426683,
          94.192051
        ],
        [
          24.42643,
          94.192212
        ],
        [
          24.426328,
          94.192287
        ],
        [
          24.426306,
          94.192339
        ],
        [
          24.42629,
          94.19239
        ],
        [
          24.426283,
          94.192455
        ],
        [
          24.426287,
          94.192534
        ],
        [
          24.426292,
          94.19262
        ],
        [
          24.426304,
          94.192702
        ],
        [
          24.426294,
          94.19278
        ],
        [
          24.426262,
          94.192848
        ],
        [
          24.426209,
          94.192907
        ],
        [
          24.426157,
          94.192948
        ],
        [
          24.426077,
          94.192978
        ],
        [
          24.42599,
          94.19296
        ],
        [
          24.425905,
          94.192928
        ],
        [
          24.425663,
          94.192778
        ],
        [
          24.425443,
          94.192637
        ],
        [
          24.425299,
          94.192552
        ],
        [
          24.425133,
          94.192394
        ],
        [
          24.424971,
          94.192185
        ],
        [
          24.424871,
          94.192051
        ],
        [
          24.424788,
          94.191772
        ],
        [
          24.42475,
          94.191606
        ],
        [
          24.424688,
          94.191336
        ],
        [
          24.424591,
          94.191093
        ],
        [
          24.424537,
          94.191003
        ],
        [
          24.424483,
          94.190921
        ],
        [
          24.424401,
          94.190848
        ],
        [
          24.424336,
          94.190765
        ],
        [
          24.424237,
          94.190687
        ],
        [
          24.424145,
          94.19062
        ],
        [
          24.424025,
          94.190585
        ],
        [
          24.42392,
          94.190568
        ],
        [
          24.42384,
          94.19056
        ],
        [
          24.423758,
          94.19054
        ],
        [
          24.423694,
          94.190495
        ],
        [
          24.423597,
          94.190403
        ],
        [
          24.423493,
          94.190199
        ],
        [
          24.423481,
          94.189854
        ],
        [
          24.423488,
          94.189619
        ],
        [
          24.423576,
          94.189364
        ],
        [
          24.423588,
          94.189234
        ],
        [
          24.42359,
          94.189153
        ],
        [
          24.423537,
          94.188988
        ],
        [
          24.423482,
          94.188829
        ],
        [
          24.423437,
          94.18869
        ],
        [
          24.423383,
          94.188398
        ],
        [
          24.423227,
          94.188018
        ],
        [
          24.423211,
          94.187927
        ],
        [
          24.423188,
          94.187842
        ],
        [
          24.423156,
          94.18766
        ],
        [
          24.423107,
          94.187574
        ],
        [
          24.423059,
          94.187517
        ],
        [
          24.423015,
          94.187465
        ],
        [
          24.422953,
          94.187425
        ],
        [
          24.422898,
          94.187399
        ],
        [
          24.422795,
          94.187344
        ],
        [
          24.422731,
          94.187289
        ],
        [
          24.422643,
          94.187152
        ],
        [
          24.422602,
          94.187049
        ],
        [
          24.422578,
          94.186979
        ],
        [
          24.422549,
          94.186849
        ],
        [
          24.422518,
          94.186746
        ],
        [
          24.422484,
          94.186669
        ],
        [
          24.422448,
          94.186624
        ],
        [
          24.422369,
          94.186608
        ],
        [
          24.422293,
          94.186628
        ],
        [
          24.422225,
          94.186676
        ],
        [
          24.422152,
          94.186759
        ],
        [
          24.422043,
          94.186942
        ],
        [
          24.421999,
          94.187152
        ],
        [
          24.421956,
          94.187339
        ],
        [
          24.421919,
          94.187479
        ],
        [
          24.421869,
          94.187545
        ],
        [
          24.421809,
          94.187605
        ],
        [
          24.421737,
          94.187655
        ],
        [
          24.421626,
          94.18771
        ],
        [
          24.42131,
          94.187822
        ],
        [
          24.421071,
          94.187872
        ],
        [
          24.420978,
          94.187897
        ],
        [
          24.420887,
          94.187848
        ],
        [
          24.420849,
          94.187815
        ],
        [
          24.420818,
          94.187765
        ],
        [
          24.420795,
          94.187722
        ],
        [
          24.42079,
          94.187604
        ],
        [
          24.420772,
          94.187382
        ],
        [
          24.420751,
          94.187192
        ],
        [
          24.420751,
          94.187022
        ],
        [
          24.420731,
          94.186886
        ],
        [
          24.420724,
          94.186669
        ],
        [
          24.420636,
          94.186563
        ],
        [
          24.420522,
          94.186484
        ],
        [
          24.420449,
          94.186439
        ],
        [
          24.42036,
          94.186378
        ],
        [
          24.420234,
          94.186318
        ],
        [
          24.420094,
          94.18622
        ],
        [
          24.42002,
          94.18618
        ],
        [
          24.419956,
          94.186155
        ],
        [
          24.419867,
          94.186135
        ],
        [
          24.419794,
          94.18612
        ],
        [
          24.419715,
          94.186101
        ],
        [
          24.419574,
          94.18606
        ],
        [
          24.419456,
          94.186021
        ],
        [
          24.419385,
          94.186021
        ],
        [
          24.419315,
          94.186031
        ],
        [
          24.419254,
          94.186048
        ],
        [
          24.419181,
          94.186073
        ],
        [
          24.419095,
          94.186113
        ],
        [
          24.418967,
          94.1862
        ],
        [
          24.41884,
          94.186255
        ],
        [
          24.418769,
          94.186235
        ],
        [
          24.418587,
          94.18614
        ],
        [
          24.418435,
          94.18611
        ],
        [
          24.418314,
          94.1861
        ],
        [
          24.418196,
          94.186103
        ],
        [
          24.41808,
          94.186158
        ],
        [
          24.417957,
          94.186238
        ],
        [
          24.417874,
          94.186335
        ],
        [
          24.417815,
          94.186385
        ],
        [
          24.417763,
          94.186416
        ],
        [
          24.417706,
          94.186415
        ],
        [
          24.417677,
          94.186386
        ],
        [
          24.417657,
          94.186298
        ],
        [
          24.41766,
          94.18625
        ],
        [
          24.417692,
          94.186091
        ],
        [
          24.417677,
          94.18588
        ],
        [
          24.417647,
          94.185763
        ],
        [
          24.417639,
          94.185677
        ],
        [
          24.417648,
          94.185537
        ],
        [
          24.417684,
          94.185407
        ],
        [
          24.417759,
          94.185295
        ],
        [
          24.417804,
          94.185249
        ],
        [
          24.417895,
          94.185164
        ],
        [
          24.41808,
          94.185075
        ],
        [
          24.418202,
          94.185027
        ],
        [
          24.418291,
          94.185027
        ],
        [
          24.418362,
          94.185015
        ],
        [
          24.418412,
          94.184996
        ],
        [
          24.418472,
          94.184961
        ],
        [
          24.418572,
          94.184814
        ],
        [
          24.418673,
          94.184439
        ],
        [
          24.418732,
          94.184273
        ],
        [
          24.418816,
          94.184164
        ],
        [
          24.418864,
          94.184136
        ],
        [
          24.418996,
          94.184101
        ],
        [
          24.419063,
          94.184088
        ],
        [
          24.41918,
          94.184051
        ],
        [
          24.419322,
          94.183863
        ],
        [
          24.419425,
          94.183623
        ],
        [
          24.419486,
          94.18342
        ],
        [
          24.419541,
          94.183205
        ],
        [
          24.419594,
          94.182809
        ],
        [
          24.419656,
          94.182552
        ],
        [
          24.419733,
          94.182316
        ],
        [
          24.419853,
          94.181868
        ],
        [
          24.419899,
          94.181729
        ],
        [
          24.41994,
          94.18158
        ],
        [
          24.41994,
          94.181483
        ],
        [
          24.419906,
          94.181385
        ],
        [
          24.419859,
          94.181286
        ],
        [
          24.419704,
          94.181115
        ],
        [
          24.41945,
          94.180837
        ],
        [
          24.419183,
          94.180494
        ],
        [
          24.419025,
          94.180251
        ],
        [
          24.418963,
          94.180109
        ],
        [
          24.418911,
          94.179919
        ],
        [
          24.418913,
          94.179787
        ],
        [
          24.418925,
          94.179584
        ],
        [
          24.41892,
          94.179401
        ],
        [
          24.418861,
          94.179231
        ],
        [
          24.418754,
          94.179133
        ],
        [
          24.418646,
          94.179095
        ],
        [
          24.418303,
          94.178961
        ],
        [
          24.418129,
          94.178846
        ],
        [
          24.417873,
          94.178738
        ],
        [
          24.417715,
          94.178728
        ],
        [
          24.41726,
          94.178767
        ],
        [
          24.417055,
          94.17873
        ],
        [
          24.416917,
          94.178677
        ],
        [
          24.416767,
          94.178533
        ],
        [
          24.416652,
          94.178209
        ],
        [
          24.416499,
          94.177837
        ],
        [
          24.416438,
          94.177709
        ],
        [
          24.416382,
          94.177622
        ],
        [
          24.416301,
          94.177559
        ],
        [
          24.416218,
          94.177519
        ],
        [
          24.416054,
          94.177509
        ],
        [
          24.415849,
          94.177529
        ],
        [
          24.415469,
          94.177547
        ],
        [
          24.415425,
          94.177546
        ],
        [
          24.415347,
          94.177509
        ],
        [
          24.415288,
          94.177464
        ],
        [
          24.415252,
          94.177393
        ],
        [
          24.415244,
          94.177321
        ],
        [
          24.415279,
          94.177126
        ],
        [
          24.415376,
          94.176944
        ],
        [
          24.415411,
          94.176848
        ],
        [
          24.415431,
          94.176766
        ],
        [
          24.415445,
          94.176665
        ],
        [
          24.415437,
          94.176535
        ],
        [
          24.415352,
          94.176382
        ],
        [
          24.415253,
          94.17632
        ],
        [
          24.41514,
          94.176235
        ],
        [
          24.415047,
          94.17618
        ],
        [
          24.414979,
          94.176113
        ],
        [
          24.414932,
          94.176043
        ],
        [
          24.41492,
          94.175887
        ],
        [
          24.414914,
          94.17561
        ],
        [
          24.414912,
          94.175351
        ],
        [
          24.4149,
          94.175038
        ],
        [
          24.414873,
          94.174769
        ],
        [
          24.414812,
          94.174626
        ],
        [
          24.414738,
          94.17448
        ],
        [
          24.414506,
          94.17427
        ],
        [
          24.414412,
          94.174175
        ],
        [
          24.414344,
          94.174108
        ],
        [
          24.414245,
          94.174085
        ],
        [
          24.413999,
          94.174043
        ],
        [
          24.413876,
          94.174002
        ],
        [
          24.413795,
          94.173977
        ],
        [
          24.413748,
          94.173943
        ],
        [
          24.413699,
          94.173872
        ],
        [
          24.413625,
          94.173715
        ],
        [
          24.413482,
          94.173499
        ],
        [
          24.413312,
          94.173317
        ],
        [
          24.413195,
          94.173149
        ],
        [
          24.413018,
          94.172851
        ],
        [
          24.412844,
          94.172641
        ],
        [
          24.412737,
          94.172559
        ],
        [
          24.412639,
          94.172516
        ],
        [
          24.412527,
          94.172484
        ],
        [
          24.412396,
          94.172399
        ],
        [
          24.412181,
          94.172038
        ],
        [
          24.412097,
          94.171866
        ],
        [
          24.411908,
          94.171607
        ],
        [
          24.411781,
          94.171562
        ],
        [
          24.411755,
          94.171558
        ],
        [
          24.411591,
          94.17145
        ],
        [
          24.411521,
          94.17136
        ],
        [
          24.41135,
          94.171134
        ],
        [
          24.411262,
          94.17106
        ],
        [
          24.411166,
          94.17099
        ],
        [
          24.411078,
          94.170942
        ],
        [
          24.410814,
          94.17088
        ],
        [
          24.410584,
          94.170805
        ],
        [
          24.410243,
          94.170681
        ],
        [
          24.410077,
          94.170604
        ],
        [
          24.409958,
          94.170527
        ],
        [
          24.409885,
          94.170406
        ],
        [
          24.409818,
          94.170239
        ],
        [
          24.409695,
          94.169993
        ],
        [
          24.409609,
          94.169873
        ],
        [
          24.409506,
          94.169798
        ],
        [
          24.409246,
          94.169615
        ],
        [
          24.409145,
          94.169521
        ],
        [
          24.409017,
          94.169461
        ],
        [
          24.409001,
          94.169456
        ],
        [
          24.408899,
          94.169418
        ],
        [
          24.40885,
          94.169395
        ],
        [
          24.408806,
          94.169356
        ],
        [
          24.408784,
          94.169297
        ],
        [
          24.408784,
          94.169267
        ],
        [
          24.408799,
          94.169228
        ],
        [
          24.408814,
          94.16921
        ],
        [
          24.408882,
          94.169162
        ],
        [
          24.408978,
          94.16909
        ],
        [
          24.409111,
          94.168937
        ],
        [
          24.409172,
          94.16874
        ],
        [
          24.409223,
          94.168439
        ],
        [
          24.409289,
          94.168159
        ],
        [
          24.409322,
          94.167996
        ],
        [
          24.409572,
          94.167435
        ],
        [
          24.409703,
          94.16706
        ],
        [
          24.409795,
          94.166767
        ],
        [
          24.409851,
          94.16669
        ],
        [
          24.410003,
          94.166548
        ],
        [
          24.410164,
          94.166337
        ],
        [
          24.410271,
          94.166189
        ],
        [
          24.410469,
          94.165701
        ],
        [
          24.410632,
          94.165369
        ],
        [
          24.410673,
          94.165261
        ],
        [
          24.410681,
          94.165104
        ],
        [
          24.410675,
          94.165016
        ],
        [
          24.410666,
          94.16493
        ],
        [
          24.410642,
          94.164826
        ],
        [
          24.410637,
          94.164562
        ],
        [
          24.41067,
          94.164232
        ],
        [
          24.410676,
          94.164037
        ],
        [
          24.410705,
          94.163909
        ],
        [
          24.410827,
          94.163765
        ],
        [
          24.410945,
          94.163609
        ],
        [
          24.411181,
          94.163371
        ],
        [
          24.41131,
          94.163272
        ],
        [
          24.411442,
          94.163224
        ],
        [
          24.411602,
          94.163194
        ],
        [
          24.411806,
          94.163126
        ],
        [
          24.411972,
          94.162991
        ],
        [
          24.412057,
          94.162863
        ],
        [
          24.412134,
          94.16268
        ],
        [
          24.412173,
          94.162591
        ],
        [
          24.412211,
          94.162486
        ],
        [
          24.412281,
          94.162388
        ],
        [
          24.412392,
          94.162276
        ],
        [
          24.412451,
          94.162235
        ],
        [
          24.412542,
          94.162162
        ],
        [
          24.412575,
          94.162073
        ],
        [
          24.412592,
          94.161968
        ],
        [
          24.41259,
          94.161842
        ],
        [
          24.412478,
          94.161612
        ],
        [
          24.41244,
          94.161495
        ],
        [
          24.412416,
          94.161419
        ],
        [
          24.412411,
          94.161266
        ],
        [
          24.412378,
          94.161166
        ],
        [
          24.412276,
          94.161072
        ],
        [
          24.412101,
          94.160904
        ],
        [
          24.412041,
          94.160819
        ],
        [
          24.411966,
          94.160723
        ],
        [
          24.411781,
          94.160593
        ],
        [
          24.411488,
          94.160443
        ],
        [
          24.411209,
          94.160193
        ],
        [
          24.410992,
          94.15997
        ],
        [
          24.410702,
          94.159623
        ],
        [
          24.410422,
          94.15929
        ],
        [
          24.410267,
          94.159102
        ],
        [
          24.410132,
          94.158917
        ],
        [
          24.409873,
          94.158631
        ],
        [
          24.409792,
          94.158564
        ],
        [
          24.409648,
          94.158329
        ],
        [
          24.409571,
          94.158214
        ],
        [
          24.409424,
          94.157988
        ],
        [
          24.409284,
          94.157785
        ],
        [
          24.409192,
          94.157528
        ],
        [
          24.409161,
          94.157445
        ],
        [
          24.409132,
          94.157367
        ],
        [
          24.409076,
          94.157302
        ],
        [
          24.409007,
          94.157243
        ],
        [
          24.408947,
          94.157235
        ],
        [
          24.408908,
          94.15724
        ],
        [
          24.408846,
          94.157262
        ],
        [
          24.408784,
          94.157282
        ],
        [
          24.408734,
          94.1573
        ],
        [
          24.40864,
          94.157312
        ],
        [
          24.408552,
          94.157273
        ],
        [
          24.408444,
          94.15717
        ],
        [
          24.408353,
          94.157077
        ],
        [
          24.408151,
          94.156845
        ],
        [
          24.408027,
          94.156699
        ],
        [
          24.407936,
          94.156605
        ],
        [
          24.407801,
          94.156541
        ],
        [
          24.407648,
          94.156491
        ],
        [
          24.407344,
          94.156466
        ],
        [
          24.407124,
          94.156482
        ],
        [
          24.406868,
          94.156449
        ],
        [
          24.406624,
          94.156387
        ],
        [
          24.406271,
          94.156317
        ],
        [
          24.405938,
          94.156219
        ],
        [
          24.405631,
          94.156159
        ],
        [
          24.405232,
          94.156131
        ],
        [
          24.404749,
          94.156134
        ],
        [
          24.404636,
          94.156129
        ],
        [
          24.404487,
          94.156189
        ],
        [
          24.404358,
          94.156272
        ],
        [
          24.404247,
          94.156441
        ],
        [
          24.404226,
          94.156514
        ],
        [
          24.40417,
          94.156602
        ],
        [
          24.404114,
          94.156639
        ],
        [
          24.403989,
          94.156624
        ],
        [
          24.40393,
          94.156595
        ],
        [
          24.403815,
          94.156567
        ],
        [
          24.403662,
          94.156522
        ],
        [
          24.403553,
          94.156516
        ],
        [
          24.403494,
          94.156511
        ],
        [
          24.403422,
          94.156519
        ],
        [
          24.40338,
          94.156544
        ],
        [
          24.40328,
          94.156695
        ],
        [
          24.403196,
          94.15687
        ],
        [
          24.403105,
          94.157023
        ],
        [
          24.403039,
          94.157145
        ],
        [
          24.402979,
          94.157242
        ],
        [
          24.402876,
          94.15732
        ],
        [
          24.402794,
          94.157347
        ],
        [
          24.402664,
          94.157307
        ],
        [
          24.4026,
          94.157282
        ],
        [
          24.402549,
          94.157285
        ],
        [
          24.402473,
          94.157322
        ],
        [
          24.402441,
          94.15737
        ],
        [
          24.402386,
          94.157462
        ],
        [
          24.402321,
          94.15757
        ],
        [
          24.402162,
          94.157825
        ],
        [
          24.402077,
          94.157935
        ],
        [
          24.401931,
          94.158139
        ],
        [
          24.401795,
          94.158264
        ],
        [
          24.401645,
          94.158294
        ],
        [
          24.401575,
          94.158254
        ],
        [
          24.401511,
          94.158211
        ],
        [
          24.401464,
          94.158133
        ],
        [
          24.401376,
          94.157976
        ],
        [
          24.401337,
          94.15791
        ],
        [
          24.401294,
          94.157873
        ],
        [
          24.401255,
          94.157848
        ],
        [
          24.401159,
          94.157835
        ],
        [
          24.401114,
          94.157828
        ],
        [
          24.401024,
          94.15782
        ],
        [
          24.400892,
          94.157803
        ],
        [
          24.400803,
          94.157763
        ],
        [
          24.400695,
          94.157728
        ],
        [
          24.400604,
          94.157658
        ],
        [
          24.40047,
          94.157528
        ],
        [
          24.400416,
          94.157478
        ],
        [
          24.400355,
          94.157418
        ],
        [
          24.400279,
          94.157318
        ],
        [
          24.400209,
          94.157221
        ],
        [
          24.400167,
          94.157185
        ],
        [
          24.400058,
          94.157145
        ],
        [
          24.400012,
          94.157111
        ],
        [
          24.3999,
          94.157005
        ],
        [
          24.399803,
          94.156925
        ],
        [
          24.399721,
          94.156835
        ],
        [
          24.399587,
          94.156812
        ],
        [
          24.399412,
          94.156772
        ],
        [
          24.399351,
          94.156772
        ],
        [
          24.399254,
          94.156778
        ],
        [
          24.399196,
          94.156788
        ],
        [
          24.399157,
          94.156915
        ],
        [
          24.399117,
          94.157021
        ],
        [
          24.399072,
          94.157138
        ],
        [
          24.399014,
          94.157258
        ],
        [
          24.398963,
          94.157368
        ],
        [
          24.398881,
          94.157451
        ],
        [
          24.398774,
          94.157528
        ],
        [
          24.398668,
          94.157571
        ],
        [
          24.398565,
          94.157598
        ],
        [
          24.398404,
          94.157641
        ],
        [
          24.398195,
          94.157668
        ],
        [
          24.398068,
          94.157751
        ],
        [
          24.397983,
          94.157824
        ],
        [
          24.397934,
          94.157904
        ],
        [
          24.397898,
          94.158021
        ],
        [
          24.397849,
          94.158131
        ],
        [
          24.397804,
          94.158224
        ],
        [
          24.397695,
          94.15836
        ],
        [
          24.397607,
          94.15844
        ],
        [
          24.397479,
          94.15855
        ],
        [
          24.397334,
          94.15868
        ],
        [
          24.397058,
          94.1588
        ],
        [
          24.39696,
          94.158863
        ],
        [
          24.396857,
          94.158903
        ],
        [
          24.396766,
          94.1589
        ],
        [
          24.396709,
          94.158863
        ],
        [
          24.396654,
          94.158797
        ],
        [
          24.396639,
          94.158714
        ],
        [
          24.396624,
          94.158597
        ],
        [
          24.396593,
          94.158507
        ],
        [
          24.396487,
          94.158357
        ],
        [
          24.39639,
          94.158124
        ],
        [
          24.396384,
          94.158077
        ],
        [
          24.396405,
          94.157934
        ],
        [
          24.396445,
          94.157768
        ],
        [
          24.396505,
          94.157498
        ],
        [
          24.396527,
          94.157391
        ],
        [
          24.396496,
          94.157238
        ],
        [
          24.396411,
          94.157121
        ],
        [
          24.396357,
          94.157065
        ],
        [
          24.396238,
          94.157025
        ],
        [
          24.396135,
          94.157011
        ],
        [
          24.39589,
          94.157041
        ],
        [
          24.395783,
          94.157025
        ],
        [
          24.39565,
          94.156988
        ],
        [
          24.395589,
          94.156965
        ],
        [
          24.395483,
          94.156875
        ],
        [
          24.395365,
          94.156772
        ],
        [
          24.395198,
          94.156572
        ],
        [
          24.394976,
          94.156349
        ],
        [
          24.394797,
          94.156182
        ],
        [
          24.394579,
          94.156062
        ],
        [
          24.394427,
          94.156012
        ],
        [
          24.394321,
          94.155956
        ],
        [
          24.394106,
          94.155839
        ],
        [
          24.394045,
          94.155612
        ],
        [
          24.394033,
          94.155522
        ],
        [
          24.394024,
          94.155419
        ],
        [
          24.394006,
          94.155323
        ],
        [
          24.393966,
          94.155236
        ],
        [
          24.393887,
          94.155213
        ],
        [
          24.393824,
          94.155209
        ],
        [
          24.393778,
          94.155216
        ],
        [
          24.393727,
          94.155236
        ],
        [
          24.393666,
          94.155279
        ],
        [
          24.393581,
          94.155336
        ],
        [
          24.39352,
          94.155336
        ],
        [
          24.393426,
          94.155313
        ],
        [
          24.393329,
          94.155286
        ],
        [
          24.393217,
          94.155256
        ],
        [
          24.393026,
          94.155143
        ],
        [
          24.392868,
          94.155089
        ],
        [
          24.39278,
          94.155059
        ],
        [
          24.392671,
          94.155029
        ],
        [
          24.392553,
          94.15497
        ],
        [
          24.392404,
          94.15488
        ],
        [
          24.392286,
          94.15481
        ],
        [
          24.392113,
          94.154683
        ],
        [
          24.391809,
          94.15457
        ],
        [
          24.391652,
          94.15453
        ],
        [
          24.391457,
          94.154473
        ],
        [
          24.391278,
          94.154407
        ],
        [
          24.391075,
          94.154243
        ],
        [
          24.390887,
          94.15409
        ],
        [
          24.390666,
          94.153857
        ],
        [
          24.390471,
          94.153727
        ],
        [
          24.390277,
          94.153434
        ],
        [
          24.390177,
          94.153237
        ],
        [
          24.390089,
          94.153114
        ],
        [
          24.390019,
          94.153018
        ],
        [
          24.389883,
          94.152771
        ],
        [
          24.389925,
          94.152625
        ],
        [
          24.390141,
          94.152608
        ],
        [
          24.390256,
          94.152635
        ],
        [
          24.390308,
          94.152648
        ],
        [
          24.390405,
          94.152671
        ],
        [
          24.390572,
          94.152641
        ],
        [
          24.390641,
          94.152654
        ],
        [
          24.390811,
          94.152635
        ],
        [
          24.39086,
          94.152625
        ],
        [
          24.39093,
          94.152608
        ],
        [
          24.391005,
          94.152585
        ],
        [
          24.391063,
          94.152565
        ],
        [
          24.391121,
          94.152528
        ],
        [
          24.391163,
          94.152481
        ],
        [
          24.391203,
          94.152431
        ],
        [
          24.391266,
          94.152325
        ],
        [
          24.391306,
          94.152228
        ],
        [
          24.391288,
          94.152085
        ],
        [
          24.391236,
          94.151972
        ],
        [
          24.391163,
          94.151842
        ],
        [
          24.39116,
          94.151752
        ],
        [
          24.391242,
          94.151595
        ],
        [
          24.391318,
          94.151525
        ],
        [
          24.391379,
          94.151449
        ],
        [
          24.391421,
          94.151362
        ],
        [
          24.391445,
          94.151252
        ],
        [
          24.391412,
          94.151179
        ],
        [
          24.391354,
          94.151139
        ],
        [
          24.391294,
          94.151082
        ],
        [
          24.391248,
          94.150996
        ],
        [
          24.391218,
          94.150902
        ],
        [
          24.391194,
          94.150802
        ],
        [
          24.391163,
          94.150653
        ],
        [
          24.391106,
          94.150523
        ],
        [
          24.391002,
          94.150403
        ],
        [
          24.390699,
          94.150283
        ],
        [
          24.390429,
          94.150183
        ],
        [
          24.390186,
          94.14962
        ],
        [
          24.390107,
          94.149467
        ],
        [
          24.39008,
          94.149407
        ],
        [
          24.39001,
          94.149304
        ],
        [
          24.389925,
          94.149237
        ],
        [
          24.389692,
          94.14923
        ],
        [
          24.389625,
          94.149227
        ],
        [
          24.389519,
          94.149217
        ],
        [
          24.389422,
          94.149207
        ],
        [
          24.389346,
          94.14914
        ],
        [
          24.389197,
          94.148874
        ],
        [
          24.38904,
          94.148714
        ],
        [
          24.38893,
          94.148414
        ],
        [
          24.388818,
          94.147981
        ],
        [
          24.38846,
          94.147615
        ],
        [
          24.388299,
          94.147408
        ],
        [
          24.38829,
          94.147288
        ],
        [
          24.388351,
          94.147205
        ],
        [
          24.388583,
          94.14716
        ],
        [
          24.388669,
          94.147164
        ],
        [
          24.388806,
          94.147108
        ],
        [
          24.388853,
          94.146967
        ],
        [
          24.388896,
          94.146811
        ],
        [
          24.388939,
          94.146609
        ],
        [
          24.388943,
          94.14643
        ],
        [
          24.388939,
          94.146265
        ],
        [
          24.388943,
          94.146072
        ],
        [
          24.388896,
          94.145878
        ],
        [
          24.388819,
          94.145634
        ],
        [
          24.388639,
          94.145294
        ],
        [
          24.388527,
          94.145007
        ],
        [
          24.388376,
          94.144715
        ],
        [
          24.38847,
          94.144343
        ],
        [
          24.388625,
          94.144133
        ],
        [
          24.388745,
          94.144041
        ],
        [
          24.388865,
          94.143971
        ],
        [
          24.388985,
          94.143947
        ],
        [
          24.389257,
          94.144013
        ],
        [
          24.38933,
          94.144043
        ],
        [
          24.389433,
          94.144046
        ],
        [
          24.389524,
          94.144059
        ],
        [
          24.389636,
          94.144046
        ],
        [
          24.389764,
          94.143996
        ],
        [
          24.389806,
          94.143986
        ],
        [
          24.389894,
          94.143929
        ],
        [
          24.389949,
          94.143859
        ],
        [
          24.389985,
          94.143773
        ],
        [
          24.390019,
          94.14363
        ],
        [
          24.390025,
          94.143506
        ],
        [
          24.389894,
          94.14324
        ],
        [
          24.389821,
          94.143107
        ],
        [
          24.389588,
          94.14282
        ],
        [
          24.389354,
          94.142444
        ],
        [
          24.389245,
          94.142011
        ],
        [
          24.389297,
          94.141751
        ],
        [
          24.389385,
          94.141568
        ],
        [
          24.389448,
          94.141464
        ],
        [
          24.389491,
          94.141295
        ],
        [
          24.389479,
          94.141125
        ],
        [
          24.389394,
          94.140917
        ],
        [
          24.389276,
          94.140593
        ],
        [
          24.389211,
          94.140429
        ],
        [
          24.389137,
          94.140343
        ],
        [
          24.389116,
          94.14043
        ],
        [
          24.389079,
          94.140549
        ],
        [
          24.389015,
          94.140692
        ],
        [
          24.388953,
          94.140796
        ],
        [
          24.388867,
          94.140932
        ],
        [
          24.388695,
          94.141181
        ],
        [
          24.388497,
          94.141572
        ],
        [
          24.388304,
          94.142023
        ],
        [
          24.387949,
          94.142719
        ],
        [
          24.387736,
          94.14304
        ],
        [
          24.387594,
          94.143198
        ],
        [
          24.387489,
          94.143245
        ],
        [
          24.387395,
          94.143253
        ],
        [
          24.387244,
          94.143266
        ],
        [
          24.387158,
          94.143264
        ],
        [
          24.387007,
          94.143371
        ],
        [
          24.386956,
          94.143483
        ],
        [
          24.386934,
          94.143595
        ],
        [
          24.386918,
          94.143756
        ],
        [
          24.386931,
          94.143958
        ],
        [
          24.387004,
          94.144146
        ],
        [
          24.387045,
          94.14424
        ],
        [
          24.387051,
          94.144408
        ],
        [
          24.386983,
          94.144748
        ],
        [
          24.386896,
          94.14491
        ],
        [
          24.386773,
          94.145074
        ],
        [
          24.38655,
          94.145209
        ],
        [
          24.386419,
          94.145276
        ],
        [
          24.38631,
          94.14537
        ],
        [
          24.386068,
          94.145712
        ],
        [
          24.385935,
          94.145928
        ],
        [
          24.385769,
          94.146112
        ],
        [
          24.38567,
          94.146171
        ],
        [
          24.385483,
          94.146246
        ],
        [
          24.385293,
          94.146281
        ],
        [
          24.385046,
          94.146312
        ],
        [
          24.384649,
          94.146256
        ],
        [
          24.384275,
          94.146239
        ],
        [
          24.383965,
          94.146331
        ],
        [
          24.383673,
          94.146472
        ],
        [
          24.383433,
          94.146539
        ],
        [
          24.383317,
          94.146579
        ],
        [
          24.383232,
          94.146588
        ],
        [
          24.383182,
          94.14663
        ],
        [
          24.383155,
          94.146688
        ],
        [
          24.383152,
          94.146753
        ],
        [
          24.383186,
          94.146826
        ],
        [
          24.38325,
          94.146862
        ],
        [
          24.383341,
          94.146876
        ],
        [
          24.383674,
          94.1469
        ],
        [
          24.384294,
          94.146903
        ],
        [
          24.384421,
          94.146882
        ],
        [
          24.384492,
          94.14687
        ],
        [
          24.384729,
          94.146804
        ],
        [
          24.38489,
          94.146837
        ],
        [
          24.384992,
          94.146879
        ],
        [
          24.385139,
          94.146963
        ],
        [
          24.385298,
          94.147011
        ],
        [
          24.385511,
          94.147046
        ],
        [
          24.385635,
          94.147053
        ],
        [
          24.385774,
          94.147083
        ],
        [
          24.385984,
          94.147171
        ],
        [
          24.386125,
          94.147223
        ],
        [
          24.386309,
          94.147274
        ],
        [
          24.386683,
          94.14739
        ],
        [
          24.386747,
          94.147461
        ],
        [
          24.386749,
          94.147533
        ],
        [
          24.38671,
          94.147582
        ],
        [
          24.386623,
          94.147608
        ],
        [
          24.386527,
          94.147593
        ],
        [
          24.386346,
          94.14755
        ],
        [
          24.386108,
          94.147567
        ],
        [
          24.385804,
          94.14761
        ],
        [
          24.385523,
          94.147555
        ],
        [
          24.385311,
          94.147486
        ],
        [
          24.385177,
          94.147495
        ],
        [
          24.385059,
          94.147533
        ],
        [
          24.384937,
          94.147624
        ],
        [
          24.384646,
          94.147748
        ],
        [
          24.384386,
          94.147777
        ],
        [
          24.384268,
          94.147779
        ],
        [
          24.384174,
          94.147804
        ],
        [
          24.384111,
          94.147842
        ],
        [
          24.384034,
          94.14795
        ],
        [
          24.383929,
          94.148067
        ],
        [
          24.38376,
          94.148176
        ],
        [
          24.383447,
          94.148293
        ],
        [
          24.383255,
          94.14838
        ],
        [
          24.383083,
          94.148427
        ],
        [
          24.382998,
          94.148505
        ],
        [
          24.382956,
          94.148602
        ],
        [
          24.382864,
          94.148793
        ],
        [
          24.382677,
          94.149143
        ],
        [
          24.382484,
          94.14953
        ],
        [
          24.382293,
          94.149832
        ],
        [
          24.382108,
          94.149956
        ],
        [
          24.381896,
          94.15006
        ],
        [
          24.381584,
          94.150166
        ],
        [
          24.381361,
          94.150212
        ],
        [
          24.381167,
          94.150306
        ],
        [
          24.381036,
          94.150436
        ],
        [
          24.380829,
          94.150804
        ],
        [
          24.380586,
          94.151039
        ],
        [
          24.380362,
          94.151252
        ],
        [
          24.380202,
          94.151445
        ],
        [
          24.380096,
          94.15165
        ],
        [
          24.380061,
          94.151746
        ],
        [
          24.380075,
          94.151823
        ],
        [
          24.380096,
          94.152094
        ],
        [
          24.380095,
          94.152276
        ],
        [
          24.380059,
          94.152519
        ],
        [
          24.380025,
          94.152746
        ],
        [
          24.379985,
          94.152888
        ],
        [
          24.379932,
          94.15295
        ],
        [
          24.379848,
          94.153017
        ],
        [
          24.379777,
          94.15305
        ],
        [
          24.379704,
          94.153073
        ],
        [
          24.37964,
          94.153145
        ],
        [
          24.379615,
          94.153255
        ],
        [
          24.37957,
          94.153402
        ],
        [
          24.37948,
          94.153906
        ],
        [
          24.379393,
          94.154045
        ],
        [
          24.379154,
          94.154233
        ],
        [
          24.37897,
          94.154338
        ],
        [
          24.378843,
          94.154451
        ],
        [
          24.378819,
          94.154637
        ],
        [
          24.378797,
          94.154821
        ],
        [
          24.378789,
          94.155159
        ],
        [
          24.378762,
          94.155371
        ],
        [
          24.378688,
          94.155499
        ],
        [
          24.378559,
          94.155706
        ],
        [
          24.378512,
          94.155869
        ],
        [
          24.378448,
          94.15617
        ],
        [
          24.378328,
          94.156636
        ],
        [
          24.378256,
          94.157046
        ],
        [
          24.378199,
          94.157281
        ],
        [
          24.378102,
          94.157537
        ],
        [
          24.377998,
          94.157707
        ],
        [
          24.37785,
          94.157847
        ],
        [
          24.377727,
          94.157958
        ],
        [
          24.377441,
          94.158066
        ],
        [
          24.377262,
          94.158116
        ],
        [
          24.377023,
          94.158247
        ],
        [
          24.376882,
          94.158336
        ],
        [
          24.376833,
          94.158389
        ],
        [
          24.3768,
          94.158507
        ],
        [
          24.376836,
          94.158634
        ],
        [
          24.37691,
          94.158657
        ],
        [
          24.377019,
          94.158662
        ],
        [
          24.377189,
          94.158602
        ],
        [
          24.377366,
          94.158579
        ],
        [
          24.377606,
          94.158601
        ],
        [
          24.377775,
          94.15863
        ],
        [
          24.377841,
          94.158682
        ],
        [
          24.377867,
          94.158734
        ],
        [
          24.377864,
          94.158786
        ],
        [
          24.377823,
          94.15884
        ],
        [
          24.377754,
          94.158861
        ],
        [
          24.377641,
          94.158856
        ],
        [
          24.377444,
          94.158845
        ],
        [
          24.377266,
          94.158922
        ],
        [
          24.377069,
          94.159079
        ],
        [
          24.376918,
          94.159126
        ],
        [
          24.376742,
          94.159113
        ],
        [
          24.376658,
          94.15911
        ],
        [
          24.376476,
          94.159187
        ],
        [
          24.376319,
          94.159315
        ],
        [
          24.376164,
          94.15934
        ],
        [
          24.376013,
          94.1593
        ],
        [
          24.375776,
          94.159289
        ],
        [
          24.37566,
          94.159322
        ],
        [
          24.375486,
          94.159422
        ],
        [
          24.375324,
          94.159613
        ],
        [
          24.375177,
          94.159776
        ],
        [
          24.374952,
          94.159906
        ],
        [
          24.374766,
          94.16013
        ],
        [
          24.374676,
          94.160303
        ],
        [
          24.374529,
          94.16051
        ],
        [
          24.374431,
          94.160635
        ],
        [
          24.37436,
          94.160657
        ],
        [
          24.374201,
          94.16069
        ],
        [
          24.373956,
          94.160688
        ],
        [
          24.373704,
          94.160743
        ],
        [
          24.373572,
          94.16076
        ],
        [
          24.373383,
          94.160738
        ],
        [
          24.373299,
          94.160763
        ],
        [
          24.373263,
          94.160828
        ],
        [
          24.373245,
          94.160889
        ],
        [
          24.373208,
          94.16102
        ],
        [
          24.373156,
          94.161298
        ],
        [
          24.373033,
          94.161541
        ],
        [
          24.372889,
          94.161845
        ],
        [
          24.372791,
          94.162179
        ],
        [
          24.372711,
          94.162479
        ],
        [
          24.372647,
          94.162602
        ],
        [
          24.372568,
          94.162653
        ],
        [
          24.372509,
          94.162669
        ],
        [
          24.372342,
          94.162668
        ],
        [
          24.371983,
          94.162668
        ],
        [
          24.371863,
          94.162672
        ],
        [
          24.371804,
          94.162704
        ],
        [
          24.371666,
          94.16278
        ],
        [
          24.371482,
          94.162837
        ],
        [
          24.371298,
          94.162804
        ],
        [
          24.371098,
          94.162773
        ],
        [
          24.370916,
          94.162746
        ],
        [
          24.370818,
          94.162757
        ],
        [
          24.370719,
          94.162793
        ],
        [
          24.370611,
          94.162873
        ],
        [
          24.370461,
          94.162929
        ],
        [
          24.3702,
          94.163034
        ],
        [
          24.369979,
          94.16307
        ],
        [
          24.369607,
          94.163089
        ],
        [
          24.369239,
          94.16312
        ],
        [
          24.369062,
          94.163081
        ],
        [
          24.368704,
          94.162951
        ],
        [
          24.368156,
          94.162732
        ],
        [
          24.3676,
          94.162545
        ],
        [
          24.367463,
          94.162555
        ],
        [
          24.367382,
          94.162594
        ],
        [
          24.36725,
          94.162664
        ],
        [
          24.367165,
          94.162824
        ],
        [
          24.367112,
          94.162917
        ],
        [
          24.366987,
          94.163072
        ],
        [
          24.366879,
          94.163162
        ],
        [
          24.366809,
          94.163265
        ],
        [
          24.36678,
          94.163365
        ],
        [
          24.366779,
          94.163502
        ],
        [
          24.366793,
          94.163627
        ],
        [
          24.36683,
          94.163796
        ],
        [
          24.36682,
          94.163998
        ],
        [
          24.36678,
          94.164359
        ],
        [
          24.36675,
          94.164657
        ],
        [
          24.366699,
          94.164804
        ],
        [
          24.366623,
          94.164921
        ],
        [
          24.366512,
          94.165037
        ],
        [
          24.366379,
          94.165157
        ],
        [
          24.366265,
          94.165332
        ],
        [
          24.366165,
          94.165564
        ],
        [
          24.366078,
          94.165682
        ],
        [
          24.365847,
          94.165918
        ],
        [
          24.365674,
          94.166141
        ],
        [
          24.365528,
          94.166377
        ],
        [
          24.365508,
          94.166454
        ],
        [
          24.36552,
          94.166545
        ],
        [
          24.365567,
          94.166689
        ],
        [
          24.365661,
          94.166923
        ],
        [
          24.365807,
          94.167314
        ],
        [
          24.36599,
          94.167626
        ],
        [
          24.366047,
          94.167813
        ],
        [
          24.366061,
          94.167952
        ],
        [
          24.366057,
          94.168089
        ],
        [
          24.366048,
          94.168176
        ],
        [
          24.365982,
          94.1683
        ],
        [
          24.365864,
          94.16839
        ],
        [
          24.365805,
          94.168435
        ],
        [
          24.365752,
          94.168557
        ],
        [
          24.36573,
          94.168742
        ],
        [
          24.36576,
          94.168944
        ],
        [
          24.365754,
          94.16905
        ],
        [
          24.36573,
          94.169181
        ],
        [
          24.365603,
          94.169486
        ],
        [
          24.365573,
          94.169663
        ],
        [
          24.36556,
          94.169853
        ],
        [
          24.365559,
          94.169967
        ],
        [
          24.365483,
          94.170124
        ],
        [
          24.365395,
          94.170191
        ],
        [
          24.365323,
          94.170215
        ],
        [
          24.365091,
          94.170227
        ],
        [
          24.364928,
          94.170221
        ],
        [
          24.364805,
          94.170265
        ],
        [
          24.364687,
          94.170281
        ],
        [
          24.364577,
          94.170266
        ],
        [
          24.36449,
          94.170218
        ],
        [
          24.364361,
          94.17021
        ],
        [
          24.364308,
          94.170224
        ],
        [
          24.364224,
          94.17027
        ],
        [
          24.364216,
          94.170373
        ],
        [
          24.364223,
          94.170536
        ],
        [
          24.364227,
          94.170621
        ],
        [
          24.364253,
          94.170788
        ],
        [
          24.364273,
          94.170911
        ],
        [
          24.364234,
          94.171041
        ],
        [
          24.36414,
          94.171124
        ],
        [
          24.363909,
          94.171246
        ],
        [
          24.3638,
          94.171284
        ],
        [
          24.363749,
          94.171462
        ],
        [
          24.363756,
          94.171619
        ],
        [
          24.363742,
          94.171689
        ],
        [
          24.363702,
          94.171766
        ],
        [
          24.363682,
          94.171865
        ],
        [
          24.363666,
          94.171951
        ],
        [
          24.363672,
          94.172047
        ],
        [
          24.363727,
          94.172131
        ],
        [
          24.363829,
          94.172243
        ],
        [
          24.364,
          94.172363
        ],
        [
          24.364139,
          94.172459
        ],
        [
          24.364207,
          94.17257
        ],
        [
          24.364227,
          94.172678
        ],
        [
          24.364207,
          94.172783
        ],
        [
          24.364131,
          94.172879
        ],
        [
          24.364052,
          94.172959
        ],
        [
          24.363982,
          94.1731
        ],
        [
          24.36395,
          94.173264
        ],
        [
          24.363996,
          94.173416
        ],
        [
          24.364016,
          94.173525
        ],
        [
          24.364022,
          94.173634
        ],
        [
          24.364036,
          94.173731
        ],
        [
          24.36407,
          94.17384
        ],
        [
          24.364133,
          94.173907
        ],
        [
          24.364204,
          94.173954
        ],
        [
          24.364326,
          94.173949
        ],
        [
          24.364534,
          94.174007
        ],
        [
          24.364731,
          94.174129
        ],
        [
          24.364994,
          94.174372
        ],
        [
          24.365152,
          94.174415
        ],
        [
          24.365393,
          94.174401
        ],
        [
          24.365729,
          94.174349
        ],
        [
          24.366209,
          94.174394
        ],
        [
          24.366341,
          94.174393
        ],
        [
          24.366461,
          94.174355
        ],
        [
          24.36664,
          94.174222
        ],
        [
          24.366805,
          94.174156
        ],
        [
          24.366995,
          94.174123
        ],
        [
          24.367204,
          94.174166
        ],
        [
          24.367298,
          94.174234
        ],
        [
          24.367368,
          94.174327
        ],
        [
          24.367468,
          94.174463
        ],
        [
          24.367588,
          94.174664
        ],
        [
          24.36761,
          94.174832
        ],
        [
          24.367593,
          94.174966
        ],
        [
          24.367565,
          94.175056
        ],
        [
          24.367523,
          94.175143
        ],
        [
          24.367468,
          94.1752
        ],
        [
          24.367359,
          94.175258
        ],
        [
          24.367206,
          94.175277
        ],
        [
          24.367072,
          94.175302
        ],
        [
          24.366967,
          94.175314
        ],
        [
          24.366884,
          94.175331
        ],
        [
          24.366808,
          94.175396
        ],
        [
          24.366775,
          94.175488
        ],
        [
          24.366771,
          94.175603
        ],
        [
          24.36679,
          94.175717
        ],
        [
          24.366828,
          94.175817
        ],
        [
          24.366872,
          94.175961
        ],
        [
          24.366995,
          94.176204
        ],
        [
          24.367168,
          94.176527
        ],
        [
          24.367246,
          94.176703
        ],
        [
          24.367291,
          94.176839
        ],
        [
          24.367314,
          94.177027
        ],
        [
          24.367296,
          94.177104
        ],
        [
          24.367202,
          94.177196
        ],
        [
          24.367057,
          94.177297
        ],
        [
          24.366918,
          94.177372
        ],
        [
          24.366825,
          94.17748
        ],
        [
          24.366782,
          94.177616
        ],
        [
          24.366797,
          94.177709
        ],
        [
          24.36683,
          94.177826
        ],
        [
          24.366884,
          94.17796
        ],
        [
          24.366949,
          94.178069
        ],
        [
          24.367007,
          94.178141
        ],
        [
          24.367148,
          94.178262
        ],
        [
          24.367335,
          94.178351
        ],
        [
          24.367388,
          94.178463
        ],
        [
          24.367395,
          94.178572
        ],
        [
          24.367406,
          94.178699
        ],
        [
          24.367429,
          94.178812
        ],
        [
          24.367472,
          94.178991
        ],
        [
          24.36781,
          94.179337
        ],
        [
          24.368002,
          94.179486
        ],
        [
          24.36801,
          94.1796
        ],
        [
          24.36797,
          94.179669
        ],
        [
          24.36791,
          94.179702
        ],
        [
          24.36784,
          94.179716
        ],
        [
          24.367745,
          94.179752
        ],
        [
          24.36769,
          94.179809
        ],
        [
          24.367626,
          94.1799
        ],
        [
          24.367639,
          94.180038
        ],
        [
          24.367682,
          94.180174
        ],
        [
          24.36772,
          94.180296
        ],
        [
          24.367785,
          94.180451
        ],
        [
          24.367899,
          94.180649
        ],
        [
          24.367946,
          94.180766
        ],
        [
          24.367992,
          94.180901
        ],
        [
          24.368017,
          94.181008
        ],
        [
          24.36802,
          94.181114
        ],
        [
          24.367992,
          94.181168
        ],
        [
          24.367956,
          94.181188
        ],
        [
          24.367895,
          94.181182
        ],
        [
          24.367859,
          94.181152
        ],
        [
          24.367777,
          94.181064
        ],
        [
          24.367612,
          94.180865
        ],
        [
          24.367476,
          94.180784
        ],
        [
          24.367315,
          94.180748
        ],
        [
          24.367141,
          94.180737
        ],
        [
          24.367058,
          94.180729
        ],
        [
          24.366971,
          94.180682
        ],
        [
          24.366818,
          94.180589
        ],
        [
          24.366745,
          94.180527
        ],
        [
          24.366667,
          94.180489
        ],
        [
          24.366587,
          94.180469
        ],
        [
          24.36649,
          94.180414
        ],
        [
          24.366413,
          94.180346
        ],
        [
          24.366229,
          94.180039
        ],
        [
          24.366027,
          94.179765
        ],
        [
          24.365939,
          94.179671
        ],
        [
          24.365862,
          94.179602
        ],
        [
          24.365837,
          94.179596
        ],
        [
          24.365703,
          94.179605
        ],
        [
          24.365639,
          94.179647
        ],
        [
          24.365585,
          94.17974
        ],
        [
          24.365565,
          94.179859
        ],
        [
          24.365559,
          94.179992
        ],
        [
          24.365528,
          94.180069
        ],
        [
          24.365376,
          94.180292
        ],
        [
          24.365186,
          94.180566
        ],
        [
          24.365115,
          94.180671
        ],
        [
          24.365037,
          94.180741
        ],
        [
          24.364924,
          94.180763
        ],
        [
          24.364824,
          94.180766
        ],
        [
          24.364742,
          94.180812
        ],
        [
          24.364664,
          94.180972
        ],
        [
          24.364628,
          94.181232
        ],
        [
          24.364591,
          94.181614
        ],
        [
          24.364555,
          94.182003
        ],
        [
          24.364544,
          94.182182
        ],
        [
          24.364561,
          94.182337
        ],
        [
          24.364607,
          94.182457
        ],
        [
          24.364635,
          94.182518
        ],
        [
          24.364704,
          94.18262
        ],
        [
          24.364742,
          94.182714
        ],
        [
          24.364782,
          94.182946
        ],
        [
          24.364754,
          94.183238
        ],
        [
          24.36472,
          94.183489
        ],
        [
          24.364607,
          94.183683
        ],
        [
          24.364468,
          94.183757
        ],
        [
          24.364284,
          94.18388
        ],
        [
          24.364207,
          94.183946
        ],
        [
          24.364111,
          94.184031
        ],
        [
          24.364119,
          94.184203
        ],
        [
          24.364173,
          94.184305
        ],
        [
          24.364207,
          94.184412
        ],
        [
          24.364216,
          94.184523
        ],
        [
          24.364191,
          94.184603
        ],
        [
          24.364126,
          94.184691
        ],
        [
          24.36403,
          94.18473
        ],
        [
          24.36391,
          94.184781
        ],
        [
          24.363796,
          94.184854
        ],
        [
          24.363777,
          94.184919
        ],
        [
          24.36376,
          94.184993
        ],
        [
          24.363802,
          94.185079
        ],
        [
          24.363842,
          94.185283
        ],
        [
          24.363857,
          94.185353
        ],
        [
          24.363826,
          94.185473
        ],
        [
          24.36374,
          94.185545
        ],
        [
          24.363655,
          94.1856
        ],
        [
          24.36349,
          94.185687
        ],
        [
          24.363446,
          94.185723
        ],
        [
          24.363411,
          94.185784
        ],
        [
          24.363372,
          94.185861
        ],
        [
          24.363369,
          94.185952
        ],
        [
          24.363398,
          94.186146
        ],
        [
          24.363406,
          94.186306
        ],
        [
          24.363361,
          94.186488
        ],
        [
          24.363266,
          94.186606
        ],
        [
          24.362995,
          94.186814
        ],
        [
          24.362928,
          94.186885
        ],
        [
          24.362919,
          94.186955
        ],
        [
          24.362921,
          94.187098
        ],
        [
          24.362981,
          94.187273
        ],
        [
          24.363017,
          94.187453
        ],
        [
          24.363031,
          94.187568
        ],
        [
          24.363034,
          94.187787
        ],
        [
          24.363019,
          94.18795
        ],
        [
          24.362965,
          94.188055
        ],
        [
          24.362918,
          94.188165
        ],
        [
          24.362892,
          94.188261
        ],
        [
          24.362874,
          94.188345
        ],
        [
          24.362871,
          94.188449
        ],
        [
          24.362858,
          94.188618
        ],
        [
          24.362845,
          94.188681
        ],
        [
          24.36281,
          94.188793
        ],
        [
          24.362677,
          94.188927
        ],
        [
          24.362588,
          94.189021
        ],
        [
          24.362515,
          94.18919
        ],
        [
          24.36245,
          94.189337
        ],
        [
          24.362367,
          94.189445
        ],
        [
          24.362278,
          94.189503
        ],
        [
          24.362181,
          94.189514
        ],
        [
          24.36207,
          94.189502
        ],
        [
          24.361979,
          94.189503
        ],
        [
          24.361837,
          94.189553
        ],
        [
          24.361709,
          94.189662
        ],
        [
          24.361486,
          94.189953
        ],
        [
          24.36135,
          94.190089
        ],
        [
          24.361249,
          94.190111
        ],
        [
          24.361156,
          94.190133
        ],
        [
          24.361054,
          94.190088
        ],
        [
          24.360841,
          94.189925
        ],
        [
          24.360707,
          94.189831
        ],
        [
          24.360628,
          94.189811
        ],
        [
          24.360545,
          94.189798
        ],
        [
          24.360477,
          94.189817
        ],
        [
          24.360401,
          94.189878
        ],
        [
          24.360347,
          94.189969
        ],
        [
          24.36019,
          94.190292
        ],
        [
          24.360054,
          94.190649
        ],
        [
          24.359931,
          94.191055
        ],
        [
          24.35989,
          94.191194
        ],
        [
          24.359763,
          94.191313
        ],
        [
          24.359616,
          94.19137
        ],
        [
          24.359542,
          94.191403
        ],
        [
          24.359483,
          94.19145
        ],
        [
          24.359443,
          94.191509
        ],
        [
          24.359429,
          94.191589
        ],
        [
          24.359422,
          94.191702
        ],
        [
          24.359413,
          94.191791
        ],
        [
          24.359392,
          94.191865
        ],
        [
          24.35934,
          94.19194
        ],
        [
          24.359275,
          94.191975
        ],
        [
          24.359213,
          94.191973
        ],
        [
          24.359098,
          94.191951
        ],
        [
          24.358913,
          94.191827
        ],
        [
          24.358831,
          94.19178
        ],
        [
          24.358749,
          94.191743
        ],
        [
          24.358639,
          94.191831
        ],
        [
          24.358579,
          94.191881
        ],
        [
          24.358494,
          94.191968
        ],
        [
          24.358285,
          94.192216
        ],
        [
          24.358198,
          94.192268
        ],
        [
          24.358125,
          94.192258
        ],
        [
          24.358013,
          94.192169
        ],
        [
          24.357787,
          94.192041
        ],
        [
          24.357703,
          94.192026
        ],
        [
          24.357633,
          94.192033
        ],
        [
          24.357532,
          94.192106
        ],
        [
          24.357489,
          94.192147
        ],
        [
          24.357417,
          94.192251
        ],
        [
          24.357352,
          94.192404
        ],
        [
          24.35729,
          94.192577
        ],
        [
          24.357175,
          94.192793
        ],
        [
          24.357053,
          94.193044
        ],
        [
          24.356919,
          94.193182
        ],
        [
          24.356821,
          94.193249
        ],
        [
          24.356737,
          94.193306
        ],
        [
          24.356677,
          94.19331
        ],
        [
          24.356601,
          94.193302
        ],
        [
          24.356477,
          94.193291
        ],
        [
          24.356365,
          94.193299
        ],
        [
          24.356307,
          94.193365
        ],
        [
          24.35629,
          94.193434
        ],
        [
          24.356261,
          94.193509
        ],
        [
          24.356225,
          94.19358
        ],
        [
          24.356175,
          94.193647
        ],
        [
          24.356088,
          94.193653
        ],
        [
          24.355958,
          94.193639
        ],
        [
          24.355599,
          94.193585
        ],
        [
          24.355442,
          94.193592
        ],
        [
          24.355187,
          94.193617
        ],
        [
          24.354799,
          94.19369
        ],
        [
          24.354664,
          94.193697
        ],
        [
          24.354578,
          94.193707
        ],
        [
          24.354481,
          94.193749
        ],
        [
          24.354361,
          94.193865
        ],
        [
          24.354285,
          94.193983
        ],
        [
          24.354228,
          94.194175
        ],
        [
          24.354204,
          94.194323
        ],
        [
          24.354154,
          94.194595
        ],
        [
          24.354087,
          94.194879
        ],
        [
          24.35399,
          94.19521
        ],
        [
          24.353937,
          94.195288
        ],
        [
          24.353858,
          94.195393
        ],
        [
          24.353656,
          94.195569
        ],
        [
          24.353414,
          94.195721
        ],
        [
          24.353267,
          94.19579
        ],
        [
          24.353162,
          94.195849
        ],
        [
          24.353134,
          94.195971
        ],
        [
          24.353136,
          94.196072
        ],
        [
          24.35314,
          94.196152
        ],
        [
          24.353129,
          94.196242
        ],
        [
          24.353074,
          94.196311
        ],
        [
          24.352989,
          94.196426
        ],
        [
          24.352769,
          94.196636
        ],
        [
          24.352669,
          94.196785
        ],
        [
          24.35258,
          94.19697
        ],
        [
          24.352452,
          94.197238
        ],
        [
          24.352289,
          94.197531
        ],
        [
          24.352275,
          94.197633
        ],
        [
          24.352276,
          94.197712
        ],
        [
          24.352296,
          94.197857
        ],
        [
          24.352345,
          94.1981
        ],
        [
          24.352419,
          94.198255
        ],
        [
          24.352488,
          94.198325
        ],
        [
          24.352525,
          94.198433
        ],
        [
          24.352535,
          94.198534
        ],
        [
          24.352515,
          94.198629
        ],
        [
          24.352443,
          94.198742
        ],
        [
          24.352349,
          94.198891
        ],
        [
          24.352186,
          94.19899
        ],
        [
          24.352125,
          94.199087
        ],
        [
          24.352122,
          94.199222
        ],
        [
          24.352136,
          94.199353
        ],
        [
          24.352172,
          94.199585
        ],
        [
          24.352205,
          94.199778
        ],
        [
          24.352261,
          94.200112
        ],
        [
          24.352338,
          94.200281
        ],
        [
          24.352443,
          94.20041
        ],
        [
          24.352505,
          94.200496
        ],
        [
          24.352543,
          94.200588
        ],
        [
          24.352551,
          94.200673
        ],
        [
          24.352532,
          94.200773
        ],
        [
          24.352491,
          94.200837
        ],
        [
          24.352425,
          94.200866
        ],
        [
          24.352356,
          94.200851
        ],
        [
          24.352251,
          94.200781
        ],
        [
          24.351997,
          94.200576
        ],
        [
          24.351604,
          94.200414
        ],
        [
          24.351198,
          94.200334
        ],
        [
          24.351001,
          94.200328
        ],
        [
          24.350891,
          94.200328
        ],
        [
          24.350812,
          94.2004
        ],
        [
          24.350666,
          94.200513
        ],
        [
          24.350394,
          94.200712
        ],
        [
          24.350268,
          94.200808
        ],
        [
          24.350165,
          94.200841
        ],
        [
          24.350035,
          94.200839
        ],
        [
          24.349903,
          94.200813
        ],
        [
          24.349727,
          94.200808
        ],
        [
          24.349611,
          94.200888
        ],
        [
          24.349588,
          94.200977
        ],
        [
          24.349546,
          94.201259
        ],
        [
          24.349483,
          94.201579
        ],
        [
          24.349419,
          94.201743
        ],
        [
          24.349364,
          94.201798
        ],
        [
          24.349282,
          94.201823
        ],
        [
          24.349172,
          94.20183
        ],
        [
          24.349089,
          94.201863
        ],
        [
          24.349007,
          94.201939
        ],
        [
          24.348813,
          94.20212
        ],
        [
          24.348559,
          94.202156
        ],
        [
          24.348248,
          94.202217
        ],
        [
          24.348112,
          94.202214
        ],
        [
          24.347795,
          94.202178
        ],
        [
          24.347424,
          94.202124
        ],
        [
          24.347308,
          94.202138
        ],
        [
          24.347176,
          94.20219
        ],
        [
          24.347081,
          94.202242
        ],
        [
          24.346947,
          94.202267
        ],
        [
          24.346739,
          94.202236
        ],
        [
          24.346624,
          94.202226
        ],
        [
          24.346554,
          94.202245
        ],
        [
          24.34648,
          94.202275
        ],
        [
          24.346416,
          94.202309
        ],
        [
          24.346163,
          94.202452
        ],
        [
          24.346015,
          94.202524
        ],
        [
          24.345918,
          94.202576
        ],
        [
          24.345812,
          94.202692
        ],
        [
          24.345516,
          94.203055
        ],
        [
          24.345392,
          94.20325
        ],
        [
          24.345329,
          94.203378
        ],
        [
          24.345321,
          94.203496
        ],
        [
          24.345317,
          94.203648
        ],
        [
          24.345328,
          94.20392
        ],
        [
          24.345305,
          94.204132
        ],
        [
          24.345287,
          94.204357
        ],
        [
          24.345252,
          94.204499
        ],
        [
          24.345185,
          94.204638
        ],
        [
          24.345111,
          94.204687
        ],
        [
          24.344974,
          94.204793
        ],
        [
          24.344713,
          94.204972
        ],
        [
          24.34467,
          94.205063
        ],
        [
          24.344664,
          94.205157
        ],
        [
          24.344683,
          94.205342
        ],
        [
          24.344745,
          94.205465
        ],
        [
          24.344873,
          94.205657
        ],
        [
          24.344902,
          94.205882
        ],
        [
          24.3449,
          94.206114
        ],
        [
          24.344887,
          94.206392
        ],
        [
          24.344857,
          94.206715
        ],
        [
          24.344841,
          94.207017
        ],
        [
          24.344818,
          94.2072
        ],
        [
          24.344788,
          94.207327
        ],
        [
          24.344748,
          94.207415
        ],
        [
          24.344713,
          94.207503
        ],
        [
          24.344504,
          94.207813
        ],
        [
          24.34415,
          94.20823
        ],
        [
          24.343914,
          94.208459
        ],
        [
          24.343696,
          94.208548
        ],
        [
          24.343466,
          94.208728
        ],
        [
          24.34333,
          94.208843
        ],
        [
          24.343252,
          94.208924
        ],
        [
          24.343196,
          94.20897
        ],
        [
          24.343069,
          94.208979
        ],
        [
          24.342958,
          94.208992
        ],
        [
          24.342856,
          94.209018
        ],
        [
          24.342726,
          94.209114
        ],
        [
          24.342554,
          94.209271
        ],
        [
          24.342439,
          94.209454
        ],
        [
          24.342357,
          94.209554
        ],
        [
          24.342271,
          94.209628
        ],
        [
          24.342144,
          94.209697
        ],
        [
          24.342037,
          94.2097
        ],
        [
          24.341925,
          94.209667
        ],
        [
          24.341818,
          94.209575
        ],
        [
          24.341614,
          94.209415
        ],
        [
          24.341511,
          94.209401
        ],
        [
          24.341421,
          94.209408
        ],
        [
          24.341339,
          94.209466
        ],
        [
          24.341316,
          94.209571
        ],
        [
          24.34132,
          94.209659
        ],
        [
          24.341339,
          94.209781
        ],
        [
          24.341479,
          94.210031
        ],
        [
          24.341648,
          94.210178
        ],
        [
          24.341856,
          94.210305
        ],
        [
          24.342115,
          94.21043
        ],
        [
          24.342231,
          94.210491
        ],
        [
          24.342317,
          94.210584
        ],
        [
          24.342357,
          94.210683
        ],
        [
          24.342357,
          94.210791
        ],
        [
          24.342327,
          94.210893
        ],
        [
          24.34224,
          94.211098
        ],
        [
          24.342195,
          94.211215
        ],
        [
          24.342174,
          94.211347
        ],
        [
          24.342144,
          94.211466
        ],
        [
          24.342104,
          94.211587
        ],
        [
          24.342054,
          94.211657
        ],
        [
          24.341965,
          94.211729
        ],
        [
          24.341834,
          94.211769
        ],
        [
          24.34158,
          94.211927
        ],
        [
          24.341436,
          94.212113
        ],
        [
          24.341326,
          94.212236
        ],
        [
          24.341127,
          94.212408
        ],
        [
          24.341029,
          94.212569
        ],
        [
          24.34093,
          94.212676
        ],
        [
          24.340793,
          94.212845
        ],
        [
          24.340509,
          94.212988
        ],
        [
          24.340356,
          94.213029
        ],
        [
          24.340128,
          94.213101
        ],
        [
          24.340022,
          94.213151
        ],
        [
          24.339778,
          94.213331
        ],
        [
          24.339507,
          94.213511
        ],
        [
          24.339328,
          94.213723
        ],
        [
          24.339181,
          94.214058
        ],
        [
          24.339104,
          94.214267
        ],
        [
          24.339071,
          94.214414
        ],
        [
          24.339067,
          94.214646
        ],
        [
          24.339044,
          94.214768
        ],
        [
          24.338973,
          94.214934
        ],
        [
          24.338898,
          94.21506
        ],
        [
          24.338847,
          94.21521
        ],
        [
          24.338818,
          94.215351
        ],
        [
          24.338814,
          94.215442
        ],
        [
          24.338823,
          94.215743
        ],
        [
          24.338876,
          94.215931
        ],
        [
          24.338944,
          94.216089
        ],
        [
          24.33903,
          94.216271
        ],
        [
          24.339061,
          94.216373
        ],
        [
          24.33905,
          94.216447
        ],
        [
          24.339008,
          94.216509
        ],
        [
          24.338956,
          94.216541
        ],
        [
          24.338878,
          94.216539
        ],
        [
          24.33877,
          94.216563
        ],
        [
          24.338686,
          94.216737
        ],
        [
          24.33864,
          94.216854
        ],
        [
          24.338557,
          94.216962
        ],
        [
          24.338493,
          94.217058
        ],
        [
          24.338419,
          94.217222
        ],
        [
          24.338493,
          94.217385
        ],
        [
          24.338623,
          94.21749
        ],
        [
          24.338774,
          94.217699
        ],
        [
          24.338907,
          94.217866
        ],
        [
          24.338984,
          94.217929
        ],
        [
          24.339067,
          94.218116
        ],
        [
          24.339105,
          94.218324
        ],
        [
          24.339101,
          94.218506
        ],
        [
          24.339175,
          94.218605
        ],
        [
          24.339371,
          94.218738
        ],
        [
          24.33941,
          94.218837
        ],
        [
          24.339418,
          94.219043
        ],
        [
          24.339462,
          94.219222
        ],
        [
          24.339619,
          94.219357
        ],
        [
          24.339748,
          94.219454
        ],
        [
          24.339812,
          94.219587
        ],
        [
          24.339848,
          94.21972
        ],
        [
          24.339875,
          94.219871
        ],
        [
          24.339891,
          94.220056
        ],
        [
          24.339871,
          94.220154
        ],
        [
          24.339768,
          94.220352
        ],
        [
          24.339684,
          94.220448
        ],
        [
          24.339575,
          94.22049
        ],
        [
          24.33948,
          94.220516
        ],
        [
          24.339342,
          94.220603
        ],
        [
          24.339284,
          94.220709
        ],
        [
          24.339321,
          94.220788
        ],
        [
          24.339395,
          94.220825
        ],
        [
          24.339484,
          94.220857
        ],
        [
          24.339592,
          94.220893
        ],
        [
          24.339687,
          94.220938
        ],
        [
          24.339745,
          94.220998
        ],
        [
          24.339805,
          94.221107
        ],
        [
          24.339828,
          94.221194
        ],
        [
          24.339792,
          94.221419
        ],
        [
          24.339735,
          94.221556
        ],
        [
          24.339684,
          94.221703
        ],
        [
          24.339579,
          94.221861
        ],
        [
          24.339448,
          94.222024
        ],
        [
          24.339335,
          94.222095
        ],
        [
          24.339065,
          94.222226
        ],
        [
          24.338911,
          94.222305
        ],
        [
          24.338797,
          94.222359
        ],
        [
          24.338681,
          94.222441
        ],
        [
          24.33863,
          94.222511
        ],
        [
          24.338613,
          94.222588
        ],
        [
          24.338621,
          94.222698
        ],
        [
          24.338641,
          94.222798
        ],
        [
          24.338689,
          94.222958
        ],
        [
          24.3388,
          94.223138
        ],
        [
          24.338954,
          94.223273
        ],
        [
          24.339047,
          94.22333
        ],
        [
          24.339123,
          94.223414
        ],
        [
          24.33925,
          94.223632
        ],
        [
          24.339264,
          94.223757
        ],
        [
          24.339268,
          94.223903
        ],
        [
          24.339291,
          94.224032
        ],
        [
          24.339392,
          94.224166
        ],
        [
          24.339447,
          94.224196
        ],
        [
          24.339588,
          94.22426
        ],
        [
          24.339664,
          94.224375
        ],
        [
          24.339694,
          94.224491
        ],
        [
          24.339748,
          94.224572
        ],
        [
          24.339811,
          94.224605
        ],
        [
          24.339905,
          94.224633
        ],
        [
          24.340094,
          94.224655
        ],
        [
          24.340311,
          94.224748
        ],
        [
          24.340542,
          94.224782
        ],
        [
          24.340743,
          94.224886
        ],
        [
          24.340895,
          94.22501
        ],
        [
          24.341024,
          94.225155
        ],
        [
          24.341183,
          94.225307
        ],
        [
          24.341371,
          94.225517
        ],
        [
          24.34151,
          94.225694
        ],
        [
          24.341584,
          94.225777
        ],
        [
          24.341636,
          94.225834
        ],
        [
          24.34166,
          94.225895
        ],
        [
          24.341651,
          94.225969
        ],
        [
          24.341611,
          94.226039
        ],
        [
          24.341544,
          94.226107
        ],
        [
          24.34148,
          94.226168
        ],
        [
          24.341456,
          94.226215
        ],
        [
          24.341331,
          94.226545
        ],
        [
          24.341284,
          94.226661
        ],
        [
          24.34124,
          94.22673
        ],
        [
          24.34119,
          94.226785
        ],
        [
          24.341142,
          94.226798
        ],
        [
          24.34109,
          94.226809
        ],
        [
          24.341,
          94.226784
        ],
        [
          24.340887,
          94.226682
        ],
        [
          24.340819,
          94.226655
        ],
        [
          24.340742,
          94.226647
        ],
        [
          24.340688,
          94.226702
        ],
        [
          24.340638,
          94.226879
        ],
        [
          24.340622,
          94.226997
        ],
        [
          24.34061,
          94.227175
        ],
        [
          24.340602,
          94.227277
        ],
        [
          24.34056,
          94.227352
        ],
        [
          24.340499,
          94.227371
        ],
        [
          24.340431,
          94.227357
        ],
        [
          24.340375,
          94.227329
        ],
        [
          24.340301,
          94.227315
        ],
        [
          24.340168,
          94.227331
        ],
        [
          24.340036,
          94.227313
        ],
        [
          24.339975,
          94.227255
        ],
        [
          24.339849,
          94.227131
        ],
        [
          24.339548,
          94.226881
        ],
        [
          24.339354,
          94.226849
        ],
        [
          24.33926,
          94.226867
        ],
        [
          24.339234,
          94.226936
        ],
        [
          24.339228,
          94.227037
        ],
        [
          24.339248,
          94.227179
        ],
        [
          24.339274,
          94.227316
        ],
        [
          24.339288,
          94.227457
        ],
        [
          24.339265,
          94.227671
        ],
        [
          24.339221,
          94.227754
        ],
        [
          24.339071,
          94.227776
        ],
        [
          24.338971,
          94.227801
        ],
        [
          24.338853,
          94.227805
        ],
        [
          24.338793,
          94.227812
        ],
        [
          24.338777,
          94.227846
        ],
        [
          24.338814,
          94.228097
        ],
        [
          24.338843,
          94.228269
        ],
        [
          24.338827,
          94.228454
        ],
        [
          24.338796,
          94.228608
        ],
        [
          24.338771,
          94.228732
        ],
        [
          24.338753,
          94.228935
        ],
        [
          24.338778,
          94.229061
        ],
        [
          24.338834,
          94.229139
        ],
        [
          24.338921,
          94.229217
        ],
        [
          24.339118,
          94.229437
        ],
        [
          24.339225,
          94.229576
        ],
        [
          24.339221,
          94.229681
        ],
        [
          24.339203,
          94.229811
        ],
        [
          24.339151,
          94.229929
        ],
        [
          24.339095,
          94.230106
        ],
        [
          24.33908,
          94.230198
        ],
        [
          24.339083,
          94.230647
        ],
        [
          24.33911,
          94.230885
        ],
        [
          24.339123,
          94.23104
        ],
        [
          24.339118,
          94.231136
        ],
        [
          24.339074,
          94.231226
        ],
        [
          24.339001,
          94.231275
        ],
        [
          24.338907,
          94.231269
        ],
        [
          24.338747,
          94.231245
        ],
        [
          24.338456,
          94.231187
        ],
        [
          24.338252,
          94.231259
        ],
        [
          24.338167,
          94.231342
        ],
        [
          24.338063,
          94.231463
        ],
        [
          24.338035,
          94.231571
        ],
        [
          24.337959,
          94.231871
        ],
        [
          24.337876,
          94.232043
        ],
        [
          24.337779,
          94.232161
        ],
        [
          24.337725,
          94.232162
        ],
        [
          24.337665,
          94.232137
        ],
        [
          24.337615,
          94.232065
        ],
        [
          24.337572,
          94.231972
        ],
        [
          24.337539,
          94.231858
        ],
        [
          24.337495,
          94.231559
        ],
        [
          24.337282,
          94.231203
        ],
        [
          24.337018,
          94.230921
        ],
        [
          24.336865,
          94.230772
        ],
        [
          24.336754,
          94.230712
        ],
        [
          24.336557,
          94.230734
        ],
        [
          24.33651,
          94.230759
        ],
        [
          24.336451,
          94.230847
        ],
        [
          24.336393,
          94.231031
        ],
        [
          24.336335,
          94.231212
        ],
        [
          24.336276,
          94.231311
        ],
        [
          24.336194,
          94.231373
        ],
        [
          24.336107,
          94.23141
        ],
        [
          24.336027,
          94.231427
        ],
        [
          24.335972,
          94.23144
        ],
        [
          24.335919,
          94.231471
        ],
        [
          24.3359,
          94.231539
        ],
        [
          24.335882,
          94.231654
        ],
        [
          24.335876,
          94.231755
        ],
        [
          24.335838,
          94.231949
        ],
        [
          24.335671,
          94.232237
        ],
        [
          24.335552,
          94.232437
        ],
        [
          24.33548,
          94.232476
        ],
        [
          24.335392,
          94.232462
        ],
        [
          24.33531,
          94.232415
        ],
        [
          24.33525,
          94.232373
        ],
        [
          24.335176,
          94.232359
        ],
        [
          24.335085,
          94.232401
        ],
        [
          24.335052,
          94.232423
        ],
        [
          24.335015,
          94.232513
        ],
        [
          24.334976,
          94.23274
        ],
        [
          24.334933,
          94.232876
        ],
        [
          24.33483,
          94.233038
        ],
        [
          24.334782,
          94.233164
        ],
        [
          24.334749,
          94.233297
        ],
        [
          24.334627,
          94.23344
        ],
        [
          24.334458,
          94.233752
        ],
        [
          24.334358,
          94.233865
        ],
        [
          24.334315,
          94.233992
        ],
        [
          24.334307,
          94.234055
        ],
        [
          24.334294,
          94.234144
        ],
        [
          24.334259,
          94.234201
        ],
        [
          24.334205,
          94.234225
        ],
        [
          24.334168,
          94.234217
        ],
        [
          24.334104,
          94.234171
        ],
        [
          24.33397,
          94.234071
        ],
        [
          24.333911,
          94.234066
        ],
        [
          24.333841,
          94.234074
        ],
        [
          24.333779,
          94.234106
        ],
        [
          24.333704,
          94.234164
        ],
        [
          24.333565,
          94.234373
        ],
        [
          24.333402,
          94.234568
        ],
        [
          24.333262,
          94.23471
        ],
        [
          24.333175,
          94.234881
        ],
        [
          24.333065,
          94.235068
        ],
        [
          24.332883,
          94.235332
        ],
        [
          24.332741,
          94.235506
        ],
        [
          24.33262,
          94.235747
        ],
        [
          24.332475,
          94.235937
        ],
        [
          24.332295,
          94.236056
        ],
        [
          24.332239,
          94.236055
        ],
        [
          24.332189,
          94.23605
        ],
        [
          24.332125,
          94.235945
        ],
        [
          24.332149,
          94.235848
        ],
        [
          24.332168,
          94.235733
        ],
        [
          24.332158,
          94.235644
        ],
        [
          24.332124,
          94.23549
        ],
        [
          24.332064,
          94.235347
        ],
        [
          24.331979,
          94.235177
        ],
        [
          24.331922,
          94.235113
        ],
        [
          24.331896,
          94.235054
        ],
        [
          24.33189,
          94.234988
        ],
        [
          24.331902,
          94.234911
        ],
        [
          24.331948,
          94.234723
        ],
        [
          24.331988,
          94.234509
        ],
        [
          24.331961,
          94.234426
        ],
        [
          24.331902,
          94.234338
        ],
        [
          24.331821,
          94.234298
        ],
        [
          24.331743,
          94.234285
        ],
        [
          24.331637,
          94.234321
        ],
        [
          24.331392,
          94.234474
        ],
        [
          24.331187,
          94.234562
        ],
        [
          24.331016,
          94.234648
        ],
        [
          24.330937,
          94.23474
        ],
        [
          24.330881,
          94.234883
        ],
        [
          24.330739,
          94.235036
        ],
        [
          24.330554,
          94.235235
        ],
        [
          24.330323,
          94.235425
        ],
        [
          24.33021,
          94.235471
        ],
        [
          24.330121,
          94.235485
        ],
        [
          24.329935,
          94.235466
        ],
        [
          24.32977,
          94.235438
        ],
        [
          24.329703,
          94.235441
        ],
        [
          24.329644,
          94.235472
        ],
        [
          24.329551,
          94.235556
        ],
        [
          24.329416,
          94.235645
        ],
        [
          24.329281,
          94.235675
        ],
        [
          24.329187,
          94.235675
        ],
        [
          24.329111,
          94.235651
        ],
        [
          24.328978,
          94.235603
        ],
        [
          24.328839,
          94.235563
        ],
        [
          24.328763,
          94.235515
        ],
        [
          24.328654,
          94.235389
        ],
        [
          24.328584,
          94.235246
        ],
        [
          24.328521,
          94.235113
        ],
        [
          24.328466,
          94.23504
        ],
        [
          24.328418,
          94.234994
        ],
        [
          24.328369,
          94.23497
        ],
        [
          24.328308,
          94.23497
        ],
        [
          24.328191,
          94.234975
        ],
        [
          24.328028,
          94.235006
        ],
        [
          24.327939,
          94.235012
        ],
        [
          24.327868,
          94.235013
        ],
        [
          24.32782,
          94.235006
        ],
        [
          24.327773,
          94.234971
        ],
        [
          24.327734,
          94.2349
        ],
        [
          24.327585,
          94.234535
        ],
        [
          24.327487,
          94.234283
        ],
        [
          24.327456,
          94.23418
        ],
        [
          24.327439,
          94.23407
        ],
        [
          24.327417,
          94.233963
        ],
        [
          24.32739,
          94.23389
        ],
        [
          24.327327,
          94.233834
        ],
        [
          24.327175,
          94.233739
        ],
        [
          24.326964,
          94.233619
        ],
        [
          24.326877,
          94.233546
        ],
        [
          24.326789,
          94.233363
        ],
        [
          24.326683,
          94.233158
        ],
        [
          24.326645,
          94.233095
        ],
        [
          24.326603,
          94.233056
        ],
        [
          24.326574,
          94.23296
        ],
        [
          24.326444,
          94.23292
        ],
        [
          24.326284,
          94.232897
        ],
        [
          24.326129,
          94.232847
        ],
        [
          24.325998,
          94.232768
        ],
        [
          24.325912,
          94.232736
        ],
        [
          24.325829,
          94.232735
        ],
        [
          24.325661,
          94.232963
        ],
        [
          24.325378,
          94.233347
        ],
        [
          24.32484,
          94.234076
        ],
        [
          24.324614,
          94.234383
        ],
        [
          24.324496,
          94.234446
        ],
        [
          24.324394,
          94.234477
        ],
        [
          24.324323,
          94.23446
        ],
        [
          24.324226,
          94.234383
        ],
        [
          24.324139,
          94.234238
        ],
        [
          24.324042,
          94.233961
        ],
        [
          24.324013,
          94.233759
        ],
        [
          24.324009,
          94.233608
        ],
        [
          24.324023,
          94.23343
        ],
        [
          24.323979,
          94.23332
        ],
        [
          24.323878,
          94.233191
        ],
        [
          24.323698,
          94.232995
        ],
        [
          24.323489,
          94.232836
        ],
        [
          24.323375,
          94.232764
        ],
        [
          24.323268,
          94.232717
        ],
        [
          24.323177,
          94.232712
        ],
        [
          24.323121,
          94.232775
        ],
        [
          24.323099,
          94.232858
        ],
        [
          24.323085,
          94.233004
        ],
        [
          24.323112,
          94.233173
        ],
        [
          24.323074,
          94.233404
        ],
        [
          24.322991,
          94.233683
        ],
        [
          24.32287,
          94.233853
        ],
        [
          24.322768,
          94.233867
        ],
        [
          24.322672,
          94.233798
        ],
        [
          24.322554,
          94.23364
        ],
        [
          24.322474,
          94.233598
        ],
        [
          24.322398,
          94.23359
        ],
        [
          24.322248,
          94.23364
        ],
        [
          24.322097,
          94.233742
        ],
        [
          24.321982,
          94.23379
        ],
        [
          24.321862,
          94.233765
        ],
        [
          24.321724,
          94.233726
        ],
        [
          24.321665,
          94.233723
        ],
        [
          24.321531,
          94.233739
        ],
        [
          24.321386,
          94.233798
        ],
        [
          24.321111,
          94.233949
        ],
        [
          24.320768,
          94.234225
        ],
        [
          24.320633,
          94.234334
        ],
        [
          24.320516,
          94.234405
        ],
        [
          24.320386,
          94.234431
        ],
        [
          24.320261,
          94.234409
        ],
        [
          24.320033,
          94.234354
        ],
        [
          24.319936,
          94.234341
        ],
        [
          24.319851,
          94.234369
        ],
        [
          24.319775,
          94.234429
        ],
        [
          24.31971,
          94.234522
        ],
        [
          24.319623,
          94.234708
        ],
        [
          24.319508,
          94.234966
        ],
        [
          24.3195,
          94.235152
        ],
        [
          24.319488,
          94.235318
        ],
        [
          24.319466,
          94.235433
        ],
        [
          24.319411,
          94.235628
        ],
        [
          24.31935,
          94.235868
        ],
        [
          24.319312,
          94.2361
        ],
        [
          24.319278,
          94.236211
        ],
        [
          24.319219,
          94.236311
        ],
        [
          24.319142,
          94.236373
        ],
        [
          24.319045,
          94.236375
        ],
        [
          24.318833,
          94.236346
        ],
        [
          24.318474,
          94.236222
        ],
        [
          24.318211,
          94.236393
        ],
        [
          24.317856,
          94.23659
        ],
        [
          24.317498,
          94.236821
        ],
        [
          24.317399,
          94.236965
        ],
        [
          24.317361,
          94.23704
        ],
        [
          24.317264,
          94.237146
        ],
        [
          24.317139,
          94.237151
        ],
        [
          24.317042,
          94.237111
        ],
        [
          24.316943,
          94.236947
        ],
        [
          24.316911,
          94.236767
        ],
        [
          24.316923,
          94.236561
        ],
        [
          24.316945,
          94.236377
        ],
        [
          24.317018,
          94.236162
        ],
        [
          24.317103,
          94.236052
        ],
        [
          24.317428,
          94.235717
        ],
        [
          24.317672,
          94.235316
        ],
        [
          24.317731,
          94.235103
        ],
        [
          24.31771,
          94.234966
        ],
        [
          24.317666,
          94.234821
        ],
        [
          24.317599,
          94.2347
        ],
        [
          24.317527,
          94.234547
        ],
        [
          24.317492,
          94.2344
        ],
        [
          24.317474,
          94.234285
        ],
        [
          24.317482,
          94.23417
        ],
        [
          24.317517,
          94.234041
        ],
        [
          24.31771,
          94.23382
        ],
        [
          24.317912,
          94.233534
        ],
        [
          24.318108,
          94.233124
        ],
        [
          24.31829,
          94.232896
        ],
        [
          24.318452,
          94.232638
        ],
        [
          24.318557,
          94.232308
        ],
        [
          24.318603,
          94.232206
        ],
        [
          24.318672,
          94.232151
        ],
        [
          24.3187,
          94.232011
        ],
        [
          24.318692,
          94.231869
        ],
        [
          24.318676,
          94.231756
        ],
        [
          24.318644,
          94.231621
        ],
        [
          24.318621,
          94.231468
        ],
        [
          24.318613,
          94.231368
        ],
        [
          24.318561,
          94.231273
        ],
        [
          24.31844,
          94.231191
        ],
        [
          24.31833,
          94.231196
        ],
        [
          24.31825,
          94.231264
        ],
        [
          24.318167,
          94.23138
        ],
        [
          24.318078,
          94.231557
        ],
        [
          24.317935,
          94.231652
        ],
        [
          24.317759,
          94.231665
        ],
        [
          24.317583,
          94.231632
        ],
        [
          24.317434,
          94.231606
        ],
        [
          24.317244,
          94.231484
        ],
        [
          24.317167,
          94.231433
        ],
        [
          24.31709,
          94.231433
        ],
        [
          24.316989,
          94.231499
        ],
        [
          24.31684,
          94.231639
        ],
        [
          24.316695,
          94.231792
        ],
        [
          24.316515,
          94.232013
        ],
        [
          24.316379,
          94.232222
        ],
        [
          24.316153,
          94.23239
        ],
        [
          24.315998,
          94.232545
        ],
        [
          24.315913,
          94.232661
        ],
        [
          24.315873,
          94.232782
        ],
        [
          24.315808,
          94.233082
        ],
        [
          24.315689,
          94.233239
        ],
        [
          24.315568,
          94.233368
        ],
        [
          24.315461,
          94.233434
        ],
        [
          24.315351,
          94.233427
        ],
        [
          24.315252,
          94.233339
        ],
        [
          24.315228,
          94.233215
        ],
        [
          24.31521,
          94.233115
        ],
        [
          24.315156,
          94.232995
        ],
        [
          24.315067,
          94.232858
        ],
        [
          24.31495,
          94.232654
        ],
        [
          24.314895,
          94.232357
        ],
        [
          24.31481,
          94.232259
        ],
        [
          24.314691,
          94.23214
        ],
        [
          24.314574,
          94.232095
        ],
        [
          24.314216,
          94.231907
        ],
        [
          24.314121,
          94.23171
        ],
        [
          24.314041,
          94.231495
        ],
        [
          24.3138,
          94.231216
        ],
        [
          24.313683,
          94.231049
        ],
        [
          24.313647,
          94.230956
        ],
        [
          24.313685,
          94.230701
        ],
        [
          24.313685,
          94.230571
        ],
        [
          24.313645,
          94.230449
        ],
        [
          24.31357,
          94.230384
        ],
        [
          24.313481,
          94.230365
        ],
        [
          24.31338,
          94.230396
        ],
        [
          24.313235,
          94.230486
        ],
        [
          24.312877,
          94.230664
        ],
        [
          24.312643,
          94.230863
        ],
        [
          24.312362,
          94.230972
        ],
        [
          24.312122,
          94.231085
        ],
        [
          24.312051,
          94.23124
        ],
        [
          24.312045,
          94.231333
        ],
        [
          24.3121,
          94.231504
        ],
        [
          24.312168,
          94.23163
        ],
        [
          24.312189,
          94.231759
        ],
        [
          24.312237,
          94.231996
        ],
        [
          24.312372,
          94.232284
        ],
        [
          24.312502,
          94.232556
        ],
        [
          24.31256,
          94.232787
        ],
        [
          24.312593,
          94.232933
        ],
        [
          24.312574,
          94.233217
        ],
        [
          24.312504,
          94.23339
        ],
        [
          24.312389,
          94.233492
        ],
        [
          24.312292,
          94.233534
        ],
        [
          24.312146,
          94.233603
        ],
        [
          24.312011,
          94.233753
        ],
        [
          24.311958,
          94.233895
        ],
        [
          24.311833,
          94.234236
        ],
        [
          24.311724,
          94.234487
        ],
        [
          24.311607,
          94.234602
        ],
        [
          24.311405,
          94.234844
        ],
        [
          24.311138,
          94.235094
        ],
        [
          24.311015,
          94.235289
        ],
        [
          24.310952,
          94.235351
        ],
        [
          24.310884,
          94.235369
        ],
        [
          24.310815,
          94.235325
        ],
        [
          24.310361,
          94.234974
        ],
        [
          24.309941,
          94.234746
        ],
        [
          24.309458,
          94.234522
        ],
        [
          24.309268,
          94.234423
        ],
        [
          24.309133,
          94.234345
        ],
        [
          24.308979,
          94.234389
        ],
        [
          24.30882,
          94.234553
        ],
        [
          24.308777,
          94.234746
        ],
        [
          24.308779,
          94.234943
        ],
        [
          24.308834,
          94.235156
        ],
        [
          24.30891,
          94.235413
        ],
        [
          24.309068,
          94.235597
        ],
        [
          24.309157,
          94.235666
        ],
        [
          24.309175,
          94.235799
        ],
        [
          24.309129,
          94.235943
        ],
        [
          24.308939,
          94.236067
        ],
        [
          24.308745,
          94.23614
        ],
        [
          24.308614,
          94.236218
        ],
        [
          24.308553,
          94.236309
        ],
        [
          24.308525,
          94.236411
        ],
        [
          24.308513,
          94.236519
        ],
        [
          24.308494,
          94.236641
        ],
        [
          24.308395,
          94.236821
        ],
        [
          24.308246,
          94.236909
        ],
        [
          24.308137,
          94.236889
        ],
        [
          24.307955,
          94.236732
        ],
        [
          24.307642,
          94.236497
        ],
        [
          24.30759,
          94.236404
        ],
        [
          24.307581,
          94.236229
        ],
        [
          24.307553,
          94.236094
        ],
        [
          24.307402,
          94.235912
        ],
        [
          24.30728,
          94.23585
        ],
        [
          24.307153,
          94.235821
        ],
        [
          24.307034,
          94.235825
        ],
        [
          24.306897,
          94.23585
        ],
        [
          24.306814,
          94.235797
        ],
        [
          24.30678,
          94.235692
        ],
        [
          24.306757,
          94.235544
        ],
        [
          24.306745,
          94.235411
        ],
        [
          24.306707,
          94.23528
        ],
        [
          24.306606,
          94.235081
        ],
        [
          24.306228,
          94.235127
        ],
        [
          24.305899,
          94.235105
        ],
        [
          24.305794,
          94.235149
        ],
        [
          24.305731,
          94.235247
        ],
        [
          24.305727,
          94.235398
        ],
        [
          24.305715,
          94.235644
        ],
        [
          24.305691,
          94.236054
        ],
        [
          24.305683,
          94.236397
        ],
        [
          24.305675,
          94.236608
        ],
        [
          24.305646,
          94.236716
        ],
        [
          24.305594,
          94.236821
        ],
        [
          24.305507,
          94.236838
        ],
        [
          24.30544,
          94.236772
        ],
        [
          24.305315,
          94.236484
        ],
        [
          24.305234,
          94.236397
        ],
        [
          24.305152,
          94.236368
        ],
        [
          24.305065,
          94.23636
        ],
        [
          24.304996,
          94.236499
        ],
        [
          24.304964,
          94.236634
        ],
        [
          24.304929,
          94.236767
        ],
        [
          24.304853,
          94.236878
        ],
        [
          24.304731,
          94.236896
        ],
        [
          24.304661,
          94.236849
        ],
        [
          24.304392,
          94.236597
        ],
        [
          24.304319,
          94.236603
        ],
        [
          24.304239,
          94.236705
        ],
        [
          24.304176,
          94.23681
        ],
        [
          24.304075,
          94.236852
        ],
        [
          24.303934,
          94.236856
        ],
        [
          24.303742,
          94.236801
        ],
        [
          24.303489,
          94.236683
        ],
        [
          24.303412,
          94.236696
        ],
        [
          24.30337,
          94.236743
        ],
        [
          24.303368,
          94.23686
        ],
        [
          24.303412,
          94.236949
        ],
        [
          24.303546,
          94.237131
        ],
        [
          24.303604,
          94.237215
        ],
        [
          24.303643,
          94.237341
        ],
        [
          24.303695,
          94.237399
        ],
        [
          24.303804,
          94.237468
        ],
        [
          24.303984,
          94.237428
        ],
        [
          24.304176,
          94.237412
        ],
        [
          24.304398,
          94.237605
        ],
        [
          24.304632,
          94.237845
        ],
        [
          24.304814,
          94.237869
        ],
        [
          24.304964,
          94.237873
        ],
        [
          24.305113,
          94.237991
        ],
        [
          24.305315,
          94.238181
        ],
        [
          24.305426,
          94.23831
        ],
        [
          24.305457,
          94.238436
        ],
        [
          24.305473,
          94.238547
        ],
        [
          24.305535,
          94.238662
        ],
        [
          24.305638,
          94.238786
        ],
        [
          24.305806,
          94.238942
        ],
        [
          24.305921,
          94.238957
        ],
        [
          24.306024,
          94.23897
        ],
        [
          24.306099,
          94.23903
        ],
        [
          24.306137,
          94.239128
        ],
        [
          24.306172,
          94.239245
        ],
        [
          24.306242,
          94.239387
        ],
        [
          24.306359,
          94.239649
        ],
        [
          24.30642,
          94.239786
        ],
        [
          24.306448,
          94.239906
        ],
        [
          24.306434,
          94.240003
        ],
        [
          24.306374,
          94.240118
        ],
        [
          24.306238,
          94.240207
        ],
        [
          24.30605,
          94.240336
        ],
        [
          24.305893,
          94.240444
        ],
        [
          24.305695,
          94.240639
        ],
        [
          24.30556,
          94.240737
        ],
        [
          24.305406,
          94.240817
        ],
        [
          24.305277,
          94.240843
        ],
        [
          24.305139,
          94.240932
        ],
        [
          24.305083,
          94.241056
        ],
        [
          24.305097,
          94.241235
        ],
        [
          24.305127,
          94.24138
        ],
        [
          24.305143,
          94.241526
        ],
        [
          24.305146,
          94.241628
        ],
        [
          24.305115,
          94.241703
        ],
        [
          24.305024,
          94.241716
        ],
        [
          24.304944,
          94.24167
        ],
        [
          24.304869,
          94.241597
        ],
        [
          24.304766,
          94.241541
        ],
        [
          24.304663,
          94.241519
        ],
        [
          24.304558,
          94.241583
        ],
        [
          24.304558,
          94.241665
        ],
        [
          24.304584,
          94.241739
        ],
        [
          24.304641,
          94.241847
        ],
        [
          24.304655,
          94.241951
        ],
        [
          24.304639,
          94.242082
        ],
        [
          24.30456,
          94.242412
        ],
        [
          24.304584,
          94.242501
        ],
        [
          24.304572,
          94.242603
        ],
        [
          24.304499,
          94.242632
        ],
        [
          24.30442,
          94.242598
        ],
        [
          24.30422,
          94.242605
        ],
        [
          24.304123,
          94.242736
        ],
        [
          24.304051,
          94.242833
        ],
        [
          24.303879,
          94.242853
        ],
        [
          24.303782,
          94.242864
        ],
        [
          24.303691,
          94.242915
        ],
        [
          24.303614,
          94.243028
        ],
        [
          24.303548,
          94.24313
        ],
        [
          24.303517,
          94.243252
        ],
        [
          24.303513,
          94.24333
        ],
        [
          24.303532,
          94.243407
        ],
        [
          24.30357,
          94.243565
        ],
        [
          24.30379,
          94.243802
        ],
        [
          24.304002,
          94.244066
        ],
        [
          24.304289,
          94.244294
        ],
        [
          24.304384,
          94.244442
        ],
        [
          24.304529,
          94.24458
        ],
        [
          24.304596,
          94.244715
        ],
        [
          24.30461,
          94.244793
        ],
        [
          24.304586,
          94.244861
        ],
        [
          24.30455,
          94.244952
        ],
        [
          24.304493,
          94.244994
        ],
        [
          24.304384,
          94.24503
        ],
        [
          24.304257,
          94.24501
        ],
        [
          24.30393,
          94.245043
        ],
        [
          24.303586,
          94.24507
        ],
        [
          24.303253,
          94.245116
        ],
        [
          24.302738,
          94.245136
        ],
        [
          24.302439,
          94.245223
        ],
        [
          24.302255,
          94.245294
        ],
        [
          24.302138,
          94.245325
        ],
        [
          24.302043,
          94.245364
        ],
        [
          24.302021,
          94.245451
        ],
        [
          24.302055,
          94.245557
        ],
        [
          24.302087,
          94.245748
        ],
        [
          24.30214,
          94.245976
        ],
        [
          24.302194,
          94.246043
        ],
        [
          24.302316,
          94.246098
        ],
        [
          24.302431,
          94.246074
        ],
        [
          24.302617,
          94.246043
        ],
        [
          24.302762,
          94.246029
        ],
        [
          24.302903,
          94.246036
        ],
        [
          24.303047,
          94.246063
        ],
        [
          24.303204,
          94.246096
        ],
        [
          24.303487,
          94.246224
        ],
        [
          24.30359,
          94.246311
        ],
        [
          24.303639,
          94.246428
        ],
        [
          24.303691,
          94.246548
        ],
        [
          24.303734,
          94.246639
        ],
        [
          24.3038,
          94.246712
        ],
        [
          24.303861,
          94.246745
        ],
        [
          24.304033,
          94.246761
        ],
        [
          24.304152,
          94.246778
        ],
        [
          24.304233,
          94.246838
        ],
        [
          24.304277,
          94.247004
        ],
        [
          24.304402,
          94.247118
        ],
        [
          24.304503,
          94.247115
        ],
        [
          24.304614,
          94.247058
        ],
        [
          24.304713,
          94.246996
        ],
        [
          24.304836,
          94.247011
        ],
        [
          24.304905,
          94.247089
        ],
        [
          24.304968,
          94.247197
        ],
        [
          24.305034,
          94.247308
        ],
        [
          24.305063,
          94.247412
        ],
        [
          24.305014,
          94.24755
        ],
        [
          24.304939,
          94.247661
        ],
        [
          24.304838,
          94.247833
        ],
        [
          24.304746,
          94.247946
        ],
        [
          24.304677,
          94.248017
        ],
        [
          24.304647,
          94.248159
        ],
        [
          24.304711,
          94.248286
        ],
        [
          24.30478,
          94.248374
        ],
        [
          24.304857,
          94.248401
        ],
        [
          24.305089,
          94.248494
        ],
        [
          24.305543,
          94.248472
        ],
        [
          24.305778,
          94.248434
        ],
        [
          24.305905,
          94.248381
        ],
        [
          24.306028,
          94.248352
        ],
        [
          24.306127,
          94.248354
        ],
        [
          24.30623,
          94.248383
        ],
        [
          24.306287,
          94.248465
        ],
        [
          24.306456,
          94.248824
        ],
        [
          24.306503,
          94.249017
        ],
        [
          24.306493,
          94.24917
        ],
        [
          24.306456,
          94.249303
        ],
        [
          24.306313,
          94.249387
        ],
        [
          24.306149,
          94.249436
        ],
        [
          24.305933,
          94.24946
        ],
        [
          24.305788,
          94.249476
        ],
        [
          24.305667,
          94.249487
        ],
        [
          24.305558,
          94.249536
        ],
        [
          24.305465,
          94.249598
        ],
        [
          24.305414,
          94.249711
        ],
        [
          24.305418,
          94.249804
        ],
        [
          24.305467,
          94.249923
        ],
        [
          24.305531,
          94.250034
        ],
        [
          24.305574,
          94.250138
        ],
        [
          24.3056,
          94.250329
        ],
        [
          24.305562,
          94.250451
        ],
        [
          24.305509,
          94.250579
        ],
        [
          24.305451,
          94.250699
        ],
        [
          24.305455,
          94.250805
        ],
        [
          24.305487,
          94.250912
        ],
        [
          24.305576,
          94.251009
        ],
        [
          24.305689,
          94.251107
        ],
        [
          24.305766,
          94.251187
        ],
        [
          24.305751,
          94.251282
        ],
        [
          24.305677,
          94.251397
        ],
        [
          24.30565,
          94.251433
        ],
        [
          24.305659,
          94.251521
        ],
        [
          24.305729,
          94.251606
        ],
        [
          24.305802,
          94.251657
        ],
        [
          24.305879,
          94.25171
        ],
        [
          24.305909,
          94.251794
        ],
        [
          24.305883,
          94.251863
        ],
        [
          24.305816,
          94.251927
        ],
        [
          24.305717,
          94.25198
        ],
        [
          24.305632,
          94.252033
        ],
        [
          24.305545,
          94.252126
        ],
        [
          24.305457,
          94.252268
        ],
        [
          24.305269,
          94.252366
        ],
        [
          24.305077,
          94.252341
        ],
        [
          24.304847,
          94.252293
        ],
        [
          24.304527,
          94.252226
        ],
        [
          24.303998,
          94.252182
        ],
        [
          24.303568,
          94.252219
        ],
        [
          24.303283,
          94.25231
        ],
        [
          24.30316,
          94.252408
        ],
        [
          24.303101,
          94.252534
        ],
        [
          24.303116,
          94.252667
        ],
        [
          24.303166,
          94.2528
        ],
        [
          24.303275,
          94.252942
        ],
        [
          24.30354,
          94.253068
        ],
        [
          24.303673,
          94.253248
        ],
        [
          24.303699,
          94.25333
        ],
        [
          24.303663,
          94.253469
        ],
        [
          24.30361,
          94.253569
        ],
        [
          24.303475,
          94.253758
        ],
        [
          24.303441,
          94.253778
        ],
        [
          24.303388,
          94.253809
        ],
        [
          24.303006,
          94.253784
        ],
        [
          24.302516,
          94.253797
        ],
        [
          24.302346,
          94.253766
        ],
        [
          24.302243,
          94.253724
        ],
        [
          24.302182,
          94.253642
        ],
        [
          24.302061,
          94.253438
        ],
        [
          24.301944,
          94.253294
        ],
        [
          24.301863,
          94.25325
        ],
        [
          24.301734,
          94.253237
        ],
        [
          24.301475,
          94.25329
        ],
        [
          24.301368,
          94.253348
        ],
        [
          24.301263,
          94.25343
        ],
        [
          24.301195,
          94.253505
        ],
        [
          24.301207,
          94.253596
        ],
        [
          24.301233,
          94.253687
        ],
        [
          24.30132,
          94.253842
        ],
        [
          24.301423,
          94.254015
        ],
        [
          24.301544,
          94.254278
        ],
        [
          24.301691,
          94.254562
        ],
        [
          24.301879,
          94.25477
        ],
        [
          24.302106,
          94.25499
        ],
        [
          24.302374,
          94.255085
        ],
        [
          24.302657,
          94.255141
        ],
        [
          24.303111,
          94.255462
        ],
        [
          24.303505,
          94.25577
        ],
        [
          24.303808,
          94.255936
        ],
        [
          24.304142,
          94.25604
        ],
        [
          24.304342,
          94.25608
        ],
        [
          24.304447,
          94.256151
        ],
        [
          24.304519,
          94.256233
        ],
        [
          24.304572,
          94.256342
        ],
        [
          24.30461,
          94.256488
        ],
        [
          24.304679,
          94.256734
        ],
        [
          24.304976,
          94.257215
        ],
        [
          24.305129,
          94.257488
        ],
        [
          24.305166,
          94.25768
        ],
        [
          24.305105,
          94.257933
        ],
        [
          24.304942,
          94.258152
        ],
        [
          24.304788,
          94.25827
        ],
        [
          24.304685,
          94.258432
        ],
        [
          24.304639,
          94.25856
        ],
        [
          24.304641,
          94.258673
        ],
        [
          24.304653,
          94.258777
        ],
        [
          24.304683,
          94.258922
        ],
        [
          24.304764,
          94.259128
        ],
        [
          24.304897,
          94.259416
        ],
        [
          24.30499,
          94.259635
        ],
        [
          24.305002,
          94.259795
        ],
        [
          24.304986,
          94.259937
        ],
        [
          24.304962,
          94.260045
        ],
        [
          24.304891,
          94.260156
        ],
        [
          24.304778,
          94.260411
        ],
        [
          24.304762,
          94.260593
        ],
        [
          24.304796,
          94.260763
        ],
        [
          24.304879,
          94.260872
        ],
        [
          24.304937,
          94.260965
        ],
        [
          24.305057,
          94.261086
        ],
        [
          24.305154,
          94.261184
        ],
        [
          24.305182,
          94.261317
        ],
        [
          24.305146,
          94.261428
        ],
        [
          24.30503,
          94.261541
        ],
        [
          24.304867,
          94.26169
        ],
        [
          24.304604,
          94.261977
        ],
        [
          24.304249,
          94.262536
        ],
        [
          24.304096,
          94.262854
        ],
        [
          24.304062,
          94.263067
        ],
        [
          24.304027,
          94.263352
        ],
        [
          24.303982,
          94.263528
        ],
        [
          24.303805,
          94.263735
        ],
        [
          24.303345,
          94.264086
        ],
        [
          24.303025,
          94.264352
        ],
        [
          24.302573,
          94.264462
        ],
        [
          24.302276,
          94.264553
        ],
        [
          24.302099,
          94.264722
        ],
        [
          24.301939,
          94.264907
        ],
        [
          24.301556,
          94.265042
        ],
        [
          24.300991,
          94.265274
        ],
        [
          24.300517,
          94.265433
        ],
        [
          24.300357,
          94.26559
        ],
        [
          24.300282,
          94.265715
        ],
        [
          24.300257,
          94.265869
        ],
        [
          24.300174,
          94.26601
        ],
        [
          24.30008,
          94.266054
        ],
        [
          24.299897,
          94.266057
        ],
        [
          24.299725,
          94.266004
        ],
        [
          24.299548,
          94.265976
        ],
        [
          24.299214,
          94.266054
        ],
        [
          24.298825,
          94.266173
        ],
        [
          24.298506,
          94.266305
        ],
        [
          24.298128,
          94.266371
        ],
        [
          24.297709,
          94.266465
        ],
        [
          24.297571,
          94.266515
        ],
        [
          24.297511,
          94.266577
        ],
        [
          24.29748,
          94.266712
        ],
        [
          24.297551,
          94.266913
        ],
        [
          24.297646,
          94.267327
        ],
        [
          24.297783,
          94.267674
        ],
        [
          24.297903,
          94.267963
        ],
        [
          24.297928,
          94.268132
        ],
        [
          24.297888,
          94.268424
        ],
        [
          24.297843,
          94.268655
        ],
        [
          24.297897,
          94.268956
        ],
        [
          24.297946,
          94.269307
        ],
        [
          24.297986,
          94.269552
        ],
        [
          24.297894,
          94.269727
        ],
        [
          24.2978,
          94.269821
        ],
        [
          24.297703,
          94.269831
        ],
        [
          24.297543,
          94.269834
        ],
        [
          24.297451,
          94.26989
        ],
        [
          24.297437,
          94.269972
        ],
        [
          24.297411,
          94.270072
        ],
        [
          24.297394,
          94.270245
        ],
        [
          24.297364,
          94.270578
        ],
        [
          24.297418,
          94.270849
        ],
        [
          24.297418,
          94.271028
        ],
        [
          24.297315,
          94.271114
        ],
        [
          24.297208,
          94.271165
        ],
        [
          24.296988,
          94.271239
        ],
        [
          24.296723,
          94.271323
        ],
        [
          24.296424,
          94.271487
        ],
        [
          24.296146,
          94.271547
        ],
        [
          24.295374,
          94.271786
        ],
        [
          24.294738,
          94.27197
        ],
        [
          24.294477,
          94.272001
        ],
        [
          24.29432,
          94.272085
        ],
        [
          24.294206,
          94.272196
        ],
        [
          24.294039,
          94.272398
        ],
        [
          24.293865,
          94.272732
        ],
        [
          24.293708,
          94.273018
        ],
        [
          24.293467,
          94.273408
        ],
        [
          24.293221,
          94.273745
        ],
        [
          24.293164,
          94.273812
        ],
        [
          24.292908,
          94.274111
        ],
        [
          24.292643,
          94.27441
        ],
        [
          24.292241,
          94.275009
        ],
        [
          24.292112,
          94.275263
        ],
        [
          24.292071,
          94.275501
        ],
        [
          24.292067,
          94.275611
        ],
        [
          24.292036,
          94.275787
        ],
        [
          24.291916,
          94.275965
        ],
        [
          24.291796,
          94.276087
        ],
        [
          24.291571,
          94.276284
        ],
        [
          24.291449,
          94.276306
        ],
        [
          24.291256,
          94.276248
        ],
        [
          24.291073,
          94.276187
        ],
        [
          24.290793,
          94.276104
        ],
        [
          24.290616,
          94.276099
        ],
        [
          24.290482,
          94.276149
        ],
        [
          24.290407,
          94.276222
        ],
        [
          24.290312,
          94.276374
        ],
        [
          24.290244,
          94.276496
        ],
        [
          24.290165,
          94.276585
        ],
        [
          24.29009,
          94.276579
        ],
        [
          24.290035,
          94.276541
        ],
        [
          24.28998,
          94.276449
        ],
        [
          24.289735,
          94.276077
        ],
        [
          24.289625,
          94.275965
        ],
        [
          24.289537,
          94.275924
        ],
        [
          24.289447,
          94.275907
        ],
        [
          24.289333,
          94.275991
        ],
        [
          24.289245,
          94.276107
        ],
        [
          24.289179,
          94.276201
        ],
        [
          24.289169,
          94.276259
        ],
        [
          24.289167,
          94.276395
        ],
        [
          24.289199,
          94.276485
        ],
        [
          24.289342,
          94.276772
        ],
        [
          24.289385,
          94.276883
        ],
        [
          24.28935,
          94.277066
        ],
        [
          24.289303,
          94.277224
        ],
        [
          24.289245,
          94.277298
        ],
        [
          24.28907,
          94.277441
        ],
        [
          24.289005,
          94.277494
        ],
        [
          24.288923,
          94.277583
        ],
        [
          24.288897,
          94.277654
        ],
        [
          24.288906,
          94.27771
        ],
        [
          24.288927,
          94.2778
        ],
        [
          24.289062,
          94.277975
        ],
        [
          24.289269,
          94.278063
        ],
        [
          24.289576,
          94.278168
        ],
        [
          24.28983,
          94.278323
        ],
        [
          24.289883,
          94.278412
        ],
        [
          24.28991,
          94.278467
        ],
        [
          24.289933,
          94.278572
        ],
        [
          24.289899,
          94.278749
        ],
        [
          24.28986,
          94.278821
        ],
        [
          24.289735,
          94.278977
        ],
        [
          24.289532,
          94.279277
        ],
        [
          24.289549,
          94.279668
        ],
        [
          24.289553,
          94.280022
        ],
        [
          24.289535,
          94.280232
        ],
        [
          24.289515,
          94.280374
        ],
        [
          24.289479,
          94.280516
        ],
        [
          24.28946,
          94.280565
        ],
        [
          24.2894,
          94.280588
        ],
        [
          24.289277,
          94.280642
        ],
        [
          24.289202,
          94.280688
        ],
        [
          24.289122,
          94.280777
        ],
        [
          24.289063,
          94.280843
        ],
        [
          24.28901,
          94.28089
        ],
        [
          24.288945,
          94.280925
        ],
        [
          24.28888,
          94.280928
        ],
        [
          24.288787,
          94.280901
        ],
        [
          24.288622,
          94.280899
        ],
        [
          24.288328,
          94.280892
        ],
        [
          24.288302,
          94.281012
        ],
        [
          24.28831,
          94.2811
        ],
        [
          24.288316,
          94.281188
        ],
        [
          24.288296,
          94.281283
        ],
        [
          24.288246,
          94.281346
        ],
        [
          24.288122,
          94.281357
        ],
        [
          24.287923,
          94.281359
        ],
        [
          24.287715,
          94.28131
        ],
        [
          24.287628,
          94.281316
        ],
        [
          24.28754,
          94.281346
        ],
        [
          24.287463,
          94.281392
        ],
        [
          24.287398,
          94.281465
        ],
        [
          24.287296,
          94.281562
        ],
        [
          24.287215,
          94.281578
        ],
        [
          24.28716,
          94.28157
        ],
        [
          24.287068,
          94.2815
        ],
        [
          24.286898,
          94.281359
        ],
        [
          24.286832,
          94.281354
        ],
        [
          24.286775,
          94.281374
        ],
        [
          24.286706,
          94.281426
        ],
        [
          24.286599,
          94.28158
        ],
        [
          24.286462,
          94.281636
        ],
        [
          24.286399,
          94.281617
        ],
        [
          24.286359,
          94.281545
        ],
        [
          24.286321,
          94.281434
        ],
        [
          24.286179,
          94.281211
        ],
        [
          24.286021,
          94.281023
        ],
        [
          24.285931,
          94.281
        ],
        [
          24.285852,
          94.280997
        ],
        [
          24.285772,
          94.281033
        ],
        [
          24.285669,
          94.281127
        ],
        [
          24.285581,
          94.281178
        ],
        [
          24.285506,
          94.281166
        ],
        [
          24.285369,
          94.281055
        ],
        [
          24.285223,
          94.281053
        ],
        [
          24.285061,
          94.28105
        ],
        [
          24.284991,
          94.281033
        ],
        [
          24.284864,
          94.28089
        ],
        [
          24.284704,
          94.28057
        ],
        [
          24.284609,
          94.280423
        ],
        [
          24.284548,
          94.280381
        ],
        [
          24.284484,
          94.280378
        ],
        [
          24.284412,
          94.280417
        ],
        [
          24.284341,
          94.280512
        ],
        [
          24.284152,
          94.280661
        ],
        [
          24.284024,
          94.280716
        ],
        [
          24.283938,
          94.280642
        ],
        [
          24.283911,
          94.280588
        ],
        [
          24.283808,
          94.280357
        ],
        [
          24.283715,
          94.280172
        ],
        [
          24.283585,
          94.280055
        ],
        [
          24.283519,
          94.280009
        ],
        [
          24.283441,
          94.279997
        ],
        [
          24.283364,
          94.280008
        ],
        [
          24.283301,
          94.280097
        ],
        [
          24.283248,
          94.280188
        ],
        [
          24.283166,
          94.280259
        ],
        [
          24.283056,
          94.280282
        ],
        [
          24.282999,
          94.280229
        ],
        [
          24.282959,
          94.280144
        ],
        [
          24.282899,
          94.280009
        ],
        [
          24.282769,
          94.279768
        ],
        [
          24.282652,
          94.279624
        ],
        [
          24.282602,
          94.279516
        ],
        [
          24.282526,
          94.279408
        ],
        [
          24.282454,
          94.279379
        ],
        [
          24.282354,
          94.279398
        ],
        [
          24.282308,
          94.27945
        ],
        [
          24.282129,
          94.279603
        ],
        [
          24.282005,
          94.279625
        ],
        [
          24.281784,
          94.279677
        ],
        [
          24.281672,
          94.279705
        ],
        [
          24.281529,
          94.279809
        ],
        [
          24.281414,
          94.279879
        ],
        [
          24.281297,
          94.279906
        ],
        [
          24.281252,
          94.279926
        ],
        [
          24.280951,
          94.279823
        ],
        [
          24.280487,
          94.279511
        ],
        [
          24.280289,
          94.279354
        ],
        [
          24.280141,
          94.279116
        ],
        [
          24.279994,
          94.278884
        ],
        [
          24.279774,
          94.278754
        ],
        [
          24.279525,
          94.278593
        ],
        [
          24.279332,
          94.278586
        ],
        [
          24.279191,
          94.278608
        ],
        [
          24.279055,
          94.278657
        ],
        [
          24.278937,
          94.278665
        ],
        [
          24.278772,
          94.278658
        ],
        [
          24.278559,
          94.278586
        ],
        [
          24.278311,
          94.278464
        ],
        [
          24.278108,
          94.278325
        ],
        [
          24.278014,
          94.27826
        ],
        [
          24.277807,
          94.278179
        ],
        [
          24.277627,
          94.278157
        ],
        [
          24.277412,
          94.278168
        ],
        [
          24.277247,
          94.278195
        ],
        [
          24.277042,
          94.278262
        ],
        [
          24.276867,
          94.278268
        ],
        [
          24.276517,
          94.278289
        ],
        [
          24.276328,
          94.278287
        ],
        [
          24.276189,
          94.278365
        ],
        [
          24.276141,
          94.278419
        ],
        [
          24.275969,
          94.278676
        ],
        [
          24.275861,
          94.278785
        ],
        [
          24.275767,
          94.278814
        ],
        [
          24.275648,
          94.278847
        ],
        [
          24.275561,
          94.278823
        ],
        [
          24.275464,
          94.278752
        ],
        [
          24.275321,
          94.278577
        ],
        [
          24.275208,
          94.278422
        ],
        [
          24.275111,
          94.278318
        ],
        [
          24.275021,
          94.278262
        ],
        [
          24.274915,
          94.278246
        ],
        [
          24.274568,
          94.278267
        ],
        [
          24.274312,
          94.278317
        ],
        [
          24.274021,
          94.278381
        ],
        [
          24.273532,
          94.278499
        ],
        [
          24.273057,
          94.278602
        ],
        [
          24.272615,
          94.27869
        ],
        [
          24.272324,
          94.278682
        ],
        [
          24.271712,
          94.278669
        ],
        [
          24.271301,
          94.278679
        ],
        [
          24.270964,
          94.278582
        ],
        [
          24.270651,
          94.278406
        ],
        [
          24.270191,
          94.278104
        ],
        [
          24.269836,
          94.277903
        ],
        [
          24.269632,
          94.277735
        ],
        [
          24.269433,
          94.277635
        ],
        [
          24.269209,
          94.277619
        ],
        [
          24.268755,
          94.27766
        ],
        [
          24.268179,
          94.277696
        ],
        [
          24.267929,
          94.277792
        ],
        [
          24.267588,
          94.277876
        ],
        [
          24.267382,
          94.278011
        ],
        [
          24.26714,
          94.278303
        ],
        [
          24.26693,
          94.278555
        ],
        [
          24.266759,
          94.278779
        ],
        [
          24.266588,
          94.279038
        ],
        [
          24.266495,
          94.279329
        ],
        [
          24.266392,
          94.279787
        ],
        [
          24.266322,
          94.280066
        ],
        [
          24.266042,
          94.280398
        ],
        [
          24.265852,
          94.280548
        ],
        [
          24.265725,
          94.280702
        ],
        [
          24.265616,
          94.280906
        ],
        [
          24.265536,
          94.281169
        ],
        [
          24.265519,
          94.281346
        ],
        [
          24.265539,
          94.281478
        ],
        [
          24.265583,
          94.281603
        ],
        [
          24.265685,
          94.281802
        ],
        [
          24.265736,
          94.28192
        ],
        [
          24.265747,
          94.282142
        ],
        [
          24.265692,
          94.282319
        ],
        [
          24.265597,
          94.282492
        ],
        [
          24.265316,
          94.282739
        ],
        [
          24.265155,
          94.282905
        ],
        [
          24.265046,
          94.283032
        ],
        [
          24.264655,
          94.283267
        ],
        [
          24.26449,
          94.283523
        ],
        [
          24.264456,
          94.283711
        ],
        [
          24.264434,
          94.283833
        ],
        [
          24.264384,
          94.283918
        ],
        [
          24.264306,
          94.284017
        ],
        [
          24.26412,
          94.284151
        ],
        [
          24.26394,
          94.284302
        ],
        [
          24.263907,
          94.284424
        ],
        [
          24.263916,
          94.284548
        ],
        [
          24.263963,
          94.284636
        ],
        [
          24.264107,
          94.284814
        ],
        [
          24.264273,
          94.28496
        ],
        [
          24.264306,
          94.285063
        ],
        [
          24.264296,
          94.285156
        ],
        [
          24.264174,
          94.285327
        ],
        [
          24.263912,
          94.285535
        ],
        [
          24.263686,
          94.28578
        ],
        [
          24.263334,
          94.285972
        ],
        [
          24.263196,
          94.286019
        ],
        [
          24.263099,
          94.286046
        ],
        [
          24.262462,
          94.286104
        ],
        [
          24.261877,
          94.286128
        ],
        [
          24.261493,
          94.286219
        ],
        [
          24.261293,
          94.286298
        ],
        [
          24.261071,
          94.286445
        ],
        [
          24.260843,
          94.286426
        ],
        [
          24.26056,
          94.286392
        ],
        [
          24.2603,
          94.286318
        ],
        [
          24.259998,
          94.286256
        ],
        [
          24.259743,
          94.286258
        ],
        [
          24.259439,
          94.286221
        ],
        [
          24.259037,
          94.286163
        ],
        [
          24.25889,
          94.286268
        ],
        [
          24.258819,
          94.286403
        ],
        [
          24.258767,
          94.286654
        ],
        [
          24.258743,
          94.286883
        ],
        [
          24.258673,
          94.287093
        ],
        [
          24.258511,
          94.287326
        ],
        [
          24.258379,
          94.287514
        ],
        [
          24.258046,
          94.287782
        ],
        [
          24.257877,
          94.288036
        ],
        [
          24.257738,
          94.288249
        ],
        [
          24.257528,
          94.288544
        ],
        [
          24.257308,
          94.288848
        ],
        [
          24.257105,
          94.289299
        ],
        [
          24.25698,
          94.289663
        ],
        [
          24.256935,
          94.289954
        ],
        [
          24.256914,
          94.29021
        ],
        [
          24.256915,
          94.290453
        ],
        [
          24.256901,
          94.290537
        ],
        [
          24.256841,
          94.290721
        ],
        [
          24.256773,
          94.290802
        ],
        [
          24.256688,
          94.290843
        ],
        [
          24.256591,
          94.290855
        ],
        [
          24.25625,
          94.290899
        ],
        [
          24.256008,
          94.291039
        ],
        [
          24.255857,
          94.291108
        ],
        [
          24.255781,
          94.291166
        ],
        [
          24.255628,
          94.29139
        ],
        [
          24.255552,
          94.291608
        ],
        [
          24.25546,
          94.291782
        ],
        [
          24.255361,
          94.291901
        ],
        [
          24.254944,
          94.292355
        ],
        [
          24.254815,
          94.292543
        ],
        [
          24.254827,
          94.292724
        ],
        [
          24.254909,
          94.292891
        ],
        [
          24.255012,
          94.293087
        ],
        [
          24.255244,
          94.293234
        ],
        [
          24.255598,
          94.293334
        ],
        [
          24.255731,
          94.293419
        ],
        [
          24.255804,
          94.293514
        ],
        [
          24.255865,
          94.293809
        ],
        [
          24.255854,
          94.29409
        ],
        [
          24.25583,
          94.29425
        ],
        [
          24.255822,
          94.294358
        ],
        [
          24.255826,
          94.294502
        ],
        [
          24.255875,
          94.294739
        ],
        [
          24.25601,
          94.295096
        ],
        [
          24.25618,
          94.295526
        ],
        [
          24.256305,
          94.295881
        ],
        [
          24.256343,
          94.296025
        ],
        [
          24.25642,
          94.296153
        ],
        [
          24.256612,
          94.296293
        ],
        [
          24.256689,
          94.296419
        ],
        [
          24.256735,
          94.296537
        ],
        [
          24.256733,
          94.296639
        ],
        [
          24.256697,
          94.296745
        ],
        [
          24.256642,
          94.296814
        ],
        [
          24.256568,
          94.296856
        ],
        [
          24.256489,
          94.296905
        ],
        [
          24.256406,
          94.296911
        ],
        [
          24.256279,
          94.296911
        ],
        [
          24.256199,
          94.296904
        ],
        [
          24.256041,
          94.296922
        ],
        [
          24.255876,
          94.297065
        ],
        [
          24.255728,
          94.297202
        ],
        [
          24.255638,
          94.297243
        ],
        [
          24.25552,
          94.297283
        ],
        [
          24.255462,
          94.297285
        ],
        [
          24.255357,
          94.297239
        ],
        [
          24.255248,
          94.297175
        ],
        [
          24.255203,
          94.297107
        ],
        [
          24.255151,
          94.296899
        ],
        [
          24.255119,
          94.296754
        ],
        [
          24.255086,
          94.296694
        ],
        [
          24.255041,
          94.296645
        ],
        [
          24.254935,
          94.296612
        ],
        [
          24.254873,
          94.296614
        ],
        [
          24.254807,
          94.29663
        ],
        [
          24.254726,
          94.296704
        ],
        [
          24.254562,
          94.297079
        ],
        [
          24.254471,
          94.297239
        ],
        [
          24.254346,
          94.297389
        ],
        [
          24.254142,
          94.297545
        ],
        [
          24.254116,
          94.2976
        ],
        [
          24.253949,
          94.297808
        ],
        [
          24.253874,
          94.297963
        ],
        [
          24.253854,
          94.29818
        ],
        [
          24.253846,
          94.298374
        ],
        [
          24.253834,
          94.298483
        ],
        [
          24.253799,
          94.298594
        ],
        [
          24.253707,
          94.298744
        ],
        [
          24.253558,
          94.298965
        ],
        [
          24.253467,
          94.299079
        ],
        [
          24.253316,
          94.299157
        ],
        [
          24.253209,
          94.299177
        ],
        [
          24.253125,
          94.299174
        ],
        [
          24.252995,
          94.299135
        ],
        [
          24.252785,
          94.299
        ],
        [
          24.252655,
          94.298961
        ],
        [
          24.252451,
          94.298912
        ],
        [
          24.252344,
          94.298914
        ],
        [
          24.252223,
          94.298945
        ],
        [
          24.252091,
          94.299015
        ],
        [
          24.25187,
          94.299231
        ],
        [
          24.25173,
          94.29942
        ],
        [
          24.251609,
          94.299602
        ],
        [
          24.251455,
          94.299773
        ],
        [
          24.251414,
          94.299812
        ],
        [
          24.25123,
          94.299988
        ],
        [
          24.251122,
          94.300068
        ],
        [
          24.251062,
          94.300112
        ],
        [
          24.250697,
          94.300379
        ],
        [
          24.250522,
          94.30055
        ],
        [
          24.250497,
          94.300592
        ],
        [
          24.250336,
          94.300833
        ],
        [
          24.250251,
          94.300983
        ],
        [
          24.250087,
          94.301261
        ],
        [
          24.24996,
          94.301474
        ],
        [
          24.249678,
          94.301971
        ],
        [
          24.249427,
          94.302461
        ],
        [
          24.248998,
          94.303145
        ],
        [
          24.24882,
          94.303351
        ],
        [
          24.248661,
          94.30348
        ],
        [
          24.248487,
          94.303595
        ],
        [
          24.24831,
          94.303675
        ],
        [
          24.248153,
          94.303718
        ],
        [
          24.247867,
          94.303779
        ],
        [
          24.24784,
          94.303785
        ],
        [
          24.247789,
          94.303878
        ],
        [
          24.247642,
          94.303973
        ],
        [
          24.247504,
          94.304045
        ],
        [
          24.247301,
          94.304214
        ],
        [
          24.247007,
          94.304493
        ],
        [
          24.246846,
          94.304681
        ],
        [
          24.24666,
          94.304847
        ],
        [
          24.246459,
          94.304981
        ],
        [
          24.246205,
          94.30511
        ],
        [
          24.24599,
          94.305196
        ],
        [
          24.245554,
          94.305314
        ],
        [
          24.245609,
          94.305598
        ]
      ]
    }
  ]
}