{
  "type": "FeatureCollection",
  "features": [
    {
      "type": "Feature",
      "properties": {
        "id": "nh10_sevoke_gangtok",
        "name": "NH-10 Sevoke to Gangtok via Teesta Bazaar and Rangpo Gorge",
        "highway": "NH-10",
        "distance_km": 110.6,
        "duration_hrs": 1.52,
        "point_count": 4894
      },
      "geometry": {
        "type": "LineString",
        "coordinates": [
          [
            88.473049,
            26.885596
          ],
          [
            88.473049,
            26.885596
          ],
          [
            88.473041,
            26.885656
          ],
          [
            88.473059,
            26.885715
          ],
          [
            88.473094,
            26.885759
          ],
          [
            88.473154,
            26.885796
          ],
          [
            88.473248,
            26.885829
          ],
          [
            88.473309,
            26.885869
          ],
          [
            88.473383,
            26.885914
          ],
          [
            88.473428,
            26.885968
          ],
          [
            88.473465,
            26.886077
          ],
          [
            88.473469,
            26.88613
          ],
          [
            88.473462,
            26.886181
          ],
          [
            88.473441,
            26.886237
          ],
          [
            88.473426,
            26.886287
          ],
          [
            88.473375,
            26.886347
          ],
          [
            88.47336,
            26.886389
          ],
          [
            88.473362,
            26.886432
          ],
          [
            88.473397,
            26.886452
          ],
          [
            88.473474,
            26.886501
          ],
          [
            88.473564,
            26.886543
          ],
          [
            88.473642,
            26.886592
          ],
          [
            88.473682,
            26.886634
          ],
          [
            88.4737,
            26.886675
          ],
          [
            88.473698,
            26.886718
          ],
          [
            88.473696,
            26.886932
          ],
          [
            88.473697,
            26.887139
          ],
          [
            88.473701,
            26.887202
          ],
          [
            88.473688,
            26.887262
          ],
          [
            88.473676,
            26.887327
          ],
          [
            88.473637,
            26.887378
          ],
          [
            88.473591,
            26.887431
          ],
          [
            88.473543,
            26.887469
          ],
          [
            88.473257,
            26.887624
          ],
          [
            88.473179,
            26.887673
          ],
          [
            88.473136,
            26.887702
          ],
          [
            88.473092,
            26.887734
          ],
          [
            88.473077,
            26.887769
          ],
          [
            88.473091,
            26.887811
          ],
          [
            88.473126,
            26.887876
          ],
          [
            88.473169,
            26.887941
          ],
          [
            88.473212,
            26.887994
          ],
          [
            88.473458,
            26.888173
          ],
          [
            88.473535,
            26.888244
          ],
          [
            88.473571,
            26.888305
          ],
          [
            88.4736,
            26.888373
          ],
          [
            88.473623,
            26.888443
          ],
          [
            88.473639,
            26.888525
          ],
          [
            88.47365,
            26.888605
          ],
          [
            88.473645,
            26.888651
          ],
          [
            88.473622,
            26.888699
          ],
          [
            88.473558,
            26.888773
          ],
          [
            88.473473,
            26.888862
          ],
          [
            88.473421,
            26.888937
          ],
          [
            88.473339,
            26.889051
          ],
          [
            88.473229,
            26.889143
          ],
          [
            88.473141,
            26.88924
          ],
          [
            88.473104,
            26.889344
          ],
          [
            88.473095,
            26.889423
          ],
          [
            88.473108,
            26.889522
          ],
          [
            88.473127,
            26.889572
          ],
          [
            88.473145,
            26.889624
          ],
          [
            88.473189,
            26.889681
          ],
          [
            88.473244,
            26.889728
          ],
          [
            88.473336,
            26.889799
          ],
          [
            88.473417,
            26.889858
          ],
          [
            88.473513,
            26.88994
          ],
          [
            88.473564,
            26.889982
          ],
          [
            88.473599,
            26.890027
          ],
          [
            88.47362,
            26.890072
          ],
          [
            88.473629,
            26.890139
          ],
          [
            88.473627,
            26.890233
          ],
          [
            88.47364,
            26.890331
          ],
          [
            88.473641,
            26.890399
          ],
          [
            88.473611,
            26.89045
          ],
          [
            88.47356,
            26.890525
          ],
          [
            88.473508,
            26.890574
          ],
          [
            88.473487,
            26.890623
          ],
          [
            88.473496,
            26.890673
          ],
          [
            88.473517,
            26.890728
          ],
          [
            88.473547,
            26.890797
          ],
          [
            88.473575,
            26.890887
          ],
          [
            88.473605,
            26.89098
          ],
          [
            88.473622,
            26.891068
          ],
          [
            88.473637,
            26.891135
          ],
          [
            88.473651,
            26.891209
          ],
          [
            88.473657,
            26.891265
          ],
          [
            88.47365,
            26.891318
          ],
          [
            88.473622,
            26.891375
          ],
          [
            88.47358,
            26.891462
          ],
          [
            88.473563,
            26.891523
          ],
          [
            88.473535,
            26.891592
          ],
          [
            88.473503,
            26.891653
          ],
          [
            88.47346,
            26.891697
          ],
          [
            88.473358,
            26.891732
          ],
          [
            88.473295,
            26.891744
          ],
          [
            88.473245,
            26.891755
          ],
          [
            88.473175,
            26.891774
          ],
          [
            88.473127,
            26.891789
          ],
          [
            88.473029,
            26.891819
          ],
          [
            88.472939,
            26.891868
          ],
          [
            88.47287,
            26.891915
          ],
          [
            88.472815,
            26.891969
          ],
          [
            88.47277,
            26.89203
          ],
          [
            88.472768,
            26.892086
          ],
          [
            88.472785,
            26.892145
          ],
          [
            88.472823,
            26.892192
          ],
          [
            88.472875,
            26.892234
          ],
          [
            88.472959,
            26.892259
          ],
          [
            88.473083,
            26.892305
          ],
          [
            88.473206,
            26.892351
          ],
          [
            88.473358,
            26.89239
          ],
          [
            88.473422,
            26.892423
          ],
          [
            88.473488,
            26.892481
          ],
          [
            88.473528,
            26.89254
          ],
          [
            88.473555,
            26.892604
          ],
          [
            88.473568,
            26.892655
          ],
          [
            88.473571,
            26.892715
          ],
          [
            88.473539,
            26.892875
          ],
          [
            88.473493,
            26.893021
          ],
          [
            88.473432,
            26.893172
          ],
          [
            88.473381,
            26.893286
          ],
          [
            88.473347,
            26.893408
          ],
          [
            88.473279,
            26.893542
          ],
          [
            88.473259,
            26.893635
          ],
          [
            88.47326,
            26.893701
          ],
          [
            88.473277,
            26.893781
          ],
          [
            88.473307,
            26.893845
          ],
          [
            88.473368,
            26.893917
          ],
          [
            88.473434,
            26.893984
          ],
          [
            88.473489,
            26.894077
          ],
          [
            88.473505,
            26.894128
          ],
          [
            88.473511,
            26.894182
          ],
          [
            88.473493,
            26.894258
          ],
          [
            88.473455,
            26.894386
          ],
          [
            88.473441,
            26.894488
          ],
          [
            88.473414,
            26.894647
          ],
          [
            88.473401,
            26.894784
          ],
          [
            88.473383,
            26.894874
          ],
          [
            88.473348,
            26.894966
          ],
          [
            88.473332,
            26.895068
          ],
          [
            88.473331,
            26.895141
          ],
          [
            88.473334,
            26.895208
          ],
          [
            88.47335,
            26.895283
          ],
          [
            88.473371,
            26.895344
          ],
          [
            88.473389,
            26.895406
          ],
          [
            88.473378,
            26.89545
          ],
          [
            88.473338,
            26.895497
          ],
          [
            88.473264,
            26.895557
          ],
          [
            88.473171,
            26.895624
          ],
          [
            88.473132,
            26.895685
          ],
          [
            88.47313,
            26.89574
          ],
          [
            88.473163,
            26.895794
          ],
          [
            88.473194,
            26.895833
          ],
          [
            88.473259,
            26.895865
          ],
          [
            88.473323,
            26.895889
          ],
          [
            88.47341,
            26.89593
          ],
          [
            88.473474,
            26.89596
          ],
          [
            88.473532,
            26.895998
          ],
          [
            88.473568,
            26.89605
          ],
          [
            88.473595,
            26.896107
          ],
          [
            88.473606,
            26.896161
          ],
          [
            88.473607,
            26.896204
          ],
          [
            88.473566,
            26.896285
          ],
          [
            88.473517,
            26.896367
          ],
          [
            88.473461,
            26.896486
          ],
          [
            88.473445,
            26.896602
          ],
          [
            88.473413,
            26.896701
          ],
          [
            88.47339,
            26.896822
          ],
          [
            88.473375,
            26.896937
          ],
          [
            88.473377,
            26.89703
          ],
          [
            88.473398,
            26.897117
          ],
          [
            88.473426,
            26.897177
          ],
          [
            88.473454,
            26.897264
          ],
          [
            88.473464,
            26.897326
          ],
          [
            88.473465,
            26.897376
          ],
          [
            88.473448,
            26.897438
          ],
          [
            88.473402,
            26.897518
          ],
          [
            88.47335,
            26.897609
          ],
          [
            88.473283,
            26.897711
          ],
          [
            88.473263,
            26.897799
          ],
          [
            88.473254,
            26.897909
          ],
          [
            88.47328,
            26.898004
          ],
          [
            88.473314,
            26.89812
          ],
          [
            88.473346,
            26.898219
          ],
          [
            88.473386,
            26.89828
          ],
          [
            88.473415,
            26.89834
          ],
          [
            88.473405,
            26.898397
          ],
          [
            88.473389,
            26.89846
          ],
          [
            88.473354,
            26.898517
          ],
          [
            88.473343,
            26.89858
          ],
          [
            88.47336,
            26.898686
          ],
          [
            88.473354,
            26.898766
          ],
          [
            88.473312,
            26.898823
          ],
          [
            88.47323,
            26.898865
          ],
          [
            88.473162,
            26.898909
          ],
          [
            88.473081,
            26.898974
          ],
          [
            88.473051,
            26.899056
          ],
          [
            88.473071,
            26.899127
          ],
          [
            88.473099,
            26.899236
          ],
          [
            88.473086,
            26.89929
          ],
          [
            88.473045,
            26.899335
          ],
          [
            88.472977,
            26.899419
          ],
          [
            88.472942,
            26.899501
          ],
          [
            88.47293,
            26.899549
          ],
          [
            88.47278,
            26.899805
          ],
          [
            88.472726,
            26.899891
          ],
          [
            88.472658,
            26.899976
          ],
          [
            88.472631,
            26.900042
          ],
          [
            88.472632,
            26.900116
          ],
          [
            88.472628,
            26.900175
          ],
          [
            88.472605,
            26.900266
          ],
          [
            88.47258,
            26.900321
          ],
          [
            88.472535,
            26.900365
          ],
          [
            88.472489,
            26.900414
          ],
          [
            88.47241,
            26.900431
          ],
          [
            88.472324,
            26.900435
          ],
          [
            88.47212,
            26.900429
          ],
          [
            88.472031,
            26.900434
          ],
          [
            88.47197,
            26.900447
          ],
          [
            88.471921,
            26.900468
          ],
          [
            88.471857,
            26.90051
          ],
          [
            88.471801,
            26.900548
          ],
          [
            88.47173,
            26.900579
          ],
          [
            88.471668,
            26.900587
          ],
          [
            88.471575,
            26.900575
          ],
          [
            88.471444,
            26.900568
          ],
          [
            88.471361,
            26.900563
          ],
          [
            88.471307,
            26.900567
          ],
          [
            88.471223,
            26.900569
          ],
          [
            88.471131,
            26.900614
          ],
          [
            88.471118,
            26.900677
          ],
          [
            88.471107,
            26.900746
          ],
          [
            88.47115,
            26.900846
          ],
          [
            88.471216,
            26.900957
          ],
          [
            88.471341,
            26.901145
          ],
          [
            88.471437,
            26.901288
          ],
          [
            88.471538,
            26.901367
          ],
          [
            88.471687,
            26.901465
          ],
          [
            88.471832,
            26.901575
          ],
          [
            88.471964,
            26.901707
          ],
          [
            88.47205,
            26.901771
          ],
          [
            88.472112,
            26.901793
          ],
          [
            88.472175,
            26.901805
          ],
          [
            88.472238,
            26.901817
          ],
          [
            88.472282,
            26.901831
          ],
          [
            88.472341,
            26.901859
          ],
          [
            88.472387,
            26.90189
          ],
          [
            88.472416,
            26.901933
          ],
          [
            88.472453,
            26.901994
          ],
          [
            88.472473,
            26.902056
          ],
          [
            88.472475,
            26.902107
          ],
          [
            88.472469,
            26.902154
          ],
          [
            88.472448,
            26.902209
          ],
          [
            88.47241,
            26.902315
          ],
          [
            88.472369,
            26.90243
          ],
          [
            88.472338,
            26.902482
          ],
          [
            88.472303,
            26.902533
          ],
          [
            88.472267,
            26.902578
          ],
          [
            88.472227,
            26.902621
          ],
          [
            88.472154,
            26.902696
          ],
          [
            88.472123,
            26.902755
          ],
          [
            88.472106,
            26.902815
          ],
          [
            88.472098,
            26.902924
          ],
          [
            88.472149,
            26.903212
          ],
          [
            88.472149,
            26.903384
          ],
          [
            88.472038,
            26.90366
          ],
          [
            88.472008,
            26.904065
          ],
          [
            88.471848,
            26.904504
          ],
          [
            88.471753,
            26.904798
          ],
          [
            88.471931,
            26.905146
          ],
          [
            88.47183,
            26.905868
          ],
          [
            88.471649,
            26.906569
          ],
          [
            88.471342,
            26.907154
          ],
          [
            88.471061,
            26.907378
          ],
          [
            88.470843,
            26.907686
          ],
          [
            88.470557,
            26.907786
          ],
          [
            88.470204,
            26.908144
          ],
          [
            88.470052,
            26.908237
          ],
          [
            88.469573,
            26.908369
          ],
          [
            88.468926,
            26.90839
          ],
          [
            88.468557,
            26.908374
          ],
          [
            88.468511,
            26.908376
          ],
          [
            88.468488,
            26.908382
          ],
          [
            88.46847,
            26.908396
          ],
          [
            88.46846,
            26.908412
          ],
          [
            88.468454,
            26.908432
          ],
          [
            88.468455,
            26.908478
          ],
          [
            88.468462,
            26.908529
          ],
          [
            88.468479,
            26.908579
          ],
          [
            88.468529,
            26.908676
          ],
          [
            88.468605,
            26.908805
          ],
          [
            88.468754,
            26.908964
          ],
          [
            88.469142,
            26.909071
          ],
          [
            88.469352,
            26.909191
          ],
          [
            88.469483,
            26.909306
          ],
          [
            88.469516,
            26.909474
          ],
          [
            88.469306,
            26.909773
          ],
          [
            88.469165,
            26.910283
          ],
          [
            88.469178,
            26.910502
          ],
          [
            88.469368,
            26.910865
          ],
          [
            88.469435,
            26.911202
          ],
          [
            88.469503,
            26.911412
          ],
          [
            88.469509,
            26.911551
          ],
          [
            88.469552,
            26.911699
          ],
          [
            88.469682,
            26.911793
          ],
          [
            88.469856,
            26.911968
          ],
          [
            88.470038,
            26.912105
          ],
          [
            88.470394,
            26.912386
          ],
          [
            88.470804,
            26.912714
          ],
          [
            88.471125,
            26.912964
          ],
          [
            88.471174,
            26.913025
          ],
          [
            88.471192,
            26.91308
          ],
          [
            88.471186,
            26.913135
          ],
          [
            88.471156,
            26.913193
          ],
          [
            88.471102,
            26.913244
          ],
          [
            88.471048,
            26.913281
          ],
          [
            88.470977,
            26.913317
          ],
          [
            88.470792,
            26.913372
          ],
          [
            88.470209,
            26.913521
          ],
          [
            88.469829,
            26.913635
          ],
          [
            88.469422,
            26.913738
          ],
          [
            88.468799,
            26.913801
          ],
          [
            88.467716,
            26.913737
          ],
          [
            88.467151,
            26.913818
          ],
          [
            88.466653,
            26.913816
          ],
          [
            88.466221,
            26.913844
          ],
          [
            88.466022,
            26.913952
          ],
          [
            88.465788,
            26.914283
          ],
          [
            88.465566,
            26.914405
          ],
          [
            88.465219,
            26.914637
          ],
          [
            88.464827,
            26.914811
          ],
          [
            88.464575,
            26.914857
          ],
          [
            88.46443,
            26.914988
          ],
          [
            88.464347,
            26.915108
          ],
          [
            88.464081,
            26.915192
          ],
          [
            88.463875,
            26.915407
          ],
          [
            88.463561,
            26.91556
          ],
          [
            88.463454,
            26.915657
          ],
          [
            88.463271,
            26.915906
          ],
          [
            88.463101,
            26.91613
          ],
          [
            88.462943,
            26.916377
          ],
          [
            88.462688,
            26.916726
          ],
          [
            88.462492,
            26.917057
          ],
          [
            88.461869,
            26.917452
          ],
          [
            88.461561,
            26.917688
          ],
          [
            88.461486,
            26.917786
          ],
          [
            88.461472,
            26.917862
          ],
          [
            88.461521,
            26.917951
          ],
          [
            88.461812,
            26.918099
          ],
          [
            88.461976,
            26.918239
          ],
          [
            88.462031,
            26.91831
          ],
          [
            88.462092,
            26.918422
          ],
          [
            88.462154,
            26.91863
          ],
          [
            88.46218,
            26.918763
          ],
          [
            88.462176,
            26.91902
          ],
          [
            88.462111,
            26.919325
          ],
          [
            88.461947,
            26.919812
          ],
          [
            88.461843,
            26.919989
          ],
          [
            88.461682,
            26.920157
          ],
          [
            88.461339,
            26.920484
          ],
          [
            88.461126,
            26.920612
          ],
          [
            88.460877,
            26.920777
          ],
          [
            88.460365,
            26.920981
          ],
          [
            88.459896,
            26.921234
          ],
          [
            88.459532,
            26.921335
          ],
          [
            88.459188,
            26.921452
          ],
          [
            88.457946,
            26.92205
          ],
          [
            88.457653,
            26.922396
          ],
          [
            88.457298,
            26.922684
          ],
          [
            88.457,
            26.92292
          ],
          [
            88.456725,
            26.923114
          ],
          [
            88.456295,
            26.923575
          ],
          [
            88.456037,
            26.923868
          ],
          [
            88.455956,
            26.92397
          ],
          [
            88.455658,
            26.924139
          ],
          [
            88.455524,
            26.92427
          ],
          [
            88.455401,
            26.924365
          ],
          [
            88.455277,
            26.924412
          ],
          [
            88.455064,
            26.924409
          ],
          [
            88.454896,
            26.924432
          ],
          [
            88.454735,
            26.924481
          ],
          [
            88.454585,
            26.924572
          ],
          [
            88.45442,
            26.924658
          ],
          [
            88.45428,
            26.924724
          ],
          [
            88.45414,
            26.924754
          ],
          [
            88.453965,
            26.924739
          ],
          [
            88.453818,
            26.924736
          ],
          [
            88.453691,
            26.924772
          ],
          [
            88.453631,
            26.924828
          ],
          [
            88.453595,
            26.924941
          ],
          [
            88.453598,
            26.925104
          ],
          [
            88.453621,
            26.925437
          ],
          [
            88.453639,
            26.925516
          ],
          [
            88.453634,
            26.925625
          ],
          [
            88.453537,
            26.925793
          ],
          [
            88.453401,
            26.925904
          ],
          [
            88.453289,
            26.925961
          ],
          [
            88.45309,
            26.926017
          ],
          [
            88.452954,
            26.926033
          ],
          [
            88.452577,
            26.926074
          ],
          [
            88.452039,
            26.92606
          ],
          [
            88.451608,
            26.926021
          ],
          [
            88.451172,
            26.926027
          ],
          [
            88.451006,
            26.925978
          ],
          [
            88.450875,
            26.925899
          ],
          [
            88.450642,
            26.925648
          ],
          [
            88.450508,
            26.925544
          ],
          [
            88.450432,
            26.92554
          ],
          [
            88.450363,
            26.925593
          ],
          [
            88.45036,
            26.925649
          ],
          [
            88.450391,
            26.9257
          ],
          [
            88.450568,
            26.925894
          ],
          [
            88.450873,
            26.926129
          ],
          [
            88.451112,
            26.926237
          ],
          [
            88.451311,
            26.92626
          ],
          [
            88.451562,
            26.92625
          ],
          [
            88.451678,
            26.926256
          ],
          [
            88.452066,
            26.926429
          ],
          [
            88.45228,
            26.926609
          ],
          [
            88.452416,
            26.926773
          ],
          [
            88.452485,
            26.927017
          ],
          [
            88.452436,
            26.927219
          ],
          [
            88.452269,
            26.927425
          ],
          [
            88.451966,
            26.927804
          ],
          [
            88.451734,
            26.928119
          ],
          [
            88.451565,
            26.928473
          ],
          [
            88.451423,
            26.928895
          ],
          [
            88.451183,
            26.929489
          ],
          [
            88.45088,
            26.930083
          ],
          [
            88.450677,
            26.930624
          ],
          [
            88.450543,
            26.931296
          ],
          [
            88.450442,
            26.931807
          ],
          [
            88.450123,
            26.932825
          ],
          [
            88.449817,
            26.93375
          ],
          [
            88.449508,
            26.934621
          ],
          [
            88.449317,
            26.935134
          ],
          [
            88.449163,
            26.93541
          ],
          [
            88.449025,
            26.935576
          ],
          [
            88.448912,
            26.93568
          ],
          [
            88.448793,
            26.935743
          ],
          [
            88.448687,
            26.935785
          ],
          [
            88.448516,
            26.935826
          ],
          [
            88.448346,
            26.935872
          ],
          [
            88.448165,
            26.935901
          ],
          [
            88.447889,
            26.935918
          ],
          [
            88.447664,
            26.935924
          ],
          [
            88.447455,
            26.935913
          ],
          [
            88.447313,
            26.935908
          ],
          [
            88.447183,
            26.93591
          ],
          [
            88.447013,
            26.935904
          ],
          [
            88.446837,
            26.935911
          ],
          [
            88.44667,
            26.935915
          ],
          [
            88.446444,
            26.935922
          ],
          [
            88.44629,
            26.935937
          ],
          [
            88.446099,
            26.935964
          ],
          [
            88.445914,
            26.936017
          ],
          [
            88.445757,
            26.936054
          ],
          [
            88.445568,
            26.936103
          ],
          [
            88.445395,
            26.936152
          ],
          [
            88.445188,
            26.936189
          ],
          [
            88.445016,
            26.936192
          ],
          [
            88.444883,
            26.936194
          ],
          [
            88.444776,
            26.936186
          ],
          [
            88.4447,
            26.936173
          ],
          [
            88.444583,
            26.936106
          ],
          [
            88.444469,
            26.936039
          ],
          [
            88.44438,
            26.935968
          ],
          [
            88.444252,
            26.93589
          ],
          [
            88.444171,
            26.935879
          ],
          [
            88.444064,
            26.93593
          ],
          [
            88.443917,
            26.936028
          ],
          [
            88.44374,
            26.936154
          ],
          [
            88.443581,
            26.936251
          ],
          [
            88.443475,
            26.936321
          ],
          [
            88.443371,
            26.936372
          ],
          [
            88.443128,
            26.936545
          ],
          [
            88.442939,
            26.936628
          ],
          [
            88.442701,
            26.936683
          ],
          [
            88.442521,
            26.93677
          ],
          [
            88.442382,
            26.936917
          ],
          [
            88.442194,
            26.937058
          ],
          [
            88.442,
            26.937189
          ],
          [
            88.441737,
            26.937291
          ],
          [
            88.441519,
            26.937497
          ],
          [
            88.44137,
            26.9378
          ],
          [
            88.441316,
            26.938033
          ],
          [
            88.44129,
            26.938316
          ],
          [
            88.441295,
            26.938589
          ],
          [
            88.441238,
            26.938814
          ],
          [
            88.441276,
            26.939102
          ],
          [
            88.441337,
            26.939361
          ],
          [
            88.441379,
            26.939535
          ],
          [
            88.441361,
            26.939702
          ],
          [
            88.441292,
            26.939843
          ],
          [
            88.441181,
            26.939957
          ],
          [
            88.440989,
            26.940068
          ],
          [
            88.440848,
            26.94016
          ],
          [
            88.44078,
            26.940342
          ],
          [
            88.440885,
            26.940516
          ],
          [
            88.441027,
            26.940595
          ],
          [
            88.441209,
            26.940687
          ],
          [
            88.441307,
            26.940789
          ],
          [
            88.441372,
            26.940947
          ],
          [
            88.441379,
            26.941121
          ],
          [
            88.441306,
            26.94127
          ],
          [
            88.441253,
            26.941392
          ],
          [
            88.441289,
            26.941532
          ],
          [
            88.441378,
            26.941684
          ],
          [
            88.441471,
            26.941751
          ],
          [
            88.441544,
            26.941936
          ],
          [
            88.441546,
            26.9421
          ],
          [
            88.441608,
            26.942403
          ],
          [
            88.441711,
            26.942619
          ],
          [
            88.44179,
            26.942841
          ],
          [
            88.441974,
            26.943097
          ],
          [
            88.442074,
            26.943218
          ],
          [
            88.442171,
            26.943305
          ],
          [
            88.44224,
            26.943419
          ],
          [
            88.442306,
            26.943519
          ],
          [
            88.442378,
            26.943623
          ],
          [
            88.442452,
            26.943729
          ],
          [
            88.442505,
            26.943832
          ],
          [
            88.442546,
            26.943933
          ],
          [
            88.442548,
            26.944035
          ],
          [
            88.442534,
            26.944142
          ],
          [
            88.442527,
            26.944258
          ],
          [
            88.442528,
            26.944375
          ],
          [
            88.442554,
            26.944475
          ],
          [
            88.442604,
            26.944566
          ],
          [
            88.442655,
            26.944663
          ],
          [
            88.442674,
            26.944772
          ],
          [
            88.4427,
            26.944885
          ],
          [
            88.442738,
            26.944996
          ],
          [
            88.442751,
            26.945114
          ],
          [
            88.442712,
            26.945296
          ],
          [
            88.442667,
            26.945454
          ],
          [
            88.442576,
            26.945621
          ],
          [
            88.442503,
            26.945752
          ],
          [
            88.442471,
            26.945872
          ],
          [
            88.442433,
            26.946092
          ],
          [
            88.442374,
            26.946235
          ],
          [
            88.442302,
            26.946317
          ],
          [
            88.44225,
            26.946367
          ],
          [
            88.442208,
            26.946433
          ],
          [
            88.442196,
            26.946541
          ],
          [
            88.442213,
            26.946645
          ],
          [
            88.442289,
            26.94677
          ],
          [
            88.442391,
            26.94689
          ],
          [
            88.442454,
            26.946993
          ],
          [
            88.442449,
            26.947133
          ],
          [
            88.442414,
            26.947247
          ],
          [
            88.442258,
            26.947385
          ],
          [
            88.442106,
            26.947532
          ],
          [
            88.442028,
            26.947593
          ],
          [
            88.441868,
            26.947769
          ],
          [
            88.441741,
            26.947923
          ],
          [
            88.441661,
            26.948027
          ],
          [
            88.441576,
            26.94815
          ],
          [
            88.441477,
            26.948301
          ],
          [
            88.441374,
            26.948481
          ],
          [
            88.4413,
            26.948623
          ],
          [
            88.44121,
            26.94875
          ],
          [
            88.441122,
            26.948838
          ],
          [
            88.440981,
            26.948946
          ],
          [
            88.440828,
            26.949023
          ],
          [
            88.440598,
            26.949092
          ],
          [
            88.440391,
            26.949113
          ],
          [
            88.440255,
            26.94909
          ],
          [
            88.440172,
            26.949098
          ],
          [
            88.440098,
            26.949153
          ],
          [
            88.440036,
            26.94923
          ],
          [
            88.440028,
            26.949313
          ],
          [
            88.440031,
            26.949396
          ],
          [
            88.440038,
            26.949481
          ],
          [
            88.440006,
            26.949673
          ],
          [
            88.439824,
            26.95031
          ],
          [
            88.439649,
            26.950656
          ],
          [
            88.43943,
            26.950941
          ],
          [
            88.439202,
            26.951169
          ],
          [
            88.439087,
            26.951318
          ],
          [
            88.439044,
            26.951393
          ],
          [
            88.439018,
            26.95151
          ],
          [
            88.438979,
            26.951629
          ],
          [
            88.438891,
            26.951784
          ],
          [
            88.438738,
            26.951937
          ],
          [
            88.438649,
            26.952013
          ],
          [
            88.43856,
            26.952045
          ],
          [
            88.438433,
            26.952105
          ],
          [
            88.438258,
            26.952157
          ],
          [
            88.438116,
            26.952249
          ],
          [
            88.438038,
            26.952362
          ],
          [
            88.437994,
            26.952475
          ],
          [
            88.437946,
            26.952644
          ],
          [
            88.437847,
            26.952807
          ],
          [
            88.437763,
            26.952902
          ],
          [
            88.437698,
            26.952985
          ],
          [
            88.437633,
            26.953069
          ],
          [
            88.437564,
            26.953158
          ],
          [
            88.437487,
            26.953257
          ],
          [
            88.4374,
            26.953355
          ],
          [
            88.43732,
            26.953434
          ],
          [
            88.437234,
            26.953514
          ],
          [
            88.437143,
            26.953586
          ],
          [
            88.437051,
            26.953671
          ],
          [
            88.436965,
            26.95376
          ],
          [
            88.436881,
            26.953858
          ],
          [
            88.436798,
            26.953969
          ],
          [
            88.436729,
            26.954075
          ],
          [
            88.436667,
            26.954177
          ],
          [
            88.436619,
            26.954286
          ],
          [
            88.436568,
            26.954405
          ],
          [
            88.436526,
            26.954518
          ],
          [
            88.436505,
            26.954615
          ],
          [
            88.436456,
            26.954723
          ],
          [
            88.436407,
            26.954803
          ],
          [
            88.436343,
            26.954886
          ],
          [
            88.436265,
            26.954973
          ],
          [
            88.436177,
            26.95505
          ],
          [
            88.436079,
            26.95511
          ],
          [
            88.435985,
            26.955179
          ],
          [
            88.435912,
            26.955245
          ],
          [
            88.435851,
            26.955326
          ],
          [
            88.435922,
            26.955414
          ],
          [
            88.435981,
            26.955535
          ],
          [
            88.435995,
            26.955674
          ],
          [
            88.435949,
            26.955855
          ],
          [
            88.435858,
            26.956063
          ],
          [
            88.435808,
            26.956181
          ],
          [
            88.435771,
            26.956298
          ],
          [
            88.435745,
            26.95644
          ],
          [
            88.435725,
            26.956571
          ],
          [
            88.435702,
            26.956741
          ],
          [
            88.435689,
            26.956885
          ],
          [
            88.435686,
            26.957018
          ],
          [
            88.435677,
            26.957168
          ],
          [
            88.435681,
            26.957304
          ],
          [
            88.43568,
            26.957444
          ],
          [
            88.435657,
            26.957596
          ],
          [
            88.435687,
            26.957719
          ],
          [
            88.435688,
            26.957836
          ],
          [
            88.435664,
            26.957974
          ],
          [
            88.435637,
            26.958104
          ],
          [
            88.435577,
            26.958221
          ],
          [
            88.435468,
            26.958328
          ],
          [
            88.435337,
            26.958438
          ],
          [
            88.435235,
            26.958546
          ],
          [
            88.435132,
            26.958659
          ],
          [
            88.435027,
            26.958763
          ],
          [
            88.434911,
            26.958875
          ],
          [
            88.434819,
            26.958969
          ],
          [
            88.43473,
            26.959059
          ],
          [
            88.434668,
            26.959118
          ],
          [
            88.434588,
            26.959178
          ],
          [
            88.43443,
            26.959251
          ],
          [
            88.434294,
            26.959189
          ],
          [
            88.434205,
            26.959044
          ],
          [
            88.434203,
            26.958878
          ],
          [
            88.434232,
            26.958703
          ],
          [
            88.4343,
            26.958511
          ],
          [
            88.434274,
            26.958417
          ],
          [
            88.434156,
            26.958345
          ],
          [
            88.433971,
            26.958316
          ],
          [
            88.433769,
            26.95829
          ],
          [
            88.433581,
            26.958294
          ],
          [
            88.433455,
            26.958335
          ],
          [
            88.433468,
            26.958532
          ],
          [
            88.433471,
            26.958756
          ],
          [
            88.43351,
            26.958869
          ],
          [
            88.433522,
            26.95895
          ],
          [
            88.433559,
            26.959047
          ],
          [
            88.433585,
            26.959158
          ],
          [
            88.433592,
            26.95927
          ],
          [
            88.433593,
            26.959391
          ],
          [
            88.433612,
            26.959508
          ],
          [
            88.433668,
            26.959626
          ],
          [
            88.43371,
            26.959746
          ],
          [
            88.433761,
            26.959861
          ],
          [
            88.433809,
            26.959968
          ],
          [
            88.433857,
            26.960055
          ],
          [
            88.433912,
            26.960141
          ],
          [
            88.433955,
            26.960218
          ],
          [
            88.433943,
            26.960366
          ],
          [
            88.433799,
            26.96052
          ],
          [
            88.43355,
            26.960588
          ],
          [
            88.43342,
            26.960553
          ],
          [
            88.433278,
            26.960558
          ],
          [
            88.433161,
            26.960564
          ],
          [
            88.433018,
            26.960583
          ],
          [
            88.432893,
            26.960633
          ],
          [
            88.432754,
            26.960704
          ],
          [
            88.432628,
            26.960786
          ],
          [
            88.432631,
            26.960916
          ],
          [
            88.432736,
            26.960993
          ],
          [
            88.432813,
            26.961016
          ],
          [
            88.433012,
            26.961194
          ],
          [
            88.43306,
            26.961338
          ],
          [
            88.433007,
            26.961456
          ],
          [
            88.432884,
            26.961507
          ],
          [
            88.432732,
            26.961562
          ],
          [
            88.432558,
            26.961627
          ],
          [
            88.432445,
            26.961717
          ],
          [
            88.432378,
            26.961798
          ],
          [
            88.432358,
            26.961924
          ],
          [
            88.432416,
            26.962015
          ],
          [
            88.43253,
            26.962095
          ],
          [
            88.432678,
            26.962174
          ],
          [
            88.432612,
            26.962292
          ],
          [
            88.432517,
            26.962354
          ],
          [
            88.432342,
            26.962421
          ],
          [
            88.432187,
            26.962497
          ],
          [
            88.43209,
            26.962597
          ],
          [
            88.4321,
            26.962736
          ],
          [
            88.432079,
            26.962895
          ],
          [
            88.431998,
            26.963064
          ],
          [
            88.431886,
            26.963177
          ],
          [
            88.431722,
            26.963218
          ],
          [
            88.431563,
            26.963239
          ],
          [
            88.431382,
            26.963255
          ],
          [
            88.431138,
            26.963139
          ],
          [
            88.430984,
            26.963073
          ],
          [
            88.430826,
            26.963055
          ],
          [
            88.430691,
            26.963098
          ],
          [
            88.430527,
            26.96317
          ],
          [
            88.430346,
            26.963259
          ],
          [
            88.430236,
            26.963296
          ],
          [
            88.43013,
            26.963329
          ],
          [
            88.43002,
            26.963354
          ],
          [
            88.429867,
            26.963443
          ],
          [
            88.429781,
            26.963583
          ],
          [
            88.429693,
            26.963707
          ],
          [
            88.429626,
            26.96383
          ],
          [
            88.429619,
            26.963963
          ],
          [
            88.42961,
            26.964115
          ],
          [
            88.429589,
            26.964247
          ],
          [
            88.429577,
            26.964368
          ],
          [
            88.429453,
            26.964503
          ],
          [
            88.429308,
            26.964608
          ],
          [
            88.429188,
            26.964701
          ],
          [
            88.42904,
            26.964799
          ],
          [
            88.42893,
            26.964912
          ],
          [
            88.428814,
            26.965019
          ],
          [
            88.428715,
            26.965123
          ],
          [
            88.428608,
            26.965255
          ],
          [
            88.428555,
            26.965368
          ],
          [
            88.428525,
            26.965505
          ],
          [
            88.428478,
            26.965658
          ],
          [
            88.428493,
            26.965811
          ],
          [
            88.428534,
            26.965983
          ],
          [
            88.428594,
            26.96616
          ],
          [
            88.428614,
            26.966352
          ],
          [
            88.428581,
            26.966543
          ],
          [
            88.428509,
            26.966705
          ],
          [
            88.428381,
            26.966823
          ],
          [
            88.42817,
            26.966859
          ],
          [
            88.428005,
            26.966904
          ],
          [
            88.42789,
            26.966917
          ],
          [
            88.427792,
            26.966961
          ],
          [
            88.427647,
            26.966985
          ],
          [
            88.427509,
            26.967058
          ],
          [
            88.427386,
            26.96722
          ],
          [
            88.427278,
            26.967393
          ],
          [
            88.427187,
            26.967566
          ],
          [
            88.427074,
            26.967697
          ],
          [
            88.426836,
            26.967833
          ],
          [
            88.426684,
            26.967945
          ],
          [
            88.426517,
            26.96805
          ],
          [
            88.426441,
            26.968122
          ],
          [
            88.426366,
            26.968184
          ],
          [
            88.426314,
            26.968272
          ],
          [
            88.426204,
            26.968464
          ],
          [
            88.426144,
            26.968586
          ],
          [
            88.426085,
            26.968694
          ],
          [
            88.42605,
            26.968792
          ],
          [
            88.426001,
            26.968878
          ],
          [
            88.42582,
            26.968968
          ],
          [
            88.425689,
            26.969018
          ],
          [
            88.425608,
            26.969074
          ],
          [
            88.425525,
            26.969151
          ],
          [
            88.425428,
            26.969225
          ],
          [
            88.425345,
            26.969358
          ],
          [
            88.42528,
            26.96949
          ],
          [
            88.425299,
            26.969619
          ],
          [
            88.425328,
            26.969719
          ],
          [
            88.425333,
            26.969805
          ],
          [
            88.425338,
            26.969901
          ],
          [
            88.425318,
            26.970005
          ],
          [
            88.425281,
            26.970116
          ],
          [
            88.425234,
            26.970243
          ],
          [
            88.425167,
            26.970382
          ],
          [
            88.42506,
            26.970537
          ],
          [
            88.425005,
            26.970623
          ],
          [
            88.424945,
            26.970706
          ],
          [
            88.424887,
            26.97079
          ],
          [
            88.424841,
            26.970881
          ],
          [
            88.424805,
            26.970973
          ],
          [
            88.424776,
            26.971064
          ],
          [
            88.424765,
            26.971163
          ],
          [
            88.424743,
            26.971255
          ],
          [
            88.424717,
            26.971343
          ],
          [
            88.424679,
            26.971514
          ],
          [
            88.424649,
            26.971665
          ],
          [
            88.424665,
            26.971817
          ],
          [
            88.424722,
            26.971978
          ],
          [
            88.424858,
            26.97208
          ],
          [
            88.424997,
            26.972171
          ],
          [
            88.425075,
            26.972264
          ],
          [
            88.424979,
            26.972408
          ],
          [
            88.424849,
            26.97255
          ],
          [
            88.424726,
            26.972685
          ],
          [
            88.424663,
            26.972755
          ],
          [
            88.42459,
            26.972898
          ],
          [
            88.424548,
            26.973091
          ],
          [
            88.424532,
            26.973193
          ],
          [
            88.424504,
            26.973283
          ],
          [
            88.424442,
            26.97338
          ],
          [
            88.424402,
            26.973495
          ],
          [
            88.424385,
            26.973593
          ],
          [
            88.424382,
            26.973707
          ],
          [
            88.424379,
            26.973835
          ],
          [
            88.424383,
            26.973949
          ],
          [
            88.424401,
            26.974057
          ],
          [
            88.424426,
            26.974167
          ],
          [
            88.424446,
            26.974268
          ],
          [
            88.42447,
            26.974381
          ],
          [
            88.424507,
            26.974487
          ],
          [
            88.424548,
            26.974585
          ],
          [
            88.424585,
            26.974686
          ],
          [
            88.424626,
            26.974773
          ],
          [
            88.424718,
            26.974916
          ],
          [
            88.424736,
            26.975086
          ],
          [
            88.424703,
            26.975281
          ],
          [
            88.424666,
            26.975386
          ],
          [
            88.424605,
            26.975486
          ],
          [
            88.424525,
            26.975563
          ],
          [
            88.424464,
            26.975658
          ],
          [
            88.424405,
            26.975749
          ],
          [
            88.424343,
            26.975836
          ],
          [
            88.424306,
            26.975938
          ],
          [
            88.424277,
            26.976053
          ],
          [
            88.424264,
            26.976167
          ],
          [
            88.42426,
            26.976271
          ],
          [
            88.424232,
            26.976358
          ],
          [
            88.424191,
            26.976448
          ],
          [
            88.424124,
            26.976542
          ],
          [
            88.424057,
            26.976641
          ],
          [
            88.423979,
            26.976746
          ],
          [
            88.423919,
            26.976839
          ],
          [
            88.423868,
            26.976949
          ],
          [
            88.423807,
            26.977046
          ],
          [
            88.423746,
            26.977142
          ],
          [
            88.423678,
            26.977213
          ],
          [
            88.423631,
            26.977211
          ],
          [
            88.423558,
            26.977187
          ],
          [
            88.423539,
            26.977022
          ],
          [
            88.423591,
            26.976848
          ],
          [
            88.423689,
            26.976697
          ],
          [
            88.42376,
            26.976601
          ],
          [
            88.423845,
            26.976465
          ],
          [
            88.423892,
            26.976354
          ],
          [
            88.423855,
            26.976236
          ],
          [
            88.423749,
            26.976126
          ],
          [
            88.423645,
            26.976038
          ],
          [
            88.423607,
            26.975913
          ],
          [
            88.42367,
            26.975785
          ],
          [
            88.42374,
            26.975651
          ],
          [
            88.42389,
            26.975489
          ],
          [
            88.423892,
            26.975339
          ],
          [
            88.423814,
            26.97514
          ],
          [
            88.423742,
            26.974993
          ],
          [
            88.42371,
            26.974912
          ],
          [
            88.423655,
            26.974797
          ],
          [
            88.423549,
            26.974706
          ],
          [
            88.42349,
            26.974593
          ],
          [
            88.423441,
            26.974503
          ],
          [
            88.423363,
            26.974379
          ],
          [
            88.423369,
            26.97428
          ],
          [
            88.423265,
            26.974138
          ],
          [
            88.423157,
            26.974082
          ],
          [
            88.423025,
            26.974066
          ],
          [
            88.422791,
            26.974091
          ],
          [
            88.422558,
            26.974113
          ],
          [
            88.422401,
            26.974074
          ],
          [
            88.422261,
            26.974035
          ],
          [
            88.422129,
            26.974025
          ],
          [
            88.422041,
            26.974016
          ],
          [
            88.421946,
            26.973984
          ],
          [
            88.421861,
            26.973904
          ],
          [
            88.421811,
            26.973791
          ],
          [
            88.421727,
            26.973704
          ],
          [
            88.42161,
            26.973626
          ],
          [
            88.421501,
            26.973545
          ],
          [
            88.421367,
            26.973385
          ],
          [
            88.421319,
            26.973275
          ],
          [
            88.421257,
            26.97317
          ],
          [
            88.421184,
            26.973083
          ],
          [
            88.421087,
            26.97301
          ],
          [
            88.42096,
            26.97293
          ],
          [
            88.420888,
            26.972877
          ],
          [
            88.420803,
            26.972828
          ],
          [
            88.420691,
            26.972779
          ],
          [
            88.420592,
            26.972732
          ],
          [
            88.420522,
            26.972681
          ],
          [
            88.420425,
            26.972614
          ],
          [
            88.420326,
            26.972483
          ],
          [
            88.420253,
            26.972379
          ],
          [
            88.420139,
            26.972289
          ],
          [
            88.42002,
            26.972231
          ],
          [
            88.419882,
            26.972146
          ],
          [
            88.419792,
            26.972058
          ],
          [
            88.41971,
            26.971955
          ],
          [
            88.41969,
            26.971842
          ],
          [
            88.419695,
            26.971743
          ],
          [
            88.419718,
            26.971631
          ],
          [
            88.419732,
            26.971532
          ],
          [
            88.419759,
            26.971436
          ],
          [
            88.419774,
            26.971302
          ],
          [
            88.419784,
            26.971134
          ],
          [
            88.419794,
            26.971018
          ],
          [
            88.419789,
            26.970921
          ],
          [
            88.419793,
            26.97077
          ],
          [
            88.419792,
            26.970602
          ],
          [
            88.419801,
            26.970496
          ],
          [
            88.419803,
            26.970342
          ],
          [
            88.419816,
            26.97023
          ],
          [
            88.419821,
            26.970142
          ],
          [
            88.41977,
            26.969992
          ],
          [
            88.419695,
            26.969821
          ],
          [
            88.419621,
            26.969742
          ],
          [
            88.419531,
            26.969656
          ],
          [
            88.419429,
            26.969568
          ],
          [
            88.419107,
            26.969379
          ],
          [
            88.418968,
            26.969296
          ],
          [
            88.418875,
            26.969217
          ],
          [
            88.418765,
            26.96915
          ],
          [
            88.418597,
            26.968955
          ],
          [
            88.418534,
            26.968837
          ],
          [
            88.418507,
            26.9687
          ],
          [
            88.418504,
            26.968595
          ],
          [
            88.418463,
            26.968516
          ],
          [
            88.418395,
            26.968468
          ],
          [
            88.418246,
            26.968399
          ],
          [
            88.418085,
            26.968388
          ],
          [
            88.417935,
            26.96839
          ],
          [
            88.417805,
            26.96846
          ],
          [
            88.417672,
            26.968547
          ],
          [
            88.417611,
            26.96864
          ],
          [
            88.417535,
            26.968746
          ],
          [
            88.417457,
            26.968869
          ],
          [
            88.417366,
            26.969016
          ],
          [
            88.417313,
            26.969161
          ],
          [
            88.417291,
            26.969328
          ],
          [
            88.417307,
            26.969503
          ],
          [
            88.417375,
            26.969683
          ],
          [
            88.417399,
            26.969778
          ],
          [
            88.417419,
            26.969873
          ],
          [
            88.417434,
            26.969966
          ],
          [
            88.417444,
            26.97006
          ],
          [
            88.417507,
            26.970515
          ],
          [
            88.417518,
            26.97057
          ],
          [
            88.417521,
            26.970625
          ],
          [
            88.417517,
            26.97068
          ],
          [
            88.417507,
            26.970731
          ],
          [
            88.417491,
            26.97078
          ],
          [
            88.417469,
            26.970827
          ],
          [
            88.417444,
            26.97085
          ],
          [
            88.417415,
            26.970869
          ],
          [
            88.417375,
            26.970888
          ],
          [
            88.417353,
            26.970896
          ],
          [
            88.417331,
            26.970901
          ],
          [
            88.41729,
            26.970904
          ],
          [
            88.417249,
            26.9709
          ],
          [
            88.417217,
            26.970891
          ],
          [
            88.417187,
            26.970878
          ],
          [
            88.41716,
            26.970861
          ],
          [
            88.416994,
            26.970769
          ],
          [
            88.416956,
            26.970751
          ],
          [
            88.416914,
            26.970738
          ],
          [
            88.416871,
            26.97073
          ],
          [
            88.416824,
            26.970728
          ],
          [
            88.416777,
            26.970732
          ],
          [
            88.416731,
            26.970742
          ],
          [
            88.416687,
            26.970759
          ],
          [
            88.416648,
            26.970783
          ],
          [
            88.416614,
            26.970812
          ],
          [
            88.416601,
            26.970829
          ],
          [
            88.416589,
            26.970843
          ],
          [
            88.41657,
            26.970877
          ],
          [
            88.416557,
            26.970913
          ],
          [
            88.416518,
            26.971234
          ],
          [
            88.416507,
            26.971329
          ],
          [
            88.416494,
            26.971455
          ],
          [
            88.416476,
            26.97158
          ],
          [
            88.416465,
            26.97166
          ],
          [
            88.416447,
            26.971738
          ],
          [
            88.416424,
            26.971806
          ],
          [
            88.416396,
            26.971872
          ],
          [
            88.416373,
            26.971927
          ],
          [
            88.416355,
            26.971984
          ],
          [
            88.416342,
            26.972042
          ],
          [
            88.416333,
            26.972119
          ],
          [
            88.416334,
            26.972196
          ],
          [
            88.416337,
            26.972235
          ],
          [
            88.416343,
            26.972274
          ],
          [
            88.416359,
            26.972331
          ],
          [
            88.416381,
            26.972387
          ],
          [
            88.41641,
            26.972441
          ],
          [
            88.416524,
            26.972615
          ],
          [
            88.416559,
            26.972641
          ],
          [
            88.416598,
            26.972661
          ],
          [
            88.416639,
            26.972677
          ],
          [
            88.416682,
            26.972688
          ],
          [
            88.416726,
            26.972693
          ],
          [
            88.416792,
            26.972695
          ],
          [
            88.416858,
            26.972692
          ],
          [
            88.416923,
            26.972682
          ],
          [
            88.416986,
            26.972666
          ],
          [
            88.417237,
            26.972617
          ],
          [
            88.417265,
            26.972613
          ],
          [
            88.417294,
            26.972613
          ],
          [
            88.417322,
            26.972618
          ],
          [
            88.417351,
            26.972628
          ],
          [
            88.417377,
            26.972643
          ],
          [
            88.417399,
            26.972662
          ],
          [
            88.417418,
            26.972685
          ],
          [
            88.41744,
            26.972756
          ],
          [
            88.417458,
            26.972828
          ],
          [
            88.417471,
            26.972901
          ],
          [
            88.41748,
            26.972998
          ],
          [
            88.417481,
            26.973095
          ],
          [
            88.417487,
            26.9732
          ],
          [
            88.417498,
            26.973305
          ],
          [
            88.417532,
            26.973481
          ],
          [
            88.417609,
            26.97366
          ],
          [
            88.417633,
            26.973763
          ],
          [
            88.41765,
            26.973861
          ],
          [
            88.417711,
            26.974043
          ],
          [
            88.417805,
            26.974203
          ],
          [
            88.417913,
            26.974358
          ],
          [
            88.418049,
            26.974482
          ],
          [
            88.418191,
            26.974577
          ],
          [
            88.418323,
            26.974677
          ],
          [
            88.418456,
            26.974775
          ],
          [
            88.418522,
            26.974866
          ],
          [
            88.41859,
            26.974967
          ],
          [
            88.418601,
            26.975048
          ],
          [
            88.418578,
            26.975099
          ],
          [
            88.418583,
            26.975152
          ],
          [
            88.418619,
            26.975214
          ],
          [
            88.418726,
            26.975261
          ],
          [
            88.418821,
            26.97529
          ],
          [
            88.4189,
            26.975386
          ],
          [
            88.418994,
            26.975518
          ],
          [
            88.419103,
            26.975662
          ],
          [
            88.419209,
            26.975826
          ],
          [
            88.419267,
            26.975912
          ],
          [
            88.419333,
            26.976
          ],
          [
            88.419399,
            26.976092
          ],
          [
            88.419473,
            26.976183
          ],
          [
            88.41955,
            26.976278
          ],
          [
            88.419617,
            26.976385
          ],
          [
            88.419673,
            26.976504
          ],
          [
            88.419722,
            26.976629
          ],
          [
            88.419763,
            26.976762
          ],
          [
            88.419797,
            26.976895
          ],
          [
            88.419853,
            26.97701
          ],
          [
            88.419907,
            26.977156
          ],
          [
            88.419975,
            26.977283
          ],
          [
            88.42002,
            26.97742
          ],
          [
            88.420023,
            26.977559
          ],
          [
            88.420017,
            26.977667
          ],
          [
            88.419978,
            26.977756
          ],
          [
            88.419946,
            26.977852
          ],
          [
            88.419902,
            26.977956
          ],
          [
            88.419839,
            26.97806
          ],
          [
            88.41978,
            26.978166
          ],
          [
            88.419721,
            26.978261
          ],
          [
            88.419663,
            26.978354
          ],
          [
            88.419628,
            26.978431
          ],
          [
            88.41957,
            26.97852
          ],
          [
            88.419503,
            26.978649
          ],
          [
            88.419454,
            26.97877
          ],
          [
            88.419434,
            26.978885
          ],
          [
            88.419395,
            26.979058
          ],
          [
            88.41935,
            26.979252
          ],
          [
            88.419293,
            26.979383
          ],
          [
            88.419194,
            26.979479
          ],
          [
            88.419071,
            26.979511
          ],
          [
            88.418947,
            26.97957
          ],
          [
            88.418839,
            26.979619
          ],
          [
            88.418712,
            26.979709
          ],
          [
            88.418655,
            26.979839
          ],
          [
            88.418642,
            26.979951
          ],
          [
            88.418646,
            26.980028
          ],
          [
            88.418614,
            26.980134
          ],
          [
            88.418562,
            26.980255
          ],
          [
            88.41848,
            26.980347
          ],
          [
            88.418366,
            26.98041
          ],
          [
            88.418279,
            26.980506
          ],
          [
            88.418237,
            26.98059
          ],
          [
            88.418274,
            26.980725
          ],
          [
            88.418339,
            26.980876
          ],
          [
            88.418472,
            26.981034
          ],
          [
            88.418561,
            26.981105
          ],
          [
            88.418666,
            26.981182
          ],
          [
            88.418763,
            26.981269
          ],
          [
            88.418845,
            26.981367
          ],
          [
            88.418905,
            26.981466
          ],
          [
            88.418945,
            26.981565
          ],
          [
            88.418951,
            26.981662
          ],
          [
            88.418946,
            26.981754
          ],
          [
            88.418917,
            26.981836
          ],
          [
            88.418776,
            26.981926
          ],
          [
            88.418582,
            26.981932
          ],
          [
            88.418452,
            26.981925
          ],
          [
            88.418304,
            26.981952
          ],
          [
            88.418163,
            26.982023
          ],
          [
            88.418017,
            26.98215
          ],
          [
            88.417934,
            26.982226
          ],
          [
            88.417849,
            26.982314
          ],
          [
            88.417763,
            26.982397
          ],
          [
            88.417674,
            26.982462
          ],
          [
            88.417516,
            26.982579
          ],
          [
            88.417119,
            26.982644
          ],
          [
            88.416575,
            26.98279
          ],
          [
            88.416176,
            26.982937
          ],
          [
            88.4159,
            26.98311
          ],
          [
            88.415605,
            26.983222
          ],
          [
            88.41539,
            26.983319
          ],
          [
            88.415199,
            26.983388
          ],
          [
            88.415088,
            26.983434
          ],
          [
            88.415002,
            26.983507
          ],
          [
            88.414905,
            26.983575
          ],
          [
            88.414808,
            26.983626
          ],
          [
            88.414719,
            26.983634
          ],
          [
            88.414624,
            26.983681
          ],
          [
            88.414567,
            26.983721
          ],
          [
            88.414536,
            26.983818
          ],
          [
            88.414882,
            26.98443
          ],
          [
            88.414982,
            26.9845
          ],
          [
            88.415115,
            26.984512
          ],
          [
            88.415452,
            26.984532
          ],
          [
            88.416514,
            26.984694
          ],
          [
            88.416683,
            26.984732
          ],
          [
            88.416778,
            26.984773
          ],
          [
            88.41689,
            26.98482
          ],
          [
            88.416946,
            26.984885
          ],
          [
            88.416999,
            26.984979
          ],
          [
            88.417096,
            26.985329
          ],
          [
            88.417145,
            26.985507
          ],
          [
            88.41716,
            26.985625
          ],
          [
            88.417175,
            26.985769
          ],
          [
            88.417208,
            26.985905
          ],
          [
            88.41724,
            26.986037
          ],
          [
            88.41727,
            26.986145
          ],
          [
            88.417297,
            26.986279
          ],
          [
            88.417291,
            26.986434
          ],
          [
            88.417291,
            26.986581
          ],
          [
            88.417298,
            26.986722
          ],
          [
            88.417387,
            26.986845
          ],
          [
            88.417553,
            26.986919
          ],
          [
            88.417709,
            26.987013
          ],
          [
            88.417837,
            26.987122
          ],
          [
            88.417933,
            26.987286
          ],
          [
            88.418024,
            26.987418
          ],
          [
            88.418075,
            26.987555
          ],
          [
            88.418109,
            26.987688
          ],
          [
            88.418138,
            26.987837
          ],
          [
            88.418184,
            26.98798
          ],
          [
            88.418227,
            26.988129
          ],
          [
            88.418276,
            26.988268
          ],
          [
            88.418322,
            26.988356
          ],
          [
            88.418399,
            26.988442
          ],
          [
            88.418488,
            26.98853
          ],
          [
            88.418554,
            26.988613
          ],
          [
            88.418581,
            26.988674
          ],
          [
            88.418585,
            26.988751
          ],
          [
            88.418564,
            26.988935
          ],
          [
            88.418575,
            26.989015
          ],
          [
            88.418601,
            26.989084
          ],
          [
            88.418654,
            26.989156
          ],
          [
            88.418776,
            26.989244
          ],
          [
            88.418931,
            26.989355
          ],
          [
            88.419164,
            26.989513
          ],
          [
            88.419317,
            26.989588
          ],
          [
            88.41942,
            26.989615
          ],
          [
            88.419527,
            26.989641
          ],
          [
            88.419716,
            26.989691
          ],
          [
            88.419895,
            26.989788
          ],
          [
            88.419993,
            26.989855
          ],
          [
            88.420075,
            26.989912
          ],
          [
            88.420171,
            26.989983
          ],
          [
            88.42023,
            26.990055
          ],
          [
            88.42027,
            26.990153
          ],
          [
            88.420277,
            26.990242
          ],
          [
            88.420275,
            26.990389
          ],
          [
            88.42028,
            26.990494
          ],
          [
            88.420304,
            26.99059
          ],
          [
            88.420336,
            26.99069
          ],
          [
            88.420398,
            26.990808
          ],
          [
            88.420481,
            26.990901
          ],
          [
            88.420577,
            26.990982
          ],
          [
            88.420647,
            26.991093
          ],
          [
            88.420707,
            26.99122
          ],
          [
            88.420741,
            26.991315
          ],
          [
            88.420812,
            26.991389
          ],
          [
            88.420907,
            26.991422
          ],
          [
            88.420993,
            26.991426
          ],
          [
            88.421206,
            26.991443
          ],
          [
            88.421379,
            26.991457
          ],
          [
            88.42147,
            26.991473
          ],
          [
            88.421561,
            26.991506
          ],
          [
            88.421616,
            26.991563
          ],
          [
            88.421738,
            26.991646
          ],
          [
            88.421842,
            26.991748
          ],
          [
            88.421944,
            26.99182
          ],
          [
            88.422044,
            26.99188
          ],
          [
            88.422189,
            26.991943
          ],
          [
            88.422278,
            26.991964
          ],
          [
            88.422375,
            26.991968
          ],
          [
            88.422447,
            26.991973
          ],
          [
            88.422527,
            26.991963
          ],
          [
            88.422625,
            26.991917
          ],
          [
            88.422734,
            26.991879
          ],
          [
            88.422869,
            26.991832
          ],
          [
            88.423045,
            26.99181
          ],
          [
            88.423252,
            26.991814
          ],
          [
            88.423385,
            26.99183
          ],
          [
            88.423518,
            26.991842
          ],
          [
            88.423797,
            26.991882
          ],
          [
            88.424133,
            26.991881
          ],
          [
            88.424295,
            26.991892
          ],
          [
            88.42468,
            26.991902
          ],
          [
            88.424846,
            26.991907
          ],
          [
            88.424926,
            26.991923
          ],
          [
            88.425,
            26.991965
          ],
          [
            88.425086,
            26.992039
          ],
          [
            88.425183,
            26.992164
          ],
          [
            88.425244,
            26.99243
          ],
          [
            88.425277,
            26.992622
          ],
          [
            88.425299,
            26.992772
          ],
          [
            88.425346,
            26.99292
          ],
          [
            88.42546,
            26.99307
          ],
          [
            88.425525,
            26.993159
          ],
          [
            88.425579,
            26.993246
          ],
          [
            88.425695,
            26.993404
          ],
          [
            88.425829,
            26.993569
          ],
          [
            88.425882,
            26.993653
          ],
          [
            88.425904,
            26.993746
          ],
          [
            88.425908,
            26.993937
          ],
          [
            88.425924,
            26.994124
          ],
          [
            88.425932,
            26.994292
          ],
          [
            88.425914,
            26.994433
          ],
          [
            88.42583,
            26.994587
          ],
          [
            88.425757,
            26.994768
          ],
          [
            88.425742,
            26.994857
          ],
          [
            88.425744,
            26.994953
          ],
          [
            88.425733,
            26.995056
          ],
          [
            88.425739,
            26.99517
          ],
          [
            88.425756,
            26.995283
          ],
          [
            88.425765,
            26.995396
          ],
          [
            88.425786,
            26.995508
          ],
          [
            88.425817,
            26.995625
          ],
          [
            88.425857,
            26.995738
          ],
          [
            88.425905,
            26.995841
          ],
          [
            88.425979,
            26.996016
          ],
          [
            88.426048,
            26.99617
          ],
          [
            88.426069,
            26.996316
          ],
          [
            88.425978,
            26.996411
          ],
          [
            88.4258,
            26.996549
          ],
          [
            88.425762,
            26.996647
          ],
          [
            88.425861,
            26.996778
          ],
          [
            88.426006,
            26.996792
          ],
          [
            88.42616,
            26.996758
          ],
          [
            88.426395,
            26.996682
          ],
          [
            88.426759,
            26.996528
          ],
          [
            88.426994,
            26.996458
          ],
          [
            88.427125,
            26.996541
          ],
          [
            88.427297,
            26.996628
          ],
          [
            88.427382,
            26.996679
          ],
          [
            88.427528,
            26.996854
          ],
          [
            88.427594,
            26.996952
          ],
          [
            88.427681,
            26.997064
          ],
          [
            88.427764,
            26.997178
          ],
          [
            88.427826,
            26.997294
          ],
          [
            88.427904,
            26.997399
          ],
          [
            88.427988,
            26.99751
          ],
          [
            88.42807,
            26.997622
          ],
          [
            88.428135,
            26.997715
          ],
          [
            88.42822,
            26.997807
          ],
          [
            88.428296,
            26.997896
          ],
          [
            88.428372,
            26.997985
          ],
          [
            88.428411,
            26.997995
          ],
          [
            88.428505,
            26.997897
          ],
          [
            88.428618,
            26.997793
          ],
          [
            88.4288,
            26.997725
          ],
          [
            88.428983,
            26.997747
          ],
          [
            88.429187,
            26.997796
          ],
          [
            88.4294,
            26.997876
          ],
          [
            88.429589,
            26.997926
          ],
          [
            88.429821,
            26.997964
          ],
          [
            88.429954,
            26.997966
          ],
          [
            88.430086,
            26.997965
          ],
          [
            88.43021,
            26.997958
          ],
          [
            88.430317,
            26.997953
          ],
          [
            88.430491,
            26.997928
          ],
          [
            88.430644,
            26.997913
          ],
          [
            88.430712,
            26.997968
          ],
          [
            88.430797,
            26.998024
          ],
          [
            88.430902,
            26.998092
          ],
          [
            88.430994,
            26.998195
          ],
          [
            88.431076,
            26.99832
          ],
          [
            88.431225,
            26.998443
          ],
          [
            88.431346,
            26.998493
          ],
          [
            88.43159,
            26.998464
          ],
          [
            88.431847,
            26.998452
          ],
          [
            88.432298,
            26.998505
          ],
          [
            88.432785,
            26.99871
          ],
          [
            88.433292,
            26.998904
          ],
          [
            88.433483,
            26.998964
          ],
          [
            88.433695,
            26.999054
          ],
          [
            88.433799,
            26.999084
          ],
          [
            88.433948,
            26.999126
          ],
          [
            88.434077,
            26.999182
          ],
          [
            88.434186,
            26.999357
          ],
          [
            88.434236,
            26.999567
          ],
          [
            88.434238,
            26.999677
          ],
          [
            88.43423,
            26.999797
          ],
          [
            88.434232,
            26.999901
          ],
          [
            88.434236,
            26.999999
          ],
          [
            88.434315,
            27.0001
          ],
          [
            88.434417,
            27.000284
          ],
          [
            88.434485,
            27.000393
          ],
          [
            88.434541,
            27.000479
          ],
          [
            88.434729,
            27.000574
          ],
          [
            88.434857,
            27.000685
          ],
          [
            88.434845,
            27.000814
          ],
          [
            88.434791,
            27.000971
          ],
          [
            88.434816,
            27.001072
          ],
          [
            88.434888,
            27.001152
          ],
          [
            88.435003,
            27.001209
          ],
          [
            88.435219,
            27.001231
          ],
          [
            88.435395,
            27.001302
          ],
          [
            88.43554,
            27.001397
          ],
          [
            88.435568,
            27.001423
          ],
          [
            88.435855,
            27.001597
          ],
          [
            88.436222,
            27.001693
          ],
          [
            88.436698,
            27.001738
          ],
          [
            88.436847,
            27.001773
          ],
          [
            88.437012,
            27.001815
          ],
          [
            88.437195,
            27.00185
          ],
          [
            88.437382,
            27.00186
          ],
          [
            88.437762,
            27.00193
          ],
          [
            88.437833,
            27.001952
          ],
          [
            88.438,
            27.001995
          ],
          [
            88.438155,
            27.002062
          ],
          [
            88.438325,
            27.002133
          ],
          [
            88.438473,
            27.002197
          ],
          [
            88.438578,
            27.002273
          ],
          [
            88.438745,
            27.002523
          ],
          [
            88.43882,
            27.002683
          ],
          [
            88.438899,
            27.002808
          ],
          [
            88.43898,
            27.002921
          ],
          [
            88.439085,
            27.003037
          ],
          [
            88.439205,
            27.00314
          ],
          [
            88.439318,
            27.003239
          ],
          [
            88.439409,
            27.003303
          ],
          [
            88.439532,
            27.003357
          ],
          [
            88.439707,
            27.003445
          ],
          [
            88.439833,
            27.003497
          ],
          [
            88.43998,
            27.003568
          ],
          [
            88.440081,
            27.003669
          ],
          [
            88.440163,
            27.003753
          ],
          [
            88.440204,
            27.003822
          ],
          [
            88.440278,
            27.003927
          ],
          [
            88.440363,
            27.003984
          ],
          [
            88.440532,
            27.004035
          ],
          [
            88.440673,
            27.004033
          ],
          [
            88.440878,
            27.004013
          ],
          [
            88.441248,
            27.004027
          ],
          [
            88.441497,
            27.004091
          ],
          [
            88.441754,
            27.004163
          ],
          [
            88.441898,
            27.004236
          ],
          [
            88.441978,
            27.004314
          ],
          [
            88.442059,
            27.004427
          ],
          [
            88.442152,
            27.004533
          ],
          [
            88.442295,
            27.004644
          ],
          [
            88.442414,
            27.004775
          ],
          [
            88.442479,
            27.004904
          ],
          [
            88.442437,
            27.00502
          ],
          [
            88.442351,
            27.005144
          ],
          [
            88.442245,
            27.005275
          ],
          [
            88.442198,
            27.005394
          ],
          [
            88.442207,
            27.005545
          ],
          [
            88.442259,
            27.005685
          ],
          [
            88.44245,
            27.005833
          ],
          [
            88.442655,
            27.006006
          ],
          [
            88.442814,
            27.006129
          ],
          [
            88.442921,
            27.006226
          ],
          [
            88.443,
            27.006373
          ],
          [
            88.443007,
            27.00651
          ],
          [
            88.443018,
            27.006678
          ],
          [
            88.443022,
            27.006852
          ],
          [
            88.443028,
            27.007034
          ],
          [
            88.443043,
            27.007131
          ],
          [
            88.443071,
            27.007226
          ],
          [
            88.443109,
            27.007326
          ],
          [
            88.443138,
            27.007416
          ],
          [
            88.443184,
            27.007502
          ],
          [
            88.443239,
            27.007635
          ],
          [
            88.443185,
            27.007775
          ],
          [
            88.443076,
            27.007936
          ],
          [
            88.442978,
            27.00811
          ],
          [
            88.44296,
            27.008305
          ],
          [
            88.442954,
            27.008398
          ],
          [
            88.442966,
            27.00849
          ],
          [
            88.442972,
            27.008569
          ],
          [
            88.44311,
            27.008787
          ],
          [
            88.443222,
            27.00889
          ],
          [
            88.443317,
            27.008984
          ],
          [
            88.443421,
            27.00907
          ],
          [
            88.443523,
            27.00915
          ],
          [
            88.443618,
            27.009226
          ],
          [
            88.443678,
            27.009309
          ],
          [
            88.443735,
            27.009384
          ],
          [
            88.443794,
            27.009567
          ],
          [
            88.443811,
            27.00985
          ],
          [
            88.443722,
            27.010039
          ],
          [
            88.443659,
            27.010137
          ],
          [
            88.443604,
            27.010255
          ],
          [
            88.443556,
            27.01037
          ],
          [
            88.443489,
            27.010481
          ],
          [
            88.443431,
            27.010586
          ],
          [
            88.443372,
            27.010674
          ],
          [
            88.443304,
            27.010763
          ],
          [
            88.442819,
            27.010973
          ],
          [
            88.442327,
            27.011146
          ],
          [
            88.442086,
            27.011224
          ],
          [
            88.441666,
            27.011153
          ],
          [
            88.441491,
            27.011098
          ],
          [
            88.441321,
            27.011055
          ],
          [
            88.440906,
            27.011087
          ],
          [
            88.440583,
            27.011169
          ],
          [
            88.440265,
            27.011287
          ],
          [
            88.44006,
            27.011352
          ],
          [
            88.439896,
            27.011399
          ],
          [
            88.439628,
            27.011437
          ],
          [
            88.439485,
            27.011469
          ],
          [
            88.439339,
            27.011504
          ],
          [
            88.439197,
            27.011531
          ],
          [
            88.439071,
            27.011579
          ],
          [
            88.438959,
            27.011636
          ],
          [
            88.43886,
            27.011718
          ],
          [
            88.438767,
            27.011807
          ],
          [
            88.438682,
            27.011901
          ],
          [
            88.438647,
            27.012033
          ],
          [
            88.438601,
            27.012148
          ],
          [
            88.438513,
            27.0122
          ],
          [
            88.438368,
            27.012267
          ],
          [
            88.438277,
            27.01232
          ],
          [
            88.438106,
            27.012414
          ],
          [
            88.437986,
            27.012487
          ],
          [
            88.437863,
            27.012553
          ],
          [
            88.437715,
            27.012615
          ],
          [
            88.437581,
            27.012706
          ],
          [
            88.43744,
            27.012795
          ],
          [
            88.437304,
            27.012883
          ],
          [
            88.437168,
            27.01297
          ],
          [
            88.437056,
            27.013033
          ],
          [
            88.436948,
            27.013106
          ],
          [
            88.436853,
            27.013188
          ],
          [
            88.436768,
            27.013267
          ],
          [
            88.436696,
            27.013325
          ],
          [
            88.436546,
            27.013381
          ],
          [
            88.436459,
            27.013389
          ],
          [
            88.436362,
            27.013366
          ],
          [
            88.436242,
            27.013313
          ],
          [
            88.436123,
            27.013313
          ],
          [
            88.436008,
            27.013348
          ],
          [
            88.435874,
            27.013433
          ],
          [
            88.435802,
            27.013507
          ],
          [
            88.43575,
            27.013611
          ],
          [
            88.435751,
            27.013715
          ],
          [
            88.435816,
            27.013789
          ],
          [
            88.435902,
            27.013871
          ],
          [
            88.436039,
            27.013999
          ],
          [
            88.436038,
            27.014092
          ],
          [
            88.436006,
            27.014207
          ],
          [
            88.435936,
            27.014345
          ],
          [
            88.435873,
            27.014501
          ],
          [
            88.435816,
            27.014666
          ],
          [
            88.435777,
            27.014827
          ],
          [
            88.435716,
            27.014977
          ],
          [
            88.435663,
            27.015103
          ],
          [
            88.435674,
            27.015216
          ],
          [
            88.435746,
            27.015353
          ],
          [
            88.435787,
            27.015499
          ],
          [
            88.435755,
            27.015647
          ],
          [
            88.435653,
            27.015796
          ],
          [
            88.435601,
            27.015965
          ],
          [
            88.43558,
            27.016142
          ],
          [
            88.435497,
            27.016313
          ],
          [
            88.435432,
            27.016393
          ],
          [
            88.435294,
            27.016534
          ],
          [
            88.435232,
            27.016601
          ],
          [
            88.435098,
            27.016708
          ],
          [
            88.434948,
            27.016804
          ],
          [
            88.43479,
            27.016876
          ],
          [
            88.434671,
            27.016929
          ],
          [
            88.434597,
            27.017001
          ],
          [
            88.434597,
            27.017109
          ],
          [
            88.434679,
            27.017204
          ],
          [
            88.434819,
            27.017283
          ],
          [
            88.434962,
            27.017375
          ],
          [
            88.435065,
            27.017481
          ],
          [
            88.435099,
            27.017637
          ],
          [
            88.435094,
            27.017726
          ],
          [
            88.435069,
            27.017908
          ],
          [
            88.43497,
            27.018076
          ],
          [
            88.434845,
            27.01817
          ],
          [
            88.434742,
            27.018233
          ],
          [
            88.43466,
            27.018302
          ],
          [
            88.434627,
            27.018412
          ],
          [
            88.434644,
            27.018568
          ],
          [
            88.434704,
            27.018764
          ],
          [
            88.434752,
            27.018966
          ],
          [
            88.434809,
            27.019157
          ],
          [
            88.434817,
            27.019343
          ],
          [
            88.434768,
            27.019518
          ],
          [
            88.434734,
            27.019669
          ],
          [
            88.434741,
            27.019789
          ],
          [
            88.434795,
            27.019871
          ],
          [
            88.434948,
            27.019949
          ],
          [
            88.435103,
            27.020064
          ],
          [
            88.435208,
            27.020222
          ],
          [
            88.435292,
            27.020407
          ],
          [
            88.435356,
            27.020587
          ],
          [
            88.435373,
            27.020678
          ],
          [
            88.435377,
            27.020773
          ],
          [
            88.435358,
            27.020874
          ],
          [
            88.435329,
            27.020981
          ],
          [
            88.435291,
            27.021093
          ],
          [
            88.435249,
            27.021205
          ],
          [
            88.435208,
            27.021314
          ],
          [
            88.435164,
            27.02142
          ],
          [
            88.435117,
            27.021524
          ],
          [
            88.435073,
            27.021628
          ],
          [
            88.435024,
            27.02173
          ],
          [
            88.434978,
            27.021833
          ],
          [
            88.434929,
            27.021932
          ],
          [
            88.434877,
            27.022029
          ],
          [
            88.434815,
            27.022121
          ],
          [
            88.434742,
            27.022202
          ],
          [
            88.43466,
            27.022279
          ],
          [
            88.434568,
            27.022362
          ],
          [
            88.434476,
            27.022449
          ],
          [
            88.434393,
            27.022543
          ],
          [
            88.434321,
            27.022651
          ],
          [
            88.434254,
            27.022762
          ],
          [
            88.434191,
            27.02288
          ],
          [
            88.43413,
            27.022996
          ],
          [
            88.434063,
            27.023106
          ],
          [
            88.433985,
            27.023207
          ],
          [
            88.433897,
            27.023296
          ],
          [
            88.433802,
            27.023374
          ],
          [
            88.433701,
            27.023432
          ],
          [
            88.433594,
            27.023471
          ],
          [
            88.433486,
            27.023511
          ],
          [
            88.433382,
            27.023535
          ],
          [
            88.433287,
            27.023565
          ],
          [
            88.433151,
            27.02369
          ],
          [
            88.433062,
            27.023779
          ],
          [
            88.432971,
            27.023912
          ],
          [
            88.432895,
            27.024054
          ],
          [
            88.43278,
            27.024171
          ],
          [
            88.432721,
            27.024265
          ],
          [
            88.432645,
            27.02435
          ],
          [
            88.432553,
            27.024425
          ],
          [
            88.432455,
            27.024504
          ],
          [
            88.432356,
            27.02459
          ],
          [
            88.432254,
            27.024676
          ],
          [
            88.432133,
            27.024752
          ],
          [
            88.432007,
            27.024825
          ],
          [
            88.431887,
            27.024902
          ],
          [
            88.431768,
            27.024988
          ],
          [
            88.431667,
            27.025103
          ],
          [
            88.431451,
            27.025353
          ],
          [
            88.431368,
            27.025462
          ],
          [
            88.431215,
            27.025635
          ],
          [
            88.431067,
            27.025763
          ],
          [
            88.43091,
            27.025907
          ],
          [
            88.430758,
            27.026053
          ],
          [
            88.430648,
            27.026219
          ],
          [
            88.430524,
            27.026423
          ],
          [
            88.4304,
            27.026652
          ],
          [
            88.43028,
            27.026845
          ],
          [
            88.430084,
            27.027119
          ],
          [
            88.42999,
            27.02733
          ],
          [
            88.429893,
            27.027516
          ],
          [
            88.429663,
            27.027806
          ],
          [
            88.429508,
            27.027961
          ],
          [
            88.42938,
            27.028124
          ],
          [
            88.429291,
            27.028202
          ],
          [
            88.429216,
            27.028287
          ],
          [
            88.429164,
            27.028452
          ],
          [
            88.429117,
            27.028605
          ],
          [
            88.429047,
            27.028698
          ],
          [
            88.428921,
            27.028733
          ],
          [
            88.428744,
            27.028669
          ],
          [
            88.428614,
            27.028591
          ],
          [
            88.428262,
            27.028385
          ],
          [
            88.42817,
            27.028324
          ],
          [
            88.428079,
            27.02827
          ],
          [
            88.427884,
            27.028187
          ],
          [
            88.427794,
            27.028154
          ],
          [
            88.427699,
            27.028123
          ],
          [
            88.427471,
            27.028087
          ],
          [
            88.427154,
            27.028076
          ],
          [
            88.426958,
            27.028122
          ],
          [
            88.426898,
            27.028198
          ],
          [
            88.426898,
            27.028305
          ],
          [
            88.426889,
            27.028438
          ],
          [
            88.426816,
            27.028769
          ],
          [
            88.426829,
            27.028918
          ],
          [
            88.426902,
            27.028998
          ],
          [
            88.426967,
            27.029023
          ],
          [
            88.427174,
            27.029109
          ],
          [
            88.427341,
            27.029182
          ],
          [
            88.427509,
            27.029274
          ],
          [
            88.427664,
            27.029378
          ],
          [
            88.427811,
            27.029482
          ],
          [
            88.427954,
            27.029587
          ],
          [
            88.428118,
            27.029699
          ],
          [
            88.428202,
            27.029753
          ],
          [
            88.428288,
            27.029807
          ],
          [
            88.428457,
            27.029911
          ],
          [
            88.428587,
            27.030024
          ],
          [
            88.428638,
            27.030153
          ],
          [
            88.428631,
            27.030314
          ],
          [
            88.428607,
            27.030405
          ],
          [
            88.428595,
            27.030503
          ],
          [
            88.428579,
            27.030604
          ],
          [
            88.428569,
            27.030711
          ],
          [
            88.428554,
            27.030821
          ],
          [
            88.428545,
            27.030929
          ],
          [
            88.428537,
            27.031031
          ],
          [
            88.428535,
            27.031127
          ],
          [
            88.428533,
            27.031221
          ],
          [
            88.428538,
            27.031315
          ],
          [
            88.428568,
            27.031409
          ],
          [
            88.428614,
            27.031506
          ],
          [
            88.428672,
            27.031599
          ],
          [
            88.428736,
            27.031689
          ],
          [
            88.428811,
            27.03178
          ],
          [
            88.428877,
            27.03187
          ],
          [
            88.428932,
            27.031962
          ],
          [
            88.428985,
            27.032059
          ],
          [
            88.429034,
            27.032153
          ],
          [
            88.429071,
            27.032248
          ],
          [
            88.429099,
            27.032349
          ],
          [
            88.429108,
            27.032453
          ],
          [
            88.429102,
            27.032556
          ],
          [
            88.429121,
            27.032737
          ],
          [
            88.429163,
            27.032878
          ],
          [
            88.429234,
            27.033033
          ],
          [
            88.42925,
            27.033125
          ],
          [
            88.429243,
            27.033321
          ],
          [
            88.429242,
            27.033419
          ],
          [
            88.42925,
            27.033514
          ],
          [
            88.429262,
            27.033597
          ],
          [
            88.429272,
            27.033756
          ],
          [
            88.429242,
            27.033914
          ],
          [
            88.429177,
            27.034082
          ],
          [
            88.429133,
            27.034173
          ],
          [
            88.429087,
            27.034272
          ],
          [
            88.429033,
            27.034378
          ],
          [
            88.428969,
            27.034488
          ],
          [
            88.428894,
            27.0346
          ],
          [
            88.428813,
            27.034718
          ],
          [
            88.428725,
            27.03484
          ],
          [
            88.428635,
            27.034964
          ],
          [
            88.428554,
            27.035087
          ],
          [
            88.42847,
            27.035216
          ],
          [
            88.428376,
            27.035342
          ],
          [
            88.428278,
            27.035474
          ],
          [
            88.428177,
            27.035607
          ],
          [
            88.428073,
            27.03574
          ],
          [
            88.427966,
            27.035869
          ],
          [
            88.427854,
            27.035996
          ],
          [
            88.427746,
            27.036122
          ],
          [
            88.427644,
            27.036249
          ],
          [
            88.427551,
            27.036375
          ],
          [
            88.427464,
            27.036501
          ],
          [
            88.427381,
            27.036631
          ],
          [
            88.427303,
            27.036766
          ],
          [
            88.42723,
            27.036904
          ],
          [
            88.427162,
            27.037046
          ],
          [
            88.427093,
            27.037188
          ],
          [
            88.427024,
            27.037327
          ],
          [
            88.426961,
            27.037458
          ],
          [
            88.426912,
            27.037582
          ],
          [
            88.426875,
            27.037702
          ],
          [
            88.426849,
            27.037814
          ],
          [
            88.426829,
            27.037915
          ],
          [
            88.42681,
            27.038004
          ],
          [
            88.426776,
            27.038145
          ],
          [
            88.426773,
            27.038257
          ],
          [
            88.426766,
            27.038361
          ],
          [
            88.426748,
            27.038466
          ],
          [
            88.426742,
            27.038575
          ],
          [
            88.426738,
            27.038698
          ],
          [
            88.426739,
            27.038843
          ],
          [
            88.426749,
            27.039006
          ],
          [
            88.426736,
            27.039159
          ],
          [
            88.426726,
            27.039305
          ],
          [
            88.426735,
            27.039433
          ],
          [
            88.426761,
            27.039534
          ],
          [
            88.426808,
            27.039644
          ],
          [
            88.426837,
            27.039737
          ],
          [
            88.426896,
            27.039827
          ],
          [
            88.426949,
            27.039934
          ],
          [
            88.426999,
            27.04002
          ],
          [
            88.427094,
            27.040125
          ],
          [
            88.427202,
            27.040258
          ],
          [
            88.427309,
            27.04041
          ],
          [
            88.427413,
            27.040576
          ],
          [
            88.427465,
            27.040668
          ],
          [
            88.427521,
            27.04076
          ],
          [
            88.427577,
            27.040853
          ],
          [
            88.427625,
            27.040953
          ],
          [
            88.427661,
            27.041045
          ],
          [
            88.427688,
            27.04113
          ],
          [
            88.427754,
            27.041277
          ],
          [
            88.427815,
            27.041389
          ],
          [
            88.427863,
            27.041489
          ],
          [
            88.427938,
            27.041593
          ],
          [
            88.428019,
            27.0417
          ],
          [
            88.428118,
            27.041805
          ],
          [
            88.428232,
            27.041915
          ],
          [
            88.428342,
            27.042054
          ],
          [
            88.428394,
            27.042145
          ],
          [
            88.428428,
            27.042233
          ],
          [
            88.428461,
            27.042333
          ],
          [
            88.428477,
            27.042428
          ],
          [
            88.428498,
            27.042528
          ],
          [
            88.428507,
            27.042613
          ],
          [
            88.428552,
            27.042787
          ],
          [
            88.428599,
            27.042944
          ],
          [
            88.428641,
            27.043124
          ],
          [
            88.428659,
            27.043223
          ],
          [
            88.428678,
            27.043337
          ],
          [
            88.428691,
            27.043453
          ],
          [
            88.428697,
            27.043571
          ],
          [
            88.428689,
            27.043695
          ],
          [
            88.428626,
            27.043946
          ],
          [
            88.428574,
            27.044069
          ],
          [
            88.428502,
            27.044191
          ],
          [
            88.42841,
            27.044343
          ],
          [
            88.428241,
            27.044634
          ],
          [
            88.428115,
            27.044832
          ],
          [
            88.428053,
            27.044998
          ],
          [
            88.428033,
            27.045133
          ],
          [
            88.427958,
            27.045288
          ],
          [
            88.427852,
            27.045455
          ],
          [
            88.427546,
            27.045715
          ],
          [
            88.427457,
            27.045805
          ],
          [
            88.427413,
            27.045909
          ],
          [
            88.427397,
            27.046018
          ],
          [
            88.427429,
            27.046509
          ],
          [
            88.427431,
            27.046594
          ],
          [
            88.427408,
            27.046657
          ],
          [
            88.427326,
            27.046714
          ],
          [
            88.42727,
            27.046801
          ],
          [
            88.426955,
            27.047769
          ],
          [
            88.426896,
            27.047921
          ],
          [
            88.426882,
            27.048082
          ],
          [
            88.426545,
            27.04873
          ],
          [
            88.426515,
            27.048849
          ],
          [
            88.426504,
            27.049056
          ],
          [
            88.426503,
            27.049233
          ],
          [
            88.426466,
            27.049484
          ],
          [
            88.426413,
            27.049674
          ],
          [
            88.426331,
            27.049765
          ],
          [
            88.426179,
            27.049865
          ],
          [
            88.426106,
            27.049935
          ],
          [
            88.426199,
            27.050149
          ],
          [
            88.426229,
            27.050197
          ],
          [
            88.42624,
            27.050265
          ],
          [
            88.42621,
            27.050352
          ],
          [
            88.426161,
            27.050465
          ],
          [
            88.426113,
            27.050608
          ],
          [
            88.426065,
            27.050721
          ],
          [
            88.42601,
            27.050842
          ],
          [
            88.425994,
            27.050957
          ],
          [
            88.42605,
            27.051129
          ],
          [
            88.42611,
            27.0514
          ],
          [
            88.426111,
            27.05165
          ],
          [
            88.426068,
            27.05189
          ],
          [
            88.426025,
            27.052057
          ],
          [
            88.42594,
            27.052215
          ],
          [
            88.425865,
            27.052388
          ],
          [
            88.425864,
            27.052588
          ],
          [
            88.425886,
            27.05277
          ],
          [
            88.425858,
            27.053145
          ],
          [
            88.425799,
            27.053536
          ],
          [
            88.425676,
            27.053844
          ],
          [
            88.42555,
            27.054184
          ],
          [
            88.425438,
            27.054375
          ],
          [
            88.42511,
            27.054796
          ],
          [
            88.424958,
            27.054982
          ],
          [
            88.424939,
            27.055093
          ],
          [
            88.424987,
            27.055162
          ],
          [
            88.425115,
            27.055203
          ],
          [
            88.425745,
            27.055509
          ],
          [
            88.425991,
            27.055591
          ],
          [
            88.426533,
            27.055722
          ],
          [
            88.42701,
            27.05584
          ],
          [
            88.427068,
            27.055937
          ],
          [
            88.427101,
            27.056117
          ],
          [
            88.427127,
            27.056459
          ],
          [
            88.427176,
            27.057014
          ],
          [
            88.426889,
            27.058296
          ],
          [
            88.426805,
            27.058685
          ],
          [
            88.426843,
            27.058969
          ],
          [
            88.426709,
            27.059218
          ],
          [
            88.426489,
            27.05944
          ],
          [
            88.42639,
            27.059602
          ],
          [
            88.426376,
            27.059824
          ],
          [
            88.426372,
            27.060039
          ],
          [
            88.426368,
            27.06035
          ],
          [
            88.426346,
            27.060542
          ],
          [
            88.426368,
            27.060826
          ],
          [
            88.426451,
            27.061077
          ],
          [
            88.426615,
            27.061616
          ],
          [
            88.426764,
            27.062263
          ],
          [
            88.426884,
            27.062614
          ],
          [
            88.427128,
            27.062949
          ],
          [
            88.427302,
            27.063056
          ],
          [
            88.427497,
            27.063057
          ],
          [
            88.42808,
            27.063018
          ],
          [
            88.428471,
            27.063204
          ],
          [
            88.428638,
            27.063399
          ],
          [
            88.428771,
            27.063586
          ],
          [
            88.428786,
            27.063714
          ],
          [
            88.428766,
            27.063807
          ],
          [
            88.428693,
            27.063888
          ],
          [
            88.428349,
            27.064054
          ],
          [
            88.428212,
            27.064112
          ],
          [
            88.428141,
            27.064206
          ],
          [
            88.428095,
            27.064358
          ],
          [
            88.428062,
            27.064667
          ],
          [
            88.428132,
            27.064995
          ],
          [
            88.428386,
            27.065548
          ],
          [
            88.428406,
            27.06557
          ],
          [
            88.428427,
            27.065611
          ],
          [
            88.428429,
            27.065706
          ],
          [
            88.428461,
            27.065775
          ],
          [
            88.428557,
            27.065855
          ],
          [
            88.428663,
            27.065884
          ],
          [
            88.42874,
            27.065872
          ],
          [
            88.428822,
            27.065844
          ],
          [
            88.429028,
            27.065709
          ],
          [
            88.429271,
            27.06562
          ],
          [
            88.429397,
            27.065633
          ],
          [
            88.429658,
            27.06581
          ],
          [
            88.429809,
            27.066034
          ],
          [
            88.429831,
            27.066358
          ],
          [
            88.42993,
            27.066657
          ],
          [
            88.430178,
            27.066934
          ],
          [
            88.430277,
            27.067014
          ],
          [
            88.430327,
            27.067029
          ],
          [
            88.430391,
            27.067008
          ],
          [
            88.430428,
            27.066949
          ],
          [
            88.43043,
            27.066914
          ],
          [
            88.430419,
            27.06687
          ],
          [
            88.430278,
            27.066722
          ],
          [
            88.430141,
            27.066495
          ],
          [
            88.430055,
            27.066123
          ],
          [
            88.430082,
            27.065793
          ],
          [
            88.429953,
            27.065385
          ],
          [
            88.42982,
            27.065141
          ],
          [
            88.429709,
            27.064926
          ],
          [
            88.429645,
            27.064715
          ],
          [
            88.42966,
            27.064583
          ],
          [
            88.429715,
            27.064496
          ],
          [
            88.429794,
            27.064419
          ],
          [
            88.429886,
            27.064353
          ],
          [
            88.430065,
            27.064285
          ],
          [
            88.430189,
            27.064323
          ],
          [
            88.43028,
            27.064462
          ],
          [
            88.430309,
            27.064661
          ],
          [
            88.430323,
            27.064924
          ],
          [
            88.43037,
            27.065176
          ],
          [
            88.430421,
            27.065356
          ],
          [
            88.430501,
            27.065528
          ],
          [
            88.430612,
            27.065651
          ],
          [
            88.430954,
            27.065932
          ],
          [
            88.431032,
            27.066059
          ],
          [
            88.431045,
            27.066183
          ],
          [
            88.431072,
            27.066254
          ],
          [
            88.431098,
            27.066293
          ],
          [
            88.431155,
            27.066313
          ],
          [
            88.431204,
            27.066309
          ],
          [
            88.431247,
            27.066284
          ],
          [
            88.431264,
            27.066207
          ],
          [
            88.431235,
            27.066144
          ],
          [
            88.4312,
            27.066084
          ],
          [
            88.431135,
            27.066013
          ],
          [
            88.430692,
            27.065536
          ],
          [
            88.430634,
            27.065409
          ],
          [
            88.430605,
            27.065287
          ],
          [
            88.430595,
            27.065085
          ],
          [
            88.430583,
            27.064904
          ],
          [
            88.430595,
            27.064821
          ],
          [
            88.430667,
            27.064749
          ],
          [
            88.430749,
            27.064773
          ],
          [
            88.430778,
            27.064819
          ],
          [
            88.43081,
            27.065118
          ],
          [
            88.430823,
            27.065268
          ],
          [
            88.430878,
            27.065401
          ],
          [
            88.43098,
            27.06552
          ],
          [
            88.431124,
            27.0656
          ],
          [
            88.431253,
            27.065673
          ],
          [
            88.431406,
            27.065732
          ],
          [
            88.43158,
            27.065783
          ],
          [
            88.431768,
            27.065807
          ],
          [
            88.43188,
            27.065879
          ],
          [
            88.431987,
            27.066106
          ],
          [
            88.432045,
            27.066195
          ],
          [
            88.432116,
            27.06622
          ],
          [
            88.432205,
            27.066211
          ],
          [
            88.432253,
            27.066156
          ],
          [
            88.432258,
            27.066086
          ],
          [
            88.432229,
            27.066027
          ],
          [
            88.432182,
            27.065978
          ],
          [
            88.432075,
            27.065833
          ],
          [
            88.43206,
            27.065701
          ],
          [
            88.431988,
            27.065587
          ],
          [
            88.431823,
            27.065516
          ],
          [
            88.431745,
            27.06549
          ],
          [
            88.431696,
            27.065435
          ],
          [
            88.431699,
            27.065366
          ],
          [
            88.431823,
            27.065252
          ],
          [
            88.431944,
            27.065147
          ],
          [
            88.432049,
            27.065014
          ],
          [
            88.432128,
            27.064885
          ],
          [
            88.432165,
            27.064794
          ],
          [
            88.432181,
            27.064704
          ],
          [
            88.432137,
            27.064594
          ],
          [
            88.431952,
            27.064514
          ],
          [
            88.431766,
            27.064518
          ],
          [
            88.431606,
            27.064516
          ],
          [
            88.431458,
            27.06446
          ],
          [
            88.431358,
            27.064381
          ],
          [
            88.431337,
            27.064281
          ],
          [
            88.431363,
            27.064187
          ],
          [
            88.43142,
            27.064061
          ],
          [
            88.43145,
            27.063912
          ],
          [
            88.431443,
            27.063741
          ],
          [
            88.431455,
            27.063582
          ],
          [
            88.431497,
            27.063437
          ],
          [
            88.431543,
            27.063306
          ],
          [
            88.431575,
            27.063238
          ],
          [
            88.431607,
            27.063163
          ],
          [
            88.431691,
            27.063058
          ],
          [
            88.431873,
            27.063005
          ],
          [
            88.432065,
            27.062981
          ],
          [
            88.432318,
            27.062884
          ],
          [
            88.432553,
            27.062772
          ],
          [
            88.43279,
            27.062661
          ],
          [
            88.433027,
            27.062625
          ],
          [
            88.433405,
            27.062599
          ],
          [
            88.433493,
            27.062568
          ],
          [
            88.433526,
            27.062533
          ],
          [
            88.433542,
            27.062482
          ],
          [
            88.433546,
            27.062439
          ],
          [
            88.433537,
            27.062386
          ],
          [
            88.433509,
            27.062348
          ],
          [
            88.433658,
            27.062265
          ],
          [
            88.433613,
            27.062159
          ],
          [
            88.433459,
            27.062027
          ],
          [
            88.43324,
            27.061945
          ],
          [
            88.433105,
            27.061875
          ],
          [
            88.433172,
            27.061829
          ],
          [
            88.433336,
            27.061842
          ],
          [
            88.433634,
            27.061627
          ],
          [
            88.433685,
            27.061511
          ],
          [
            88.43357,
            27.061424
          ],
          [
            88.432868,
            27.061278
          ],
          [
            88.432547,
            27.061104
          ],
          [
            88.432352,
            27.060881
          ],
          [
            88.432253,
            27.060558
          ],
          [
            88.432346,
            27.06044
          ],
          [
            88.432693,
            27.060337
          ],
          [
            88.433224,
            27.060402
          ],
          [
            88.433705,
            27.060307
          ],
          [
            88.434036,
            27.060389
          ],
          [
            88.434148,
            27.060511
          ],
          [
            88.434388,
            27.061386
          ],
          [
            88.434422,
            27.061409
          ],
          [
            88.434453,
            27.061417
          ],
          [
            88.434509,
            27.061406
          ],
          [
            88.434538,
            27.061386
          ],
          [
            88.434554,
            27.061353
          ],
          [
            88.434445,
            27.061013
          ],
          [
            88.434386,
            27.060494
          ],
          [
            88.434313,
            27.060364
          ],
          [
            88.434463,
            27.060135
          ],
          [
            88.434614,
            27.060027
          ],
          [
            88.434735,
            27.059797
          ],
          [
            88.434764,
            27.059447
          ],
          [
            88.434859,
            27.059361
          ],
          [
            88.43495,
            27.059403
          ],
          [
            88.435003,
            27.059566
          ],
          [
            88.435018,
            27.059734
          ],
          [
            88.434975,
            27.059972
          ],
          [
            88.434817,
            27.060301
          ],
          [
            88.434785,
            27.060497
          ],
          [
            88.434887,
            27.060765
          ],
          [
            88.435043,
            27.061014
          ],
          [
            88.435154,
            27.061122
          ],
          [
            88.435191,
            27.061151
          ],
          [
            88.435269,
            27.061147
          ],
          [
            88.435311,
            27.061129
          ],
          [
            88.435325,
            27.061079
          ],
          [
            88.435316,
            27.061023
          ],
          [
            88.435251,
            27.060908
          ],
          [
            88.435186,
            27.060818
          ],
          [
            88.435155,
            27.060646
          ],
          [
            88.435115,
            27.060357
          ],
          [
            88.435126,
            27.060283
          ],
          [
            88.435201,
            27.060109
          ],
          [
            88.435353,
            27.059944
          ],
          [
            88.435558,
            27.059746
          ],
          [
            88.435622,
            27.059669
          ],
          [
            88.435661,
            27.059575
          ],
          [
            88.435714,
            27.058457
          ],
          [
            88.435613,
            27.058157
          ],
          [
            88.435522,
            27.057287
          ],
          [
            88.435631,
            27.056837
          ],
          [
            88.435406,
            27.056094
          ],
          [
            88.435477,
            27.055594
          ],
          [
            88.435477,
            27.055594
          ],
          [
            88.435593,
            27.055309
          ],
          [
            88.435679,
            27.055237
          ],
          [
            88.435791,
            27.055263
          ],
          [
            88.43585,
            27.055521
          ],
          [
            88.436011,
            27.055872
          ],
          [
            88.435982,
            27.056243
          ],
          [
            88.436006,
            27.056312
          ],
          [
            88.436067,
            27.056391
          ],
          [
            88.436404,
            27.056618
          ],
          [
            88.436461,
            27.05671
          ],
          [
            88.436612,
            27.057043
          ],
          [
            88.436721,
            27.057405
          ],
          [
            88.436812,
            27.057562
          ],
          [
            88.436911,
            27.057672
          ],
          [
            88.43697,
            27.057786
          ],
          [
            88.436961,
            27.057864
          ],
          [
            88.436919,
            27.057934
          ],
          [
            88.436829,
            27.05799
          ],
          [
            88.436781,
            27.058076
          ],
          [
            88.436786,
            27.058354
          ],
          [
            88.436888,
            27.058786
          ],
          [
            88.437286,
            27.059099
          ],
          [
            88.437745,
            27.059267
          ],
          [
            88.437799,
            27.059682
          ],
          [
            88.438112,
            27.060465
          ],
          [
            88.43852,
            27.060876
          ],
          [
            88.438981,
            27.061019
          ],
          [
            88.439167,
            27.061184
          ],
          [
            88.439217,
            27.061333
          ],
          [
            88.43924,
            27.061531
          ],
          [
            88.439271,
            27.061622
          ],
          [
            88.439381,
            27.061649
          ],
          [
            88.439432,
            27.061612
          ],
          [
            88.439487,
            27.061536
          ],
          [
            88.439472,
            27.060726
          ],
          [
            88.439329,
            27.060511
          ],
          [
            88.439298,
            27.060373
          ],
          [
            88.439441,
            27.059995
          ],
          [
            88.43942,
            27.059504
          ],
          [
            88.43937,
            27.059399
          ],
          [
            88.438892,
            27.058987
          ],
          [
            88.438871,
            27.058885
          ],
          [
            88.438991,
            27.058789
          ],
          [
            88.439201,
            27.058807
          ],
          [
            88.439768,
            27.059096
          ],
          [
            88.439843,
            27.059212
          ],
          [
            88.439835,
            27.059386
          ],
          [
            88.439934,
            27.059741
          ],
          [
            88.440089,
            27.05999
          ],
          [
            88.440256,
            27.060142
          ],
          [
            88.440569,
            27.060626
          ],
          [
            88.441049,
            27.060862
          ],
          [
            88.441295,
            27.061493
          ],
          [
            88.441289,
            27.061852
          ],
          [
            88.441348,
            27.061929
          ],
          [
            88.441471,
            27.061849
          ],
          [
            88.441464,
            27.061508
          ],
          [
            88.441557,
            27.061336
          ],
          [
            88.441457,
            27.06095
          ],
          [
            88.441475,
            27.059744
          ],
          [
            88.441619,
            27.059409
          ],
          [
            88.441618,
            27.059307
          ],
          [
            88.441454,
            27.059125
          ],
          [
            88.441387,
            27.05889
          ],
          [
            88.441415,
            27.058664
          ],
          [
            88.441206,
            27.058072
          ],
          [
            88.441142,
            27.057545
          ],
          [
            88.441247,
            27.057207
          ],
          [
            88.441262,
            27.056674
          ],
          [
            88.441529,
            27.056109
          ],
          [
            88.441445,
            27.055947
          ],
          [
            88.441387,
            27.055761
          ],
          [
            88.441391,
            27.055617
          ],
          [
            88.441515,
            27.054643
          ],
          [
            88.441315,
            27.054159
          ],
          [
            88.441287,
            27.053937
          ],
          [
            88.441249,
            27.053943
          ],
          [
            88.441213,
            27.05393
          ],
          [
            88.441196,
            27.05388
          ],
          [
            88.44117,
            27.053772
          ],
          [
            88.441147,
            27.053712
          ],
          [
            88.441104,
            27.053643
          ],
          [
            88.44107,
            27.053617
          ],
          [
            88.441028,
            27.053613
          ],
          [
            88.440979,
            27.053621
          ],
          [
            88.440949,
            27.053649
          ],
          [
            88.440953,
            27.053698
          ],
          [
            88.440979,
            27.053795
          ],
          [
            88.440991,
            27.053888
          ],
          [
            88.441002,
            27.054036
          ],
          [
            88.441011,
            27.054188
          ],
          [
            88.440991,
            27.054305
          ],
          [
            88.440947,
            27.054434
          ],
          [
            88.440872,
            27.054517
          ],
          [
            88.440785,
            27.054595
          ],
          [
            88.440696,
            27.054648
          ],
          [
            88.440555,
            27.054707
          ],
          [
            88.4404,
            27.054756
          ],
          [
            88.440291,
            27.054808
          ],
          [
            88.440265,
            27.054861
          ],
          [
            88.44024,
            27.054929
          ],
          [
            88.440251,
            27.055044
          ],
          [
            88.440304,
            27.055219
          ],
          [
            88.440327,
            27.05535
          ],
          [
            88.440325,
            27.055409
          ],
          [
            88.440289,
            27.055435
          ],
          [
            88.440234,
            27.055439
          ],
          [
            88.440172,
            27.055412
          ],
          [
            88.440112,
            27.055371
          ],
          [
            88.440063,
            27.055236
          ],
          [
            88.440016,
            27.055071
          ],
          [
            88.440031,
            27.05501
          ],
          [
            88.44004,
            27.054836
          ],
          [
            88.440033,
            27.054785
          ],
          [
            88.439984,
            27.054747
          ],
          [
            88.43948,
            27.054751
          ],
          [
            88.439408,
            27.054775
          ],
          [
            88.439369,
            27.054821
          ],
          [
            88.439348,
            27.054874
          ],
          [
            88.439331,
            27.054952
          ],
          [
            88.439339,
            27.055043
          ],
          [
            88.439388,
            27.05513
          ],
          [
            88.439444,
            27.055208
          ],
          [
            88.439465,
            27.055299
          ],
          [
            88.439397,
            27.055378
          ],
          [
            88.439361,
            27.055427
          ],
          [
            88.439318,
            27.055488
          ],
          [
            88.439288,
            27.055664
          ],
          [
            88.439286,
            27.055757
          ],
          [
            88.439286,
            27.055871
          ],
          [
            88.439271,
            27.055994
          ],
          [
            88.439239,
            27.056104
          ],
          [
            88.439197,
            27.056205
          ],
          [
            88.439141,
            27.056283
          ],
          [
            88.439044,
            27.056324
          ],
          [
            88.438941,
            27.056334
          ],
          [
            88.438822,
            27.05632
          ],
          [
            88.438705,
            27.056277
          ],
          [
            88.438609,
            27.056212
          ],
          [
            88.438539,
            27.05614
          ],
          [
            88.438501,
            27.056064
          ],
          [
            88.438467,
            27.055975
          ],
          [
            88.438441,
            27.055867
          ],
          [
            88.438403,
            27.055839
          ],
          [
            88.438362,
            27.055846
          ],
          [
            88.43833,
            27.055892
          ],
          [
            88.438318,
            27.055943
          ],
          [
            88.438315,
            27.05601
          ],
          [
            88.438326,
            27.056104
          ],
          [
            88.438386,
            27.056218
          ],
          [
            88.43853,
            27.056394
          ],
          [
            88.438645,
            27.056556
          ],
          [
            88.438669,
            27.056618
          ],
          [
            88.438662,
            27.056692
          ],
          [
            88.438616,
            27.056741
          ],
          [
            88.43852,
            27.056849
          ],
          [
            88.438501,
            27.056927
          ],
          [
            88.438503,
            27.057024
          ],
          [
            88.43853,
            27.05712
          ],
          [
            88.438573,
            27.057217
          ],
          [
            88.438609,
            27.057303
          ],
          [
            88.438609,
            27.057359
          ],
          [
            88.438567,
            27.057445
          ],
          [
            88.438501,
            27.05753
          ],
          [
            88.43843,
            27.057577
          ],
          [
            88.438354,
            27.057617
          ],
          [
            88.43826,
            27.057615
          ],
          [
            88.438192,
            27.057558
          ],
          [
            88.438134,
            27.057471
          ],
          [
            88.438128,
            27.057382
          ],
          [
            88.438124,
            27.057299
          ],
          [
            88.43812,
            27.057217
          ],
          [
            88.438081,
            27.057149
          ],
          [
            88.437998,
            27.057164
          ],
          [
            88.437924,
            27.057189
          ],
          [
            88.437853,
            27.057198
          ],
          [
            88.437749,
            27.057115
          ],
          [
            88.437632,
            27.056993
          ],
          [
            88.437549,
            27.056859
          ],
          [
            88.437445,
            27.056709
          ],
          [
            88.437372,
            27.056607
          ],
          [
            88.437326,
            27.056506
          ],
          [
            88.437285,
            27.056402
          ],
          [
            88.437228,
            27.056193
          ],
          [
            88.43717,
            27.056064
          ],
          [
            88.437108,
            27.056028
          ],
          [
            88.437072,
            27.056038
          ],
          [
            88.437019,
            27.056066
          ],
          [
            88.436998,
            27.056119
          ],
          [
            88.43701,
            27.056192
          ],
          [
            88.437064,
            27.05644
          ],
          [
            88.437042,
            27.056612
          ],
          [
            88.437053,
            27.056806
          ],
          [
            88.437079,
            27.056948
          ],
          [
            88.437083,
            27.057109
          ],
          [
            88.437079,
            27.057181
          ],
          [
            88.437049,
            27.057227
          ],
          [
            88.436976,
            27.05724
          ],
          [
            88.436906,
            27.057211
          ],
          [
            88.436885,
            27.057111
          ],
          [
            88.436861,
            27.056976
          ],
          [
            88.436836,
            27.056908
          ],
          [
            88.436751,
            27.056861
          ],
          [
            88.436704,
            27.056895
          ],
          [
            88.436719,
            27.056992
          ],
          [
            88.436746,
            27.057098
          ],
          [
            88.436806,
            27.057367
          ],
          [
            88.436876,
            27.057528
          ],
          [
            88.436911,
            27.057672
          ],
          [
            88.436812,
            27.057562
          ],
          [
            88.436721,
            27.057405
          ],
          [
            88.436612,
            27.057043
          ],
          [
            88.436461,
            27.05671
          ],
          [
            88.436404,
            27.056618
          ],
          [
            88.436067,
            27.056391
          ],
          [
            88.436006,
            27.056312
          ],
          [
            88.435982,
            27.056243
          ],
          [
            88.436011,
            27.055872
          ],
          [
            88.43585,
            27.055521
          ],
          [
            88.435791,
            27.055263
          ],
          [
            88.435679,
            27.055237
          ],
          [
            88.435593,
            27.055309
          ],
          [
            88.435477,
            27.055594
          ],
          [
            88.435406,
            27.056094
          ],
          [
            88.435631,
            27.056837
          ],
          [
            88.435522,
            27.057287
          ],
          [
            88.435613,
            27.058157
          ],
          [
            88.435714,
            27.058457
          ],
          [
            88.435661,
            27.059575
          ],
          [
            88.435622,
            27.059669
          ],
          [
            88.435558,
            27.059746
          ],
          [
            88.435353,
            27.059944
          ],
          [
            88.435201,
            27.060109
          ],
          [
            88.435126,
            27.060283
          ],
          [
            88.435115,
            27.060357
          ],
          [
            88.435155,
            27.060646
          ],
          [
            88.435186,
            27.060818
          ],
          [
            88.435251,
            27.060908
          ],
          [
            88.435316,
            27.061023
          ],
          [
            88.435325,
            27.061079
          ],
          [
            88.435311,
            27.061129
          ],
          [
            88.435269,
            27.061147
          ],
          [
            88.435191,
            27.061151
          ],
          [
            88.435154,
            27.061122
          ],
          [
            88.435043,
            27.061014
          ],
          [
            88.434887,
            27.060765
          ],
          [
            88.434785,
            27.060497
          ],
          [
            88.434817,
            27.060301
          ],
          [
            88.434975,
            27.059972
          ],
          [
            88.435018,
            27.059734
          ],
          [
            88.435003,
            27.059566
          ],
          [
            88.43495,
            27.059403
          ],
          [
            88.434859,
            27.059361
          ],
          [
            88.434764,
            27.059447
          ],
          [
            88.434735,
            27.059797
          ],
          [
            88.434614,
            27.060027
          ],
          [
            88.434463,
            27.060135
          ],
          [
            88.434313,
            27.060364
          ],
          [
            88.434386,
            27.060494
          ],
          [
            88.434445,
            27.061013
          ],
          [
            88.434554,
            27.061353
          ],
          [
            88.434538,
            27.061386
          ],
          [
            88.434509,
            27.061406
          ],
          [
            88.434453,
            27.061417
          ],
          [
            88.434422,
            27.061409
          ],
          [
            88.434388,
            27.061386
          ],
          [
            88.434148,
            27.060511
          ],
          [
            88.434036,
            27.060389
          ],
          [
            88.433705,
            27.060307
          ],
          [
            88.433224,
            27.060402
          ],
          [
            88.432693,
            27.060337
          ],
          [
            88.432346,
            27.06044
          ],
          [
            88.432253,
            27.060558
          ],
          [
            88.432352,
            27.060881
          ],
          [
            88.432547,
            27.061104
          ],
          [
            88.432868,
            27.061278
          ],
          [
            88.43357,
            27.061424
          ],
          [
            88.433685,
            27.061511
          ],
          [
            88.433634,
            27.061627
          ],
          [
            88.433336,
            27.061842
          ],
          [
            88.433172,
            27.061829
          ],
          [
            88.433105,
            27.061875
          ],
          [
            88.43324,
            27.061945
          ],
          [
            88.433459,
            27.062027
          ],
          [
            88.433613,
            27.062159
          ],
          [
            88.433658,
            27.062265
          ],
          [
            88.433509,
            27.062348
          ],
          [
            88.433537,
            27.062386
          ],
          [
            88.433546,
            27.062439
          ],
          [
            88.433542,
            27.062482
          ],
          [
            88.433526,
            27.062533
          ],
          [
            88.433493,
            27.062568
          ],
          [
            88.433405,
            27.062599
          ],
          [
            88.433027,
            27.062625
          ],
          [
            88.43279,
            27.062661
          ],
          [
            88.432553,
            27.062772
          ],
          [
            88.432318,
            27.062884
          ],
          [
            88.432065,
            27.062981
          ],
          [
            88.431873,
            27.063005
          ],
          [
            88.431691,
            27.063058
          ],
          [
            88.431607,
            27.063163
          ],
          [
            88.431575,
            27.063238
          ],
          [
            88.431543,
            27.063306
          ],
          [
            88.431497,
            27.063437
          ],
          [
            88.431455,
            27.063582
          ],
          [
            88.431443,
            27.063741
          ],
          [
            88.43145,
            27.063912
          ],
          [
            88.43142,
            27.064061
          ],
          [
            88.431363,
            27.064187
          ],
          [
            88.431337,
            27.064281
          ],
          [
            88.431358,
            27.064381
          ],
          [
            88.431458,
            27.06446
          ],
          [
            88.431606,
            27.064516
          ],
          [
            88.431766,
            27.064518
          ],
          [
            88.431952,
            27.064514
          ],
          [
            88.432137,
            27.064594
          ],
          [
            88.432181,
            27.064704
          ],
          [
            88.432165,
            27.064794
          ],
          [
            88.432128,
            27.064885
          ],
          [
            88.432049,
            27.065014
          ],
          [
            88.431944,
            27.065147
          ],
          [
            88.431823,
            27.065252
          ],
          [
            88.431699,
            27.065366
          ],
          [
            88.431696,
            27.065435
          ],
          [
            88.431745,
            27.06549
          ],
          [
            88.431823,
            27.065516
          ],
          [
            88.431988,
            27.065587
          ],
          [
            88.43206,
            27.065701
          ],
          [
            88.432075,
            27.065833
          ],
          [
            88.432182,
            27.065978
          ],
          [
            88.432229,
            27.066027
          ],
          [
            88.432258,
            27.066086
          ],
          [
            88.432253,
            27.066156
          ],
          [
            88.432205,
            27.066211
          ],
          [
            88.432116,
            27.06622
          ],
          [
            88.432045,
            27.066195
          ],
          [
            88.431987,
            27.066106
          ],
          [
            88.43188,
            27.065879
          ],
          [
            88.431768,
            27.065807
          ],
          [
            88.43158,
            27.065783
          ],
          [
            88.431406,
            27.065732
          ],
          [
            88.431253,
            27.065673
          ],
          [
            88.431124,
            27.0656
          ],
          [
            88.43098,
            27.06552
          ],
          [
            88.430878,
            27.065401
          ],
          [
            88.430823,
            27.065268
          ],
          [
            88.43081,
            27.065118
          ],
          [
            88.430778,
            27.064819
          ],
          [
            88.430749,
            27.064773
          ],
          [
            88.430667,
            27.064749
          ],
          [
            88.430595,
            27.064821
          ],
          [
            88.430583,
            27.064904
          ],
          [
            88.430595,
            27.065085
          ],
          [
            88.430605,
            27.065287
          ],
          [
            88.430634,
            27.065409
          ],
          [
            88.430692,
            27.065536
          ],
          [
            88.431135,
            27.066013
          ],
          [
            88.4312,
            27.066084
          ],
          [
            88.431235,
            27.066144
          ],
          [
            88.431264,
            27.066207
          ],
          [
            88.431247,
            27.066284
          ],
          [
            88.431204,
            27.066309
          ],
          [
            88.431155,
            27.066313
          ],
          [
            88.431098,
            27.066293
          ],
          [
            88.431072,
            27.066254
          ],
          [
            88.431045,
            27.066183
          ],
          [
            88.431032,
            27.066059
          ],
          [
            88.430954,
            27.065932
          ],
          [
            88.430612,
            27.065651
          ],
          [
            88.430501,
            27.065528
          ],
          [
            88.430421,
            27.065356
          ],
          [
            88.43037,
            27.065176
          ],
          [
            88.430323,
            27.064924
          ],
          [
            88.430309,
            27.064661
          ],
          [
            88.43028,
            27.064462
          ],
          [
            88.430189,
            27.064323
          ],
          [
            88.430065,
            27.064285
          ],
          [
            88.429886,
            27.064353
          ],
          [
            88.429794,
            27.064419
          ],
          [
            88.429715,
            27.064496
          ],
          [
            88.42966,
            27.064583
          ],
          [
            88.429645,
            27.064715
          ],
          [
            88.429709,
            27.064926
          ],
          [
            88.42982,
            27.065141
          ],
          [
            88.429953,
            27.065385
          ],
          [
            88.430082,
            27.065793
          ],
          [
            88.430055,
            27.066123
          ],
          [
            88.430141,
            27.066495
          ],
          [
            88.430278,
            27.066722
          ],
          [
            88.430419,
            27.06687
          ],
          [
            88.43043,
            27.066914
          ],
          [
            88.430428,
            27.066949
          ],
          [
            88.430391,
            27.067008
          ],
          [
            88.430327,
            27.067029
          ],
          [
            88.430277,
            27.067014
          ],
          [
            88.430178,
            27.066934
          ],
          [
            88.42993,
            27.066657
          ],
          [
            88.429831,
            27.066358
          ],
          [
            88.429809,
            27.066034
          ],
          [
            88.429658,
            27.06581
          ],
          [
            88.429397,
            27.065633
          ],
          [
            88.429271,
            27.06562
          ],
          [
            88.429028,
            27.065709
          ],
          [
            88.428822,
            27.065844
          ],
          [
            88.42874,
            27.065872
          ],
          [
            88.428663,
            27.065884
          ],
          [
            88.428557,
            27.065855
          ],
          [
            88.428461,
            27.065775
          ],
          [
            88.428429,
            27.065706
          ],
          [
            88.428427,
            27.065611
          ],
          [
            88.428406,
            27.06557
          ],
          [
            88.428386,
            27.065548
          ],
          [
            88.42837,
            27.065626
          ],
          [
            88.42836,
            27.065709
          ],
          [
            88.428395,
            27.065802
          ],
          [
            88.428511,
            27.065939
          ],
          [
            88.428701,
            27.066151
          ],
          [
            88.429097,
            27.066547
          ],
          [
            88.429465,
            27.066894
          ],
          [
            88.429773,
            27.067172
          ],
          [
            88.429882,
            27.067318
          ],
          [
            88.429954,
            27.067467
          ],
          [
            88.430003,
            27.067806
          ],
          [
            88.430042,
            27.068181
          ],
          [
            88.430079,
            27.068636
          ],
          [
            88.429963,
            27.068928
          ],
          [
            88.42995,
            27.069087
          ],
          [
            88.42998,
            27.069531
          ],
          [
            88.430075,
            27.069914
          ],
          [
            88.430204,
            27.070332
          ],
          [
            88.430507,
            27.070759
          ],
          [
            88.430642,
            27.071075
          ],
          [
            88.430652,
            27.071295
          ],
          [
            88.430636,
            27.071525
          ],
          [
            88.430524,
            27.07186
          ],
          [
            88.430431,
            27.072123
          ],
          [
            88.430439,
            27.072387
          ],
          [
            88.430678,
            27.072847
          ],
          [
            88.431417,
            27.073626
          ],
          [
            88.431469,
            27.073744
          ],
          [
            88.431503,
            27.073882
          ],
          [
            88.431516,
            27.074023
          ],
          [
            88.43157,
            27.074164
          ],
          [
            88.431649,
            27.074311
          ],
          [
            88.431749,
            27.074474
          ],
          [
            88.432048,
            27.074749
          ],
          [
            88.432126,
            27.074876
          ],
          [
            88.432113,
            27.075003
          ],
          [
            88.432042,
            27.075495
          ],
          [
            88.432044,
            27.075684
          ],
          [
            88.432085,
            27.075879
          ],
          [
            88.432462,
            27.076749
          ],
          [
            88.432486,
            27.076843
          ],
          [
            88.432464,
            27.076955
          ],
          [
            88.432411,
            27.077058
          ],
          [
            88.432336,
            27.077128
          ],
          [
            88.432284,
            27.077201
          ],
          [
            88.432246,
            27.077287
          ],
          [
            88.432256,
            27.077372
          ],
          [
            88.432294,
            27.077457
          ],
          [
            88.433152,
            27.078639
          ],
          [
            88.433467,
            27.078932
          ],
          [
            88.434088,
            27.079332
          ],
          [
            88.435354,
            27.079773
          ],
          [
            88.435732,
            27.080017
          ],
          [
            88.435904,
            27.080166
          ],
          [
            88.436059,
            27.080328
          ],
          [
            88.436198,
            27.080418
          ],
          [
            88.437451,
            27.081147
          ],
          [
            88.437991,
            27.081388
          ],
          [
            88.438454,
            27.081542
          ],
          [
            88.438829,
            27.0817
          ],
          [
            88.439907,
            27.082294
          ],
          [
            88.440151,
            27.082396
          ],
          [
            88.44043,
            27.082478
          ],
          [
            88.440746,
            27.082528
          ],
          [
            88.441218,
            27.082517
          ],
          [
            88.442575,
            27.082237
          ],
          [
            88.442894,
            27.082219
          ],
          [
            88.443525,
            27.082237
          ],
          [
            88.44395,
            27.08223
          ],
          [
            88.444272,
            27.082178
          ],
          [
            88.44463,
            27.082142
          ],
          [
            88.444921,
            27.082168
          ],
          [
            88.445145,
            27.082201
          ],
          [
            88.445324,
            27.08227
          ],
          [
            88.445525,
            27.082331
          ],
          [
            88.445772,
            27.082349
          ],
          [
            88.446482,
            27.08229
          ],
          [
            88.447057,
            27.082245
          ],
          [
            88.448833,
            27.082272
          ],
          [
            88.449065,
            27.082396
          ],
          [
            88.449292,
            27.082678
          ],
          [
            88.449598,
            27.082838
          ],
          [
            88.449874,
            27.082912
          ],
          [
            88.450114,
            27.082948
          ],
          [
            88.450996,
            27.083288
          ],
          [
            88.451948,
            27.083985
          ],
          [
            88.453023,
            27.084967
          ],
          [
            88.453396,
            27.085271
          ],
          [
            88.45359,
            27.08541
          ],
          [
            88.454153,
            27.086373
          ],
          [
            88.454233,
            27.08631
          ],
          [
            88.454253,
            27.08621
          ],
          [
            88.454065,
            27.085634
          ],
          [
            88.453978,
            27.085505
          ],
          [
            88.453823,
            27.085494
          ],
          [
            88.453388,
            27.085607
          ],
          [
            88.453044,
            27.085706
          ],
          [
            88.452642,
            27.085832
          ],
          [
            88.451926,
            27.086085
          ],
          [
            88.45185,
            27.086163
          ],
          [
            88.451751,
            27.086178
          ],
          [
            88.451581,
            27.086136
          ],
          [
            88.451381,
            27.086158
          ],
          [
            88.451323,
            27.086242
          ],
          [
            88.451221,
            27.086365
          ],
          [
            88.451343,
            27.086611
          ],
          [
            88.451619,
            27.086741
          ],
          [
            88.452014,
            27.086849
          ],
          [
            88.452293,
            27.086873
          ],
          [
            88.452416,
            27.086964
          ],
          [
            88.452934,
            27.087618
          ],
          [
            88.453315,
            27.088036
          ],
          [
            88.45398,
            27.088452
          ],
          [
            88.454573,
            27.088893
          ],
          [
            88.454696,
            27.088972
          ],
          [
            88.454867,
            27.089041
          ],
          [
            88.455287,
            27.089189
          ],
          [
            88.455441,
            27.089244
          ],
          [
            88.455759,
            27.089368
          ],
          [
            88.456104,
            27.089494
          ],
          [
            88.456149,
            27.089515
          ],
          [
            88.456513,
            27.089689
          ],
          [
            88.456643,
            27.089755
          ],
          [
            88.45689,
            27.089905
          ],
          [
            88.457127,
            27.090077
          ],
          [
            88.458041,
            27.090577
          ],
          [
            88.458583,
            27.090956
          ],
          [
            88.458622,
            27.090991
          ],
          [
            88.458708,
            27.091065
          ],
          [
            88.458759,
            27.091121
          ],
          [
            88.458818,
            27.091358
          ],
          [
            88.458841,
            27.091442
          ],
          [
            88.458866,
            27.091524
          ],
          [
            88.458853,
            27.09157
          ],
          [
            88.458796,
            27.091584
          ],
          [
            88.458734,
            27.091586
          ],
          [
            88.458253,
            27.091548
          ],
          [
            88.458039,
            27.091534
          ],
          [
            88.457729,
            27.091513
          ],
          [
            88.457199,
            27.091414
          ],
          [
            88.457064,
            27.091395
          ],
          [
            88.457005,
            27.091373
          ],
          [
            88.456853,
            27.091289
          ],
          [
            88.456707,
            27.091189
          ],
          [
            88.456285,
            27.090923
          ],
          [
            88.455857,
            27.090504
          ],
          [
            88.455758,
            27.090384
          ],
          [
            88.455548,
            27.090206
          ],
          [
            88.455403,
            27.090113
          ],
          [
            88.455227,
            27.090035
          ],
          [
            88.455019,
            27.089974
          ],
          [
            88.454951,
            27.089967
          ],
          [
            88.454869,
            27.089989
          ],
          [
            88.454841,
            27.090029
          ],
          [
            88.454827,
            27.090074
          ],
          [
            88.454838,
            27.090125
          ],
          [
            88.454889,
            27.090163
          ],
          [
            88.455106,
            27.090247
          ],
          [
            88.455318,
            27.090331
          ],
          [
            88.455385,
            27.090407
          ],
          [
            88.455427,
            27.090482
          ],
          [
            88.455415,
            27.090667
          ],
          [
            88.455404,
            27.090777
          ],
          [
            88.4555,
            27.090809
          ],
          [
            88.455552,
            27.090867
          ],
          [
            88.455628,
            27.090967
          ],
          [
            88.455827,
            27.091124
          ],
          [
            88.455984,
            27.091221
          ],
          [
            88.456184,
            27.091369
          ],
          [
            88.456328,
            27.091462
          ],
          [
            88.456377,
            27.091535
          ],
          [
            88.45639,
            27.091629
          ],
          [
            88.456345,
            27.091826
          ],
          [
            88.456345,
            27.091902
          ],
          [
            88.456461,
            27.092561
          ],
          [
            88.456507,
            27.092757
          ],
          [
            88.456559,
            27.092947
          ],
          [
            88.456598,
            27.09308
          ],
          [
            88.456651,
            27.093165
          ],
          [
            88.456701,
            27.093184
          ],
          [
            88.456874,
            27.09321
          ],
          [
            88.457107,
            27.093378
          ],
          [
            88.457279,
            27.093586
          ],
          [
            88.457418,
            27.093738
          ],
          [
            88.457443,
            27.093797
          ],
          [
            88.457451,
            27.093863
          ],
          [
            88.457448,
            27.093939
          ],
          [
            88.457416,
            27.094015
          ],
          [
            88.457196,
            27.094142
          ],
          [
            88.456788,
            27.094206
          ],
          [
            88.456407,
            27.094388
          ],
          [
            88.45632,
            27.094471
          ],
          [
            88.456422,
            27.094435
          ],
          [
            88.456507,
            27.09439
          ],
          [
            88.456634,
            27.094336
          ],
          [
            88.456686,
            27.09434
          ],
          [
            88.456689,
            27.09437
          ],
          [
            88.456594,
            27.094442
          ],
          [
            88.456508,
            27.094493
          ],
          [
            88.456594,
            27.094442
          ],
          [
            88.456689,
            27.09437
          ],
          [
            88.456686,
            27.09434
          ],
          [
            88.456634,
            27.094336
          ],
          [
            88.456507,
            27.09439
          ],
          [
            88.456422,
            27.094435
          ],
          [
            88.45632,
            27.094471
          ],
          [
            88.456407,
            27.094388
          ],
          [
            88.456788,
            27.094206
          ],
          [
            88.457196,
            27.094142
          ],
          [
            88.457416,
            27.094015
          ],
          [
            88.457448,
            27.093939
          ],
          [
            88.457451,
            27.093863
          ],
          [
            88.457443,
            27.093797
          ],
          [
            88.457418,
            27.093738
          ],
          [
            88.457279,
            27.093586
          ],
          [
            88.457107,
            27.093378
          ],
          [
            88.456874,
            27.09321
          ],
          [
            88.456701,
            27.093184
          ],
          [
            88.456651,
            27.093165
          ],
          [
            88.456598,
            27.09308
          ],
          [
            88.456559,
            27.092947
          ],
          [
            88.456507,
            27.092757
          ],
          [
            88.456461,
            27.092561
          ],
          [
            88.456345,
            27.091902
          ],
          [
            88.456345,
            27.091826
          ],
          [
            88.45639,
            27.091629
          ],
          [
            88.456377,
            27.091535
          ],
          [
            88.456328,
            27.091462
          ],
          [
            88.456184,
            27.091369
          ],
          [
            88.455984,
            27.091221
          ],
          [
            88.455984,
            27.091221
          ],
          [
            88.455827,
            27.091124
          ],
          [
            88.455628,
            27.090967
          ],
          [
            88.455552,
            27.090867
          ],
          [
            88.4555,
            27.090809
          ],
          [
            88.455404,
            27.090777
          ],
          [
            88.455415,
            27.090667
          ],
          [
            88.455427,
            27.090482
          ],
          [
            88.455385,
            27.090407
          ],
          [
            88.455318,
            27.090331
          ],
          [
            88.455106,
            27.090247
          ],
          [
            88.454889,
            27.090163
          ],
          [
            88.454838,
            27.090125
          ],
          [
            88.454827,
            27.090074
          ],
          [
            88.454841,
            27.090029
          ],
          [
            88.454869,
            27.089989
          ],
          [
            88.454951,
            27.089967
          ],
          [
            88.455019,
            27.089974
          ],
          [
            88.455227,
            27.090035
          ],
          [
            88.455403,
            27.090113
          ],
          [
            88.455548,
            27.090206
          ],
          [
            88.455758,
            27.090384
          ],
          [
            88.455857,
            27.090504
          ],
          [
            88.456285,
            27.090923
          ],
          [
            88.456707,
            27.091189
          ],
          [
            88.456853,
            27.091289
          ],
          [
            88.457005,
            27.091373
          ],
          [
            88.457064,
            27.091395
          ],
          [
            88.457199,
            27.091414
          ],
          [
            88.457729,
            27.091513
          ],
          [
            88.458039,
            27.091534
          ],
          [
            88.458253,
            27.091548
          ],
          [
            88.458734,
            27.091586
          ],
          [
            88.458796,
            27.091584
          ],
          [
            88.458853,
            27.09157
          ],
          [
            88.458866,
            27.091524
          ],
          [
            88.458841,
            27.091442
          ],
          [
            88.458818,
            27.091358
          ],
          [
            88.458759,
            27.091121
          ],
          [
            88.458708,
            27.091065
          ],
          [
            88.458622,
            27.090991
          ],
          [
            88.458583,
            27.090956
          ],
          [
            88.458041,
            27.090577
          ],
          [
            88.457127,
            27.090077
          ],
          [
            88.45689,
            27.089905
          ],
          [
            88.456643,
            27.089755
          ],
          [
            88.456513,
            27.089689
          ],
          [
            88.456149,
            27.089515
          ],
          [
            88.456104,
            27.089494
          ],
          [
            88.455759,
            27.089368
          ],
          [
            88.455441,
            27.089244
          ],
          [
            88.455287,
            27.089189
          ],
          [
            88.454867,
            27.089041
          ],
          [
            88.454696,
            27.088972
          ],
          [
            88.454573,
            27.088893
          ],
          [
            88.45398,
            27.088452
          ],
          [
            88.453315,
            27.088036
          ],
          [
            88.452934,
            27.087618
          ],
          [
            88.452416,
            27.086964
          ],
          [
            88.452293,
            27.086873
          ],
          [
            88.452014,
            27.086849
          ],
          [
            88.451619,
            27.086741
          ],
          [
            88.451343,
            27.086611
          ],
          [
            88.451221,
            27.086365
          ],
          [
            88.451323,
            27.086242
          ],
          [
            88.451381,
            27.086158
          ],
          [
            88.451581,
            27.086136
          ],
          [
            88.451751,
            27.086178
          ],
          [
            88.45185,
            27.086163
          ],
          [
            88.451926,
            27.086085
          ],
          [
            88.452642,
            27.085832
          ],
          [
            88.453044,
            27.085706
          ],
          [
            88.453388,
            27.085607
          ],
          [
            88.453823,
            27.085494
          ],
          [
            88.453978,
            27.085505
          ],
          [
            88.454065,
            27.085634
          ],
          [
            88.454253,
            27.08621
          ],
          [
            88.454233,
            27.08631
          ],
          [
            88.454153,
            27.086373
          ],
          [
            88.454442,
            27.086957
          ],
          [
            88.454674,
            27.087187
          ],
          [
            88.455149,
            27.087485
          ],
          [
            88.455643,
            27.087647
          ],
          [
            88.455986,
            27.087738
          ],
          [
            88.456491,
            27.087895
          ],
          [
            88.456678,
            27.087996
          ],
          [
            88.457022,
            27.088158
          ],
          [
            88.457376,
            27.088248
          ],
          [
            88.457588,
            27.088325
          ],
          [
            88.457679,
            27.088402
          ],
          [
            88.457934,
            27.088607
          ],
          [
            88.45818,
            27.088755
          ],
          [
            88.458604,
            27.088893
          ],
          [
            88.459023,
            27.089032
          ],
          [
            88.459586,
            27.089344
          ],
          [
            88.459961,
            27.089739
          ],
          [
            88.460326,
            27.090188
          ],
          [
            88.460594,
            27.090541
          ],
          [
            88.46082,
            27.090995
          ],
          [
            88.461093,
            27.091363
          ],
          [
            88.461703,
            27.092173
          ],
          [
            88.461922,
            27.092571
          ],
          [
            88.462086,
            27.092996
          ],
          [
            88.462201,
            27.09338
          ],
          [
            88.462303,
            27.093688
          ],
          [
            88.462475,
            27.093841
          ],
          [
            88.462842,
            27.09392
          ],
          [
            88.463279,
            27.093853
          ],
          [
            88.463612,
            27.093822
          ],
          [
            88.463886,
            27.093901
          ],
          [
            88.464191,
            27.094011
          ],
          [
            88.464395,
            27.094066
          ],
          [
            88.464476,
            27.094125
          ],
          [
            88.464513,
            27.094271
          ],
          [
            88.464199,
            27.09486
          ],
          [
            88.464092,
            27.094952
          ],
          [
            88.463918,
            27.094942
          ],
          [
            88.46369,
            27.094923
          ],
          [
            88.463481,
            27.094909
          ],
          [
            88.463338,
            27.094918
          ],
          [
            88.462974,
            27.0951
          ],
          [
            88.462579,
            27.095169
          ],
          [
            88.462479,
            27.095247
          ],
          [
            88.462373,
            27.095435
          ],
          [
            88.462261,
            27.095671
          ],
          [
            88.462328,
            27.095823
          ],
          [
            88.462407,
            27.096076
          ],
          [
            88.462384,
            27.096203
          ],
          [
            88.462403,
            27.096327
          ],
          [
            88.462527,
            27.096542
          ],
          [
            88.462723,
            27.096762
          ],
          [
            88.462887,
            27.096948
          ],
          [
            88.463038,
            27.09716
          ],
          [
            88.463288,
            27.097407
          ],
          [
            88.463334,
            27.097466
          ],
          [
            88.463479,
            27.097684
          ],
          [
            88.463638,
            27.097819
          ],
          [
            88.46394,
            27.097986
          ],
          [
            88.464074,
            27.098047
          ],
          [
            88.46436,
            27.098234
          ],
          [
            88.464609,
            27.098441
          ],
          [
            88.464699,
            27.098622
          ],
          [
            88.464743,
            27.098845
          ],
          [
            88.464847,
            27.099103
          ],
          [
            88.465016,
            27.099222
          ],
          [
            88.46525,
            27.09937
          ],
          [
            88.465759,
            27.099701
          ],
          [
            88.466516,
            27.10027
          ],
          [
            88.466828,
            27.100528
          ],
          [
            88.466958,
            27.100839
          ],
          [
            88.467295,
            27.101759
          ],
          [
            88.467496,
            27.102404
          ],
          [
            88.467625,
            27.102854
          ],
          [
            88.46789,
            27.10313
          ],
          [
            88.468148,
            27.103303
          ],
          [
            88.468349,
            27.103531
          ],
          [
            88.468486,
            27.103734
          ],
          [
            88.468593,
            27.1039
          ],
          [
            88.468717,
            27.104137
          ],
          [
            88.468813,
            27.104348
          ],
          [
            88.468907,
            27.104538
          ],
          [
            88.468982,
            27.10468
          ],
          [
            88.469095,
            27.104838
          ],
          [
            88.469216,
            27.105055
          ],
          [
            88.469183,
            27.105313
          ],
          [
            88.469121,
            27.105415
          ],
          [
            88.468974,
            27.105482
          ],
          [
            88.468639,
            27.105526
          ],
          [
            88.468358,
            27.105561
          ],
          [
            88.46821,
            27.105824
          ],
          [
            88.468206,
            27.105931
          ],
          [
            88.468184,
            27.10613
          ],
          [
            88.468174,
            27.106255
          ],
          [
            88.468109,
            27.106301
          ],
          [
            88.467987,
            27.106347
          ],
          [
            88.46781,
            27.106449
          ],
          [
            88.467683,
            27.106603
          ],
          [
            88.467528,
            27.106784
          ],
          [
            88.467434,
            27.106901
          ],
          [
            88.467404,
            27.107145
          ],
          [
            88.467441,
            27.107353
          ],
          [
            88.467513,
            27.107533
          ],
          [
            88.467555,
            27.107652
          ],
          [
            88.467449,
            27.107924
          ],
          [
            88.46742,
            27.108134
          ],
          [
            88.46753,
            27.108532
          ],
          [
            88.467485,
            27.10861
          ],
          [
            88.467444,
            27.108764
          ],
          [
            88.467466,
            27.108946
          ],
          [
            88.467525,
            27.109279
          ],
          [
            88.467618,
            27.109375
          ],
          [
            88.467633,
            27.109466
          ],
          [
            88.467636,
            27.109676
          ],
          [
            88.467605,
            27.10982
          ],
          [
            88.467646,
            27.11
          ],
          [
            88.46769,
            27.11022
          ],
          [
            88.467762,
            27.110395
          ],
          [
            88.46778,
            27.110766
          ],
          [
            88.467894,
            27.110931
          ],
          [
            88.467978,
            27.111079
          ],
          [
            88.468001,
            27.111108
          ],
          [
            88.468136,
            27.111232
          ],
          [
            88.468162,
            27.111263
          ],
          [
            88.46822,
            27.11137
          ],
          [
            88.46828,
            27.111495
          ],
          [
            88.468306,
            27.111588
          ],
          [
            88.468355,
            27.111736
          ],
          [
            88.468441,
            27.111868
          ],
          [
            88.468501,
            27.112064
          ],
          [
            88.46858,
            27.112259
          ],
          [
            88.468685,
            27.11244
          ],
          [
            88.468806,
            27.112589
          ],
          [
            88.468915,
            27.112712
          ],
          [
            88.469133,
            27.112807
          ],
          [
            88.46933,
            27.112894
          ],
          [
            88.469418,
            27.112897
          ],
          [
            88.469462,
            27.112925
          ],
          [
            88.469516,
            27.113031
          ],
          [
            88.469576,
            27.113112
          ],
          [
            88.46964,
            27.113246
          ],
          [
            88.469639,
            27.113343
          ],
          [
            88.469664,
            27.11344
          ],
          [
            88.469673,
            27.113506
          ],
          [
            88.469692,
            27.113654
          ],
          [
            88.469574,
            27.113984
          ],
          [
            88.469534,
            27.114147
          ],
          [
            88.469466,
            27.11432
          ],
          [
            88.469461,
            27.114539
          ],
          [
            88.46951,
            27.114597
          ],
          [
            88.469606,
            27.114725
          ],
          [
            88.469912,
            27.115009
          ],
          [
            88.470018,
            27.115082
          ],
          [
            88.470261,
            27.115214
          ],
          [
            88.470472,
            27.115363
          ],
          [
            88.470672,
            27.115522
          ],
          [
            88.470798,
            27.115608
          ],
          [
            88.470912,
            27.115637
          ],
          [
            88.471054,
            27.11565
          ],
          [
            88.471184,
            27.115731
          ],
          [
            88.471208,
            27.115825
          ],
          [
            88.471205,
            27.115973
          ],
          [
            88.471259,
            27.116126
          ],
          [
            88.471327,
            27.116236
          ],
          [
            88.471434,
            27.116386
          ],
          [
            88.471554,
            27.116579
          ],
          [
            88.471683,
            27.116721
          ],
          [
            88.471858,
            27.116866
          ],
          [
            88.471982,
            27.116962
          ],
          [
            88.472213,
            27.117011
          ],
          [
            88.472463,
            27.117036
          ],
          [
            88.472673,
            27.117129
          ],
          [
            88.473009,
            27.117284
          ],
          [
            88.473902,
            27.117611
          ],
          [
            88.474492,
            27.117944
          ],
          [
            88.47491,
            27.11831
          ],
          [
            88.475299,
            27.118964
          ],
          [
            88.475645,
            27.119816
          ],
          [
            88.476084,
            27.120348
          ],
          [
            88.476466,
            27.121002
          ],
          [
            88.47695,
            27.121745
          ],
          [
            88.477116,
            27.121892
          ],
          [
            88.477302,
            27.12194
          ],
          [
            88.477476,
            27.121944
          ],
          [
            88.477966,
            27.121848
          ],
          [
            88.479104,
            27.121423
          ],
          [
            88.479849,
            27.121135
          ],
          [
            88.480351,
            27.120756
          ],
          [
            88.481195,
            27.12017
          ],
          [
            88.482024,
            27.119662
          ],
          [
            88.482624,
            27.119452
          ],
          [
            88.483598,
            27.119482
          ],
          [
            88.484453,
            27.119499
          ],
          [
            88.484992,
            27.11949
          ],
          [
            88.486237,
            27.119529
          ],
          [
            88.486446,
            27.11973
          ],
          [
            88.486592,
            27.119983
          ],
          [
            88.486711,
            27.120222
          ],
          [
            88.486773,
            27.120494
          ],
          [
            88.486815,
            27.120856
          ],
          [
            88.486777,
            27.121129
          ],
          [
            88.486734,
            27.121321
          ],
          [
            88.48687,
            27.121787
          ],
          [
            88.486841,
            27.122039
          ],
          [
            88.486784,
            27.122165
          ],
          [
            88.48653,
            27.122499
          ],
          [
            88.486399,
            27.122596
          ],
          [
            88.486359,
            27.122687
          ],
          [
            88.486456,
            27.122968
          ],
          [
            88.486523,
            27.123085
          ],
          [
            88.486601,
            27.123173
          ],
          [
            88.486691,
            27.123375
          ],
          [
            88.486711,
            27.123514
          ],
          [
            88.486708,
            27.123581
          ],
          [
            88.486743,
            27.123756
          ],
          [
            88.486731,
            27.123905
          ],
          [
            88.486784,
            27.124226
          ],
          [
            88.486813,
            27.124297
          ],
          [
            88.487065,
            27.124337
          ],
          [
            88.487241,
            27.124385
          ],
          [
            88.487446,
            27.124431
          ],
          [
            88.487633,
            27.124516
          ],
          [
            88.487847,
            27.12468
          ],
          [
            88.488099,
            27.124881
          ],
          [
            88.488286,
            27.124965
          ],
          [
            88.488551,
            27.124999
          ],
          [
            88.488826,
            27.124993
          ],
          [
            88.489082,
            27.124971
          ],
          [
            88.489301,
            27.124971
          ],
          [
            88.489496,
            27.124974
          ],
          [
            88.489819,
            27.124939
          ],
          [
            88.490156,
            27.124903
          ],
          [
            88.490312,
            27.124797
          ],
          [
            88.490507,
            27.12454
          ],
          [
            88.490645,
            27.124371
          ],
          [
            88.490769,
            27.124256
          ],
          [
            88.490836,
            27.124018
          ],
          [
            88.490853,
            27.123995
          ],
          [
            88.490976,
            27.12385
          ],
          [
            88.491112,
            27.123647
          ],
          [
            88.491333,
            27.123501
          ],
          [
            88.49154,
            27.123273
          ],
          [
            88.491698,
            27.123104
          ],
          [
            88.491869,
            27.122822
          ],
          [
            88.491924,
            27.12275
          ],
          [
            88.491964,
            27.122615
          ],
          [
            88.492189,
            27.122546
          ],
          [
            88.492414,
            27.12247
          ],
          [
            88.492582,
            27.122349
          ],
          [
            88.492778,
            27.122219
          ],
          [
            88.493033,
            27.122139
          ],
          [
            88.493223,
            27.122084
          ],
          [
            88.493498,
            27.121986
          ],
          [
            88.493993,
            27.12181
          ],
          [
            88.494323,
            27.121663
          ],
          [
            88.494655,
            27.121517
          ],
          [
            88.494945,
            27.121382
          ],
          [
            88.495205,
            27.121438
          ],
          [
            88.495567,
            27.121709
          ],
          [
            88.49571,
            27.121788
          ],
          [
            88.495876,
            27.121834
          ],
          [
            88.496383,
            27.121946
          ],
          [
            88.496906,
            27.122024
          ],
          [
            88.497234,
            27.122142
          ],
          [
            88.497434,
            27.122432
          ],
          [
            88.497705,
            27.122518
          ],
          [
            88.497754,
            27.122566
          ],
          [
            88.498035,
            27.122716
          ],
          [
            88.498176,
            27.122914
          ],
          [
            88.498323,
            27.123103
          ],
          [
            88.498374,
            27.123171
          ],
          [
            88.498558,
            27.123374
          ],
          [
            88.498736,
            27.123397
          ],
          [
            88.498861,
            27.123443
          ],
          [
            88.499129,
            27.123529
          ],
          [
            88.49932,
            27.123666
          ],
          [
            88.499384,
            27.123712
          ],
          [
            88.49962,
            27.123972
          ],
          [
            88.499843,
            27.124242
          ],
          [
            88.499939,
            27.124368
          ],
          [
            88.499992,
            27.124471
          ],
          [
            88.500028,
            27.12456
          ],
          [
            88.500095,
            27.124741
          ],
          [
            88.500138,
            27.124979
          ],
          [
            88.500304,
            27.125338
          ],
          [
            88.500389,
            27.125684
          ],
          [
            88.500375,
            27.125774
          ],
          [
            88.500382,
            27.125893
          ],
          [
            88.500474,
            27.126037
          ],
          [
            88.500717,
            27.126188
          ],
          [
            88.501161,
            27.126391
          ],
          [
            88.501494,
            27.126427
          ],
          [
            88.501715,
            27.126449
          ],
          [
            88.502129,
            27.126522
          ],
          [
            88.502349,
            27.126549
          ],
          [
            88.502733,
            27.126633
          ],
          [
            88.502982,
            27.126707
          ],
          [
            88.503288,
            27.126765
          ],
          [
            88.503551,
            27.126785
          ],
          [
            88.503634,
            27.126801
          ],
          [
            88.503803,
            27.126842
          ],
          [
            88.504173,
            27.126946
          ],
          [
            88.504345,
            27.127009
          ],
          [
            88.504497,
            27.126963
          ],
          [
            88.504747,
            27.126691
          ],
          [
            88.505018,
            27.126407
          ],
          [
            88.505148,
            27.12629
          ],
          [
            88.505281,
            27.126203
          ],
          [
            88.505379,
            27.126224
          ],
          [
            88.505535,
            27.126306
          ],
          [
            88.505709,
            27.126381
          ],
          [
            88.50573,
            27.126392
          ],
          [
            88.505875,
            27.126466
          ],
          [
            88.505981,
            27.126554
          ],
          [
            88.50609,
            27.126648
          ],
          [
            88.506163,
            27.126725
          ],
          [
            88.506268,
            27.126811
          ],
          [
            88.50637,
            27.126861
          ],
          [
            88.506466,
            27.126949
          ],
          [
            88.506521,
            27.127115
          ],
          [
            88.506588,
            27.127232
          ],
          [
            88.506779,
            27.127582
          ],
          [
            88.506771,
            27.127821
          ],
          [
            88.506649,
            27.128044
          ],
          [
            88.506572,
            27.128226
          ],
          [
            88.506551,
            27.128258
          ],
          [
            88.506509,
            27.128378
          ],
          [
            88.50646,
            27.128545
          ],
          [
            88.506359,
            27.128677
          ],
          [
            88.50627,
            27.128769
          ],
          [
            88.506138,
            27.128832
          ],
          [
            88.506021,
            27.128984
          ],
          [
            88.505936,
            27.129072
          ],
          [
            88.50582,
            27.129197
          ],
          [
            88.505692,
            27.12933
          ],
          [
            88.505575,
            27.129433
          ],
          [
            88.505511,
            27.129473
          ],
          [
            88.505371,
            27.129483
          ],
          [
            88.50534,
            27.12969
          ],
          [
            88.505327,
            27.129861
          ],
          [
            88.505383,
            27.130116
          ],
          [
            88.505426,
            27.13033
          ],
          [
            88.505475,
            27.130542
          ],
          [
            88.505631,
            27.130869
          ],
          [
            88.505758,
            27.131225
          ],
          [
            88.505917,
            27.13144
          ],
          [
            88.506244,
            27.131668
          ],
          [
            88.506446,
            27.131821
          ],
          [
            88.506872,
            27.132108
          ],
          [
            88.507282,
            27.132379
          ],
          [
            88.507338,
            27.132447
          ],
          [
            88.507637,
            27.132682
          ],
          [
            88.507731,
            27.13275
          ],
          [
            88.50814,
            27.132995
          ],
          [
            88.508327,
            27.133101
          ],
          [
            88.508386,
            27.133125
          ],
          [
            88.508688,
            27.133352
          ],
          [
            88.508901,
            27.133513
          ],
          [
            88.509093,
            27.133633
          ],
          [
            88.50925,
            27.133669
          ],
          [
            88.509426,
            27.133736
          ],
          [
            88.50949,
            27.133743
          ],
          [
            88.509704,
            27.133808
          ],
          [
            88.510089,
            27.133911
          ],
          [
            88.510194,
            27.133973
          ],
          [
            88.510517,
            27.13413
          ],
          [
            88.51057,
            27.134145
          ],
          [
            88.510732,
            27.134207
          ],
          [
            88.511138,
            27.134373
          ],
          [
            88.51142,
            27.134555
          ],
          [
            88.511459,
            27.134591
          ],
          [
            88.511679,
            27.134735
          ],
          [
            88.511858,
            27.134858
          ],
          [
            88.512196,
            27.134991
          ],
          [
            88.512699,
            27.135201
          ],
          [
            88.512762,
            27.135232
          ],
          [
            88.51293,
            27.13552
          ],
          [
            88.512972,
            27.135801
          ],
          [
            88.51309,
            27.136223
          ],
          [
            88.513176,
            27.136355
          ],
          [
            88.513477,
            27.13673
          ],
          [
            88.513819,
            27.137101
          ],
          [
            88.514276,
            27.137487
          ],
          [
            88.51461,
            27.137686
          ],
          [
            88.514838,
            27.137765
          ],
          [
            88.515027,
            27.137867
          ],
          [
            88.515057,
            27.137884
          ],
          [
            88.515427,
            27.138202
          ],
          [
            88.515808,
            27.138609
          ],
          [
            88.515874,
            27.138679
          ],
          [
            88.515923,
            27.138741
          ],
          [
            88.515968,
            27.138805
          ],
          [
            88.516186,
            27.139115
          ],
          [
            88.516386,
            27.139497
          ],
          [
            88.516639,
            27.1399
          ],
          [
            88.516915,
            27.140216
          ],
          [
            88.517189,
            27.140354
          ],
          [
            88.517233,
            27.140364
          ],
          [
            88.51753,
            27.140456
          ],
          [
            88.517805,
            27.140492
          ],
          [
            88.517994,
            27.140517
          ],
          [
            88.518188,
            27.140583
          ],
          [
            88.518356,
            27.14073
          ],
          [
            88.518497,
            27.140812
          ],
          [
            88.518653,
            27.140918
          ],
          [
            88.518747,
            27.141062
          ],
          [
            88.518765,
            27.141237
          ],
          [
            88.518771,
            27.14142
          ],
          [
            88.518892,
            27.141542
          ],
          [
            88.51901,
            27.141628
          ],
          [
            88.519069,
            27.141713
          ],
          [
            88.519132,
            27.141855
          ],
          [
            88.519124,
            27.142029
          ],
          [
            88.519131,
            27.142207
          ],
          [
            88.519189,
            27.142353
          ],
          [
            88.519326,
            27.142487
          ],
          [
            88.519467,
            27.142594
          ],
          [
            88.519591,
            27.142715
          ],
          [
            88.519694,
            27.142831
          ],
          [
            88.519811,
            27.142955
          ],
          [
            88.519929,
            27.143052
          ],
          [
            88.520038,
            27.143179
          ],
          [
            88.520147,
            27.143365
          ],
          [
            88.520209,
            27.143523
          ],
          [
            88.520249,
            27.143687
          ],
          [
            88.520322,
            27.143828
          ],
          [
            88.520505,
            27.144019
          ],
          [
            88.520671,
            27.144209
          ],
          [
            88.520969,
            27.144535
          ],
          [
            88.521363,
            27.144971
          ],
          [
            88.521959,
            27.145272
          ],
          [
            88.522947,
            27.145747
          ],
          [
            88.524147,
            27.146142
          ],
          [
            88.524823,
            27.146339
          ],
          [
            88.525492,
            27.146591
          ],
          [
            88.525872,
            27.146813
          ],
          [
            88.52593,
            27.146836
          ],
          [
            88.526295,
            27.146848
          ],
          [
            88.526485,
            27.146816
          ],
          [
            88.526882,
            27.14674
          ],
          [
            88.527026,
            27.146723
          ],
          [
            88.527291,
            27.146703
          ],
          [
            88.527443,
            27.146626
          ],
          [
            88.527867,
            27.146481
          ],
          [
            88.528152,
            27.146353
          ],
          [
            88.528511,
            27.146226
          ],
          [
            88.528854,
            27.146075
          ],
          [
            88.530059,
            27.145232
          ],
          [
            88.530158,
            27.145231
          ],
          [
            88.530212,
            27.145259
          ],
          [
            88.530348,
            27.145413
          ],
          [
            88.530584,
            27.14564
          ],
          [
            88.530702,
            27.145808
          ],
          [
            88.530986,
            27.146111
          ],
          [
            88.531205,
            27.146593
          ],
          [
            88.531303,
            27.146749
          ],
          [
            88.531462,
            27.146882
          ],
          [
            88.531783,
            27.147087
          ],
          [
            88.532033,
            27.147282
          ],
          [
            88.532194,
            27.147474
          ],
          [
            88.532479,
            27.147818
          ],
          [
            88.532581,
            27.147905
          ],
          [
            88.532694,
            27.147976
          ],
          [
            88.533085,
            27.148288
          ],
          [
            88.53333,
            27.148524
          ],
          [
            88.533399,
            27.148657
          ],
          [
            88.533651,
            27.149047
          ],
          [
            88.533769,
            27.149153
          ],
          [
            88.533973,
            27.149413
          ],
          [
            88.534001,
            27.149493
          ],
          [
            88.534074,
            27.149722
          ],
          [
            88.534141,
            27.149838
          ],
          [
            88.534177,
            27.149884
          ],
          [
            88.53443,
            27.150222
          ],
          [
            88.534617,
            27.150463
          ],
          [
            88.53476,
            27.150653
          ],
          [
            88.535013,
            27.151021
          ],
          [
            88.535254,
            27.151428
          ],
          [
            88.53529,
            27.1515
          ],
          [
            88.53534,
            27.151799
          ],
          [
            88.535305,
            27.152092
          ],
          [
            88.53523,
            27.152657
          ],
          [
            88.535194,
            27.153034
          ],
          [
            88.535285,
            27.153522
          ],
          [
            88.535326,
            27.153874
          ],
          [
            88.535246,
            27.154259
          ],
          [
            88.535221,
            27.154693
          ],
          [
            88.535213,
            27.154988
          ],
          [
            88.535168,
            27.155146
          ],
          [
            88.535098,
            27.1553
          ],
          [
            88.534783,
            27.155953
          ],
          [
            88.534486,
            27.156247
          ],
          [
            88.534406,
            27.15632
          ],
          [
            88.533951,
            27.156658
          ],
          [
            88.533341,
            27.156935
          ],
          [
            88.532636,
            27.157388
          ],
          [
            88.532114,
            27.157641
          ],
          [
            88.531768,
            27.157754
          ],
          [
            88.531514,
            27.157886
          ],
          [
            88.531182,
            27.158103
          ],
          [
            88.530973,
            27.158236
          ],
          [
            88.530837,
            27.158251
          ],
          [
            88.530692,
            27.158205
          ],
          [
            88.530556,
            27.158084
          ],
          [
            88.530486,
            27.157974
          ],
          [
            88.530411,
            27.157851
          ],
          [
            88.530249,
            27.15778
          ],
          [
            88.529987,
            27.157751
          ],
          [
            88.529724,
            27.157673
          ],
          [
            88.529645,
            27.157631
          ],
          [
            88.529523,
            27.157554
          ],
          [
            88.529421,
            27.157574
          ],
          [
            88.529308,
            27.157634
          ],
          [
            88.529196,
            27.157759
          ],
          [
            88.529069,
            27.157927
          ],
          [
            88.529001,
            27.158094
          ],
          [
            88.529002,
            27.158329
          ],
          [
            88.529013,
            27.15849
          ],
          [
            88.529003,
            27.158652
          ],
          [
            88.528983,
            27.158786
          ],
          [
            88.528954,
            27.158944
          ],
          [
            88.528956,
            27.159086
          ],
          [
            88.529035,
            27.159352
          ],
          [
            88.529726,
            27.160152
          ],
          [
            88.530241,
            27.160912
          ],
          [
            88.5306,
            27.161358
          ],
          [
            88.531129,
            27.162065
          ],
          [
            88.531452,
            27.162469
          ],
          [
            88.531649,
            27.162757
          ],
          [
            88.531776,
            27.162928
          ],
          [
            88.531803,
            27.162998
          ],
          [
            88.531824,
            27.163069
          ],
          [
            88.531894,
            27.163407
          ],
          [
            88.531952,
            27.163523
          ],
          [
            88.532087,
            27.163752
          ],
          [
            88.532166,
            27.163856
          ],
          [
            88.532282,
            27.164038
          ],
          [
            88.532329,
            27.164276
          ],
          [
            88.532329,
            27.164319
          ],
          [
            88.532342,
            27.164396
          ],
          [
            88.532402,
            27.164722
          ],
          [
            88.532499,
            27.165254
          ],
          [
            88.532735,
            27.165855
          ],
          [
            88.53273,
            27.166113
          ],
          [
            88.532639,
            27.166304
          ],
          [
            88.532382,
            27.166484
          ],
          [
            88.532139,
            27.166531
          ],
          [
            88.531908,
            27.16658
          ],
          [
            88.531856,
            27.166588
          ],
          [
            88.531569,
            27.166667
          ],
          [
            88.531435,
            27.166764
          ],
          [
            88.531207,
            27.166946
          ],
          [
            88.531049,
            27.167037
          ],
          [
            88.53082,
            27.167125
          ],
          [
            88.530347,
            27.167148
          ],
          [
            88.53001,
            27.167152
          ],
          [
            88.529834,
            27.167068
          ],
          [
            88.529644,
            27.166987
          ],
          [
            88.529581,
            27.16699
          ],
          [
            88.52918,
            27.167053
          ],
          [
            88.529024,
            27.167108
          ],
          [
            88.528477,
            27.167295
          ],
          [
            88.528306,
            27.167401
          ],
          [
            88.528004,
            27.167621
          ],
          [
            88.52788,
            27.167769
          ],
          [
            88.527553,
            27.168337
          ],
          [
            88.527441,
            27.168404
          ],
          [
            88.52738,
            27.168488
          ],
          [
            88.527168,
            27.168732
          ],
          [
            88.527017,
            27.168895
          ],
          [
            88.526933,
            27.169066
          ],
          [
            88.526716,
            27.169253
          ],
          [
            88.526496,
            27.169353
          ],
          [
            88.526391,
            27.169429
          ],
          [
            88.526112,
            27.169771
          ],
          [
            88.526161,
            27.169817
          ],
          [
            88.52619,
            27.169879
          ],
          [
            88.526031,
            27.170476
          ],
          [
            88.525968,
            27.170879
          ],
          [
            88.525961,
            27.17115
          ],
          [
            88.525975,
            27.171259
          ],
          [
            88.526005,
            27.171353
          ],
          [
            88.526052,
            27.171427
          ],
          [
            88.526131,
            27.171516
          ],
          [
            88.526277,
            27.171627
          ],
          [
            88.526758,
            27.171965
          ],
          [
            88.52703,
            27.172209
          ],
          [
            88.527123,
            27.172267
          ],
          [
            88.527226,
            27.172305
          ],
          [
            88.527345,
            27.172325
          ],
          [
            88.527657,
            27.172344
          ],
          [
            88.528154,
            27.172308
          ],
          [
            88.528681,
            27.172205
          ],
          [
            88.52934,
            27.172079
          ],
          [
            88.529588,
            27.172076
          ],
          [
            88.529705,
            27.172113
          ],
          [
            88.529855,
            27.17222
          ],
          [
            88.530465,
            27.172935
          ],
          [
            88.530548,
            27.173016
          ],
          [
            88.530629,
            27.173094
          ],
          [
            88.530745,
            27.173181
          ],
          [
            88.530815,
            27.173208
          ],
          [
            88.530886,
            27.173236
          ],
          [
            88.531,
            27.173289
          ],
          [
            88.531119,
            27.173389
          ],
          [
            88.531209,
            27.173533
          ],
          [
            88.531295,
            27.173783
          ],
          [
            88.531487,
            27.174581
          ],
          [
            88.531519,
            27.174726
          ],
          [
            88.531555,
            27.174897
          ],
          [
            88.531567,
            27.174974
          ],
          [
            88.531539,
            27.175057
          ],
          [
            88.531481,
            27.175099
          ],
          [
            88.531367,
            27.175128
          ],
          [
            88.531189,
            27.175125
          ],
          [
            88.531181,
            27.175123
          ],
          [
            88.530729,
            27.174999
          ],
          [
            88.530634,
            27.174969
          ],
          [
            88.530549,
            27.174934
          ],
          [
            88.530505,
            27.17493
          ],
          [
            88.530476,
            27.174935
          ],
          [
            88.530449,
            27.174947
          ],
          [
            88.530413,
            27.174976
          ],
          [
            88.530346,
            27.17507
          ],
          [
            88.530296,
            27.175131
          ],
          [
            88.530237,
            27.175192
          ],
          [
            88.530193,
            27.175231
          ],
          [
            88.529771,
            27.175543
          ],
          [
            88.529614,
            27.175666
          ],
          [
            88.529503,
            27.175761
          ],
          [
            88.529445,
            27.175822
          ],
          [
            88.529374,
            27.175906
          ],
          [
            88.529058,
            27.176305
          ],
          [
            88.529016,
            27.176349
          ],
          [
            88.528932,
            27.17642
          ],
          [
            88.528867,
            27.176467
          ],
          [
            88.528822,
            27.1765
          ],
          [
            88.528691,
            27.176582
          ],
          [
            88.528594,
            27.176637
          ],
          [
            88.528382,
            27.176746
          ],
          [
            88.528209,
            27.176852
          ],
          [
            88.527996,
            27.176998
          ],
          [
            88.527819,
            27.177133
          ],
          [
            88.527783,
            27.177157
          ],
          [
            88.52769,
            27.1772
          ],
          [
            88.527607,
            27.177225
          ],
          [
            88.527515,
            27.177241
          ],
          [
            88.527344,
            27.177258
          ],
          [
            88.52719,
            27.177281
          ],
          [
            88.527073,
            27.177307
          ],
          [
            88.526919,
            27.177356
          ],
          [
            88.526834,
            27.177378
          ],
          [
            88.526742,
            27.177394
          ],
          [
            88.526646,
            27.177406
          ],
          [
            88.526549,
            27.177412
          ],
          [
            88.526452,
            27.177413
          ],
          [
            88.526144,
            27.177393
          ],
          [
            88.526058,
            27.177393
          ],
          [
            88.525929,
            27.177398
          ],
          [
            88.525805,
            27.17741
          ],
          [
            88.525549,
            27.177446
          ],
          [
            88.525191,
            27.177487
          ],
          [
            88.524905,
            27.177513
          ],
          [
            88.524669,
            27.177528
          ],
          [
            88.524553,
            27.177527
          ],
          [
            88.524401,
            27.177518
          ],
          [
            88.523496,
            27.177441
          ],
          [
            88.523341,
            27.177433
          ],
          [
            88.523134,
            27.177423
          ],
          [
            88.52268,
            27.177405
          ],
          [
            88.522347,
            27.177397
          ],
          [
            88.52217,
            27.177398
          ],
          [
            88.521985,
            27.177406
          ],
          [
            88.521803,
            27.177421
          ],
          [
            88.521672,
            27.177442
          ],
          [
            88.521603,
            27.177457
          ],
          [
            88.521411,
            27.177419
          ],
          [
            88.521241,
            27.177592
          ],
          [
            88.52111,
            27.177655
          ],
          [
            88.520931,
            27.177762
          ],
          [
            88.52085,
            27.177817
          ],
          [
            88.520706,
            27.177925
          ],
          [
            88.520586,
            27.178028
          ],
          [
            88.520491,
            27.178119
          ],
          [
            88.520421,
            27.178193
          ],
          [
            88.520343,
            27.178285
          ],
          [
            88.520315,
            27.178336
          ],
          [
            88.520302,
            27.178398
          ],
          [
            88.520301,
            27.178458
          ],
          [
            88.520315,
            27.178607
          ],
          [
            88.520319,
            27.178686
          ],
          [
            88.52031,
            27.178813
          ],
          [
            88.520289,
            27.178898
          ],
          [
            88.520253,
            27.178977
          ],
          [
            88.520198,
            27.17905
          ],
          [
            88.519821,
            27.179502
          ],
          [
            88.519753,
            27.179591
          ],
          [
            88.519623,
            27.179779
          ],
          [
            88.519542,
            27.179879
          ],
          [
            88.519446,
            27.179987
          ],
          [
            88.519342,
            27.180092
          ],
          [
            88.519289,
            27.180141
          ],
          [
            88.519184,
            27.180225
          ],
          [
            88.519133,
            27.180257
          ],
          [
            88.519085,
            27.180282
          ],
          [
            88.518948,
            27.180343
          ],
          [
            88.518818,
            27.18041
          ],
          [
            88.518735,
            27.180463
          ],
          [
            88.518655,
            27.180524
          ],
          [
            88.51858,
            27.180597
          ],
          [
            88.518468,
            27.180738
          ],
          [
            88.518357,
            27.180863
          ],
          [
            88.518218,
            27.181005
          ],
          [
            88.518065,
            27.181152
          ],
          [
            88.517841,
            27.181353
          ],
          [
            88.517717,
            27.181455
          ],
          [
            88.517629,
            27.181518
          ],
          [
            88.517559,
            27.181551
          ],
          [
            88.517521,
            27.181563
          ],
          [
            88.517438,
            27.181578
          ],
          [
            88.517395,
            27.181582
          ],
          [
            88.517306,
            27.181583
          ],
          [
            88.517172,
            27.18157
          ],
          [
            88.517134,
            27.181562
          ],
          [
            88.517004,
            27.181533
          ],
          [
            88.516963,
            27.18153
          ],
          [
            88.516923,
            27.181531
          ],
          [
            88.516843,
            27.181545
          ],
          [
            88.516768,
            27.18157
          ],
          [
            88.516668,
            27.181619
          ],
          [
            88.516552,
            27.181693
          ],
          [
            88.516527,
            27.181705
          ],
          [
            88.516462,
            27.181728
          ],
          [
            88.516423,
            27.181738
          ],
          [
            88.516333,
            27.181752
          ],
          [
            88.516229,
            27.181758
          ],
          [
            88.516115,
            27.181752
          ],
          [
            88.516054,
            27.181743
          ],
          [
            88.515928,
            27.181714
          ],
          [
            88.515857,
            27.18169
          ],
          [
            88.515581,
            27.181577
          ],
          [
            88.515151,
            27.181378
          ],
          [
            88.514362,
            27.18097
          ],
          [
            88.514087,
            27.180747
          ],
          [
            88.514013,
            27.180704
          ],
          [
            88.513733,
            27.180615
          ],
          [
            88.513458,
            27.180711
          ],
          [
            88.513203,
            27.1809
          ],
          [
            88.512817,
            27.181112
          ],
          [
            88.512344,
            27.181259
          ],
          [
            88.511805,
            27.181302
          ],
          [
            88.511315,
            27.181224
          ],
          [
            88.511247,
            27.181181
          ],
          [
            88.510866,
            27.18097
          ],
          [
            88.510662,
            27.180811
          ],
          [
            88.510607,
            27.180745
          ],
          [
            88.510546,
            27.180694
          ],
          [
            88.510303,
            27.180512
          ],
          [
            88.509743,
            27.180148
          ],
          [
            88.509646,
            27.180048
          ],
          [
            88.50955,
            27.179993
          ],
          [
            88.509452,
            27.179949
          ],
          [
            88.509337,
            27.179942
          ],
          [
            88.509265,
            27.179972
          ],
          [
            88.509191,
            27.180032
          ],
          [
            88.509162,
            27.180137
          ],
          [
            88.509179,
            27.180329
          ],
          [
            88.509135,
            27.180426
          ],
          [
            88.50903,
            27.180526
          ],
          [
            88.50891,
            27.180598
          ],
          [
            88.508779,
            27.180862
          ],
          [
            88.508594,
            27.181185
          ],
          [
            88.508356,
            27.181395
          ],
          [
            88.508144,
            27.181596
          ],
          [
            88.508014,
            27.18176
          ],
          [
            88.507989,
            27.182231
          ],
          [
            88.507802,
            27.182414
          ],
          [
            88.507719,
            27.182553
          ],
          [
            88.507743,
            27.182925
          ],
          [
            88.507813,
            27.183135
          ],
          [
            88.507813,
            27.18331
          ],
          [
            88.507725,
            27.183422
          ],
          [
            88.507377,
            27.183468
          ],
          [
            88.507143,
            27.183565
          ],
          [
            88.506389,
            27.183839
          ],
          [
            88.506054,
            27.183933
          ],
          [
            88.505911,
            27.184014
          ],
          [
            88.505709,
            27.184173
          ],
          [
            88.505514,
            27.184338
          ],
          [
            88.505412,
            27.184465
          ],
          [
            88.505324,
            27.184573
          ],
          [
            88.505219,
            27.184765
          ],
          [
            88.505181,
            27.184861
          ],
          [
            88.505179,
            27.184958
          ],
          [
            88.505171,
            27.185096
          ],
          [
            88.505238,
            27.185382
          ],
          [
            88.505347,
            27.185587
          ],
          [
            88.505359,
            27.185608
          ],
          [
            88.505578,
            27.185706
          ],
          [
            88.505655,
            27.185739
          ],
          [
            88.505686,
            27.18587
          ],
          [
            88.505505,
            27.186175
          ],
          [
            88.505419,
            27.18627
          ],
          [
            88.505391,
            27.186285
          ],
          [
            88.505328,
            27.186317
          ],
          [
            88.505061,
            27.186336
          ],
          [
            88.504764,
            27.186312
          ],
          [
            88.504378,
            27.186243
          ],
          [
            88.50428,
            27.18622
          ],
          [
            88.504009,
            27.186106
          ],
          [
            88.503761,
            27.185953
          ],
          [
            88.503516,
            27.185838
          ],
          [
            88.503292,
            27.185822
          ],
          [
            88.503172,
            27.185851
          ],
          [
            88.50308,
            27.185957
          ],
          [
            88.503032,
            27.186119
          ],
          [
            88.503074,
            27.186265
          ],
          [
            88.503395,
            27.186509
          ],
          [
            88.503446,
            27.186548
          ],
          [
            88.503673,
            27.186867
          ],
          [
            88.503738,
            27.186973
          ],
          [
            88.503742,
            27.187026
          ],
          [
            88.503779,
            27.187287
          ],
          [
            88.503724,
            27.187487
          ],
          [
            88.503656,
            27.187674
          ],
          [
            88.503535,
            27.187848
          ],
          [
            88.503307,
            27.188014
          ],
          [
            88.502937,
            27.188203
          ],
          [
            88.502579,
            27.188351
          ],
          [
            88.501541,
            27.188622
          ],
          [
            88.501117,
            27.188604
          ],
          [
            88.500774,
            27.188485
          ],
          [
            88.499736,
            27.187918
          ],
          [
            88.499552,
            27.187757
          ],
          [
            88.499331,
            27.187583
          ],
          [
            88.499175,
            27.187249
          ],
          [
            88.498903,
            27.18639
          ],
          [
            88.498839,
            27.186177
          ],
          [
            88.498785,
            27.186044
          ],
          [
            88.49871,
            27.185935
          ],
          [
            88.498634,
            27.185853
          ],
          [
            88.498508,
            27.185831
          ],
          [
            88.498351,
            27.185828
          ],
          [
            88.49833,
            27.185838
          ],
          [
            88.498119,
            27.185939
          ],
          [
            88.497939,
            27.186062
          ],
          [
            88.497775,
            27.186198
          ],
          [
            88.497771,
            27.186203
          ],
          [
            88.497708,
            27.186396
          ],
          [
            88.497719,
            27.186523
          ],
          [
            88.497726,
            27.186651
          ],
          [
            88.497721,
            27.186739
          ],
          [
            88.497631,
            27.186897
          ],
          [
            88.497633,
            27.186939
          ],
          [
            88.497626,
            27.187051
          ],
          [
            88.497712,
            27.187168
          ],
          [
            88.497761,
            27.187238
          ],
          [
            88.49784,
            27.187395
          ],
          [
            88.497958,
            27.187524
          ],
          [
            88.498105,
            27.187707
          ],
          [
            88.498123,
            27.187738
          ],
          [
            88.498133,
            27.187927
          ],
          [
            88.498149,
            27.188103
          ],
          [
            88.498156,
            27.188303
          ],
          [
            88.498042,
            27.188515
          ],
          [
            88.49801,
            27.188608
          ],
          [
            88.497977,
            27.188681
          ],
          [
            88.49789,
            27.188864
          ],
          [
            88.497819,
            27.189142
          ],
          [
            88.497734,
            27.189288
          ],
          [
            88.497597,
            27.18954
          ],
          [
            88.497411,
            27.189865
          ],
          [
            88.497136,
            27.190322
          ],
          [
            88.496894,
            27.190697
          ],
          [
            88.496696,
            27.190974
          ],
          [
            88.496566,
            27.191185
          ],
          [
            88.496463,
            27.191329
          ],
          [
            88.496389,
            27.191546
          ],
          [
            88.496361,
            27.191591
          ],
          [
            88.496187,
            27.191872
          ],
          [
            88.49601,
            27.192209
          ],
          [
            88.495874,
            27.192354
          ],
          [
            88.49582,
            27.192388
          ],
          [
            88.495417,
            27.192605
          ],
          [
            88.494929,
            27.192827
          ],
          [
            88.494776,
            27.192937
          ],
          [
            88.494728,
            27.192982
          ],
          [
            88.494188,
            27.193334
          ],
          [
            88.49378,
            27.193588
          ],
          [
            88.493524,
            27.193733
          ],
          [
            88.493201,
            27.193938
          ],
          [
            88.492862,
            27.194175
          ],
          [
            88.492496,
            27.194459
          ],
          [
            88.49233,
            27.194698
          ],
          [
            88.492315,
            27.194887
          ],
          [
            88.492402,
            27.195073
          ],
          [
            88.492619,
            27.195226
          ],
          [
            88.492736,
            27.195292
          ],
          [
            88.49275,
            27.195305
          ],
          [
            88.492779,
            27.19535
          ],
          [
            88.492793,
            27.19538
          ],
          [
            88.492819,
            27.19545
          ],
          [
            88.492836,
            27.195532
          ],
          [
            88.492841,
            27.195574
          ],
          [
            88.49284,
            27.195661
          ],
          [
            88.492822,
            27.195744
          ],
          [
            88.492805,
            27.195783
          ],
          [
            88.492784,
            27.19582
          ],
          [
            88.492736,
            27.19589
          ],
          [
            88.49268,
            27.195952
          ],
          [
            88.492619,
            27.196003
          ],
          [
            88.492556,
            27.196038
          ],
          [
            88.492524,
            27.196049
          ],
          [
            88.492493,
            27.196054
          ],
          [
            88.492462,
            27.196054
          ],
          [
            88.492432,
            27.196048
          ],
          [
            88.492403,
            27.196036
          ],
          [
            88.492209,
            27.195919
          ],
          [
            88.492066,
            27.195842
          ],
          [
            88.491972,
            27.195802
          ],
          [
            88.491928,
            27.195789
          ],
          [
            88.491887,
            27.19578
          ],
          [
            88.491849,
            27.195778
          ],
          [
            88.491815,
            27.195783
          ],
          [
            88.491781,
            27.195798
          ],
          [
            88.491742,
            27.195824
          ],
          [
            88.491698,
            27.19586
          ],
          [
            88.491603,
            27.195953
          ],
          [
            88.491503,
            27.196063
          ],
          [
            88.491258,
            27.196353
          ],
          [
            88.491015,
            27.196629
          ],
          [
            88.490807,
            27.196878
          ],
          [
            88.490665,
            27.197056
          ],
          [
            88.490536,
            27.197227
          ],
          [
            88.49048,
            27.197307
          ],
          [
            88.490211,
            27.197713
          ],
          [
            88.490053,
            27.197924
          ],
          [
            88.489867,
            27.198147
          ],
          [
            88.489444,
            27.198674
          ],
          [
            88.489396,
            27.198727
          ],
          [
            88.489227,
            27.198882
          ],
          [
            88.489149,
            27.19897
          ],
          [
            88.489105,
            27.199036
          ],
          [
            88.489087,
            27.199072
          ],
          [
            88.489058,
            27.199148
          ],
          [
            88.489019,
            27.199279
          ],
          [
            88.488913,
            27.199686
          ],
          [
            88.488841,
            27.199903
          ],
          [
            88.488754,
            27.20014
          ],
          [
            88.488665,
            27.200349
          ],
          [
            88.488531,
            27.200597
          ],
          [
            88.488439,
            27.200779
          ],
          [
            88.488388,
            27.200898
          ],
          [
            88.488347,
            27.20103
          ],
          [
            88.488314,
            27.201095
          ],
          [
            88.48827,
            27.201149
          ],
          [
            88.488233,
            27.201178
          ],
          [
            88.488189,
            27.201198
          ],
          [
            88.488089,
            27.201227
          ],
          [
            88.488039,
            27.201245
          ],
          [
            88.487969,
            27.20128
          ],
          [
            88.487928,
            27.201308
          ],
          [
            88.487878,
            27.201361
          ],
          [
            88.487819,
            27.201457
          ],
          [
            88.48777,
            27.20152
          ],
          [
            88.487613,
            27.201669
          ],
          [
            88.487527,
            27.201772
          ],
          [
            88.487439,
            27.201899
          ],
          [
            88.487362,
            27.202038
          ],
          [
            88.487322,
            27.202131
          ],
          [
            88.48727,
            27.202292
          ],
          [
            88.487245,
            27.202357
          ],
          [
            88.487195,
            27.202457
          ],
          [
            88.487148,
            27.202535
          ],
          [
            88.486866,
            27.202946
          ],
          [
            88.486675,
            27.203206
          ],
          [
            88.486542,
            27.203362
          ],
          [
            88.486447,
            27.203457
          ],
          [
            88.486365,
            27.203544
          ],
          [
            88.486278,
            27.203656
          ],
          [
            88.486236,
            27.203718
          ],
          [
            88.486199,
            27.203784
          ],
          [
            88.486168,
            27.203853
          ],
          [
            88.486144,
            27.203923
          ],
          [
            88.48613,
            27.203995
          ],
          [
            88.486128,
            27.204066
          ],
          [
            88.486139,
            27.204137
          ],
          [
            88.486166,
            27.204206
          ],
          [
            88.48621,
            27.204273
          ],
          [
            88.486268,
            27.204343
          ],
          [
            88.486488,
            27.204593
          ],
          [
            88.486824,
            27.204951
          ],
          [
            88.487044,
            27.205176
          ],
          [
            88.487287,
            27.205412
          ],
          [
            88.487474,
            27.205618
          ],
          [
            88.487774,
            27.205908
          ],
          [
            88.487875,
            27.205984
          ],
          [
            88.487968,
            27.206037
          ],
          [
            88.488018,
            27.206058
          ],
          [
            88.488278,
            27.206148
          ],
          [
            88.488421,
            27.206205
          ],
          [
            88.488552,
            27.206268
          ],
          [
            88.488687,
            27.206349
          ],
          [
            88.488752,
            27.206379
          ],
          [
            88.488817,
            27.206402
          ],
          [
            88.488914,
            27.206424
          ],
          [
            88.488976,
            27.206433
          ],
          [
            88.489091,
            27.206441
          ],
          [
            88.489149,
            27.206451
          ],
          [
            88.489234,
            27.206479
          ],
          [
            88.489309,
            27.206519
          ],
          [
            88.489348,
            27.206551
          ],
          [
            88.489376,
            27.206587
          ],
          [
            88.489468,
            27.206807
          ],
          [
            88.489573,
            27.207034
          ],
          [
            88.489652,
            27.207179
          ],
          [
            88.489696,
            27.207241
          ],
          [
            88.489761,
            27.207293
          ],
          [
            88.48993,
            27.207396
          ],
          [
            88.490141,
            27.207511
          ],
          [
            88.490451,
            27.207673
          ],
          [
            88.490567,
            27.207739
          ],
          [
            88.490659,
            27.2078
          ],
          [
            88.490707,
            27.207837
          ],
          [
            88.490803,
            27.207924
          ],
          [
            88.490848,
            27.207974
          ],
          [
            88.49089,
            27.208028
          ],
          [
            88.490928,
            27.208087
          ],
          [
            88.49096,
            27.208151
          ],
          [
            88.490985,
            27.20822
          ],
          [
            88.491002,
            27.208293
          ],
          [
            88.491011,
            27.208372
          ],
          [
            88.49103,
            27.209089
          ],
          [
            88.491043,
            27.20974
          ],
          [
            88.491053,
            27.21026
          ],
          [
            88.491087,
            27.210707
          ],
          [
            88.49111,
            27.211149
          ],
          [
            88.491129,
            27.211475
          ],
          [
            88.491122,
            27.21155
          ],
          [
            88.491136,
            27.212
          ],
          [
            88.491131,
            27.212094
          ],
          [
            88.491133,
            27.212172
          ],
          [
            88.491108,
            27.212562
          ],
          [
            88.491011,
            27.212758
          ],
          [
            88.490768,
            27.213123
          ],
          [
            88.490681,
            27.213368
          ],
          [
            88.490669,
            27.213418
          ],
          [
            88.490596,
            27.213619
          ],
          [
            88.490456,
            27.213749
          ],
          [
            88.490366,
            27.213801
          ],
          [
            88.490211,
            27.213893
          ],
          [
            88.490141,
            27.213943
          ],
          [
            88.490084,
            27.213996
          ],
          [
            88.489903,
            27.214089
          ],
          [
            88.489821,
            27.214285
          ],
          [
            88.489851,
            27.214581
          ],
          [
            88.489917,
            27.214978
          ],
          [
            88.489963,
            27.215265
          ],
          [
            88.489969,
            27.2154
          ],
          [
            88.489983,
            27.215479
          ],
          [
            88.490103,
            27.215704
          ],
          [
            88.490258,
            27.215822
          ],
          [
            88.490366,
            27.215972
          ],
          [
            88.490459,
            27.216202
          ],
          [
            88.490498,
            27.216406
          ],
          [
            88.490521,
            27.216599
          ],
          [
            88.490504,
            27.216762
          ],
          [
            88.490462,
            27.21689
          ],
          [
            88.490397,
            27.217082
          ],
          [
            88.490325,
            27.217247
          ],
          [
            88.490249,
            27.217369
          ],
          [
            88.490186,
            27.217507
          ],
          [
            88.490146,
            27.217632
          ],
          [
            88.490102,
            27.217718
          ],
          [
            88.490093,
            27.217877
          ],
          [
            88.490094,
            27.21801
          ],
          [
            88.490102,
            27.218126
          ],
          [
            88.490113,
            27.218243
          ],
          [
            88.490104,
            27.218373
          ],
          [
            88.490085,
            27.218469
          ],
          [
            88.490057,
            27.218611
          ],
          [
            88.490021,
            27.218825
          ],
          [
            88.490025,
            27.219029
          ],
          [
            88.490032,
            27.219158
          ],
          [
            88.490045,
            27.21929
          ],
          [
            88.490105,
            27.219426
          ],
          [
            88.490195,
            27.219638
          ],
          [
            88.490272,
            27.219742
          ],
          [
            88.490287,
            27.219769
          ],
          [
            88.490333,
            27.219936
          ],
          [
            88.490418,
            27.220141
          ],
          [
            88.490472,
            27.220267
          ],
          [
            88.490556,
            27.220415
          ],
          [
            88.49063,
            27.220574
          ],
          [
            88.490715,
            27.220772
          ],
          [
            88.490778,
            27.220889
          ],
          [
            88.490829,
            27.22107
          ],
          [
            88.490916,
            27.221281
          ],
          [
            88.491043,
            27.221565
          ],
          [
            88.491242,
            27.222106
          ],
          [
            88.491453,
            27.222459
          ],
          [
            88.491535,
            27.222595
          ],
          [
            88.491796,
            27.223011
          ],
          [
            88.491878,
            27.22324
          ],
          [
            88.491821,
            27.223444
          ],
          [
            88.491793,
            27.223586
          ],
          [
            88.491849,
            27.223795
          ],
          [
            88.491942,
            27.223961
          ],
          [
            88.491976,
            27.22401
          ],
          [
            88.492254,
            27.224226
          ],
          [
            88.492385,
            27.224302
          ],
          [
            88.492474,
            27.224454
          ],
          [
            88.492496,
            27.224652
          ],
          [
            88.492621,
            27.22504
          ],
          [
            88.492738,
            27.225161
          ],
          [
            88.492816,
            27.225321
          ],
          [
            88.492944,
            27.225506
          ],
          [
            88.493104,
            27.225641
          ],
          [
            88.493234,
            27.225772
          ],
          [
            88.493312,
            27.225956
          ],
          [
            88.49335,
            27.226094
          ],
          [
            88.493304,
            27.22627
          ],
          [
            88.493235,
            27.226491
          ],
          [
            88.493274,
            27.22672
          ],
          [
            88.493248,
            27.226886
          ],
          [
            88.49324,
            27.226936
          ],
          [
            88.493157,
            27.227107
          ],
          [
            88.493162,
            27.227231
          ],
          [
            88.493279,
            27.227385
          ],
          [
            88.493427,
            27.227516
          ],
          [
            88.493545,
            27.227675
          ],
          [
            88.493518,
            27.227865
          ],
          [
            88.49351,
            27.227905
          ],
          [
            88.493585,
            27.228135
          ],
          [
            88.493611,
            27.228173
          ],
          [
            88.493767,
            27.228419
          ],
          [
            88.49386,
            27.228557
          ],
          [
            88.493914,
            27.228665
          ],
          [
            88.494045,
            27.229008
          ],
          [
            88.494063,
            27.229156
          ],
          [
            88.494095,
            27.229519
          ],
          [
            88.494153,
            27.229623
          ],
          [
            88.494219,
            27.22972
          ],
          [
            88.494317,
            27.229807
          ],
          [
            88.494395,
            27.229877
          ],
          [
            88.494659,
            27.230056
          ],
          [
            88.495103,
            27.230211
          ],
          [
            88.495439,
            27.230386
          ],
          [
            88.495735,
            27.230501
          ],
          [
            88.496089,
            27.230611
          ],
          [
            88.496299,
            27.230634
          ],
          [
            88.496471,
            27.230659
          ],
          [
            88.496687,
            27.230684
          ],
          [
            88.496857,
            27.230697
          ],
          [
            88.497106,
            27.230666
          ],
          [
            88.49725,
            27.230637
          ],
          [
            88.497476,
            27.230628
          ],
          [
            88.497668,
            27.230641
          ],
          [
            88.497964,
            27.230712
          ],
          [
            88.498223,
            27.230782
          ],
          [
            88.499081,
            27.231001
          ],
          [
            88.499121,
            27.231053
          ],
          [
            88.499075,
            27.231184
          ],
          [
            88.49875,
            27.23194
          ],
          [
            88.498708,
            27.232081
          ],
          [
            88.498622,
            27.232209
          ],
          [
            88.498476,
            27.232307
          ],
          [
            88.498157,
            27.232402
          ],
          [
            88.497196,
            27.232525
          ],
          [
            88.496988,
            27.232558
          ],
          [
            88.496944,
            27.232625
          ],
          [
            88.497023,
            27.232741
          ],
          [
            88.497142,
            27.23279
          ],
          [
            88.497358,
            27.232782
          ],
          [
            88.497462,
            27.232747
          ],
          [
            88.497579,
            27.232707
          ],
          [
            88.49788,
            27.232646
          ],
          [
            88.49833,
            27.232616
          ],
          [
            88.498688,
            27.2326
          ],
          [
            88.499263,
            27.232659
          ],
          [
            88.499453,
            27.232793
          ],
          [
            88.499611,
            27.232945
          ],
          [
            88.499857,
            27.233059
          ],
          [
            88.500059,
            27.233127
          ],
          [
            88.50091,
            27.233265
          ],
          [
            88.501241,
            27.233393
          ],
          [
            88.501572,
            27.233446
          ],
          [
            88.501753,
            27.233369
          ],
          [
            88.501981,
            27.23326
          ],
          [
            88.50223,
            27.23318
          ],
          [
            88.502522,
            27.233125
          ],
          [
            88.502833,
            27.233101
          ],
          [
            88.503081,
            27.23313
          ],
          [
            88.503377,
            27.233287
          ],
          [
            88.503554,
            27.233381
          ],
          [
            88.503625,
            27.233471
          ],
          [
            88.503755,
            27.23354
          ],
          [
            88.503918,
            27.2337
          ],
          [
            88.504091,
            27.233964
          ],
          [
            88.504389,
            27.234189
          ],
          [
            88.504637,
            27.234504
          ],
          [
            88.504929,
            27.234799
          ],
          [
            88.505096,
            27.234911
          ],
          [
            88.505523,
            27.235152
          ],
          [
            88.505696,
            27.235295
          ],
          [
            88.505777,
            27.235373
          ],
          [
            88.506028,
            27.235624
          ],
          [
            88.506694,
            27.235988
          ],
          [
            88.506874,
            27.236129
          ],
          [
            88.506983,
            27.236137
          ],
          [
            88.507069,
            27.236096
          ],
          [
            88.507183,
            27.236031
          ],
          [
            88.507316,
            27.23602
          ],
          [
            88.50755,
            27.236048
          ],
          [
            88.507807,
            27.23614
          ],
          [
            88.508322,
            27.236301
          ],
          [
            88.508832,
            27.236337
          ],
          [
            88.509094,
            27.236328
          ],
          [
            88.509447,
            27.236342
          ],
          [
            88.509742,
            27.236517
          ],
          [
            88.510121,
            27.23686
          ],
          [
            88.510487,
            27.237017
          ],
          [
            88.510958,
            27.237048
          ],
          [
            88.511363,
            27.23707
          ],
          [
            88.511833,
            27.23707
          ],
          [
            88.512382,
            27.237018
          ],
          [
            88.512809,
            27.236968
          ],
          [
            88.513069,
            27.237065
          ],
          [
            88.513276,
            27.237151
          ],
          [
            88.513341,
            27.237212
          ],
          [
            88.513679,
            27.237513
          ],
          [
            88.513934,
            27.23778
          ],
          [
            88.514004,
            27.237902
          ],
          [
            88.514171,
            27.238314
          ],
          [
            88.514179,
            27.238529
          ],
          [
            88.514119,
            27.238673
          ],
          [
            88.514418,
            27.239063
          ],
          [
            88.514561,
            27.239486
          ],
          [
            88.514713,
            27.239766
          ],
          [
            88.515102,
            27.240098
          ],
          [
            88.515333,
            27.24033
          ],
          [
            88.515659,
            27.240448
          ],
          [
            88.51606,
            27.240487
          ],
          [
            88.516523,
            27.240534
          ],
          [
            88.516622,
            27.240657
          ],
          [
            88.516724,
            27.240784
          ],
          [
            88.516946,
            27.241029
          ],
          [
            88.517173,
            27.241155
          ],
          [
            88.517415,
            27.241185
          ],
          [
            88.51765,
            27.241151
          ],
          [
            88.518048,
            27.241089
          ],
          [
            88.518408,
            27.241121
          ],
          [
            88.518513,
            27.24113
          ],
          [
            88.519111,
            27.241292
          ],
          [
            88.519664,
            27.241355
          ],
          [
            88.5203,
            27.241323
          ],
          [
            88.522779,
            27.242985
          ],
          [
            88.523018,
            27.243146
          ],
          [
            88.523425,
            27.243556
          ],
          [
            88.523724,
            27.24378
          ],
          [
            88.523865,
            27.24403
          ],
          [
            88.523992,
            27.244283
          ],
          [
            88.524269,
            27.244757
          ],
          [
            88.524446,
            27.245129
          ],
          [
            88.524593,
            27.245396
          ],
          [
            88.524834,
            27.245704
          ],
          [
            88.525162,
            27.245926
          ],
          [
            88.525544,
            27.246077
          ],
          [
            88.526242,
            27.246193
          ],
          [
            88.526775,
            27.246332
          ],
          [
            88.527133,
            27.246492
          ],
          [
            88.527416,
            27.246686
          ],
          [
            88.528067,
            27.24754
          ],
          [
            88.528384,
            27.247907
          ],
          [
            88.528676,
            27.248202
          ],
          [
            88.528737,
            27.24824
          ],
          [
            88.528956,
            27.248402
          ],
          [
            88.52975,
            27.24893
          ],
          [
            88.529917,
            27.249028
          ],
          [
            88.530082,
            27.249145
          ],
          [
            88.53069,
            27.249674
          ],
          [
            88.530972,
            27.249907
          ],
          [
            88.531177,
            27.250123
          ],
          [
            88.531296,
            27.250378
          ],
          [
            88.531408,
            27.250661
          ],
          [
            88.53158,
            27.250766
          ],
          [
            88.531666,
            27.250763
          ],
          [
            88.532033,
            27.250729
          ],
          [
            88.533055,
            27.250544
          ],
          [
            88.533363,
            27.250533
          ],
          [
            88.533802,
            27.250689
          ],
          [
            88.533981,
            27.250674
          ],
          [
            88.534219,
            27.250485
          ],
          [
            88.534739,
            27.250412
          ],
          [
            88.535573,
            27.250497
          ],
          [
            88.535644,
            27.250486
          ],
          [
            88.535873,
            27.250448
          ],
          [
            88.536399,
            27.250215
          ],
          [
            88.536738,
            27.250185
          ],
          [
            88.537178,
            27.249989
          ],
          [
            88.53803,
            27.249998
          ],
          [
            88.538211,
            27.250066
          ],
          [
            88.53837,
            27.250218
          ],
          [
            88.538512,
            27.250623
          ],
          [
            88.538666,
            27.250881
          ],
          [
            88.539096,
            27.251283
          ],
          [
            88.53952,
            27.251474
          ],
          [
            88.540236,
            27.251901
          ],
          [
            88.540911,
            27.252063
          ],
          [
            88.541298,
            27.252349
          ],
          [
            88.541616,
            27.252595
          ],
          [
            88.541668,
            27.252703
          ],
          [
            88.541651,
            27.252786
          ],
          [
            88.541594,
            27.252804
          ],
          [
            88.541522,
            27.252785
          ],
          [
            88.541355,
            27.252576
          ],
          [
            88.54098,
            27.252287
          ],
          [
            88.540784,
            27.252222
          ],
          [
            88.540422,
            27.252258
          ],
          [
            88.539982,
            27.252106
          ],
          [
            88.539828,
            27.252144
          ],
          [
            88.53981,
            27.25227
          ],
          [
            88.539989,
            27.25234
          ],
          [
            88.540278,
            27.252387
          ],
          [
            88.540751,
            27.252542
          ],
          [
            88.541047,
            27.252758
          ],
          [
            88.541237,
            27.253118
          ],
          [
            88.541276,
            27.253251
          ],
          [
            88.541296,
            27.253319
          ],
          [
            88.541339,
            27.253813
          ],
          [
            88.541433,
            27.253961
          ],
          [
            88.541728,
            27.254237
          ],
          [
            88.542079,
            27.254476
          ],
          [
            88.542478,
            27.254686
          ],
          [
            88.542961,
            27.254791
          ],
          [
            88.543672,
            27.255395
          ],
          [
            88.544464,
            27.255909
          ],
          [
            88.544645,
            27.256088
          ],
          [
            88.544827,
            27.256155
          ],
          [
            88.545151,
            27.25613
          ],
          [
            88.545422,
            27.256247
          ],
          [
            88.545688,
            27.256468
          ],
          [
            88.546083,
            27.256956
          ],
          [
            88.546806,
            27.257423
          ],
          [
            88.547038,
            27.257593
          ],
          [
            88.547113,
            27.257848
          ],
          [
            88.547246,
            27.257923
          ],
          [
            88.547467,
            27.2579
          ],
          [
            88.54763,
            27.257746
          ],
          [
            88.547794,
            27.257603
          ],
          [
            88.54796,
            27.257604
          ],
          [
            88.548336,
            27.257757
          ],
          [
            88.548805,
            27.257891
          ],
          [
            88.549111,
            27.258107
          ],
          [
            88.549471,
            27.258753
          ],
          [
            88.550912,
            27.260017
          ],
          [
            88.55145,
            27.260338
          ],
          [
            88.551752,
            27.260449
          ],
          [
            88.551951,
            27.26046
          ],
          [
            88.552565,
            27.260709
          ],
          [
            88.553207,
            27.260838
          ],
          [
            88.553668,
            27.261257
          ],
          [
            88.553883,
            27.261448
          ],
          [
            88.554096,
            27.261551
          ],
          [
            88.554775,
            27.261462
          ],
          [
            88.555159,
            27.261295
          ],
          [
            88.555474,
            27.261229
          ],
          [
            88.555753,
            27.261316
          ],
          [
            88.555878,
            27.261536
          ],
          [
            88.556019,
            27.261787
          ],
          [
            88.556256,
            27.261936
          ],
          [
            88.556489,
            27.262039
          ],
          [
            88.556524,
            27.262138
          ],
          [
            88.556515,
            27.262288
          ],
          [
            88.556268,
            27.262559
          ],
          [
            88.556179,
            27.262756
          ],
          [
            88.55621,
            27.262845
          ],
          [
            88.556251,
            27.262961
          ],
          [
            88.556412,
            27.26315
          ],
          [
            88.557295,
            27.263831
          ],
          [
            88.557701,
            27.264092
          ],
          [
            88.558275,
            27.264419
          ],
          [
            88.558729,
            27.264734
          ],
          [
            88.558996,
            27.26483
          ],
          [
            88.559409,
            27.264854
          ],
          [
            88.559811,
            27.264685
          ],
          [
            88.560435,
            27.264407
          ],
          [
            88.561149,
            27.264098
          ],
          [
            88.561403,
            27.263875
          ],
          [
            88.561512,
            27.263763
          ],
          [
            88.561751,
            27.263682
          ],
          [
            88.561864,
            27.263596
          ],
          [
            88.561959,
            27.263437
          ],
          [
            88.562055,
            27.263167
          ],
          [
            88.562218,
            27.26277
          ],
          [
            88.562092,
            27.262417
          ],
          [
            88.562082,
            27.262048
          ],
          [
            88.56184,
            27.261705
          ],
          [
            88.561781,
            27.261465
          ],
          [
            88.562077,
            27.261099
          ],
          [
            88.562288,
            27.260975
          ],
          [
            88.562541,
            27.260933
          ],
          [
            88.562831,
            27.261101
          ],
          [
            88.563112,
            27.261357
          ],
          [
            88.563318,
            27.261449
          ],
          [
            88.563542,
            27.261312
          ],
          [
            88.563617,
            27.26126
          ],
          [
            88.563712,
            27.261195
          ],
          [
            88.563924,
            27.261228
          ],
          [
            88.564415,
            27.261532
          ],
          [
            88.56461,
            27.261805
          ],
          [
            88.564725,
            27.262033
          ],
          [
            88.564946,
            27.26225
          ],
          [
            88.565238,
            27.262426
          ],
          [
            88.565462,
            27.262546
          ],
          [
            88.565718,
            27.26253
          ],
          [
            88.566032,
            27.262507
          ],
          [
            88.56635,
            27.26243
          ],
          [
            88.56668,
            27.262518
          ],
          [
            88.567072,
            27.262671
          ],
          [
            88.567578,
            27.263067
          ],
          [
            88.56808,
            27.263326
          ],
          [
            88.569634,
            27.263713
          ],
          [
            88.570732,
            27.26406
          ],
          [
            88.571377,
            27.26433
          ],
          [
            88.571856,
            27.264639
          ],
          [
            88.572026,
            27.264963
          ],
          [
            88.572227,
            27.265139
          ],
          [
            88.572561,
            27.265319
          ],
          [
            88.57362,
            27.265974
          ],
          [
            88.573979,
            27.266235
          ],
          [
            88.574321,
            27.266527
          ],
          [
            88.574499,
            27.266611
          ],
          [
            88.574751,
            27.266678
          ],
          [
            88.575887,
            27.266646
          ],
          [
            88.576103,
            27.266691
          ],
          [
            88.576167,
            27.266825
          ],
          [
            88.576097,
            27.267037
          ],
          [
            88.575934,
            27.267685
          ],
          [
            88.575963,
            27.267892
          ],
          [
            88.57612,
            27.268047
          ],
          [
            88.576327,
            27.268119
          ],
          [
            88.576931,
            27.268099
          ],
          [
            88.577347,
            27.268009
          ],
          [
            88.577544,
            27.267944
          ],
          [
            88.577727,
            27.267944
          ],
          [
            88.577879,
            27.268024
          ],
          [
            88.578018,
            27.268189
          ],
          [
            88.578181,
            27.268543
          ],
          [
            88.578532,
            27.268876
          ],
          [
            88.579044,
            27.269115
          ],
          [
            88.57899,
            27.269194
          ],
          [
            88.578754,
            27.269573
          ],
          [
            88.578419,
            27.269738
          ],
          [
            88.57834,
            27.269746
          ],
          [
            88.578203,
            27.269745
          ],
          [
            88.57811,
            27.269636
          ],
          [
            88.577941,
            27.269558
          ],
          [
            88.577845,
            27.26951
          ],
          [
            88.577764,
            27.269431
          ],
          [
            88.577718,
            27.2694
          ],
          [
            88.577643,
            27.269388
          ],
          [
            88.577496,
            27.269419
          ],
          [
            88.577356,
            27.269507
          ],
          [
            88.577187,
            27.269679
          ],
          [
            88.577123,
            27.269782
          ],
          [
            88.577,
            27.269822
          ],
          [
            88.576557,
            27.269825
          ],
          [
            88.576397,
            27.269822
          ],
          [
            88.576238,
            27.269869
          ],
          [
            88.576052,
            27.269962
          ],
          [
            88.575966,
            27.27005
          ],
          [
            88.575805,
            27.270197
          ],
          [
            88.575715,
            27.270242
          ],
          [
            88.575591,
            27.270249
          ],
          [
            88.575393,
            27.270254
          ],
          [
            88.575317,
            27.270266
          ],
          [
            88.575246,
            27.270303
          ],
          [
            88.575143,
            27.270382
          ],
          [
            88.574975,
            27.270425
          ],
          [
            88.574826,
            27.270401
          ],
          [
            88.574658,
            27.270383
          ],
          [
            88.57449,
            27.270382
          ],
          [
            88.574401,
            27.270386
          ],
          [
            88.574309,
            27.270431
          ],
          [
            88.574251,
            27.270492
          ],
          [
            88.57413,
            27.270597
          ],
          [
            88.574067,
            27.270631
          ],
          [
            88.574004,
            27.270645
          ],
          [
            88.573909,
            27.27064
          ],
          [
            88.573842,
            27.270633
          ],
          [
            88.573765,
            27.270628
          ],
          [
            88.573699,
            27.270651
          ],
          [
            88.573668,
            27.270711
          ],
          [
            88.573677,
            27.270795
          ],
          [
            88.573739,
            27.270858
          ],
          [
            88.573853,
            27.27091
          ],
          [
            88.574437,
            27.270843
          ],
          [
            88.574634,
            27.270838
          ],
          [
            88.574907,
            27.270849
          ],
          [
            88.575058,
            27.270839
          ],
          [
            88.575299,
            27.270773
          ],
          [
            88.575344,
            27.270774
          ],
          [
            88.575377,
            27.270793
          ],
          [
            88.575506,
            27.270902
          ],
          [
            88.575626,
            27.271007
          ],
          [
            88.575747,
            27.271108
          ],
          [
            88.575869,
            27.27115
          ],
          [
            88.576003,
            27.271147
          ],
          [
            88.576114,
            27.271124
          ],
          [
            88.57623,
            27.27108
          ],
          [
            88.576327,
            27.270997
          ],
          [
            88.576365,
            27.270946
          ],
          [
            88.576418,
            27.270869
          ],
          [
            88.576474,
            27.270697
          ],
          [
            88.576464,
            27.270509
          ],
          [
            88.576483,
            27.27044
          ],
          [
            88.576541,
            27.270365
          ],
          [
            88.57661,
            27.270347
          ],
          [
            88.576853,
            27.270368
          ],
          [
            88.577075,
            27.270421
          ],
          [
            88.577236,
            27.270464
          ],
          [
            88.577308,
            27.270523
          ],
          [
            88.577337,
            27.270582
          ],
          [
            88.577312,
            27.270645
          ],
          [
            88.57725,
            27.270696
          ],
          [
            88.577158,
            27.270695
          ],
          [
            88.577024,
            27.270611
          ],
          [
            88.576847,
            27.270554
          ],
          [
            88.576759,
            27.270559
          ],
          [
            88.576698,
            27.27065
          ],
          [
            88.57664,
            27.271033
          ],
          [
            88.576581,
            27.271284
          ],
          [
            88.576557,
            27.271412
          ],
          [
            88.576483,
            27.271504
          ],
          [
            88.576365,
            27.271604
          ],
          [
            88.576166,
            27.271625
          ],
          [
            88.575902,
            27.27164
          ],
          [
            88.575758,
            27.271608
          ],
          [
            88.575625,
            27.271551
          ],
          [
            88.575455,
            27.271427
          ],
          [
            88.575361,
            27.271372
          ],
          [
            88.575284,
            27.271371
          ],
          [
            88.575163,
            27.271411
          ],
          [
            88.574957,
            27.271514
          ],
          [
            88.574781,
            27.271656
          ],
          [
            88.574618,
            27.27172
          ],
          [
            88.574524,
            27.271721
          ],
          [
            88.574446,
            27.271683
          ],
          [
            88.574323,
            27.271655
          ],
          [
            88.574167,
            27.271625
          ],
          [
            88.574041,
            27.271651
          ],
          [
            88.573718,
            27.271771
          ],
          [
            88.573627,
            27.271829
          ],
          [
            88.573588,
            27.271929
          ],
          [
            88.573582,
            27.272054
          ],
          [
            88.57358,
            27.272168
          ],
          [
            88.573596,
            27.272235
          ],
          [
            88.573625,
            27.272292
          ],
          [
            88.573705,
            27.272304
          ],
          [
            88.573848,
            27.272257
          ],
          [
            88.573973,
            27.272173
          ],
          [
            88.574111,
            27.272092
          ],
          [
            88.574293,
            27.27203
          ],
          [
            88.574583,
            27.272006
          ],
          [
            88.574867,
            27.272016
          ],
          [
            88.575184,
            27.271954
          ],
          [
            88.575431,
            27.271934
          ],
          [
            88.57587,
            27.272068
          ],
          [
            88.576525,
            27.272254
          ],
          [
            88.57668,
            27.272254
          ],
          [
            88.576938,
            27.272206
          ],
          [
            88.577163,
            27.272159
          ],
          [
            88.57734,
            27.272159
          ],
          [
            88.577496,
            27.272254
          ],
          [
            88.577571,
            27.272407
          ],
          [
            88.577587,
            27.272836
          ],
          [
            88.577646,
            27.273122
          ],
          [
            88.577753,
            27.273336
          ],
          [
            88.577882,
            27.273484
          ],
          [
            88.578102,
            27.273575
          ],
          [
            88.578419,
            27.273546
          ],
          [
            88.578848,
            27.273408
          ],
          [
            88.578998,
            27.273384
          ],
          [
            88.579153,
            27.273403
          ],
          [
            88.579293,
            27.273427
          ],
          [
            88.579481,
            27.273384
          ],
          [
            88.580022,
            27.273165
          ],
          [
            88.580221,
            27.273112
          ],
          [
            88.58036,
            27.273103
          ],
          [
            88.580537,
            27.273198
          ],
          [
            88.580661,
            27.273217
          ],
          [
            88.580833,
            27.273203
          ],
          [
            88.581213,
            27.272988
          ],
          [
            88.581637,
            27.272807
          ],
          [
            88.581761,
            27.272745
          ],
          [
            88.581991,
            27.272731
          ],
          [
            88.582115,
            27.272721
          ],
          [
            88.582329,
            27.27264
          ],
          [
            88.582839,
            27.272378
          ],
          [
            88.582984,
            27.272302
          ],
          [
            88.58315,
            27.272292
          ],
          [
            88.583332,
            27.272387
          ],
          [
            88.583606,
            27.272774
          ],
          [
            88.583638,
            27.272969
          ],
          [
            88.583627,
            27.273141
          ],
          [
            88.583499,
            27.273456
          ],
          [
            88.583391,
            27.273708
          ],
          [
            88.58337,
            27.273899
          ],
          [
            88.583418,
            27.274113
          ],
          [
            88.583563,
            27.274304
          ],
          [
            88.583692,
            27.274447
          ],
          [
            88.583949,
            27.274876
          ],
          [
            88.584609,
            27.27583
          ],
          [
            88.584716,
            27.276025
          ],
          [
            88.584743,
            27.276302
          ],
          [
            88.584818,
            27.276512
          ],
          [
            88.585258,
            27.277046
          ],
          [
            88.585365,
            27.277198
          ],
          [
            88.585446,
            27.277499
          ],
          [
            88.585569,
            27.277751
          ],
          [
            88.586277,
            27.278424
          ],
          [
            88.586921,
            27.278877
          ],
          [
            88.587093,
            27.279015
          ],
          [
            88.587458,
            27.27912
          ],
          [
            88.587838,
            27.279282
          ],
          [
            88.588085,
            27.27943
          ],
          [
            88.588348,
            27.279916
          ],
          [
            88.588584,
            27.280135
          ],
          [
            88.589507,
            27.280545
          ],
          [
            88.589695,
            27.280684
          ],
          [
            88.589716,
            27.280774
          ],
          [
            88.589641,
            27.280936
          ],
          [
            88.589281,
            27.281382
          ],
          [
            88.589239,
            27.281592
          ],
          [
            88.589214,
            27.281928
          ],
          [
            88.589072,
            27.282233
          ],
          [
            88.589016,
            27.28239
          ],
          [
            88.589029,
            27.28277
          ],
          [
            88.589252,
            27.283227
          ],
          [
            88.58948,
            27.283494
          ],
          [
            88.589563,
            27.28352
          ],
          [
            88.589676,
            27.283504
          ],
          [
            88.589719,
            27.283398
          ],
          [
            88.589664,
            27.283296
          ],
          [
            88.5896,
            27.283208
          ],
          [
            88.589562,
            27.283141
          ],
          [
            88.589509,
            27.283062
          ],
          [
            88.589451,
            27.283011
          ],
          [
            88.589411,
            27.282921
          ],
          [
            88.589434,
            27.282817
          ],
          [
            88.589529,
            27.282784
          ],
          [
            88.589614,
            27.282805
          ],
          [
            88.590046,
            27.283543
          ],
          [
            88.590015,
            27.283822
          ],
          [
            88.589739,
            27.283983
          ],
          [
            88.589563,
            27.284329
          ],
          [
            88.589588,
            27.284636
          ],
          [
            88.589657,
            27.284731
          ],
          [
            88.589965,
            27.28482
          ],
          [
            88.590084,
            27.284954
          ],
          [
            88.590178,
            27.285194
          ],
          [
            88.590116,
            27.285506
          ],
          [
            88.590156,
            27.285607
          ],
          [
            88.590238,
            27.285666
          ],
          [
            88.59029,
            27.285781
          ],
          [
            88.590167,
            27.286032
          ],
          [
            88.590068,
            27.286147
          ],
          [
            88.590054,
            27.286243
          ],
          [
            88.590143,
            27.286355
          ],
          [
            88.590362,
            27.286357
          ],
          [
            88.590509,
            27.286368
          ],
          [
            88.590597,
            27.286452
          ],
          [
            88.590676,
            27.28659
          ],
          [
            88.590874,
            27.286807
          ],
          [
            88.591219,
            27.287178
          ],
          [
            88.591323,
            27.287303
          ],
          [
            88.591286,
            27.287463
          ],
          [
            88.591121,
            27.287785
          ],
          [
            88.591067,
            27.288043
          ],
          [
            88.591109,
            27.288319
          ],
          [
            88.591185,
            27.288647
          ],
          [
            88.591306,
            27.28878
          ],
          [
            88.591403,
            27.288927
          ],
          [
            88.591874,
            27.289467
          ],
          [
            88.592081,
            27.289843
          ],
          [
            88.592037,
            27.290046
          ],
          [
            88.59185,
            27.290236
          ],
          [
            88.591529,
            27.2904
          ],
          [
            88.591273,
            27.290696
          ],
          [
            88.59087,
            27.291136
          ],
          [
            88.590466,
            27.29173
          ],
          [
            88.59023,
            27.292042
          ],
          [
            88.589643,
            27.292491
          ],
          [
            88.589086,
            27.293086
          ],
          [
            88.588848,
            27.293231
          ],
          [
            88.588764,
            27.293364
          ],
          [
            88.588576,
            27.293487
          ],
          [
            88.588807,
            27.294005
          ],
          [
            88.588783,
            27.29417
          ],
          [
            88.588773,
            27.294292
          ],
          [
            88.588776,
            27.29441
          ],
          [
            88.58879,
            27.294446
          ],
          [
            88.588813,
            27.294483
          ],
          [
            88.588856,
            27.294516
          ],
          [
            88.588915,
            27.29453
          ],
          [
            88.589017,
            27.29453
          ],
          [
            88.58921,
            27.294509
          ],
          [
            88.589426,
            27.294472
          ],
          [
            88.589879,
            27.294368
          ],
          [
            88.590067,
            27.294269
          ],
          [
            88.590245,
            27.293994
          ],
          [
            88.590356,
            27.293758
          ],
          [
            88.590431,
            27.293612
          ],
          [
            88.590566,
            27.293558
          ],
          [
            88.590698,
            27.293528
          ],
          [
            88.590908,
            27.293483
          ],
          [
            88.591044,
            27.293415
          ],
          [
            88.591085,
            27.293317
          ],
          [
            88.591144,
            27.293258
          ],
          [
            88.591205,
            27.293234
          ],
          [
            88.59122,
            27.293317
          ],
          [
            88.591205,
            27.293391
          ],
          [
            88.591167,
            27.293468
          ],
          [
            88.591116,
            27.293522
          ],
          [
            88.590995,
            27.293586
          ],
          [
            88.590917,
            27.293649
          ],
          [
            88.590851,
            27.293729
          ],
          [
            88.590802,
            27.293871
          ],
          [
            88.590719,
            27.294039
          ],
          [
            88.590554,
            27.294552
          ],
          [
            88.590505,
            27.294721
          ],
          [
            88.590462,
            27.294809
          ],
          [
            88.590384,
            27.294872
          ],
          [
            88.590063,
            27.29499
          ],
          [
            88.589959,
            27.295044
          ],
          [
            88.589723,
            27.29527
          ],
          [
            88.589639,
            27.295323
          ],
          [
            88.589542,
            27.295352
          ],
          [
            88.589126,
            27.295386
          ],
          [
            88.589023,
            27.295408
          ],
          [
            88.588824,
            27.295491
          ],
          [
            88.588718,
            27.295517
          ],
          [
            88.588603,
            27.295522
          ],
          [
            88.588419,
            27.295526
          ],
          [
            88.588178,
            27.295543
          ],
          [
            88.588087,
            27.295575
          ],
          [
            88.58803,
            27.295621
          ],
          [
            88.587995,
            27.295683
          ],
          [
            88.587978,
            27.295775
          ],
          [
            88.588006,
            27.296018
          ],
          [
            88.587999,
            27.296262
          ],
          [
            88.587918,
            27.296495
          ],
          [
            88.5878,
            27.296707
          ],
          [
            88.587745,
            27.29686
          ],
          [
            88.587764,
            27.297009
          ],
          [
            88.587813,
            27.297134
          ],
          [
            88.587929,
            27.297269
          ],
          [
            88.588018,
            27.297336
          ],
          [
            88.58806,
            27.297374
          ],
          [
            88.588074,
            27.297403
          ],
          [
            88.588072,
            27.297433
          ],
          [
            88.588061,
            27.297456
          ],
          [
            88.588012,
            27.297495
          ],
          [
            88.587927,
            27.297545
          ],
          [
            88.587795,
            27.29761
          ],
          [
            88.587723,
            27.297675
          ],
          [
            88.587649,
            27.29776
          ],
          [
            88.587591,
            27.29788
          ],
          [
            88.587564,
            27.298006
          ],
          [
            88.587568,
            27.298158
          ],
          [
            88.587627,
            27.298315
          ],
          [
            88.587779,
            27.298508
          ],
          [
            88.587988,
            27.298768
          ],
          [
            88.588061,
            27.298863
          ],
          [
            88.58825,
            27.299059
          ],
          [
            88.588594,
            27.299356
          ],
          [
            88.588643,
            27.299475
          ],
          [
            88.588689,
            27.299777
          ],
          [
            88.588821,
            27.300113
          ],
          [
            88.588912,
            27.300516
          ],
          [
            88.58897,
            27.301027
          ],
          [
            88.588956,
            27.30129
          ],
          [
            88.588896,
            27.301516
          ],
          [
            88.588795,
            27.301739
          ],
          [
            88.588635,
            27.301971
          ],
          [
            88.588501,
            27.302107
          ],
          [
            88.588233,
            27.3023
          ],
          [
            88.588043,
            27.30248
          ],
          [
            88.587901,
            27.302652
          ],
          [
            88.587838,
            27.302946
          ],
          [
            88.587888,
            27.303188
          ],
          [
            88.587911,
            27.303301
          ],
          [
            88.587948,
            27.303488
          ],
          [
            88.588208,
            27.303641
          ],
          [
            88.588472,
            27.30372
          ],
          [
            88.588935,
            27.303882
          ],
          [
            88.589035,
            27.303953
          ],
          [
            88.589022,
            27.304063
          ],
          [
            88.588929,
            27.304301
          ],
          [
            88.588814,
            27.304535
          ],
          [
            88.588662,
            27.304702
          ],
          [
            88.588486,
            27.304833
          ],
          [
            88.588288,
            27.305038
          ],
          [
            88.588278,
            27.305213
          ],
          [
            88.588353,
            27.305506
          ],
          [
            88.588488,
            27.305746
          ],
          [
            88.588574,
            27.306017
          ],
          [
            88.58854,
            27.306299
          ],
          [
            88.588539,
            27.306459
          ],
          [
            88.58855,
            27.30669
          ],
          [
            88.588688,
            27.306895
          ],
          [
            88.58879,
            27.307011
          ],
          [
            88.588795,
            27.307148
          ],
          [
            88.588681,
            27.307291
          ],
          [
            88.588325,
            27.3074
          ],
          [
            88.588141,
            27.307592
          ],
          [
            88.588087,
            27.30769
          ],
          [
            88.588145,
            27.307866
          ],
          [
            88.588285,
            27.308082
          ],
          [
            88.588313,
            27.308185
          ],
          [
            88.588281,
            27.30835
          ],
          [
            88.588169,
            27.308651
          ],
          [
            88.588169,
            27.30882
          ],
          [
            88.588216,
            27.308979
          ],
          [
            88.588375,
            27.309099
          ],
          [
            88.588634,
            27.309229
          ],
          [
            88.588909,
            27.30933
          ],
          [
            88.589244,
            27.309537
          ],
          [
            88.589416,
            27.30966
          ],
          [
            88.589457,
            27.309796
          ],
          [
            88.589466,
            27.309943
          ],
          [
            88.589438,
            27.310127
          ],
          [
            88.589399,
            27.310266
          ],
          [
            88.589382,
            27.310343
          ],
          [
            88.589037,
            27.310844
          ],
          [
            88.5889,
            27.311122
          ],
          [
            88.588839,
            27.311289
          ],
          [
            88.588809,
            27.311396
          ],
          [
            88.588843,
            27.311534
          ],
          [
            88.588874,
            27.311583
          ],
          [
            88.588927,
            27.311667
          ],
          [
            88.589043,
            27.311777
          ],
          [
            88.589234,
            27.311878
          ],
          [
            88.589526,
            27.312014
          ],
          [
            88.58988,
            27.312178
          ],
          [
            88.590184,
            27.312272
          ],
          [
            88.590364,
            27.312312
          ],
          [
            88.590707,
            27.31236
          ],
          [
            88.590972,
            27.312387
          ],
          [
            88.591241,
            27.312371
          ],
          [
            88.591541,
            27.312279
          ],
          [
            88.591987,
            27.312188
          ],
          [
            88.592331,
            27.312089
          ],
          [
            88.592493,
            27.312051
          ],
          [
            88.59264,
            27.312091
          ],
          [
            88.592834,
            27.312308
          ],
          [
            88.592874,
            27.312472
          ],
          [
            88.592896,
            27.312644
          ],
          [
            88.593001,
            27.312799
          ],
          [
            88.593287,
            27.313011
          ],
          [
            88.593475,
            27.313207
          ],
          [
            88.593662,
            27.313368
          ],
          [
            88.593838,
            27.313492
          ],
          [
            88.593996,
            27.313593
          ],
          [
            88.594327,
            27.313806
          ],
          [
            88.594555,
            27.313963
          ],
          [
            88.594832,
            27.314118
          ],
          [
            88.594926,
            27.314181
          ],
          [
            88.59508,
            27.314284
          ],
          [
            88.595348,
            27.314413
          ],
          [
            88.595508,
            27.314549
          ],
          [
            88.59564,
            27.314818
          ],
          [
            88.595722,
            27.315066
          ],
          [
            88.595714,
            27.315274
          ],
          [
            88.595628,
            27.315415
          ],
          [
            88.595551,
            27.315523
          ],
          [
            88.595516,
            27.315697
          ],
          [
            88.595489,
            27.315966
          ],
          [
            88.595511,
            27.316112
          ],
          [
            88.595518,
            27.316154
          ],
          [
            88.595533,
            27.316197
          ],
          [
            88.595551,
            27.316229
          ],
          [
            88.59558,
            27.316262
          ],
          [
            88.595693,
            27.316383
          ],
          [
            88.595884,
            27.31661
          ],
          [
            88.595863,
            27.316736
          ],
          [
            88.595833,
            27.316967
          ],
          [
            88.595801,
            27.317183
          ],
          [
            88.595813,
            27.317346
          ],
          [
            88.59588,
            27.317478
          ],
          [
            88.596016,
            27.317593
          ],
          [
            88.596216,
            27.317631
          ],
          [
            88.596204,
            27.317469
          ],
          [
            88.596161,
            27.317305
          ],
          [
            88.596163,
            27.317164
          ],
          [
            88.596151,
            27.317018
          ],
          [
            88.596236,
            27.316595
          ],
          [
            88.596243,
            27.316562
          ],
          [
            88.596318,
            27.31619
          ],
          [
            88.59636,
            27.315858
          ],
          [
            88.596384,
            27.31557
          ],
          [
            88.596432,
            27.315465
          ],
          [
            88.596524,
            27.315421
          ],
          [
            88.596663,
            27.315324
          ],
          [
            88.596905,
            27.315178
          ],
          [
            88.597139,
            27.314975
          ],
          [
            88.597181,
            27.314853
          ],
          [
            88.597162,
            27.31468
          ],
          [
            88.597201,
            27.314552
          ],
          [
            88.597228,
            27.314177
          ],
          [
            88.597213,
            27.313984
          ],
          [
            88.5972,
            27.313814
          ],
          [
            88.59718,
            27.313504
          ],
          [
            88.59706,
            27.313274
          ],
          [
            88.59687,
            27.313014
          ],
          [
            88.596657,
            27.312885
          ],
          [
            88.596445,
            27.312879
          ],
          [
            88.596251,
            27.312889
          ],
          [
            88.596065,
            27.312819
          ],
          [
            88.595958,
            27.312738
          ],
          [
            88.595841,
            27.312582
          ],
          [
            88.595624,
            27.312177
          ],
          [
            88.595482,
            27.311882
          ],
          [
            88.59539,
            27.311566
          ],
          [
            88.595296,
            27.311195
          ],
          [
            88.595213,
            27.310923
          ],
          [
            88.595154,
            27.31068
          ],
          [
            88.59515,
            27.31034
          ],
          [
            88.595166,
            27.310201
          ],
          [
            88.595145,
            27.310106
          ],
          [
            88.595134,
            27.310057
          ],
          [
            88.59507,
            27.309973
          ],
          [
            88.595058,
            27.309761
          ],
          [
            88.594967,
            27.309542
          ],
          [
            88.594948,
            27.309376
          ],
          [
            88.594806,
            27.309191
          ],
          [
            88.594781,
            27.308994
          ],
          [
            88.594764,
            27.3089
          ],
          [
            88.594746,
            27.308782
          ],
          [
            88.594663,
            27.308622
          ],
          [
            88.594397,
            27.308148
          ],
          [
            88.594186,
            27.307831
          ],
          [
            88.593924,
            27.307495
          ],
          [
            88.59386,
            27.307413
          ],
          [
            88.593527,
            27.306902
          ],
          [
            88.593533,
            27.30684
          ],
          [
            88.593564,
            27.30681
          ],
          [
            88.593631,
            27.306787
          ],
          [
            88.593696,
            27.306809
          ],
          [
            88.593909,
            27.307071
          ],
          [
            88.59426,
            27.30745
          ],
          [
            88.594495,
            27.307662
          ],
          [
            88.594575,
            27.307716
          ],
          [
            88.594902,
            27.307908
          ],
          [
            88.595179,
            27.308021
          ],
          [
            88.595477,
            27.308246
          ],
          [
            88.595665,
            27.308434
          ],
          [
            88.595791,
            27.308545
          ],
          [
            88.596002,
            27.308783
          ],
          [
            88.59616,
            27.308972
          ],
          [
            88.596281,
            27.309062
          ],
          [
            88.596357,
            27.309117
          ],
          [
            88.596563,
            27.309306
          ],
          [
            88.596831,
            27.309492
          ],
          [
            88.59697,
            27.309705
          ],
          [
            88.597026,
            27.309781
          ],
          [
            88.597177,
            27.310014
          ],
          [
            88.597302,
            27.310241
          ],
          [
            88.597423,
            27.310503
          ],
          [
            88.597555,
            27.31069
          ],
          [
            88.597654,
            27.310845
          ],
          [
            88.597772,
            27.311012
          ],
          [
            88.597964,
            27.311246
          ],
          [
            88.59813,
            27.311456
          ],
          [
            88.598282,
            27.311565
          ],
          [
            88.598465,
            27.311701
          ],
          [
            88.598681,
            27.311903
          ],
          [
            88.598908,
            27.312144
          ],
          [
            88.599127,
            27.312385
          ],
          [
            88.599368,
            27.312616
          ],
          [
            88.599549,
            27.312773
          ],
          [
            88.599905,
            27.313077
          ],
          [
            88.600233,
            27.313261
          ],
          [
            88.600312,
            27.313319
          ],
          [
            88.600447,
            27.313417
          ],
          [
            88.600567,
            27.313495
          ],
          [
            88.600773,
            27.313714
          ],
          [
            88.600951,
            27.314003
          ],
          [
            88.601045,
            27.314126
          ],
          [
            88.601178,
            27.314269
          ],
          [
            88.601287,
            27.314488
          ],
          [
            88.601395,
            27.314606
          ],
          [
            88.601648,
            27.314787
          ],
          [
            88.601702,
            27.314824
          ],
          [
            88.601716,
            27.314886
          ],
          [
            88.601668,
            27.314954
          ],
          [
            88.601377,
            27.315308
          ],
          [
            88.601005,
            27.315868
          ],
          [
            88.600844,
            27.316129
          ],
          [
            88.600842,
            27.316423
          ],
          [
            88.600943,
            27.316633
          ],
          [
            88.60107,
            27.316826
          ],
          [
            88.60111,
            27.316888
          ],
          [
            88.601376,
            27.317291
          ],
          [
            88.601456,
            27.317332
          ],
          [
            88.601578,
            27.317325
          ],
          [
            88.601684,
            27.317291
          ],
          [
            88.601795,
            27.317274
          ],
          [
            88.601927,
            27.317312
          ],
          [
            88.602063,
            27.317428
          ],
          [
            88.602265,
            27.317626
          ],
          [
            88.602427,
            27.317765
          ],
          [
            88.602593,
            27.317918
          ],
          [
            88.602791,
            27.318075
          ],
          [
            88.603194,
            27.318389
          ],
          [
            88.603367,
            27.318566
          ],
          [
            88.603401,
            27.318695
          ],
          [
            88.603417,
            27.318756
          ],
          [
            88.603431,
            27.318982
          ],
          [
            88.603452,
            27.319116
          ],
          [
            88.603599,
            27.31925
          ],
          [
            88.60378,
            27.319368
          ],
          [
            88.603967,
            27.319422
          ],
          [
            88.604299,
            27.319514
          ],
          [
            88.604544,
            27.319554
          ],
          [
            88.60488,
            27.319576
          ],
          [
            88.605109,
            27.319708
          ],
          [
            88.605247,
            27.319793
          ],
          [
            88.60537,
            27.319831
          ],
          [
            88.605503,
            27.319952
          ],
          [
            88.605626,
            27.320156
          ],
          [
            88.605735,
            27.320338
          ],
          [
            88.605735,
            27.320484
          ],
          [
            88.605855,
            27.32065
          ],
          [
            88.606053,
            27.320708
          ],
          [
            88.606314,
            27.320924
          ],
          [
            88.606401,
            27.321004
          ],
          [
            88.606544,
            27.3212
          ],
          [
            88.606678,
            27.321343
          ],
          [
            88.60692,
            27.321626
          ],
          [
            88.607387,
            27.322039
          ],
          [
            88.607407,
            27.321794
          ],
          [
            88.607005,
            27.321373
          ],
          [
            88.606771,
            27.321038
          ],
          [
            88.606719,
            27.320548
          ],
          [
            88.606668,
            27.320099
          ],
          [
            88.60654,
            27.319779
          ],
          [
            88.606356,
            27.319529
          ],
          [
            88.605989,
            27.319033
          ],
          [
            88.605721,
            27.31879
          ],
          [
            88.605455,
            27.318543
          ],
          [
            88.604763,
            27.318079
          ],
          [
            88.604579,
            27.317979
          ],
          [
            88.604339,
            27.317704
          ],
          [
            88.604208,
            27.317508
          ],
          [
            88.604232,
            27.317368
          ],
          [
            88.604353,
            27.317346
          ],
          [
            88.604554,
            27.317461
          ],
          [
            88.60482,
            27.317656
          ],
          [
            88.605326,
            27.317944
          ],
          [
            88.605689,
            27.318025
          ],
          [
            88.606112,
            27.318092
          ],
          [
            88.606458,
            27.318126
          ],
          [
            88.606555,
            27.318147
          ],
          [
            88.606771,
            27.318194
          ],
          [
            88.606963,
            27.318245
          ],
          [
            88.60733,
            27.318384
          ],
          [
            88.607617,
            27.318612
          ],
          [
            88.608564,
            27.319517
          ],
          [
            88.608839,
            27.319821
          ],
          [
            88.608932,
            27.320166
          ],
          [
            88.608982,
            27.320379
          ],
          [
            88.608807,
            27.320948
          ],
          [
            88.608824,
            27.321246
          ],
          [
            88.608891,
            27.321515
          ],
          [
            88.609009,
            27.321742
          ],
          [
            88.609303,
            27.32213
          ],
          [
            88.609425,
            27.322322
          ],
          [
            88.609593,
            27.322584
          ],
          [
            88.609806,
            27.323047
          ],
          [
            88.609852,
            27.323156
          ],
          [
            88.609922,
            27.323377
          ],
          [
            88.610081,
            27.324105
          ],
          [
            88.610205,
            27.32485
          ],
          [
            88.610193,
            27.325068
          ],
          [
            88.610124,
            27.325246
          ],
          [
            88.610025,
            27.325583
          ],
          [
            88.610029,
            27.326018
          ],
          [
            88.610039,
            27.326269
          ],
          [
            88.610257,
            27.32712
          ],
          [
            88.610275,
            27.327161
          ],
          [
            88.610313,
            27.327195
          ],
          [
            88.610365,
            27.327226
          ],
          [
            88.610445,
            27.327217
          ],
          [
            88.610954,
            27.327023
          ],
          [
            88.611144,
            27.32697
          ],
          [
            88.611305,
            27.326947
          ],
          [
            88.611342,
            27.326965
          ],
          [
            88.611369,
            27.326977
          ],
          [
            88.611424,
            27.327019
          ],
          [
            88.611479,
            27.327058
          ],
          [
            88.611524,
            27.327111
          ],
          [
            88.611618,
            27.327378
          ],
          [
            88.61164,
            27.327535
          ],
          [
            88.611714,
            27.327993
          ],
          [
            88.611707,
            27.328308
          ],
          [
            88.611687,
            27.328519
          ],
          [
            88.611676,
            27.3286
          ],
          [
            88.61169,
            27.32873
          ],
          [
            88.611761,
            27.329042
          ],
          [
            88.611767,
            27.329068
          ],
          [
            88.611857,
            27.329385
          ],
          [
            88.611873,
            27.329442
          ],
          [
            88.611927,
            27.329611
          ],
          [
            88.612057,
            27.329942
          ],
          [
            88.612076,
            27.329976
          ],
          [
            88.612146,
            27.330084
          ],
          [
            88.612271,
            27.330217
          ],
          [
            88.612384,
            27.330297
          ],
          [
            88.612412,
            27.330311
          ],
          [
            88.612439,
            27.330324
          ],
          [
            88.6126,
            27.330367
          ],
          [
            88.612851,
            27.330433
          ],
          [
            88.613243,
            27.330521
          ],
          [
            88.613435,
            27.330579
          ],
          [
            88.613526,
            27.330699
          ],
          [
            88.613708,
            27.330968
          ],
          [
            88.613772,
            27.331325
          ],
          [
            88.613814,
            27.331393
          ]
        ]
      },
      "leaflet_coordinates": [
        [
          26.885596,
          88.473049
        ],
        [
          26.885596,
          88.473049
        ],
        [
          26.885656,
          88.473041
        ],
        [
          26.885715,
          88.473059
        ],
        [
          26.885759,
          88.473094
        ],
        [
          26.885796,
          88.473154
        ],
        [
          26.885829,
          88.473248
        ],
        [
          26.885869,
          88.473309
        ],
        [
          26.885914,
          88.473383
        ],
        [
          26.885968,
          88.473428
        ],
        [
          26.886077,
          88.473465
        ],
        [
          26.88613,
          88.473469
        ],
        [
          26.886181,
          88.473462
        ],
        [
          26.886237,
          88.473441
        ],
        [
          26.886287,
          88.473426
        ],
        [
          26.886347,
          88.473375
        ],
        [
          26.886389,
          88.47336
        ],
        [
          26.886432,
          88.473362
        ],
        [
          26.886452,
          88.473397
        ],
        [
          26.886501,
          88.473474
        ],
        [
          26.886543,
          88.473564
        ],
        [
          26.886592,
          88.473642
        ],
        [
          26.886634,
          88.473682
        ],
        [
          26.886675,
          88.4737
        ],
        [
          26.886718,
          88.473698
        ],
        [
          26.886932,
          88.473696
        ],
        [
          26.887139,
          88.473697
        ],
        [
          26.887202,
          88.473701
        ],
        [
          26.887262,
          88.473688
        ],
        [
          26.887327,
          88.473676
        ],
        [
          26.887378,
          88.473637
        ],
        [
          26.887431,
          88.473591
        ],
        [
          26.887469,
          88.473543
        ],
        [
          26.887624,
          88.473257
        ],
        [
          26.887673,
          88.473179
        ],
        [
          26.887702,
          88.473136
        ],
        [
          26.887734,
          88.473092
        ],
        [
          26.887769,
          88.473077
        ],
        [
          26.887811,
          88.473091
        ],
        [
          26.887876,
          88.473126
        ],
        [
          26.887941,
          88.473169
        ],
        [
          26.887994,
          88.473212
        ],
        [
          26.888173,
          88.473458
        ],
        [
          26.888244,
          88.473535
        ],
        [
          26.888305,
          88.473571
        ],
        [
          26.888373,
          88.4736
        ],
        [
          26.888443,
          88.473623
        ],
        [
          26.888525,
          88.473639
        ],
        [
          26.888605,
          88.47365
        ],
        [
          26.888651,
          88.473645
        ],
        [
          26.888699,
          88.473622
        ],
        [
          26.888773,
          88.473558
        ],
        [
          26.888862,
          88.473473
        ],
        [
          26.888937,
          88.473421
        ],
        [
          26.889051,
          88.473339
        ],
        [
          26.889143,
          88.473229
        ],
        [
          26.88924,
          88.473141
        ],
        [
          26.889344,
          88.473104
        ],
        [
          26.889423,
          88.473095
        ],
        [
          26.889522,
          88.473108
        ],
        [
          26.889572,
          88.473127
        ],
        [
          26.889624,
          88.473145
        ],
        [
          26.889681,
          88.473189
        ],
        [
          26.889728,
          88.473244
        ],
        [
          26.889799,
          88.473336
        ],
        [
          26.889858,
          88.473417
        ],
        [
          26.88994,
          88.473513
        ],
        [
          26.889982,
          88.473564
        ],
        [
          26.890027,
          88.473599
        ],
        [
          26.890072,
          88.47362
        ],
        [
          26.890139,
          88.473629
        ],
        [
          26.890233,
          88.473627
        ],
        [
          26.890331,
          88.47364
        ],
        [
          26.890399,
          88.473641
        ],
        [
          26.89045,
          88.473611
        ],
        [
          26.890525,
          88.47356
        ],
        [
          26.890574,
          88.473508
        ],
        [
          26.890623,
          88.473487
        ],
        [
          26.890673,
          88.473496
        ],
        [
          26.890728,
          88.473517
        ],
        [
          26.890797,
          88.473547
        ],
        [
          26.890887,
          88.473575
        ],
        [
          26.89098,
          88.473605
        ],
        [
          26.891068,
          88.473622
        ],
        [
          26.891135,
          88.473637
        ],
        [
          26.891209,
          88.473651
        ],
        [
          26.891265,
          88.473657
        ],
        [
          26.891318,
          88.47365
        ],
        [
          26.891375,
          88.473622
        ],
        [
          26.891462,
          88.47358
        ],
        [
          26.891523,
          88.473563
        ],
        [
          26.891592,
          88.473535
        ],
        [
          26.891653,
          88.473503
        ],
        [
          26.891697,
          88.47346
        ],
        [
          26.891732,
          88.473358
        ],
        [
          26.891744,
          88.473295
        ],
        [
          26.891755,
          88.473245
        ],
        [
          26.891774,
          88.473175
        ],
        [
          26.891789,
          88.473127
        ],
        [
          26.891819,
          88.473029
        ],
        [
          26.891868,
          88.472939
        ],
        [
          26.891915,
          88.47287
        ],
        [
          26.891969,
          88.472815
        ],
        [
          26.89203,
          88.47277
        ],
        [
          26.892086,
          88.472768
        ],
        [
          26.892145,
          88.472785
        ],
        [
          26.892192,
          88.472823
        ],
        [
          26.892234,
          88.472875
        ],
        [
          26.892259,
          88.472959
        ],
        [
          26.892305,
          88.473083
        ],
        [
          26.892351,
          88.473206
        ],
        [
          26.89239,
          88.473358
        ],
        [
          26.892423,
          88.473422
        ],
        [
          26.892481,
          88.473488
        ],
        [
          26.89254,
          88.473528
        ],
        [
          26.892604,
          88.473555
        ],
        [
          26.892655,
          88.473568
        ],
        [
          26.892715,
          88.473571
        ],
        [
          26.892875,
          88.473539
        ],
        [
          26.893021,
          88.473493
        ],
        [
          26.893172,
          88.473432
        ],
        [
          26.893286,
          88.473381
        ],
        [
          26.893408,
          88.473347
        ],
        [
          26.893542,
          88.473279
        ],
        [
          26.893635,
          88.473259
        ],
        [
          26.893701,
          88.47326
        ],
        [
          26.893781,
          88.473277
        ],
        [
          26.893845,
          88.473307
        ],
        [
          26.893917,
          88.473368
        ],
        [
          26.893984,
          88.473434
        ],
        [
          26.894077,
          88.473489
        ],
        [
          26.894128,
          88.473505
        ],
        [
          26.894182,
          88.473511
        ],
        [
          26.894258,
          88.473493
        ],
        [
          26.894386,
          88.473455
        ],
        [
          26.894488,
          88.473441
        ],
        [
          26.894647,
          88.473414
        ],
        [
          26.894784,
          88.473401
        ],
        [
          26.894874,
          88.473383
        ],
        [
          26.894966,
          88.473348
        ],
        [
          26.895068,
          88.473332
        ],
        [
          26.895141,
          88.473331
        ],
        [
          26.895208,
          88.473334
        ],
        [
          26.895283,
          88.47335
        ],
        [
          26.895344,
          88.473371
        ],
        [
          26.895406,
          88.473389
        ],
        [
          26.89545,
          88.473378
        ],
        [
          26.895497,
          88.473338
        ],
        [
          26.895557,
          88.473264
        ],
        [
          26.895624,
          88.473171
        ],
        [
          26.895685,
          88.473132
        ],
        [
          26.89574,
          88.47313
        ],
        [
          26.895794,
          88.473163
        ],
        [
          26.895833,
          88.473194
        ],
        [
          26.895865,
          88.473259
        ],
        [
          26.895889,
          88.473323
        ],
        [
          26.89593,
          88.47341
        ],
        [
          26.89596,
          88.473474
        ],
        [
          26.895998,
          88.473532
        ],
        [
          26.89605,
          88.473568
        ],
        [
          26.896107,
          88.473595
        ],
        [
          26.896161,
          88.473606
        ],
        [
          26.896204,
          88.473607
        ],
        [
          26.896285,
          88.473566
        ],
        [
          26.896367,
          88.473517
        ],
        [
          26.896486,
          88.473461
        ],
        [
          26.896602,
          88.473445
        ],
        [
          26.896701,
          88.473413
        ],
        [
          26.896822,
          88.47339
        ],
        [
          26.896937,
          88.473375
        ],
        [
          26.89703,
          88.473377
        ],
        [
          26.897117,
          88.473398
        ],
        [
          26.897177,
          88.473426
        ],
        [
          26.897264,
          88.473454
        ],
        [
          26.897326,
          88.473464
        ],
        [
          26.897376,
          88.473465
        ],
        [
          26.897438,
          88.473448
        ],
        [
          26.897518,
          88.473402
        ],
        [
          26.897609,
          88.47335
        ],
        [
          26.897711,
          88.473283
        ],
        [
          26.897799,
          88.473263
        ],
        [
          26.897909,
          88.473254
        ],
        [
          26.898004,
          88.47328
        ],
        [
          26.89812,
          88.473314
        ],
        [
          26.898219,
          88.473346
        ],
        [
          26.89828,
          88.473386
        ],
        [
          26.89834,
          88.473415
        ],
        [
          26.898397,
          88.473405
        ],
        [
          26.89846,
          88.473389
        ],
        [
          26.898517,
          88.473354
        ],
        [
          26.89858,
          88.473343
        ],
        [
          26.898686,
          88.47336
        ],
        [
          26.898766,
          88.473354
        ],
        [
          26.898823,
          88.473312
        ],
        [
          26.898865,
          88.47323
        ],
        [
          26.898909,
          88.473162
        ],
        [
          26.898974,
          88.473081
        ],
        [
          26.899056,
          88.473051
        ],
        [
          26.899127,
          88.473071
        ],
        [
          26.899236,
          88.473099
        ],
        [
          26.89929,
          88.473086
        ],
        [
          26.899335,
          88.473045
        ],
        [
          26.899419,
          88.472977
        ],
        [
          26.899501,
          88.472942
        ],
        [
          26.899549,
          88.47293
        ],
        [
          26.899805,
          88.47278
        ],
        [
          26.899891,
          88.472726
        ],
        [
          26.899976,
          88.472658
        ],
        [
          26.900042,
          88.472631
        ],
        [
          26.900116,
          88.472632
        ],
        [
          26.900175,
          88.472628
        ],
        [
          26.900266,
          88.472605
        ],
        [
          26.900321,
          88.47258
        ],
        [
          26.900365,
          88.472535
        ],
        [
          26.900414,
          88.472489
        ],
        [
          26.900431,
          88.47241
        ],
        [
          26.900435,
          88.472324
        ],
        [
          26.900429,
          88.47212
        ],
        [
          26.900434,
          88.472031
        ],
        [
          26.900447,
          88.47197
        ],
        [
          26.900468,
          88.471921
        ],
        [
          26.90051,
          88.471857
        ],
        [
          26.900548,
          88.471801
        ],
        [
          26.900579,
          88.47173
        ],
        [
          26.900587,
          88.471668
        ],
        [
          26.900575,
          88.471575
        ],
        [
          26.900568,
          88.471444
        ],
        [
          26.900563,
          88.471361
        ],
        [
          26.900567,
          88.471307
        ],
        [
          26.900569,
          88.471223
        ],
        [
          26.900614,
          88.471131
        ],
        [
          26.900677,
          88.471118
        ],
        [
          26.900746,
          88.471107
        ],
        [
          26.900846,
          88.47115
        ],
        [
          26.900957,
          88.471216
        ],
        [
          26.901145,
          88.471341
        ],
        [
          26.901288,
          88.471437
        ],
        [
          26.901367,
          88.471538
        ],
        [
          26.901465,
          88.471687
        ],
        [
          26.901575,
          88.471832
        ],
        [
          26.901707,
          88.471964
        ],
        [
          26.901771,
          88.47205
        ],
        [
          26.901793,
          88.472112
        ],
        [
          26.901805,
          88.472175
        ],
        [
          26.901817,
          88.472238
        ],
        [
          26.901831,
          88.472282
        ],
        [
          26.901859,
          88.472341
        ],
        [
          26.90189,
          88.472387
        ],
        [
          26.901933,
          88.472416
        ],
        [
          26.901994,
          88.472453
        ],
        [
          26.902056,
          88.472473
        ],
        [
          26.902107,
          88.472475
        ],
        [
          26.902154,
          88.472469
        ],
        [
          26.902209,
          88.472448
        ],
        [
          26.902315,
          88.47241
        ],
        [
          26.90243,
          88.472369
        ],
        [
          26.902482,
          88.472338
        ],
        [
          26.902533,
          88.472303
        ],
        [
          26.902578,
          88.472267
        ],
        [
          26.902621,
          88.472227
        ],
        [
          26.902696,
          88.472154
        ],
        [
          26.902755,
          88.472123
        ],
        [
          26.902815,
          88.472106
        ],
        [
          26.902924,
          88.472098
        ],
        [
          26.903212,
          88.472149
        ],
        [
          26.903384,
          88.472149
        ],
        [
          26.90366,
          88.472038
        ],
        [
          26.904065,
          88.472008
        ],
        [
          26.904504,
          88.471848
        ],
        [
          26.904798,
          88.471753
        ],
        [
          26.905146,
          88.471931
        ],
        [
          26.905868,
          88.47183
        ],
        [
          26.906569,
          88.471649
        ],
        [
          26.907154,
          88.471342
        ],
        [
          26.907378,
          88.471061
        ],
        [
          26.907686,
          88.470843
        ],
        [
          26.907786,
          88.470557
        ],
        [
          26.908144,
          88.470204
        ],
        [
          26.908237,
          88.470052
        ],
        [
          26.908369,
          88.469573
        ],
        [
          26.90839,
          88.468926
        ],
        [
          26.908374,
          88.468557
        ],
        [
          26.908376,
          88.468511
        ],
        [
          26.908382,
          88.468488
        ],
        [
          26.908396,
          88.46847
        ],
        [
          26.908412,
          88.46846
        ],
        [
          26.908432,
          88.468454
        ],
        [
          26.908478,
          88.468455
        ],
        [
          26.908529,
          88.468462
        ],
        [
          26.908579,
          88.468479
        ],
        [
          26.908676,
          88.468529
        ],
        [
          26.908805,
          88.468605
        ],
        [
          26.908964,
          88.468754
        ],
        [
          26.909071,
          88.469142
        ],
        [
          26.909191,
          88.469352
        ],
        [
          26.909306,
          88.469483
        ],
        [
          26.909474,
          88.469516
        ],
        [
          26.909773,
          88.469306
        ],
        [
          26.910283,
          88.469165
        ],
        [
          26.910502,
          88.469178
        ],
        [
          26.910865,
          88.469368
        ],
        [
          26.911202,
          88.469435
        ],
        [
          26.911412,
          88.469503
        ],
        [
          26.911551,
          88.469509
        ],
        [
          26.911699,
          88.469552
        ],
        [
          26.911793,
          88.469682
        ],
        [
          26.911968,
          88.469856
        ],
        [
          26.912105,
          88.470038
        ],
        [
          26.912386,
          88.470394
        ],
        [
          26.912714,
          88.470804
        ],
        [
          26.912964,
          88.471125
        ],
        [
          26.913025,
          88.471174
        ],
        [
          26.91308,
          88.471192
        ],
        [
          26.913135,
          88.471186
        ],
        [
          26.913193,
          88.471156
        ],
        [
          26.913244,
          88.471102
        ],
        [
          26.913281,
          88.471048
        ],
        [
          26.913317,
          88.470977
        ],
        [
          26.913372,
          88.470792
        ],
        [
          26.913521,
          88.470209
        ],
        [
          26.913635,
          88.469829
        ],
        [
          26.913738,
          88.469422
        ],
        [
          26.913801,
          88.468799
        ],
        [
          26.913737,
          88.467716
        ],
        [
          26.913818,
          88.467151
        ],
        [
          26.913816,
          88.466653
        ],
        [
          26.913844,
          88.466221
        ],
        [
          26.913952,
          88.466022
        ],
        [
          26.914283,
          88.465788
        ],
        [
          26.914405,
          88.465566
        ],
        [
          26.914637,
          88.465219
        ],
        [
          26.914811,
          88.464827
        ],
        [
          26.914857,
          88.464575
        ],
        [
          26.914988,
          88.46443
        ],
        [
          26.915108,
          88.464347
        ],
        [
          26.915192,
          88.464081
        ],
        [
          26.915407,
          88.463875
        ],
        [
          26.91556,
          88.463561
        ],
        [
          26.915657,
          88.463454
        ],
        [
          26.915906,
          88.463271
        ],
        [
          26.91613,
          88.463101
        ],
        [
          26.916377,
          88.462943
        ],
        [
          26.916726,
          88.462688
        ],
        [
          26.917057,
          88.462492
        ],
        [
          26.917452,
          88.461869
        ],
        [
          26.917688,
          88.461561
        ],
        [
          26.917786,
          88.461486
        ],
        [
          26.917862,
          88.461472
        ],
        [
          26.917951,
          88.461521
        ],
        [
          26.918099,
          88.461812
        ],
        [
          26.918239,
          88.461976
        ],
        [
          26.91831,
          88.462031
        ],
        [
          26.918422,
          88.462092
        ],
        [
          26.91863,
          88.462154
        ],
        [
          26.918763,
          88.46218
        ],
        [
          26.91902,
          88.462176
        ],
        [
          26.919325,
          88.462111
        ],
        [
          26.919812,
          88.461947
        ],
        [
          26.919989,
          88.461843
        ],
        [
          26.920157,
          88.461682
        ],
        [
          26.920484,
          88.461339
        ],
        [
          26.920612,
          88.461126
        ],
        [
          26.920777,
          88.460877
        ],
        [
          26.920981,
          88.460365
        ],
        [
          26.921234,
          88.459896
        ],
        [
          26.921335,
          88.459532
        ],
        [
          26.921452,
          88.459188
        ],
        [
          26.92205,
          88.457946
        ],
        [
          26.922396,
          88.457653
        ],
        [
          26.922684,
          88.457298
        ],
        [
          26.92292,
          88.457
        ],
        [
          26.923114,
          88.456725
        ],
        [
          26.923575,
          88.456295
        ],
        [
          26.923868,
          88.456037
        ],
        [
          26.92397,
          88.455956
        ],
        [
          26.924139,
          88.455658
        ],
        [
          26.92427,
          88.455524
        ],
        [
          26.924365,
          88.455401
        ],
        [
          26.924412,
          88.455277
        ],
        [
          26.924409,
          88.455064
        ],
        [
          26.924432,
          88.454896
        ],
        [
          26.924481,
          88.454735
        ],
        [
          26.924572,
          88.454585
        ],
        [
          26.924658,
          88.45442
        ],
        [
          26.924724,
          88.45428
        ],
        [
          26.924754,
          88.45414
        ],
        [
          26.924739,
          88.453965
        ],
        [
          26.924736,
          88.453818
        ],
        [
          26.924772,
          88.453691
        ],
        [
          26.924828,
          88.453631
        ],
        [
          26.924941,
          88.453595
        ],
        [
          26.925104,
          88.453598
        ],
        [
          26.925437,
          88.453621
        ],
        [
          26.925516,
          88.453639
        ],
        [
          26.925625,
          88.453634
        ],
        [
          26.925793,
          88.453537
        ],
        [
          26.925904,
          88.453401
        ],
        [
          26.925961,
          88.453289
        ],
        [
          26.926017,
          88.45309
        ],
        [
          26.926033,
          88.452954
        ],
        [
          26.926074,
          88.452577
        ],
        [
          26.92606,
          88.452039
        ],
        [
          26.926021,
          88.451608
        ],
        [
          26.926027,
          88.451172
        ],
        [
          26.925978,
          88.451006
        ],
        [
          26.925899,
          88.450875
        ],
        [
          26.925648,
          88.450642
        ],
        [
          26.925544,
          88.450508
        ],
        [
          26.92554,
          88.450432
        ],
        [
          26.925593,
          88.450363
        ],
        [
          26.925649,
          88.45036
        ],
        [
          26.9257,
          88.450391
        ],
        [
          26.925894,
          88.450568
        ],
        [
          26.926129,
          88.450873
        ],
        [
          26.926237,
          88.451112
        ],
        [
          26.92626,
          88.451311
        ],
        [
          26.92625,
          88.451562
        ],
        [
          26.926256,
          88.451678
        ],
        [
          26.926429,
          88.452066
        ],
        [
          26.926609,
          88.45228
        ],
        [
          26.926773,
          88.452416
        ],
        [
          26.927017,
          88.452485
        ],
        [
          26.927219,
          88.452436
        ],
        [
          26.927425,
          88.452269
        ],
        [
          26.927804,
          88.451966
        ],
        [
          26.928119,
          88.451734
        ],
        [
          26.928473,
          88.451565
        ],
        [
          26.928895,
          88.451423
        ],
        [
          26.929489,
          88.451183
        ],
        [
          26.930083,
          88.45088
        ],
        [
          26.930624,
          88.450677
        ],
        [
          26.931296,
          88.450543
        ],
        [
          26.931807,
          88.450442
        ],
        [
          26.932825,
          88.450123
        ],
        [
          26.93375,
          88.449817
        ],
        [
          26.934621,
          88.449508
        ],
        [
          26.935134,
          88.449317
        ],
        [
          26.93541,
          88.449163
        ],
        [
          26.935576,
          88.449025
        ],
        [
          26.93568,
          88.448912
        ],
        [
          26.935743,
          88.448793
        ],
        [
          26.935785,
          88.448687
        ],
        [
          26.935826,
          88.448516
        ],
        [
          26.935872,
          88.448346
        ],
        [
          26.935901,
          88.448165
        ],
        [
          26.935918,
          88.447889
        ],
        [
          26.935924,
          88.447664
        ],
        [
          26.935913,
          88.447455
        ],
        [
          26.935908,
          88.447313
        ],
        [
          26.93591,
          88.447183
        ],
        [
          26.935904,
          88.447013
        ],
        [
          26.935911,
          88.446837
        ],
        [
          26.935915,
          88.44667
        ],
        [
          26.935922,
          88.446444
        ],
        [
          26.935937,
          88.44629
        ],
        [
          26.935964,
          88.446099
        ],
        [
          26.936017,
          88.445914
        ],
        [
          26.936054,
          88.445757
        ],
        [
          26.936103,
          88.445568
        ],
        [
          26.936152,
          88.445395
        ],
        [
          26.936189,
          88.445188
        ],
        [
          26.936192,
          88.445016
        ],
        [
          26.936194,
          88.444883
        ],
        [
          26.936186,
          88.444776
        ],
        [
          26.936173,
          88.4447
        ],
        [
          26.936106,
          88.444583
        ],
        [
          26.936039,
          88.444469
        ],
        [
          26.935968,
          88.44438
        ],
        [
          26.93589,
          88.444252
        ],
        [
          26.935879,
          88.444171
        ],
        [
          26.93593,
          88.444064
        ],
        [
          26.936028,
          88.443917
        ],
        [
          26.936154,
          88.44374
        ],
        [
          26.936251,
          88.443581
        ],
        [
          26.936321,
          88.443475
        ],
        [
          26.936372,
          88.443371
        ],
        [
          26.936545,
          88.443128
        ],
        [
          26.936628,
          88.442939
        ],
        [
          26.936683,
          88.442701
        ],
        [
          26.93677,
          88.442521
        ],
        [
          26.936917,
          88.442382
        ],
        [
          26.937058,
          88.442194
        ],
        [
          26.937189,
          88.442
        ],
        [
          26.937291,
          88.441737
        ],
        [
          26.937497,
          88.441519
        ],
        [
          26.9378,
          88.44137
        ],
        [
          26.938033,
          88.441316
        ],
        [
          26.938316,
          88.44129
        ],
        [
          26.938589,
          88.441295
        ],
        [
          26.938814,
          88.441238
        ],
        [
          26.939102,
          88.441276
        ],
        [
          26.939361,
          88.441337
        ],
        [
          26.939535,
          88.441379
        ],
        [
          26.939702,
          88.441361
        ],
        [
          26.939843,
          88.441292
        ],
        [
          26.939957,
          88.441181
        ],
        [
          26.940068,
          88.440989
        ],
        [
          26.94016,
          88.440848
        ],
        [
          26.940342,
          88.44078
        ],
        [
          26.940516,
          88.440885
        ],
        [
          26.940595,
          88.441027
        ],
        [
          26.940687,
          88.441209
        ],
        [
          26.940789,
          88.441307
        ],
        [
          26.940947,
          88.441372
        ],
        [
          26.941121,
          88.441379
        ],
        [
          26.94127,
          88.441306
        ],
        [
          26.941392,
          88.441253
        ],
        [
          26.941532,
          88.441289
        ],
        [
          26.941684,
          88.441378
        ],
        [
          26.941751,
          88.441471
        ],
        [
          26.941936,
          88.441544
        ],
        [
          26.9421,
          88.441546
        ],
        [
          26.942403,
          88.441608
        ],
        [
          26.942619,
          88.441711
        ],
        [
          26.942841,
          88.44179
        ],
        [
          26.943097,
          88.441974
        ],
        [
          26.943218,
          88.442074
        ],
        [
          26.943305,
          88.442171
        ],
        [
          26.943419,
          88.44224
        ],
        [
          26.943519,
          88.442306
        ],
        [
          26.943623,
          88.442378
        ],
        [
          26.943729,
          88.442452
        ],
        [
          26.943832,
          88.442505
        ],
        [
          26.943933,
          88.442546
        ],
        [
          26.944035,
          88.442548
        ],
        [
          26.944142,
          88.442534
        ],
        [
          26.944258,
          88.442527
        ],
        [
          26.944375,
          88.442528
        ],
        [
          26.944475,
          88.442554
        ],
        [
          26.944566,
          88.442604
        ],
        [
          26.944663,
          88.442655
        ],
        [
          26.944772,
          88.442674
        ],
        [
          26.944885,
          88.4427
        ],
        [
          26.944996,
          88.442738
        ],
        [
          26.945114,
          88.442751
        ],
        [
          26.945296,
          88.442712
        ],
        [
          26.945454,
          88.442667
        ],
        [
          26.945621,
          88.442576
        ],
        [
          26.945752,
          88.442503
        ],
        [
          26.945872,
          88.442471
        ],
        [
          26.946092,
          88.442433
        ],
        [
          26.946235,
          88.442374
        ],
        [
          26.946317,
          88.442302
        ],
        [
          26.946367,
          88.44225
        ],
        [
          26.946433,
          88.442208
        ],
        [
          26.946541,
          88.442196
        ],
        [
          26.946645,
          88.442213
        ],
        [
          26.94677,
          88.442289
        ],
        [
          26.94689,
          88.442391
        ],
        [
          26.946993,
          88.442454
        ],
        [
          26.947133,
          88.442449
        ],
        [
          26.947247,
          88.442414
        ],
        [
          26.947385,
          88.442258
        ],
        [
          26.947532,
          88.442106
        ],
        [
          26.947593,
          88.442028
        ],
        [
          26.947769,
          88.441868
        ],
        [
          26.947923,
          88.441741
        ],
        [
          26.948027,
          88.441661
        ],
        [
          26.94815,
          88.441576
        ],
        [
          26.948301,
          88.441477
        ],
        [
          26.948481,
          88.441374
        ],
        [
          26.948623,
          88.4413
        ],
        [
          26.94875,
          88.44121
        ],
        [
          26.948838,
          88.441122
        ],
        [
          26.948946,
          88.440981
        ],
        [
          26.949023,
          88.440828
        ],
        [
          26.949092,
          88.440598
        ],
        [
          26.949113,
          88.440391
        ],
        [
          26.94909,
          88.440255
        ],
        [
          26.949098,
          88.440172
        ],
        [
          26.949153,
          88.440098
        ],
        [
          26.94923,
          88.440036
        ],
        [
          26.949313,
          88.440028
        ],
        [
          26.949396,
          88.440031
        ],
        [
          26.949481,
          88.440038
        ],
        [
          26.949673,
          88.440006
        ],
        [
          26.95031,
          88.439824
        ],
        [
          26.950656,
          88.439649
        ],
        [
          26.950941,
          88.43943
        ],
        [
          26.951169,
          88.439202
        ],
        [
          26.951318,
          88.439087
        ],
        [
          26.951393,
          88.439044
        ],
        [
          26.95151,
          88.439018
        ],
        [
          26.951629,
          88.438979
        ],
        [
          26.951784,
          88.438891
        ],
        [
          26.951937,
          88.438738
        ],
        [
          26.952013,
          88.438649
        ],
        [
          26.952045,
          88.43856
        ],
        [
          26.952105,
          88.438433
        ],
        [
          26.952157,
          88.438258
        ],
        [
          26.952249,
          88.438116
        ],
        [
          26.952362,
          88.438038
        ],
        [
          26.952475,
          88.437994
        ],
        [
          26.952644,
          88.437946
        ],
        [
          26.952807,
          88.437847
        ],
        [
          26.952902,
          88.437763
        ],
        [
          26.952985,
          88.437698
        ],
        [
          26.953069,
          88.437633
        ],
        [
          26.953158,
          88.437564
        ],
        [
          26.953257,
          88.437487
        ],
        [
          26.953355,
          88.4374
        ],
        [
          26.953434,
          88.43732
        ],
        [
          26.953514,
          88.437234
        ],
        [
          26.953586,
          88.437143
        ],
        [
          26.953671,
          88.437051
        ],
        [
          26.95376,
          88.436965
        ],
        [
          26.953858,
          88.436881
        ],
        [
          26.953969,
          88.436798
        ],
        [
          26.954075,
          88.436729
        ],
        [
          26.954177,
          88.436667
        ],
        [
          26.954286,
          88.436619
        ],
        [
          26.954405,
          88.436568
        ],
        [
          26.954518,
          88.436526
        ],
        [
          26.954615,
          88.436505
        ],
        [
          26.954723,
          88.436456
        ],
        [
          26.954803,
          88.436407
        ],
        [
          26.954886,
          88.436343
        ],
        [
          26.954973,
          88.436265
        ],
        [
          26.95505,
          88.436177
        ],
        [
          26.95511,
          88.436079
        ],
        [
          26.955179,
          88.435985
        ],
        [
          26.955245,
          88.435912
        ],
        [
          26.955326,
          88.435851
        ],
        [
          26.955414,
          88.435922
        ],
        [
          26.955535,
          88.435981
        ],
        [
          26.955674,
          88.435995
        ],
        [
          26.955855,
          88.435949
        ],
        [
          26.956063,
          88.435858
        ],
        [
          26.956181,
          88.435808
        ],
        [
          26.956298,
          88.435771
        ],
        [
          26.95644,
          88.435745
        ],
        [
          26.956571,
          88.435725
        ],
        [
          26.956741,
          88.435702
        ],
        [
          26.956885,
          88.435689
        ],
        [
          26.957018,
          88.435686
        ],
        [
          26.957168,
          88.435677
        ],
        [
          26.957304,
          88.435681
        ],
        [
          26.957444,
          88.43568
        ],
        [
          26.957596,
          88.435657
        ],
        [
          26.957719,
          88.435687
        ],
        [
          26.957836,
          88.435688
        ],
        [
          26.957974,
          88.435664
        ],
        [
          26.958104,
          88.435637
        ],
        [
          26.958221,
          88.435577
        ],
        [
          26.958328,
          88.435468
        ],
        [
          26.958438,
          88.435337
        ],
        [
          26.958546,
          88.435235
        ],
        [
          26.958659,
          88.435132
        ],
        [
          26.958763,
          88.435027
        ],
        [
          26.958875,
          88.434911
        ],
        [
          26.958969,
          88.434819
        ],
        [
          26.959059,
          88.43473
        ],
        [
          26.959118,
          88.434668
        ],
        [
          26.959178,
          88.434588
        ],
        [
          26.959251,
          88.43443
        ],
        [
          26.959189,
          88.434294
        ],
        [
          26.959044,
          88.434205
        ],
        [
          26.958878,
          88.434203
        ],
        [
          26.958703,
          88.434232
        ],
        [
          26.958511,
          88.4343
        ],
        [
          26.958417,
          88.434274
        ],
        [
          26.958345,
          88.434156
        ],
        [
          26.958316,
          88.433971
        ],
        [
          26.95829,
          88.433769
        ],
        [
          26.958294,
          88.433581
        ],
        [
          26.958335,
          88.433455
        ],
        [
          26.958532,
          88.433468
        ],
        [
          26.958756,
          88.433471
        ],
        [
          26.958869,
          88.43351
        ],
        [
          26.95895,
          88.433522
        ],
        [
          26.959047,
          88.433559
        ],
        [
          26.959158,
          88.433585
        ],
        [
          26.95927,
          88.433592
        ],
        [
          26.959391,
          88.433593
        ],
        [
          26.959508,
          88.433612
        ],
        [
          26.959626,
          88.433668
        ],
        [
          26.959746,
          88.43371
        ],
        [
          26.959861,
          88.433761
        ],
        [
          26.959968,
          88.433809
        ],
        [
          26.960055,
          88.433857
        ],
        [
          26.960141,
          88.433912
        ],
        [
          26.960218,
          88.433955
        ],
        [
          26.960366,
          88.433943
        ],
        [
          26.96052,
          88.433799
        ],
        [
          26.960588,
          88.43355
        ],
        [
          26.960553,
          88.43342
        ],
        [
          26.960558,
          88.433278
        ],
        [
          26.960564,
          88.433161
        ],
        [
          26.960583,
          88.433018
        ],
        [
          26.960633,
          88.432893
        ],
        [
          26.960704,
          88.432754
        ],
        [
          26.960786,
          88.432628
        ],
        [
          26.960916,
          88.432631
        ],
        [
          26.960993,
          88.432736
        ],
        [
          26.961016,
          88.432813
        ],
        [
          26.961194,
          88.433012
        ],
        [
          26.961338,
          88.43306
        ],
        [
          26.961456,
          88.433007
        ],
        [
          26.961507,
          88.432884
        ],
        [
          26.961562,
          88.432732
        ],
        [
          26.961627,
          88.432558
        ],
        [
          26.961717,
          88.432445
        ],
        [
          26.961798,
          88.432378
        ],
        [
          26.961924,
          88.432358
        ],
        [
          26.962015,
          88.432416
        ],
        [
          26.962095,
          88.43253
        ],
        [
          26.962174,
          88.432678
        ],
        [
          26.962292,
          88.432612
        ],
        [
          26.962354,
          88.432517
        ],
        [
          26.962421,
          88.432342
        ],
        [
          26.962497,
          88.432187
        ],
        [
          26.962597,
          88.43209
        ],
        [
          26.962736,
          88.4321
        ],
        [
          26.962895,
          88.432079
        ],
        [
          26.963064,
          88.431998
        ],
        [
          26.963177,
          88.431886
        ],
        [
          26.963218,
          88.431722
        ],
        [
          26.963239,
          88.431563
        ],
        [
          26.963255,
          88.431382
        ],
        [
          26.963139,
          88.431138
        ],
        [
          26.963073,
          88.430984
        ],
        [
          26.963055,
          88.430826
        ],
        [
          26.963098,
          88.430691
        ],
        [
          26.96317,
          88.430527
        ],
        [
          26.963259,
          88.430346
        ],
        [
          26.963296,
          88.430236
        ],
        [
          26.963329,
          88.43013
        ],
        [
          26.963354,
          88.43002
        ],
        [
          26.963443,
          88.429867
        ],
        [
          26.963583,
          88.429781
        ],
        [
          26.963707,
          88.429693
        ],
        [
          26.96383,
          88.429626
        ],
        [
          26.963963,
          88.429619
        ],
        [
          26.964115,
          88.42961
        ],
        [
          26.964247,
          88.429589
        ],
        [
          26.964368,
          88.429577
        ],
        [
          26.964503,
          88.429453
        ],
        [
          26.964608,
          88.429308
        ],
        [
          26.964701,
          88.429188
        ],
        [
          26.964799,
          88.42904
        ],
        [
          26.964912,
          88.42893
        ],
        [
          26.965019,
          88.428814
        ],
        [
          26.965123,
          88.428715
        ],
        [
          26.965255,
          88.428608
        ],
        [
          26.965368,
          88.428555
        ],
        [
          26.965505,
          88.428525
        ],
        [
          26.965658,
          88.428478
        ],
        [
          26.965811,
          88.428493
        ],
        [
          26.965983,
          88.428534
        ],
        [
          26.96616,
          88.428594
        ],
        [
          26.966352,
          88.428614
        ],
        [
          26.966543,
          88.428581
        ],
        [
          26.966705,
          88.428509
        ],
        [
          26.966823,
          88.428381
        ],
        [
          26.966859,
          88.42817
        ],
        [
          26.966904,
          88.428005
        ],
        [
          26.966917,
          88.42789
        ],
        [
          26.966961,
          88.427792
        ],
        [
          26.966985,
          88.427647
        ],
        [
          26.967058,
          88.427509
        ],
        [
          26.96722,
          88.427386
        ],
        [
          26.967393,
          88.427278
        ],
        [
          26.967566,
          88.427187
        ],
        [
          26.967697,
          88.427074
        ],
        [
          26.967833,
          88.426836
        ],
        [
          26.967945,
          88.426684
        ],
        [
          26.96805,
          88.426517
        ],
        [
          26.968122,
          88.426441
        ],
        [
          26.968184,
          88.426366
        ],
        [
          26.968272,
          88.426314
        ],
        [
          26.968464,
          88.426204
        ],
        [
          26.968586,
          88.426144
        ],
        [
          26.968694,
          88.426085
        ],
        [
          26.968792,
          88.42605
        ],
        [
          26.968878,
          88.426001
        ],
        [
          26.968968,
          88.42582
        ],
        [
          26.969018,
          88.425689
        ],
        [
          26.969074,
          88.425608
        ],
        [
          26.969151,
          88.425525
        ],
        [
          26.969225,
          88.425428
        ],
        [
          26.969358,
          88.425345
        ],
        [
          26.96949,
          88.42528
        ],
        [
          26.969619,
          88.425299
        ],
        [
          26.969719,
          88.425328
        ],
        [
          26.969805,
          88.425333
        ],
        [
          26.969901,
          88.425338
        ],
        [
          26.970005,
          88.425318
        ],
        [
          26.970116,
          88.425281
        ],
        [
          26.970243,
          88.425234
        ],
        [
          26.970382,
          88.425167
        ],
        [
          26.970537,
          88.42506
        ],
        [
          26.970623,
          88.425005
        ],
        [
          26.970706,
          88.424945
        ],
        [
          26.97079,
          88.424887
        ],
        [
          26.970881,
          88.424841
        ],
        [
          26.970973,
          88.424805
        ],
        [
          26.971064,
          88.424776
        ],
        [
          26.971163,
          88.424765
        ],
        [
          26.971255,
          88.424743
        ],
        [
          26.971343,
          88.424717
        ],
        [
          26.971514,
          88.424679
        ],
        [
          26.971665,
          88.424649
        ],
        [
          26.971817,
          88.424665
        ],
        [
          26.971978,
          88.424722
        ],
        [
          26.97208,
          88.424858
        ],
        [
          26.972171,
          88.424997
        ],
        [
          26.972264,
          88.425075
        ],
        [
          26.972408,
          88.424979
        ],
        [
          26.97255,
          88.424849
        ],
        [
          26.972685,
          88.424726
        ],
        [
          26.972755,
          88.424663
        ],
        [
          26.972898,
          88.42459
        ],
        [
          26.973091,
          88.424548
        ],
        [
          26.973193,
          88.424532
        ],
        [
          26.973283,
          88.424504
        ],
        [
          26.97338,
          88.424442
        ],
        [
          26.973495,
          88.424402
        ],
        [
          26.973593,
          88.424385
        ],
        [
          26.973707,
          88.424382
        ],
        [
          26.973835,
          88.424379
        ],
        [
          26.973949,
          88.424383
        ],
        [
          26.974057,
          88.424401
        ],
        [
          26.974167,
          88.424426
        ],
        [
          26.974268,
          88.424446
        ],
        [
          26.974381,
          88.42447
        ],
        [
          26.974487,
          88.424507
        ],
        [
          26.974585,
          88.424548
        ],
        [
          26.974686,
          88.424585
        ],
        [
          26.974773,
          88.424626
        ],
        [
          26.974916,
          88.424718
        ],
        [
          26.975086,
          88.424736
        ],
        [
          26.975281,
          88.424703
        ],
        [
          26.975386,
          88.424666
        ],
        [
          26.975486,
          88.424605
        ],
        [
          26.975563,
          88.424525
        ],
        [
          26.975658,
          88.424464
        ],
        [
          26.975749,
          88.424405
        ],
        [
          26.975836,
          88.424343
        ],
        [
          26.975938,
          88.424306
        ],
        [
          26.976053,
          88.424277
        ],
        [
          26.976167,
          88.424264
        ],
        [
          26.976271,
          88.42426
        ],
        [
          26.976358,
          88.424232
        ],
        [
          26.976448,
          88.424191
        ],
        [
          26.976542,
          88.424124
        ],
        [
          26.976641,
          88.424057
        ],
        [
          26.976746,
          88.423979
        ],
        [
          26.976839,
          88.423919
        ],
        [
          26.976949,
          88.423868
        ],
        [
          26.977046,
          88.423807
        ],
        [
          26.977142,
          88.423746
        ],
        [
          26.977213,
          88.423678
        ],
        [
          26.977211,
          88.423631
        ],
        [
          26.977187,
          88.423558
        ],
        [
          26.977022,
          88.423539
        ],
        [
          26.976848,
          88.423591
        ],
        [
          26.976697,
          88.423689
        ],
        [
          26.976601,
          88.42376
        ],
        [
          26.976465,
          88.423845
        ],
        [
          26.976354,
          88.423892
        ],
        [
          26.976236,
          88.423855
        ],
        [
          26.976126,
          88.423749
        ],
        [
          26.976038,
          88.423645
        ],
        [
          26.975913,
          88.423607
        ],
        [
          26.975785,
          88.42367
        ],
        [
          26.975651,
          88.42374
        ],
        [
          26.975489,
          88.42389
        ],
        [
          26.975339,
          88.423892
        ],
        [
          26.97514,
          88.423814
        ],
        [
          26.974993,
          88.423742
        ],
        [
          26.974912,
          88.42371
        ],
        [
          26.974797,
          88.423655
        ],
        [
          26.974706,
          88.423549
        ],
        [
          26.974593,
          88.42349
        ],
        [
          26.974503,
          88.423441
        ],
        [
          26.974379,
          88.423363
        ],
        [
          26.97428,
          88.423369
        ],
        [
          26.974138,
          88.423265
        ],
        [
          26.974082,
          88.423157
        ],
        [
          26.974066,
          88.423025
        ],
        [
          26.974091,
          88.422791
        ],
        [
          26.974113,
          88.422558
        ],
        [
          26.974074,
          88.422401
        ],
        [
          26.974035,
          88.422261
        ],
        [
          26.974025,
          88.422129
        ],
        [
          26.974016,
          88.422041
        ],
        [
          26.973984,
          88.421946
        ],
        [
          26.973904,
          88.421861
        ],
        [
          26.973791,
          88.421811
        ],
        [
          26.973704,
          88.421727
        ],
        [
          26.973626,
          88.42161
        ],
        [
          26.973545,
          88.421501
        ],
        [
          26.973385,
          88.421367
        ],
        [
          26.973275,
          88.421319
        ],
        [
          26.97317,
          88.421257
        ],
        [
          26.973083,
          88.421184
        ],
        [
          26.97301,
          88.421087
        ],
        [
          26.97293,
          88.42096
        ],
        [
          26.972877,
          88.420888
        ],
        [
          26.972828,
          88.420803
        ],
        [
          26.972779,
          88.420691
        ],
        [
          26.972732,
          88.420592
        ],
        [
          26.972681,
          88.420522
        ],
        [
          26.972614,
          88.420425
        ],
        [
          26.972483,
          88.420326
        ],
        [
          26.972379,
          88.420253
        ],
        [
          26.972289,
          88.420139
        ],
        [
          26.972231,
          88.42002
        ],
        [
          26.972146,
          88.419882
        ],
        [
          26.972058,
          88.419792
        ],
        [
          26.971955,
          88.41971
        ],
        [
          26.971842,
          88.41969
        ],
        [
          26.971743,
          88.419695
        ],
        [
          26.971631,
          88.419718
        ],
        [
          26.971532,
          88.419732
        ],
        [
          26.971436,
          88.419759
        ],
        [
          26.971302,
          88.419774
        ],
        [
          26.971134,
          88.419784
        ],
        [
          26.971018,
          88.419794
        ],
        [
          26.970921,
          88.419789
        ],
        [
          26.97077,
          88.419793
        ],
        [
          26.970602,
          88.419792
        ],
        [
          26.970496,
          88.419801
        ],
        [
          26.970342,
          88.419803
        ],
        [
          26.97023,
          88.419816
        ],
        [
          26.970142,
          88.419821
        ],
        [
          26.969992,
          88.41977
        ],
        [
          26.969821,
          88.419695
        ],
        [
          26.969742,
          88.419621
        ],
        [
          26.969656,
          88.419531
        ],
        [
          26.969568,
          88.419429
        ],
        [
          26.969379,
          88.419107
        ],
        [
          26.969296,
          88.418968
        ],
        [
          26.969217,
          88.418875
        ],
        [
          26.96915,
          88.418765
        ],
        [
          26.968955,
          88.418597
        ],
        [
          26.968837,
          88.418534
        ],
        [
          26.9687,
          88.418507
        ],
        [
          26.968595,
          88.418504
        ],
        [
          26.968516,
          88.418463
        ],
        [
          26.968468,
          88.418395
        ],
        [
          26.968399,
          88.418246
        ],
        [
          26.968388,
          88.418085
        ],
        [
          26.96839,
          88.417935
        ],
        [
          26.96846,
          88.417805
        ],
        [
          26.968547,
          88.417672
        ],
        [
          26.96864,
          88.417611
        ],
        [
          26.968746,
          88.417535
        ],
        [
          26.968869,
          88.417457
        ],
        [
          26.969016,
          88.417366
        ],
        [
          26.969161,
          88.417313
        ],
        [
          26.969328,
          88.417291
        ],
        [
          26.969503,
          88.417307
        ],
        [
          26.969683,
          88.417375
        ],
        [
          26.969778,
          88.417399
        ],
        [
          26.969873,
          88.417419
        ],
        [
          26.969966,
          88.417434
        ],
        [
          26.97006,
          88.417444
        ],
        [
          26.970515,
          88.417507
        ],
        [
          26.97057,
          88.417518
        ],
        [
          26.970625,
          88.417521
        ],
        [
          26.97068,
          88.417517
        ],
        [
          26.970731,
          88.417507
        ],
        [
          26.97078,
          88.417491
        ],
        [
          26.970827,
          88.417469
        ],
        [
          26.97085,
          88.417444
        ],
        [
          26.970869,
          88.417415
        ],
        [
          26.970888,
          88.417375
        ],
        [
          26.970896,
          88.417353
        ],
        [
          26.970901,
          88.417331
        ],
        [
          26.970904,
          88.41729
        ],
        [
          26.9709,
          88.417249
        ],
        [
          26.970891,
          88.417217
        ],
        [
          26.970878,
          88.417187
        ],
        [
          26.970861,
          88.41716
        ],
        [
          26.970769,
          88.416994
        ],
        [
          26.970751,
          88.416956
        ],
        [
          26.970738,
          88.416914
        ],
        [
          26.97073,
          88.416871
        ],
        [
          26.970728,
          88.416824
        ],
        [
          26.970732,
          88.416777
        ],
        [
          26.970742,
          88.416731
        ],
        [
          26.970759,
          88.416687
        ],
        [
          26.970783,
          88.416648
        ],
        [
          26.970812,
          88.416614
        ],
        [
          26.970829,
          88.416601
        ],
        [
          26.970843,
          88.416589
        ],
        [
          26.970877,
          88.41657
        ],
        [
          26.970913,
          88.416557
        ],
        [
          26.971234,
          88.416518
        ],
        [
          26.971329,
          88.416507
        ],
        [
          26.971455,
          88.416494
        ],
        [
          26.97158,
          88.416476
        ],
        [
          26.97166,
          88.416465
        ],
        [
          26.971738,
          88.416447
        ],
        [
          26.971806,
          88.416424
        ],
        [
          26.971872,
          88.416396
        ],
        [
          26.971927,
          88.416373
        ],
        [
          26.971984,
          88.416355
        ],
        [
          26.972042,
          88.416342
        ],
        [
          26.972119,
          88.416333
        ],
        [
          26.972196,
          88.416334
        ],
        [
          26.972235,
          88.416337
        ],
        [
          26.972274,
          88.416343
        ],
        [
          26.972331,
          88.416359
        ],
        [
          26.972387,
          88.416381
        ],
        [
          26.972441,
          88.41641
        ],
        [
          26.972615,
          88.416524
        ],
        [
          26.972641,
          88.416559
        ],
        [
          26.972661,
          88.416598
        ],
        [
          26.972677,
          88.416639
        ],
        [
          26.972688,
          88.416682
        ],
        [
          26.972693,
          88.416726
        ],
        [
          26.972695,
          88.416792
        ],
        [
          26.972692,
          88.416858
        ],
        [
          26.972682,
          88.416923
        ],
        [
          26.972666,
          88.416986
        ],
        [
          26.972617,
          88.417237
        ],
        [
          26.972613,
          88.417265
        ],
        [
          26.972613,
          88.417294
        ],
        [
          26.972618,
          88.417322
        ],
        [
          26.972628,
          88.417351
        ],
        [
          26.972643,
          88.417377
        ],
        [
          26.972662,
          88.417399
        ],
        [
          26.972685,
          88.417418
        ],
        [
          26.972756,
          88.41744
        ],
        [
          26.972828,
          88.417458
        ],
        [
          26.972901,
          88.417471
        ],
        [
          26.972998,
          88.41748
        ],
        [
          26.973095,
          88.417481
        ],
        [
          26.9732,
          88.417487
        ],
        [
          26.973305,
          88.417498
        ],
        [
          26.973481,
          88.417532
        ],
        [
          26.97366,
          88.417609
        ],
        [
          26.973763,
          88.417633
        ],
        [
          26.973861,
          88.41765
        ],
        [
          26.974043,
          88.417711
        ],
        [
          26.974203,
          88.417805
        ],
        [
          26.974358,
          88.417913
        ],
        [
          26.974482,
          88.418049
        ],
        [
          26.974577,
          88.418191
        ],
        [
          26.974677,
          88.418323
        ],
        [
          26.974775,
          88.418456
        ],
        [
          26.974866,
          88.418522
        ],
        [
          26.974967,
          88.41859
        ],
        [
          26.975048,
          88.418601
        ],
        [
          26.975099,
          88.418578
        ],
        [
          26.975152,
          88.418583
        ],
        [
          26.975214,
          88.418619
        ],
        [
          26.975261,
          88.418726
        ],
        [
          26.97529,
          88.418821
        ],
        [
          26.975386,
          88.4189
        ],
        [
          26.975518,
          88.418994
        ],
        [
          26.975662,
          88.419103
        ],
        [
          26.975826,
          88.419209
        ],
        [
          26.975912,
          88.419267
        ],
        [
          26.976,
          88.419333
        ],
        [
          26.976092,
          88.419399
        ],
        [
          26.976183,
          88.419473
        ],
        [
          26.976278,
          88.41955
        ],
        [
          26.976385,
          88.419617
        ],
        [
          26.976504,
          88.419673
        ],
        [
          26.976629,
          88.419722
        ],
        [
          26.976762,
          88.419763
        ],
        [
          26.976895,
          88.419797
        ],
        [
          26.97701,
          88.419853
        ],
        [
          26.977156,
          88.419907
        ],
        [
          26.977283,
          88.419975
        ],
        [
          26.97742,
          88.42002
        ],
        [
          26.977559,
          88.420023
        ],
        [
          26.977667,
          88.420017
        ],
        [
          26.977756,
          88.419978
        ],
        [
          26.977852,
          88.419946
        ],
        [
          26.977956,
          88.419902
        ],
        [
          26.97806,
          88.419839
        ],
        [
          26.978166,
          88.41978
        ],
        [
          26.978261,
          88.419721
        ],
        [
          26.978354,
          88.419663
        ],
        [
          26.978431,
          88.419628
        ],
        [
          26.97852,
          88.41957
        ],
        [
          26.978649,
          88.419503
        ],
        [
          26.97877,
          88.419454
        ],
        [
          26.978885,
          88.419434
        ],
        [
          26.979058,
          88.419395
        ],
        [
          26.979252,
          88.41935
        ],
        [
          26.979383,
          88.419293
        ],
        [
          26.979479,
          88.419194
        ],
        [
          26.979511,
          88.419071
        ],
        [
          26.97957,
          88.418947
        ],
        [
          26.979619,
          88.418839
        ],
        [
          26.979709,
          88.418712
        ],
        [
          26.979839,
          88.418655
        ],
        [
          26.979951,
          88.418642
        ],
        [
          26.980028,
          88.418646
        ],
        [
          26.980134,
          88.418614
        ],
        [
          26.980255,
          88.418562
        ],
        [
          26.980347,
          88.41848
        ],
        [
          26.98041,
          88.418366
        ],
        [
          26.980506,
          88.418279
        ],
        [
          26.98059,
          88.418237
        ],
        [
          26.980725,
          88.418274
        ],
        [
          26.980876,
          88.418339
        ],
        [
          26.981034,
          88.418472
        ],
        [
          26.981105,
          88.418561
        ],
        [
          26.981182,
          88.418666
        ],
        [
          26.981269,
          88.418763
        ],
        [
          26.981367,
          88.418845
        ],
        [
          26.981466,
          88.418905
        ],
        [
          26.981565,
          88.418945
        ],
        [
          26.981662,
          88.418951
        ],
        [
          26.981754,
          88.418946
        ],
        [
          26.981836,
          88.418917
        ],
        [
          26.981926,
          88.418776
        ],
        [
          26.981932,
          88.418582
        ],
        [
          26.981925,
          88.418452
        ],
        [
          26.981952,
          88.418304
        ],
        [
          26.982023,
          88.418163
        ],
        [
          26.98215,
          88.418017
        ],
        [
          26.982226,
          88.417934
        ],
        [
          26.982314,
          88.417849
        ],
        [
          26.982397,
          88.417763
        ],
        [
          26.982462,
          88.417674
        ],
        [
          26.982579,
          88.417516
        ],
        [
          26.982644,
          88.417119
        ],
        [
          26.98279,
          88.416575
        ],
        [
          26.982937,
          88.416176
        ],
        [
          26.98311,
          88.4159
        ],
        [
          26.983222,
          88.415605
        ],
        [
          26.983319,
          88.41539
        ],
        [
          26.983388,
          88.415199
        ],
        [
          26.983434,
          88.415088
        ],
        [
          26.983507,
          88.415002
        ],
        [
          26.983575,
          88.414905
        ],
        [
          26.983626,
          88.414808
        ],
        [
          26.983634,
          88.414719
        ],
        [
          26.983681,
          88.414624
        ],
        [
          26.983721,
          88.414567
        ],
        [
          26.983818,
          88.414536
        ],
        [
          26.98443,
          88.414882
        ],
        [
          26.9845,
          88.414982
        ],
        [
          26.984512,
          88.415115
        ],
        [
          26.984532,
          88.415452
        ],
        [
          26.984694,
          88.416514
        ],
        [
          26.984732,
          88.416683
        ],
        [
          26.984773,
          88.416778
        ],
        [
          26.98482,
          88.41689
        ],
        [
          26.984885,
          88.416946
        ],
        [
          26.984979,
          88.416999
        ],
        [
          26.985329,
          88.417096
        ],
        [
          26.985507,
          88.417145
        ],
        [
          26.985625,
          88.41716
        ],
        [
          26.985769,
          88.417175
        ],
        [
          26.985905,
          88.417208
        ],
        [
          26.986037,
          88.41724
        ],
        [
          26.986145,
          88.41727
        ],
        [
          26.986279,
          88.417297
        ],
        [
          26.986434,
          88.417291
        ],
        [
          26.986581,
          88.417291
        ],
        [
          26.986722,
          88.417298
        ],
        [
          26.986845,
          88.417387
        ],
        [
          26.986919,
          88.417553
        ],
        [
          26.987013,
          88.417709
        ],
        [
          26.987122,
          88.417837
        ],
        [
          26.987286,
          88.417933
        ],
        [
          26.987418,
          88.418024
        ],
        [
          26.987555,
          88.418075
        ],
        [
          26.987688,
          88.418109
        ],
        [
          26.987837,
          88.418138
        ],
        [
          26.98798,
          88.418184
        ],
        [
          26.988129,
          88.418227
        ],
        [
          26.988268,
          88.418276
        ],
        [
          26.988356,
          88.418322
        ],
        [
          26.988442,
          88.418399
        ],
        [
          26.98853,
          88.418488
        ],
        [
          26.988613,
          88.418554
        ],
        [
          26.988674,
          88.418581
        ],
        [
          26.988751,
          88.418585
        ],
        [
          26.988935,
          88.418564
        ],
        [
          26.989015,
          88.418575
        ],
        [
          26.989084,
          88.418601
        ],
        [
          26.989156,
          88.418654
        ],
        [
          26.989244,
          88.418776
        ],
        [
          26.989355,
          88.418931
        ],
        [
          26.989513,
          88.419164
        ],
        [
          26.989588,
          88.419317
        ],
        [
          26.989615,
          88.41942
        ],
        [
          26.989641,
          88.419527
        ],
        [
          26.989691,
          88.419716
        ],
        [
          26.989788,
          88.419895
        ],
        [
          26.989855,
          88.419993
        ],
        [
          26.989912,
          88.420075
        ],
        [
          26.989983,
          88.420171
        ],
        [
          26.990055,
          88.42023
        ],
        [
          26.990153,
          88.42027
        ],
        [
          26.990242,
          88.420277
        ],
        [
          26.990389,
          88.420275
        ],
        [
          26.990494,
          88.42028
        ],
        [
          26.99059,
          88.420304
        ],
        [
          26.99069,
          88.420336
        ],
        [
          26.990808,
          88.420398
        ],
        [
          26.990901,
          88.420481
        ],
        [
          26.990982,
          88.420577
        ],
        [
          26.991093,
          88.420647
        ],
        [
          26.99122,
          88.420707
        ],
        [
          26.991315,
          88.420741
        ],
        [
          26.991389,
          88.420812
        ],
        [
          26.991422,
          88.420907
        ],
        [
          26.991426,
          88.420993
        ],
        [
          26.991443,
          88.421206
        ],
        [
          26.991457,
          88.421379
        ],
        [
          26.991473,
          88.42147
        ],
        [
          26.991506,
          88.421561
        ],
        [
          26.991563,
          88.421616
        ],
        [
          26.991646,
          88.421738
        ],
        [
          26.991748,
          88.421842
        ],
        [
          26.99182,
          88.421944
        ],
        [
          26.99188,
          88.422044
        ],
        [
          26.991943,
          88.422189
        ],
        [
          26.991964,
          88.422278
        ],
        [
          26.991968,
          88.422375
        ],
        [
          26.991973,
          88.422447
        ],
        [
          26.991963,
          88.422527
        ],
        [
          26.991917,
          88.422625
        ],
        [
          26.991879,
          88.422734
        ],
        [
          26.991832,
          88.422869
        ],
        [
          26.99181,
          88.423045
        ],
        [
          26.991814,
          88.423252
        ],
        [
          26.99183,
          88.423385
        ],
        [
          26.991842,
          88.423518
        ],
        [
          26.991882,
          88.423797
        ],
        [
          26.991881,
          88.424133
        ],
        [
          26.991892,
          88.424295
        ],
        [
          26.991902,
          88.42468
        ],
        [
          26.991907,
          88.424846
        ],
        [
          26.991923,
          88.424926
        ],
        [
          26.991965,
          88.425
        ],
        [
          26.992039,
          88.425086
        ],
        [
          26.992164,
          88.425183
        ],
        [
          26.99243,
          88.425244
        ],
        [
          26.992622,
          88.425277
        ],
        [
          26.992772,
          88.425299
        ],
        [
          26.99292,
          88.425346
        ],
        [
          26.99307,
          88.42546
        ],
        [
          26.993159,
          88.425525
        ],
        [
          26.993246,
          88.425579
        ],
        [
          26.993404,
          88.425695
        ],
        [
          26.993569,
          88.425829
        ],
        [
          26.993653,
          88.425882
        ],
        [
          26.993746,
          88.425904
        ],
        [
          26.993937,
          88.425908
        ],
        [
          26.994124,
          88.425924
        ],
        [
          26.994292,
          88.425932
        ],
        [
          26.994433,
          88.425914
        ],
        [
          26.994587,
          88.42583
        ],
        [
          26.994768,
          88.425757
        ],
        [
          26.994857,
          88.425742
        ],
        [
          26.994953,
          88.425744
        ],
        [
          26.995056,
          88.425733
        ],
        [
          26.99517,
          88.425739
        ],
        [
          26.995283,
          88.425756
        ],
        [
          26.995396,
          88.425765
        ],
        [
          26.995508,
          88.425786
        ],
        [
          26.995625,
          88.425817
        ],
        [
          26.995738,
          88.425857
        ],
        [
          26.995841,
          88.425905
        ],
        [
          26.996016,
          88.425979
        ],
        [
          26.99617,
          88.426048
        ],
        [
          26.996316,
          88.426069
        ],
        [
          26.996411,
          88.425978
        ],
        [
          26.996549,
          88.4258
        ],
        [
          26.996647,
          88.425762
        ],
        [
          26.996778,
          88.425861
        ],
        [
          26.996792,
          88.426006
        ],
        [
          26.996758,
          88.42616
        ],
        [
          26.996682,
          88.426395
        ],
        [
          26.996528,
          88.426759
        ],
        [
          26.996458,
          88.426994
        ],
        [
          26.996541,
          88.427125
        ],
        [
          26.996628,
          88.427297
        ],
        [
          26.996679,
          88.427382
        ],
        [
          26.996854,
          88.427528
        ],
        [
          26.996952,
          88.427594
        ],
        [
          26.997064,
          88.427681
        ],
        [
          26.997178,
          88.427764
        ],
        [
          26.997294,
          88.427826
        ],
        [
          26.997399,
          88.427904
        ],
        [
          26.99751,
          88.427988
        ],
        [
          26.997622,
          88.42807
        ],
        [
          26.997715,
          88.428135
        ],
        [
          26.997807,
          88.42822
        ],
        [
          26.997896,
          88.428296
        ],
        [
          26.997985,
          88.428372
        ],
        [
          26.997995,
          88.428411
        ],
        [
          26.997897,
          88.428505
        ],
        [
          26.997793,
          88.428618
        ],
        [
          26.997725,
          88.4288
        ],
        [
          26.997747,
          88.428983
        ],
        [
          26.997796,
          88.429187
        ],
        [
          26.997876,
          88.4294
        ],
        [
          26.997926,
          88.429589
        ],
        [
          26.997964,
          88.429821
        ],
        [
          26.997966,
          88.429954
        ],
        [
          26.997965,
          88.430086
        ],
        [
          26.997958,
          88.43021
        ],
        [
          26.997953,
          88.430317
        ],
        [
          26.997928,
          88.430491
        ],
        [
          26.997913,
          88.430644
        ],
        [
          26.997968,
          88.430712
        ],
        [
          26.998024,
          88.430797
        ],
        [
          26.998092,
          88.430902
        ],
        [
          26.998195,
          88.430994
        ],
        [
          26.99832,
          88.431076
        ],
        [
          26.998443,
          88.431225
        ],
        [
          26.998493,
          88.431346
        ],
        [
          26.998464,
          88.43159
        ],
        [
          26.998452,
          88.431847
        ],
        [
          26.998505,
          88.432298
        ],
        [
          26.99871,
          88.432785
        ],
        [
          26.998904,
          88.433292
        ],
        [
          26.998964,
          88.433483
        ],
        [
          26.999054,
          88.433695
        ],
        [
          26.999084,
          88.433799
        ],
        [
          26.999126,
          88.433948
        ],
        [
          26.999182,
          88.434077
        ],
        [
          26.999357,
          88.434186
        ],
        [
          26.999567,
          88.434236
        ],
        [
          26.999677,
          88.434238
        ],
        [
          26.999797,
          88.43423
        ],
        [
          26.999901,
          88.434232
        ],
        [
          26.999999,
          88.434236
        ],
        [
          27.0001,
          88.434315
        ],
        [
          27.000284,
          88.434417
        ],
        [
          27.000393,
          88.434485
        ],
        [
          27.000479,
          88.434541
        ],
        [
          27.000574,
          88.434729
        ],
        [
          27.000685,
          88.434857
        ],
        [
          27.000814,
          88.434845
        ],
        [
          27.000971,
          88.434791
        ],
        [
          27.001072,
          88.434816
        ],
        [
          27.001152,
          88.434888
        ],
        [
          27.001209,
          88.435003
        ],
        [
          27.001231,
          88.435219
        ],
        [
          27.001302,
          88.435395
        ],
        [
          27.001397,
          88.43554
        ],
        [
          27.001423,
          88.435568
        ],
        [
          27.001597,
          88.435855
        ],
        [
          27.001693,
          88.436222
        ],
        [
          27.001738,
          88.436698
        ],
        [
          27.001773,
          88.436847
        ],
        [
          27.001815,
          88.437012
        ],
        [
          27.00185,
          88.437195
        ],
        [
          27.00186,
          88.437382
        ],
        [
          27.00193,
          88.437762
        ],
        [
          27.001952,
          88.437833
        ],
        [
          27.001995,
          88.438
        ],
        [
          27.002062,
          88.438155
        ],
        [
          27.002133,
          88.438325
        ],
        [
          27.002197,
          88.438473
        ],
        [
          27.002273,
          88.438578
        ],
        [
          27.002523,
          88.438745
        ],
        [
          27.002683,
          88.43882
        ],
        [
          27.002808,
          88.438899
        ],
        [
          27.002921,
          88.43898
        ],
        [
          27.003037,
          88.439085
        ],
        [
          27.00314,
          88.439205
        ],
        [
          27.003239,
          88.439318
        ],
        [
          27.003303,
          88.439409
        ],
        [
          27.003357,
          88.439532
        ],
        [
          27.003445,
          88.439707
        ],
        [
          27.003497,
          88.439833
        ],
        [
          27.003568,
          88.43998
        ],
        [
          27.003669,
          88.440081
        ],
        [
          27.003753,
          88.440163
        ],
        [
          27.003822,
          88.440204
        ],
        [
          27.003927,
          88.440278
        ],
        [
          27.003984,
          88.440363
        ],
        [
          27.004035,
          88.440532
        ],
        [
          27.004033,
          88.440673
        ],
        [
          27.004013,
          88.440878
        ],
        [
          27.004027,
          88.441248
        ],
        [
          27.004091,
          88.441497
        ],
        [
          27.004163,
          88.441754
        ],
        [
          27.004236,
          88.441898
        ],
        [
          27.004314,
          88.441978
        ],
        [
          27.004427,
          88.442059
        ],
        [
          27.004533,
          88.442152
        ],
        [
          27.004644,
          88.442295
        ],
        [
          27.004775,
          88.442414
        ],
        [
          27.004904,
          88.442479
        ],
        [
          27.00502,
          88.442437
        ],
        [
          27.005144,
          88.442351
        ],
        [
          27.005275,
          88.442245
        ],
        [
          27.005394,
          88.442198
        ],
        [
          27.005545,
          88.442207
        ],
        [
          27.005685,
          88.442259
        ],
        [
          27.005833,
          88.44245
        ],
        [
          27.006006,
          88.442655
        ],
        [
          27.006129,
          88.442814
        ],
        [
          27.006226,
          88.442921
        ],
        [
          27.006373,
          88.443
        ],
        [
          27.00651,
          88.443007
        ],
        [
          27.006678,
          88.443018
        ],
        [
          27.006852,
          88.443022
        ],
        [
          27.007034,
          88.443028
        ],
        [
          27.007131,
          88.443043
        ],
        [
          27.007226,
          88.443071
        ],
        [
          27.007326,
          88.443109
        ],
        [
          27.007416,
          88.443138
        ],
        [
          27.007502,
          88.443184
        ],
        [
          27.007635,
          88.443239
        ],
        [
          27.007775,
          88.443185
        ],
        [
          27.007936,
          88.443076
        ],
        [
          27.00811,
          88.442978
        ],
        [
          27.008305,
          88.44296
        ],
        [
          27.008398,
          88.442954
        ],
        [
          27.00849,
          88.442966
        ],
        [
          27.008569,
          88.442972
        ],
        [
          27.008787,
          88.44311
        ],
        [
          27.00889,
          88.443222
        ],
        [
          27.008984,
          88.443317
        ],
        [
          27.00907,
          88.443421
        ],
        [
          27.00915,
          88.443523
        ],
        [
          27.009226,
          88.443618
        ],
        [
          27.009309,
          88.443678
        ],
        [
          27.009384,
          88.443735
        ],
        [
          27.009567,
          88.443794
        ],
        [
          27.00985,
          88.443811
        ],
        [
          27.010039,
          88.443722
        ],
        [
          27.010137,
          88.443659
        ],
        [
          27.010255,
          88.443604
        ],
        [
          27.01037,
          88.443556
        ],
        [
          27.010481,
          88.443489
        ],
        [
          27.010586,
          88.443431
        ],
        [
          27.010674,
          88.443372
        ],
        [
          27.010763,
          88.443304
        ],
        [
          27.010973,
          88.442819
        ],
        [
          27.011146,
          88.442327
        ],
        [
          27.011224,
          88.442086
        ],
        [
          27.011153,
          88.441666
        ],
        [
          27.011098,
          88.441491
        ],
        [
          27.011055,
          88.441321
        ],
        [
          27.011087,
          88.440906
        ],
        [
          27.011169,
          88.440583
        ],
        [
          27.011287,
          88.440265
        ],
        [
          27.011352,
          88.44006
        ],
        [
          27.011399,
          88.439896
        ],
        [
          27.011437,
          88.439628
        ],
        [
          27.011469,
          88.439485
        ],
        [
          27.011504,
          88.439339
        ],
        [
          27.011531,
          88.439197
        ],
        [
          27.011579,
          88.439071
        ],
        [
          27.011636,
          88.438959
        ],
        [
          27.011718,
          88.43886
        ],
        [
          27.011807,
          88.438767
        ],
        [
          27.011901,
          88.438682
        ],
        [
          27.012033,
          88.438647
        ],
        [
          27.012148,
          88.438601
        ],
        [
          27.0122,
          88.438513
        ],
        [
          27.012267,
          88.438368
        ],
        [
          27.01232,
          88.438277
        ],
        [
          27.012414,
          88.438106
        ],
        [
          27.012487,
          88.437986
        ],
        [
          27.012553,
          88.437863
        ],
        [
          27.012615,
          88.437715
        ],
        [
          27.012706,
          88.437581
        ],
        [
          27.012795,
          88.43744
        ],
        [
          27.012883,
          88.437304
        ],
        [
          27.01297,
          88.437168
        ],
        [
          27.013033,
          88.437056
        ],
        [
          27.013106,
          88.436948
        ],
        [
          27.013188,
          88.436853
        ],
        [
          27.013267,
          88.436768
        ],
        [
          27.013325,
          88.436696
        ],
        [
          27.013381,
          88.436546
        ],
        [
          27.013389,
          88.436459
        ],
        [
          27.013366,
          88.436362
        ],
        [
          27.013313,
          88.436242
        ],
        [
          27.013313,
          88.436123
        ],
        [
          27.013348,
          88.436008
        ],
        [
          27.013433,
          88.435874
        ],
        [
          27.013507,
          88.435802
        ],
        [
          27.013611,
          88.43575
        ],
        [
          27.013715,
          88.435751
        ],
        [
          27.013789,
          88.435816
        ],
        [
          27.013871,
          88.435902
        ],
        [
          27.013999,
          88.436039
        ],
        [
          27.014092,
          88.436038
        ],
        [
          27.014207,
          88.436006
        ],
        [
          27.014345,
          88.435936
        ],
        [
          27.014501,
          88.435873
        ],
        [
          27.014666,
          88.435816
        ],
        [
          27.014827,
          88.435777
        ],
        [
          27.014977,
          88.435716
        ],
        [
          27.015103,
          88.435663
        ],
        [
          27.015216,
          88.435674
        ],
        [
          27.015353,
          88.435746
        ],
        [
          27.015499,
          88.435787
        ],
        [
          27.015647,
          88.435755
        ],
        [
          27.015796,
          88.435653
        ],
        [
          27.015965,
          88.435601
        ],
        [
          27.016142,
          88.43558
        ],
        [
          27.016313,
          88.435497
        ],
        [
          27.016393,
          88.435432
        ],
        [
          27.016534,
          88.435294
        ],
        [
          27.016601,
          88.435232
        ],
        [
          27.016708,
          88.435098
        ],
        [
          27.016804,
          88.434948
        ],
        [
          27.016876,
          88.43479
        ],
        [
          27.016929,
          88.434671
        ],
        [
          27.017001,
          88.434597
        ],
        [
          27.017109,
          88.434597
        ],
        [
          27.017204,
          88.434679
        ],
        [
          27.017283,
          88.434819
        ],
        [
          27.017375,
          88.434962
        ],
        [
          27.017481,
          88.435065
        ],
        [
          27.017637,
          88.435099
        ],
        [
          27.017726,
          88.435094
        ],
        [
          27.017908,
          88.435069
        ],
        [
          27.018076,
          88.43497
        ],
        [
          27.01817,
          88.434845
        ],
        [
          27.018233,
          88.434742
        ],
        [
          27.018302,
          88.43466
        ],
        [
          27.018412,
          88.434627
        ],
        [
          27.018568,
          88.434644
        ],
        [
          27.018764,
          88.434704
        ],
        [
          27.018966,
          88.434752
        ],
        [
          27.019157,
          88.434809
        ],
        [
          27.019343,
          88.434817
        ],
        [
          27.019518,
          88.434768
        ],
        [
          27.019669,
          88.434734
        ],
        [
          27.019789,
          88.434741
        ],
        [
          27.019871,
          88.434795
        ],
        [
          27.019949,
          88.434948
        ],
        [
          27.020064,
          88.435103
        ],
        [
          27.020222,
          88.435208
        ],
        [
          27.020407,
          88.435292
        ],
        [
          27.020587,
          88.435356
        ],
        [
          27.020678,
          88.435373
        ],
        [
          27.020773,
          88.435377
        ],
        [
          27.020874,
          88.435358
        ],
        [
          27.020981,
          88.435329
        ],
        [
          27.021093,
          88.435291
        ],
        [
          27.021205,
          88.435249
        ],
        [
          27.021314,
          88.435208
        ],
        [
          27.02142,
          88.435164
        ],
        [
          27.021524,
          88.435117
        ],
        [
          27.021628,
          88.435073
        ],
        [
          27.02173,
          88.435024
        ],
        [
          27.021833,
          88.434978
        ],
        [
          27.021932,
          88.434929
        ],
        [
          27.022029,
          88.434877
        ],
        [
          27.022121,
          88.434815
        ],
        [
          27.022202,
          88.434742
        ],
        [
          27.022279,
          88.43466
        ],
        [
          27.022362,
          88.434568
        ],
        [
          27.022449,
          88.434476
        ],
        [
          27.022543,
          88.434393
        ],
        [
          27.022651,
          88.434321
        ],
        [
          27.022762,
          88.434254
        ],
        [
          27.02288,
          88.434191
        ],
        [
          27.022996,
          88.43413
        ],
        [
          27.023106,
          88.434063
        ],
        [
          27.023207,
          88.433985
        ],
        [
          27.023296,
          88.433897
        ],
        [
          27.023374,
          88.433802
        ],
        [
          27.023432,
          88.433701
        ],
        [
          27.023471,
          88.433594
        ],
        [
          27.023511,
          88.433486
        ],
        [
          27.023535,
          88.433382
        ],
        [
          27.023565,
          88.433287
        ],
        [
          27.02369,
          88.433151
        ],
        [
          27.023779,
          88.433062
        ],
        [
          27.023912,
          88.432971
        ],
        [
          27.024054,
          88.432895
        ],
        [
          27.024171,
          88.43278
        ],
        [
          27.024265,
          88.432721
        ],
        [
          27.02435,
          88.432645
        ],
        [
          27.024425,
          88.432553
        ],
        [
          27.024504,
          88.432455
        ],
        [
          27.02459,
          88.432356
        ],
        [
          27.024676,
          88.432254
        ],
        [
          27.024752,
          88.432133
        ],
        [
          27.024825,
          88.432007
        ],
        [
          27.024902,
          88.431887
        ],
        [
          27.024988,
          88.431768
        ],
        [
          27.025103,
          88.431667
        ],
        [
          27.025353,
          88.431451
        ],
        [
          27.025462,
          88.431368
        ],
        [
          27.025635,
          88.431215
        ],
        [
          27.025763,
          88.431067
        ],
        [
          27.025907,
          88.43091
        ],
        [
          27.026053,
          88.430758
        ],
        [
          27.026219,
          88.430648
        ],
        [
          27.026423,
          88.430524
        ],
        [
          27.026652,
          88.4304
        ],
        [
          27.026845,
          88.43028
        ],
        [
          27.027119,
          88.430084
        ],
        [
          27.02733,
          88.42999
        ],
        [
          27.027516,
          88.429893
        ],
        [
          27.027806,
          88.429663
        ],
        [
          27.027961,
          88.429508
        ],
        [
          27.028124,
          88.42938
        ],
        [
          27.028202,
          88.429291
        ],
        [
          27.028287,
          88.429216
        ],
        [
          27.028452,
          88.429164
        ],
        [
          27.028605,
          88.429117
        ],
        [
          27.028698,
          88.429047
        ],
        [
          27.028733,
          88.428921
        ],
        [
          27.028669,
          88.428744
        ],
        [
          27.028591,
          88.428614
        ],
        [
          27.028385,
          88.428262
        ],
        [
          27.028324,
          88.42817
        ],
        [
          27.02827,
          88.428079
        ],
        [
          27.028187,
          88.427884
        ],
        [
          27.028154,
          88.427794
        ],
        [
          27.028123,
          88.427699
        ],
        [
          27.028087,
          88.427471
        ],
        [
          27.028076,
          88.427154
        ],
        [
          27.028122,
          88.426958
        ],
        [
          27.028198,
          88.426898
        ],
        [
          27.028305,
          88.426898
        ],
        [
          27.028438,
          88.426889
        ],
        [
          27.028769,
          88.426816
        ],
        [
          27.028918,
          88.426829
        ],
        [
          27.028998,
          88.426902
        ],
        [
          27.029023,
          88.426967
        ],
        [
          27.029109,
          88.427174
        ],
        [
          27.029182,
          88.427341
        ],
        [
          27.029274,
          88.427509
        ],
        [
          27.029378,
          88.427664
        ],
        [
          27.029482,
          88.427811
        ],
        [
          27.029587,
          88.427954
        ],
        [
          27.029699,
          88.428118
        ],
        [
          27.029753,
          88.428202
        ],
        [
          27.029807,
          88.428288
        ],
        [
          27.029911,
          88.428457
        ],
        [
          27.030024,
          88.428587
        ],
        [
          27.030153,
          88.428638
        ],
        [
          27.030314,
          88.428631
        ],
        [
          27.030405,
          88.428607
        ],
        [
          27.030503,
          88.428595
        ],
        [
          27.030604,
          88.428579
        ],
        [
          27.030711,
          88.428569
        ],
        [
          27.030821,
          88.428554
        ],
        [
          27.030929,
          88.428545
        ],
        [
          27.031031,
          88.428537
        ],
        [
          27.031127,
          88.428535
        ],
        [
          27.031221,
          88.428533
        ],
        [
          27.031315,
          88.428538
        ],
        [
          27.031409,
          88.428568
        ],
        [
          27.031506,
          88.428614
        ],
        [
          27.031599,
          88.428672
        ],
        [
          27.031689,
          88.428736
        ],
        [
          27.03178,
          88.428811
        ],
        [
          27.03187,
          88.428877
        ],
        [
          27.031962,
          88.428932
        ],
        [
          27.032059,
          88.428985
        ],
        [
          27.032153,
          88.429034
        ],
        [
          27.032248,
          88.429071
        ],
        [
          27.032349,
          88.429099
        ],
        [
          27.032453,
          88.429108
        ],
        [
          27.032556,
          88.429102
        ],
        [
          27.032737,
          88.429121
        ],
        [
          27.032878,
          88.429163
        ],
        [
          27.033033,
          88.429234
        ],
        [
          27.033125,
          88.42925
        ],
        [
          27.033321,
          88.429243
        ],
        [
          27.033419,
          88.429242
        ],
        [
          27.033514,
          88.42925
        ],
        [
          27.033597,
          88.429262
        ],
        [
          27.033756,
          88.429272
        ],
        [
          27.033914,
          88.429242
        ],
        [
          27.034082,
          88.429177
        ],
        [
          27.034173,
          88.429133
        ],
        [
          27.034272,
          88.429087
        ],
        [
          27.034378,
          88.429033
        ],
        [
          27.034488,
          88.428969
        ],
        [
          27.0346,
          88.428894
        ],
        [
          27.034718,
          88.428813
        ],
        [
          27.03484,
          88.428725
        ],
        [
          27.034964,
          88.428635
        ],
        [
          27.035087,
          88.428554
        ],
        [
          27.035216,
          88.42847
        ],
        [
          27.035342,
          88.428376
        ],
        [
          27.035474,
          88.428278
        ],
        [
          27.035607,
          88.428177
        ],
        [
          27.03574,
          88.428073
        ],
        [
          27.035869,
          88.427966
        ],
        [
          27.035996,
          88.427854
        ],
        [
          27.036122,
          88.427746
        ],
        [
          27.036249,
          88.427644
        ],
        [
          27.036375,
          88.427551
        ],
        [
          27.036501,
          88.427464
        ],
        [
          27.036631,
          88.427381
        ],
        [
          27.036766,
          88.427303
        ],
        [
          27.036904,
          88.42723
        ],
        [
          27.037046,
          88.427162
        ],
        [
          27.037188,
          88.427093
        ],
        [
          27.037327,
          88.427024
        ],
        [
          27.037458,
          88.426961
        ],
        [
          27.037582,
          88.426912
        ],
        [
          27.037702,
          88.426875
        ],
        [
          27.037814,
          88.426849
        ],
        [
          27.037915,
          88.426829
        ],
        [
          27.038004,
          88.42681
        ],
        [
          27.038145,
          88.426776
        ],
        [
          27.038257,
          88.426773
        ],
        [
          27.038361,
          88.426766
        ],
        [
          27.038466,
          88.426748
        ],
        [
          27.038575,
          88.426742
        ],
        [
          27.038698,
          88.426738
        ],
        [
          27.038843,
          88.426739
        ],
        [
          27.039006,
          88.426749
        ],
        [
          27.039159,
          88.426736
        ],
        [
          27.039305,
          88.426726
        ],
        [
          27.039433,
          88.426735
        ],
        [
          27.039534,
          88.426761
        ],
        [
          27.039644,
          88.426808
        ],
        [
          27.039737,
          88.426837
        ],
        [
          27.039827,
          88.426896
        ],
        [
          27.039934,
          88.426949
        ],
        [
          27.04002,
          88.426999
        ],
        [
          27.040125,
          88.427094
        ],
        [
          27.040258,
          88.427202
        ],
        [
          27.04041,
          88.427309
        ],
        [
          27.040576,
          88.427413
        ],
        [
          27.040668,
          88.427465
        ],
        [
          27.04076,
          88.427521
        ],
        [
          27.040853,
          88.427577
        ],
        [
          27.040953,
          88.427625
        ],
        [
          27.041045,
          88.427661
        ],
        [
          27.04113,
          88.427688
        ],
        [
          27.041277,
          88.427754
        ],
        [
          27.041389,
          88.427815
        ],
        [
          27.041489,
          88.427863
        ],
        [
          27.041593,
          88.427938
        ],
        [
          27.0417,
          88.428019
        ],
        [
          27.041805,
          88.428118
        ],
        [
          27.041915,
          88.428232
        ],
        [
          27.042054,
          88.428342
        ],
        [
          27.042145,
          88.428394
        ],
        [
          27.042233,
          88.428428
        ],
        [
          27.042333,
          88.428461
        ],
        [
          27.042428,
          88.428477
        ],
        [
          27.042528,
          88.428498
        ],
        [
          27.042613,
          88.428507
        ],
        [
          27.042787,
          88.428552
        ],
        [
          27.042944,
          88.428599
        ],
        [
          27.043124,
          88.428641
        ],
        [
          27.043223,
          88.428659
        ],
        [
          27.043337,
          88.428678
        ],
        [
          27.043453,
          88.428691
        ],
        [
          27.043571,
          88.428697
        ],
        [
          27.043695,
          88.428689
        ],
        [
          27.043946,
          88.428626
        ],
        [
          27.044069,
          88.428574
        ],
        [
          27.044191,
          88.428502
        ],
        [
          27.044343,
          88.42841
        ],
        [
          27.044634,
          88.428241
        ],
        [
          27.044832,
          88.428115
        ],
        [
          27.044998,
          88.428053
        ],
        [
          27.045133,
          88.428033
        ],
        [
          27.045288,
          88.427958
        ],
        [
          27.045455,
          88.427852
        ],
        [
          27.045715,
          88.427546
        ],
        [
          27.045805,
          88.427457
        ],
        [
          27.045909,
          88.427413
        ],
        [
          27.046018,
          88.427397
        ],
        [
          27.046509,
          88.427429
        ],
        [
          27.046594,
          88.427431
        ],
        [
          27.046657,
          88.427408
        ],
        [
          27.046714,
          88.427326
        ],
        [
          27.046801,
          88.42727
        ],
        [
          27.047769,
          88.426955
        ],
        [
          27.047921,
          88.426896
        ],
        [
          27.048082,
          88.426882
        ],
        [
          27.04873,
          88.426545
        ],
        [
          27.048849,
          88.426515
        ],
        [
          27.049056,
          88.426504
        ],
        [
          27.049233,
          88.426503
        ],
        [
          27.049484,
          88.426466
        ],
        [
          27.049674,
          88.426413
        ],
        [
          27.049765,
          88.426331
        ],
        [
          27.049865,
          88.426179
        ],
        [
          27.049935,
          88.426106
        ],
        [
          27.050149,
          88.426199
        ],
        [
          27.050197,
          88.426229
        ],
        [
          27.050265,
          88.42624
        ],
        [
          27.050352,
          88.42621
        ],
        [
          27.050465,
          88.426161
        ],
        [
          27.050608,
          88.426113
        ],
        [
          27.050721,
          88.426065
        ],
        [
          27.050842,
          88.42601
        ],
        [
          27.050957,
          88.425994
        ],
        [
          27.051129,
          88.42605
        ],
        [
          27.0514,
          88.42611
        ],
        [
          27.05165,
          88.426111
        ],
        [
          27.05189,
          88.426068
        ],
        [
          27.052057,
          88.426025
        ],
        [
          27.052215,
          88.42594
        ],
        [
          27.052388,
          88.425865
        ],
        [
          27.052588,
          88.425864
        ],
        [
          27.05277,
          88.425886
        ],
        [
          27.053145,
          88.425858
        ],
        [
          27.053536,
          88.425799
        ],
        [
          27.053844,
          88.425676
        ],
        [
          27.054184,
          88.42555
        ],
        [
          27.054375,
          88.425438
        ],
        [
          27.054796,
          88.42511
        ],
        [
          27.054982,
          88.424958
        ],
        [
          27.055093,
          88.424939
        ],
        [
          27.055162,
          88.424987
        ],
        [
          27.055203,
          88.425115
        ],
        [
          27.055509,
          88.425745
        ],
        [
          27.055591,
          88.425991
        ],
        [
          27.055722,
          88.426533
        ],
        [
          27.05584,
          88.42701
        ],
        [
          27.055937,
          88.427068
        ],
        [
          27.056117,
          88.427101
        ],
        [
          27.056459,
          88.427127
        ],
        [
          27.057014,
          88.427176
        ],
        [
          27.058296,
          88.426889
        ],
        [
          27.058685,
          88.426805
        ],
        [
          27.058969,
          88.426843
        ],
        [
          27.059218,
          88.426709
        ],
        [
          27.05944,
          88.426489
        ],
        [
          27.059602,
          88.42639
        ],
        [
          27.059824,
          88.426376
        ],
        [
          27.060039,
          88.426372
        ],
        [
          27.06035,
          88.426368
        ],
        [
          27.060542,
          88.426346
        ],
        [
          27.060826,
          88.426368
        ],
        [
          27.061077,
          88.426451
        ],
        [
          27.061616,
          88.426615
        ],
        [
          27.062263,
          88.426764
        ],
        [
          27.062614,
          88.426884
        ],
        [
          27.062949,
          88.427128
        ],
        [
          27.063056,
          88.427302
        ],
        [
          27.063057,
          88.427497
        ],
        [
          27.063018,
          88.42808
        ],
        [
          27.063204,
          88.428471
        ],
        [
          27.063399,
          88.428638
        ],
        [
          27.063586,
          88.428771
        ],
        [
          27.063714,
          88.428786
        ],
        [
          27.063807,
          88.428766
        ],
        [
          27.063888,
          88.428693
        ],
        [
          27.064054,
          88.428349
        ],
        [
          27.064112,
          88.428212
        ],
        [
          27.064206,
          88.428141
        ],
        [
          27.064358,
          88.428095
        ],
        [
          27.064667,
          88.428062
        ],
        [
          27.064995,
          88.428132
        ],
        [
          27.065548,
          88.428386
        ],
        [
          27.06557,
          88.428406
        ],
        [
          27.065611,
          88.428427
        ],
        [
          27.065706,
          88.428429
        ],
        [
          27.065775,
          88.428461
        ],
        [
          27.065855,
          88.428557
        ],
        [
          27.065884,
          88.428663
        ],
        [
          27.065872,
          88.42874
        ],
        [
          27.065844,
          88.428822
        ],
        [
          27.065709,
          88.429028
        ],
        [
          27.06562,
          88.429271
        ],
        [
          27.065633,
          88.429397
        ],
        [
          27.06581,
          88.429658
        ],
        [
          27.066034,
          88.429809
        ],
        [
          27.066358,
          88.429831
        ],
        [
          27.066657,
          88.42993
        ],
        [
          27.066934,
          88.430178
        ],
        [
          27.067014,
          88.430277
        ],
        [
          27.067029,
          88.430327
        ],
        [
          27.067008,
          88.430391
        ],
        [
          27.066949,
          88.430428
        ],
        [
          27.066914,
          88.43043
        ],
        [
          27.06687,
          88.430419
        ],
        [
          27.066722,
          88.430278
        ],
        [
          27.066495,
          88.430141
        ],
        [
          27.066123,
          88.430055
        ],
        [
          27.065793,
          88.430082
        ],
        [
          27.065385,
          88.429953
        ],
        [
          27.065141,
          88.42982
        ],
        [
          27.064926,
          88.429709
        ],
        [
          27.064715,
          88.429645
        ],
        [
          27.064583,
          88.42966
        ],
        [
          27.064496,
          88.429715
        ],
        [
          27.064419,
          88.429794
        ],
        [
          27.064353,
          88.429886
        ],
        [
          27.064285,
          88.430065
        ],
        [
          27.064323,
          88.430189
        ],
        [
          27.064462,
          88.43028
        ],
        [
          27.064661,
          88.430309
        ],
        [
          27.064924,
          88.430323
        ],
        [
          27.065176,
          88.43037
        ],
        [
          27.065356,
          88.430421
        ],
        [
          27.065528,
          88.430501
        ],
        [
          27.065651,
          88.430612
        ],
        [
          27.065932,
          88.430954
        ],
        [
          27.066059,
          88.431032
        ],
        [
          27.066183,
          88.431045
        ],
        [
          27.066254,
          88.431072
        ],
        [
          27.066293,
          88.431098
        ],
        [
          27.066313,
          88.431155
        ],
        [
          27.066309,
          88.431204
        ],
        [
          27.066284,
          88.431247
        ],
        [
          27.066207,
          88.431264
        ],
        [
          27.066144,
          88.431235
        ],
        [
          27.066084,
          88.4312
        ],
        [
          27.066013,
          88.431135
        ],
        [
          27.065536,
          88.430692
        ],
        [
          27.065409,
          88.430634
        ],
        [
          27.065287,
          88.430605
        ],
        [
          27.065085,
          88.430595
        ],
        [
          27.064904,
          88.430583
        ],
        [
          27.064821,
          88.430595
        ],
        [
          27.064749,
          88.430667
        ],
        [
          27.064773,
          88.430749
        ],
        [
          27.064819,
          88.430778
        ],
        [
          27.065118,
          88.43081
        ],
        [
          27.065268,
          88.430823
        ],
        [
          27.065401,
          88.430878
        ],
        [
          27.06552,
          88.43098
        ],
        [
          27.0656,
          88.431124
        ],
        [
          27.065673,
          88.431253
        ],
        [
          27.065732,
          88.431406
        ],
        [
          27.065783,
          88.43158
        ],
        [
          27.065807,
          88.431768
        ],
        [
          27.065879,
          88.43188
        ],
        [
          27.066106,
          88.431987
        ],
        [
          27.066195,
          88.432045
        ],
        [
          27.06622,
          88.432116
        ],
        [
          27.066211,
          88.432205
        ],
        [
          27.066156,
          88.432253
        ],
        [
          27.066086,
          88.432258
        ],
        [
          27.066027,
          88.432229
        ],
        [
          27.065978,
          88.432182
        ],
        [
          27.065833,
          88.432075
        ],
        [
          27.065701,
          88.43206
        ],
        [
          27.065587,
          88.431988
        ],
        [
          27.065516,
          88.431823
        ],
        [
          27.06549,
          88.431745
        ],
        [
          27.065435,
          88.431696
        ],
        [
          27.065366,
          88.431699
        ],
        [
          27.065252,
          88.431823
        ],
        [
          27.065147,
          88.431944
        ],
        [
          27.065014,
          88.432049
        ],
        [
          27.064885,
          88.432128
        ],
        [
          27.064794,
          88.432165
        ],
        [
          27.064704,
          88.432181
        ],
        [
          27.064594,
          88.432137
        ],
        [
          27.064514,
          88.431952
        ],
        [
          27.064518,
          88.431766
        ],
        [
          27.064516,
          88.431606
        ],
        [
          27.06446,
          88.431458
        ],
        [
          27.064381,
          88.431358
        ],
        [
          27.064281,
          88.431337
        ],
        [
          27.064187,
          88.431363
        ],
        [
          27.064061,
          88.43142
        ],
        [
          27.063912,
          88.43145
        ],
        [
          27.063741,
          88.431443
        ],
        [
          27.063582,
          88.431455
        ],
        [
          27.063437,
          88.431497
        ],
        [
          27.063306,
          88.431543
        ],
        [
          27.063238,
          88.431575
        ],
        [
          27.063163,
          88.431607
        ],
        [
          27.063058,
          88.431691
        ],
        [
          27.063005,
          88.431873
        ],
        [
          27.062981,
          88.432065
        ],
        [
          27.062884,
          88.432318
        ],
        [
          27.062772,
          88.432553
        ],
        [
          27.062661,
          88.43279
        ],
        [
          27.062625,
          88.433027
        ],
        [
          27.062599,
          88.433405
        ],
        [
          27.062568,
          88.433493
        ],
        [
          27.062533,
          88.433526
        ],
        [
          27.062482,
          88.433542
        ],
        [
          27.062439,
          88.433546
        ],
        [
          27.062386,
          88.433537
        ],
        [
          27.062348,
          88.433509
        ],
        [
          27.062265,
          88.433658
        ],
        [
          27.062159,
          88.433613
        ],
        [
          27.062027,
          88.433459
        ],
        [
          27.061945,
          88.43324
        ],
        [
          27.061875,
          88.433105
        ],
        [
          27.061829,
          88.433172
        ],
        [
          27.061842,
          88.433336
        ],
        [
          27.061627,
          88.433634
        ],
        [
          27.061511,
          88.433685
        ],
        [
          27.061424,
          88.43357
        ],
        [
          27.061278,
          88.432868
        ],
        [
          27.061104,
          88.432547
        ],
        [
          27.060881,
          88.432352
        ],
        [
          27.060558,
          88.432253
        ],
        [
          27.06044,
          88.432346
        ],
        [
          27.060337,
          88.432693
        ],
        [
          27.060402,
          88.433224
        ],
        [
          27.060307,
          88.433705
        ],
        [
          27.060389,
          88.434036
        ],
        [
          27.060511,
          88.434148
        ],
        [
          27.061386,
          88.434388
        ],
        [
          27.061409,
          88.434422
        ],
        [
          27.061417,
          88.434453
        ],
        [
          27.061406,
          88.434509
        ],
        [
          27.061386,
          88.434538
        ],
        [
          27.061353,
          88.434554
        ],
        [
          27.061013,
          88.434445
        ],
        [
          27.060494,
          88.434386
        ],
        [
          27.060364,
          88.434313
        ],
        [
          27.060135,
          88.434463
        ],
        [
          27.060027,
          88.434614
        ],
        [
          27.059797,
          88.434735
        ],
        [
          27.059447,
          88.434764
        ],
        [
          27.059361,
          88.434859
        ],
        [
          27.059403,
          88.43495
        ],
        [
          27.059566,
          88.435003
        ],
        [
          27.059734,
          88.435018
        ],
        [
          27.059972,
          88.434975
        ],
        [
          27.060301,
          88.434817
        ],
        [
          27.060497,
          88.434785
        ],
        [
          27.060765,
          88.434887
        ],
        [
          27.061014,
          88.435043
        ],
        [
          27.061122,
          88.435154
        ],
        [
          27.061151,
          88.435191
        ],
        [
          27.061147,
          88.435269
        ],
        [
          27.061129,
          88.435311
        ],
        [
          27.061079,
          88.435325
        ],
        [
          27.061023,
          88.435316
        ],
        [
          27.060908,
          88.435251
        ],
        [
          27.060818,
          88.435186
        ],
        [
          27.060646,
          88.435155
        ],
        [
          27.060357,
          88.435115
        ],
        [
          27.060283,
          88.435126
        ],
        [
          27.060109,
          88.435201
        ],
        [
          27.059944,
          88.435353
        ],
        [
          27.059746,
          88.435558
        ],
        [
          27.059669,
          88.435622
        ],
        [
          27.059575,
          88.435661
        ],
        [
          27.058457,
          88.435714
        ],
        [
          27.058157,
          88.435613
        ],
        [
          27.057287,
          88.435522
        ],
        [
          27.056837,
          88.435631
        ],
        [
          27.056094,
          88.435406
        ],
        [
          27.055594,
          88.435477
        ],
        [
          27.055594,
          88.435477
        ],
        [
          27.055309,
          88.435593
        ],
        [
          27.055237,
          88.435679
        ],
        [
          27.055263,
          88.435791
        ],
        [
          27.055521,
          88.43585
        ],
        [
          27.055872,
          88.436011
        ],
        [
          27.056243,
          88.435982
        ],
        [
          27.056312,
          88.436006
        ],
        [
          27.056391,
          88.436067
        ],
        [
          27.056618,
          88.436404
        ],
        [
          27.05671,
          88.436461
        ],
        [
          27.057043,
          88.436612
        ],
        [
          27.057405,
          88.436721
        ],
        [
          27.057562,
          88.436812
        ],
        [
          27.057672,
          88.436911
        ],
        [
          27.057786,
          88.43697
        ],
        [
          27.057864,
          88.436961
        ],
        [
          27.057934,
          88.436919
        ],
        [
          27.05799,
          88.436829
        ],
        [
          27.058076,
          88.436781
        ],
        [
          27.058354,
          88.436786
        ],
        [
          27.058786,
          88.436888
        ],
        [
          27.059099,
          88.437286
        ],
        [
          27.059267,
          88.437745
        ],
        [
          27.059682,
          88.437799
        ],
        [
          27.060465,
          88.438112
        ],
        [
          27.060876,
          88.43852
        ],
        [
          27.061019,
          88.438981
        ],
        [
          27.061184,
          88.439167
        ],
        [
          27.061333,
          88.439217
        ],
        [
          27.061531,
          88.43924
        ],
        [
          27.061622,
          88.439271
        ],
        [
          27.061649,
          88.439381
        ],
        [
          27.061612,
          88.439432
        ],
        [
          27.061536,
          88.439487
        ],
        [
          27.060726,
          88.439472
        ],
        [
          27.060511,
          88.439329
        ],
        [
          27.060373,
          88.439298
        ],
        [
          27.059995,
          88.439441
        ],
        [
          27.059504,
          88.43942
        ],
        [
          27.059399,
          88.43937
        ],
        [
          27.058987,
          88.438892
        ],
        [
          27.058885,
          88.438871
        ],
        [
          27.058789,
          88.438991
        ],
        [
          27.058807,
          88.439201
        ],
        [
          27.059096,
          88.439768
        ],
        [
          27.059212,
          88.439843
        ],
        [
          27.059386,
          88.439835
        ],
        [
          27.059741,
          88.439934
        ],
        [
          27.05999,
          88.440089
        ],
        [
          27.060142,
          88.440256
        ],
        [
          27.060626,
          88.440569
        ],
        [
          27.060862,
          88.441049
        ],
        [
          27.061493,
          88.441295
        ],
        [
          27.061852,
          88.441289
        ],
        [
          27.061929,
          88.441348
        ],
        [
          27.061849,
          88.441471
        ],
        [
          27.061508,
          88.441464
        ],
        [
          27.061336,
          88.441557
        ],
        [
          27.06095,
          88.441457
        ],
        [
          27.059744,
          88.441475
        ],
        [
          27.059409,
          88.441619
        ],
        [
          27.059307,
          88.441618
        ],
        [
          27.059125,
          88.441454
        ],
        [
          27.05889,
          88.441387
        ],
        [
          27.058664,
          88.441415
        ],
        [
          27.058072,
          88.441206
        ],
        [
          27.057545,
          88.441142
        ],
        [
          27.057207,
          88.441247
        ],
        [
          27.056674,
          88.441262
        ],
        [
          27.056109,
          88.441529
        ],
        [
          27.055947,
          88.441445
        ],
        [
          27.055761,
          88.441387
        ],
        [
          27.055617,
          88.441391
        ],
        [
          27.054643,
          88.441515
        ],
        [
          27.054159,
          88.441315
        ],
        [
          27.053937,
          88.441287
        ],
        [
          27.053943,
          88.441249
        ],
        [
          27.05393,
          88.441213
        ],
        [
          27.05388,
          88.441196
        ],
        [
          27.053772,
          88.44117
        ],
        [
          27.053712,
          88.441147
        ],
        [
          27.053643,
          88.441104
        ],
        [
          27.053617,
          88.44107
        ],
        [
          27.053613,
          88.441028
        ],
        [
          27.053621,
          88.440979
        ],
        [
          27.053649,
          88.440949
        ],
        [
          27.053698,
          88.440953
        ],
        [
          27.053795,
          88.440979
        ],
        [
          27.053888,
          88.440991
        ],
        [
          27.054036,
          88.441002
        ],
        [
          27.054188,
          88.441011
        ],
        [
          27.054305,
          88.440991
        ],
        [
          27.054434,
          88.440947
        ],
        [
          27.054517,
          88.440872
        ],
        [
          27.054595,
          88.440785
        ],
        [
          27.054648,
          88.440696
        ],
        [
          27.054707,
          88.440555
        ],
        [
          27.054756,
          88.4404
        ],
        [
          27.054808,
          88.440291
        ],
        [
          27.054861,
          88.440265
        ],
        [
          27.054929,
          88.44024
        ],
        [
          27.055044,
          88.440251
        ],
        [
          27.055219,
          88.440304
        ],
        [
          27.05535,
          88.440327
        ],
        [
          27.055409,
          88.440325
        ],
        [
          27.055435,
          88.440289
        ],
        [
          27.055439,
          88.440234
        ],
        [
          27.055412,
          88.440172
        ],
        [
          27.055371,
          88.440112
        ],
        [
          27.055236,
          88.440063
        ],
        [
          27.055071,
          88.440016
        ],
        [
          27.05501,
          88.440031
        ],
        [
          27.054836,
          88.44004
        ],
        [
          27.054785,
          88.440033
        ],
        [
          27.054747,
          88.439984
        ],
        [
          27.054751,
          88.43948
        ],
        [
          27.054775,
          88.439408
        ],
        [
          27.054821,
          88.439369
        ],
        [
          27.054874,
          88.439348
        ],
        [
          27.054952,
          88.439331
        ],
        [
          27.055043,
          88.439339
        ],
        [
          27.05513,
          88.439388
        ],
        [
          27.055208,
          88.439444
        ],
        [
          27.055299,
          88.439465
        ],
        [
          27.055378,
          88.439397
        ],
        [
          27.055427,
          88.439361
        ],
        [
          27.055488,
          88.439318
        ],
        [
          27.055664,
          88.439288
        ],
        [
          27.055757,
          88.439286
        ],
        [
          27.055871,
          88.439286
        ],
        [
          27.055994,
          88.439271
        ],
        [
          27.056104,
          88.439239
        ],
        [
          27.056205,
          88.439197
        ],
        [
          27.056283,
          88.439141
        ],
        [
          27.056324,
          88.439044
        ],
        [
          27.056334,
          88.438941
        ],
        [
          27.05632,
          88.438822
        ],
        [
          27.056277,
          88.438705
        ],
        [
          27.056212,
          88.438609
        ],
        [
          27.05614,
          88.438539
        ],
        [
          27.056064,
          88.438501
        ],
        [
          27.055975,
          88.438467
        ],
        [
          27.055867,
          88.438441
        ],
        [
          27.055839,
          88.438403
        ],
        [
          27.055846,
          88.438362
        ],
        [
          27.055892,
          88.43833
        ],
        [
          27.055943,
          88.438318
        ],
        [
          27.05601,
          88.438315
        ],
        [
          27.056104,
          88.438326
        ],
        [
          27.056218,
          88.438386
        ],
        [
          27.056394,
          88.43853
        ],
        [
          27.056556,
          88.438645
        ],
        [
          27.056618,
          88.438669
        ],
        [
          27.056692,
          88.438662
        ],
        [
          27.056741,
          88.438616
        ],
        [
          27.056849,
          88.43852
        ],
        [
          27.056927,
          88.438501
        ],
        [
          27.057024,
          88.438503
        ],
        [
          27.05712,
          88.43853
        ],
        [
          27.057217,
          88.438573
        ],
        [
          27.057303,
          88.438609
        ],
        [
          27.057359,
          88.438609
        ],
        [
          27.057445,
          88.438567
        ],
        [
          27.05753,
          88.438501
        ],
        [
          27.057577,
          88.43843
        ],
        [
          27.057617,
          88.438354
        ],
        [
          27.057615,
          88.43826
        ],
        [
          27.057558,
          88.438192
        ],
        [
          27.057471,
          88.438134
        ],
        [
          27.057382,
          88.438128
        ],
        [
          27.057299,
          88.438124
        ],
        [
          27.057217,
          88.43812
        ],
        [
          27.057149,
          88.438081
        ],
        [
          27.057164,
          88.437998
        ],
        [
          27.057189,
          88.437924
        ],
        [
          27.057198,
          88.437853
        ],
        [
          27.057115,
          88.437749
        ],
        [
          27.056993,
          88.437632
        ],
        [
          27.056859,
          88.437549
        ],
        [
          27.056709,
          88.437445
        ],
        [
          27.056607,
          88.437372
        ],
        [
          27.056506,
          88.437326
        ],
        [
          27.056402,
          88.437285
        ],
        [
          27.056193,
          88.437228
        ],
        [
          27.056064,
          88.43717
        ],
        [
          27.056028,
          88.437108
        ],
        [
          27.056038,
          88.437072
        ],
        [
          27.056066,
          88.437019
        ],
        [
          27.056119,
          88.436998
        ],
        [
          27.056192,
          88.43701
        ],
        [
          27.05644,
          88.437064
        ],
        [
          27.056612,
          88.437042
        ],
        [
          27.056806,
          88.437053
        ],
        [
          27.056948,
          88.437079
        ],
        [
          27.057109,
          88.437083
        ],
        [
          27.057181,
          88.437079
        ],
        [
          27.057227,
          88.437049
        ],
        [
          27.05724,
          88.436976
        ],
        [
          27.057211,
          88.436906
        ],
        [
          27.057111,
          88.436885
        ],
        [
          27.056976,
          88.436861
        ],
        [
          27.056908,
          88.436836
        ],
        [
          27.056861,
          88.436751
        ],
        [
          27.056895,
          88.436704
        ],
        [
          27.056992,
          88.436719
        ],
        [
          27.057098,
          88.436746
        ],
        [
          27.057367,
          88.436806
        ],
        [
          27.057528,
          88.436876
        ],
        [
          27.057672,
          88.436911
        ],
        [
          27.057562,
          88.436812
        ],
        [
          27.057405,
          88.436721
        ],
        [
          27.057043,
          88.436612
        ],
        [
          27.05671,
          88.436461
        ],
        [
          27.056618,
          88.436404
        ],
        [
          27.056391,
          88.436067
        ],
        [
          27.056312,
          88.436006
        ],
        [
          27.056243,
          88.435982
        ],
        [
          27.055872,
          88.436011
        ],
        [
          27.055521,
          88.43585
        ],
        [
          27.055263,
          88.435791
        ],
        [
          27.055237,
          88.435679
        ],
        [
          27.055309,
          88.435593
        ],
        [
          27.055594,
          88.435477
        ],
        [
          27.056094,
          88.435406
        ],
        [
          27.056837,
          88.435631
        ],
        [
          27.057287,
          88.435522
        ],
        [
          27.058157,
          88.435613
        ],
        [
          27.058457,
          88.435714
        ],
        [
          27.059575,
          88.435661
        ],
        [
          27.059669,
          88.435622
        ],
        [
          27.059746,
          88.435558
        ],
        [
          27.059944,
          88.435353
        ],
        [
          27.060109,
          88.435201
        ],
        [
          27.060283,
          88.435126
        ],
        [
          27.060357,
          88.435115
        ],
        [
          27.060646,
          88.435155
        ],
        [
          27.060818,
          88.435186
        ],
        [
          27.060908,
          88.435251
        ],
        [
          27.061023,
          88.435316
        ],
        [
          27.061079,
          88.435325
        ],
        [
          27.061129,
          88.435311
        ],
        [
          27.061147,
          88.435269
        ],
        [
          27.061151,
          88.435191
        ],
        [
          27.061122,
          88.435154
        ],
        [
          27.061014,
          88.435043
        ],
        [
          27.060765,
          88.434887
        ],
        [
          27.060497,
          88.434785
        ],
        [
          27.060301,
          88.434817
        ],
        [
          27.059972,
          88.434975
        ],
        [
          27.059734,
          88.435018
        ],
        [
          27.059566,
          88.435003
        ],
        [
          27.059403,
          88.43495
        ],
        [
          27.059361,
          88.434859
        ],
        [
          27.059447,
          88.434764
        ],
        [
          27.059797,
          88.434735
        ],
        [
          27.060027,
          88.434614
        ],
        [
          27.060135,
          88.434463
        ],
        [
          27.060364,
          88.434313
        ],
        [
          27.060494,
          88.434386
        ],
        [
          27.061013,
          88.434445
        ],
        [
          27.061353,
          88.434554
        ],
        [
          27.061386,
          88.434538
        ],
        [
          27.061406,
          88.434509
        ],
        [
          27.061417,
          88.434453
        ],
        [
          27.061409,
          88.434422
        ],
        [
          27.061386,
          88.434388
        ],
        [
          27.060511,
          88.434148
        ],
        [
          27.060389,
          88.434036
        ],
        [
          27.060307,
          88.433705
        ],
        [
          27.060402,
          88.433224
        ],
        [
          27.060337,
          88.432693
        ],
        [
          27.06044,
          88.432346
        ],
        [
          27.060558,
          88.432253
        ],
        [
          27.060881,
          88.432352
        ],
        [
          27.061104,
          88.432547
        ],
        [
          27.061278,
          88.432868
        ],
        [
          27.061424,
          88.43357
        ],
        [
          27.061511,
          88.433685
        ],
        [
          27.061627,
          88.433634
        ],
        [
          27.061842,
          88.433336
        ],
        [
          27.061829,
          88.433172
        ],
        [
          27.061875,
          88.433105
        ],
        [
          27.061945,
          88.43324
        ],
        [
          27.062027,
          88.433459
        ],
        [
          27.062159,
          88.433613
        ],
        [
          27.062265,
          88.433658
        ],
        [
          27.062348,
          88.433509
        ],
        [
          27.062386,
          88.433537
        ],
        [
          27.062439,
          88.433546
        ],
        [
          27.062482,
          88.433542
        ],
        [
          27.062533,
          88.433526
        ],
        [
          27.062568,
          88.433493
        ],
        [
          27.062599,
          88.433405
        ],
        [
          27.062625,
          88.433027
        ],
        [
          27.062661,
          88.43279
        ],
        [
          27.062772,
          88.432553
        ],
        [
          27.062884,
          88.432318
        ],
        [
          27.062981,
          88.432065
        ],
        [
          27.063005,
          88.431873
        ],
        [
          27.063058,
          88.431691
        ],
        [
          27.063163,
          88.431607
        ],
        [
          27.063238,
          88.431575
        ],
        [
          27.063306,
          88.431543
        ],
        [
          27.063437,
          88.431497
        ],
        [
          27.063582,
          88.431455
        ],
        [
          27.063741,
          88.431443
        ],
        [
          27.063912,
          88.43145
        ],
        [
          27.064061,
          88.43142
        ],
        [
          27.064187,
          88.431363
        ],
        [
          27.064281,
          88.431337
        ],
        [
          27.064381,
          88.431358
        ],
        [
          27.06446,
          88.431458
        ],
        [
          27.064516,
          88.431606
        ],
        [
          27.064518,
          88.431766
        ],
        [
          27.064514,
          88.431952
        ],
        [
          27.064594,
          88.432137
        ],
        [
          27.064704,
          88.432181
        ],
        [
          27.064794,
          88.432165
        ],
        [
          27.064885,
          88.432128
        ],
        [
          27.065014,
          88.432049
        ],
        [
          27.065147,
          88.431944
        ],
        [
          27.065252,
          88.431823
        ],
        [
          27.065366,
          88.431699
        ],
        [
          27.065435,
          88.431696
        ],
        [
          27.06549,
          88.431745
        ],
        [
          27.065516,
          88.431823
        ],
        [
          27.065587,
          88.431988
        ],
        [
          27.065701,
          88.43206
        ],
        [
          27.065833,
          88.432075
        ],
        [
          27.065978,
          88.432182
        ],
        [
          27.066027,
          88.432229
        ],
        [
          27.066086,
          88.432258
        ],
        [
          27.066156,
          88.432253
        ],
        [
          27.066211,
          88.432205
        ],
        [
          27.06622,
          88.432116
        ],
        [
          27.066195,
          88.432045
        ],
        [
          27.066106,
          88.431987
        ],
        [
          27.065879,
          88.43188
        ],
        [
          27.065807,
          88.431768
        ],
        [
          27.065783,
          88.43158
        ],
        [
          27.065732,
          88.431406
        ],
        [
          27.065673,
          88.431253
        ],
        [
          27.0656,
          88.431124
        ],
        [
          27.06552,
          88.43098
        ],
        [
          27.065401,
          88.430878
        ],
        [
          27.065268,
          88.430823
        ],
        [
          27.065118,
          88.43081
        ],
        [
          27.064819,
          88.430778
        ],
        [
          27.064773,
          88.430749
        ],
        [
          27.064749,
          88.430667
        ],
        [
          27.064821,
          88.430595
        ],
        [
          27.064904,
          88.430583
        ],
        [
          27.065085,
          88.430595
        ],
        [
          27.065287,
          88.430605
        ],
        [
          27.065409,
          88.430634
        ],
        [
          27.065536,
          88.430692
        ],
        [
          27.066013,
          88.431135
        ],
        [
          27.066084,
          88.4312
        ],
        [
          27.066144,
          88.431235
        ],
        [
          27.066207,
          88.431264
        ],
        [
          27.066284,
          88.431247
        ],
        [
          27.066309,
          88.431204
        ],
        [
          27.066313,
          88.431155
        ],
        [
          27.066293,
          88.431098
        ],
        [
          27.066254,
          88.431072
        ],
        [
          27.066183,
          88.431045
        ],
        [
          27.066059,
          88.431032
        ],
        [
          27.065932,
          88.430954
        ],
        [
          27.065651,
          88.430612
        ],
        [
          27.065528,
          88.430501
        ],
        [
          27.065356,
          88.430421
        ],
        [
          27.065176,
          88.43037
        ],
        [
          27.064924,
          88.430323
        ],
        [
          27.064661,
          88.430309
        ],
        [
          27.064462,
          88.43028
        ],
        [
          27.064323,
          88.430189
        ],
        [
          27.064285,
          88.430065
        ],
        [
          27.064353,
          88.429886
        ],
        [
          27.064419,
          88.429794
        ],
        [
          27.064496,
          88.429715
        ],
        [
          27.064583,
          88.42966
        ],
        [
          27.064715,
          88.429645
        ],
        [
          27.064926,
          88.429709
        ],
        [
          27.065141,
          88.42982
        ],
        [
          27.065385,
          88.429953
        ],
        [
          27.065793,
          88.430082
        ],
        [
          27.066123,
          88.430055
        ],
        [
          27.066495,
          88.430141
        ],
        [
          27.066722,
          88.430278
        ],
        [
          27.06687,
          88.430419
        ],
        [
          27.066914,
          88.43043
        ],
        [
          27.066949,
          88.430428
        ],
        [
          27.067008,
          88.430391
        ],
        [
          27.067029,
          88.430327
        ],
        [
          27.067014,
          88.430277
        ],
        [
          27.066934,
          88.430178
        ],
        [
          27.066657,
          88.42993
        ],
        [
          27.066358,
          88.429831
        ],
        [
          27.066034,
          88.429809
        ],
        [
          27.06581,
          88.429658
        ],
        [
          27.065633,
          88.429397
        ],
        [
          27.06562,
          88.429271
        ],
        [
          27.065709,
          88.429028
        ],
        [
          27.065844,
          88.428822
        ],
        [
          27.065872,
          88.42874
        ],
        [
          27.065884,
          88.428663
        ],
        [
          27.065855,
          88.428557
        ],
        [
          27.065775,
          88.428461
        ],
        [
          27.065706,
          88.428429
        ],
        [
          27.065611,
          88.428427
        ],
        [
          27.06557,
          88.428406
        ],
        [
          27.065548,
          88.428386
        ],
        [
          27.065626,
          88.42837
        ],
        [
          27.065709,
          88.42836
        ],
        [
          27.065802,
          88.428395
        ],
        [
          27.065939,
          88.428511
        ],
        [
          27.066151,
          88.428701
        ],
        [
          27.066547,
          88.429097
        ],
        [
          27.066894,
          88.429465
        ],
        [
          27.067172,
          88.429773
        ],
        [
          27.067318,
          88.429882
        ],
        [
          27.067467,
          88.429954
        ],
        [
          27.067806,
          88.430003
        ],
        [
          27.068181,
          88.430042
        ],
        [
          27.068636,
          88.430079
        ],
        [
          27.068928,
          88.429963
        ],
        [
          27.069087,
          88.42995
        ],
        [
          27.069531,
          88.42998
        ],
        [
          27.069914,
          88.430075
        ],
        [
          27.070332,
          88.430204
        ],
        [
          27.070759,
          88.430507
        ],
        [
          27.071075,
          88.430642
        ],
        [
          27.071295,
          88.430652
        ],
        [
          27.071525,
          88.430636
        ],
        [
          27.07186,
          88.430524
        ],
        [
          27.072123,
          88.430431
        ],
        [
          27.072387,
          88.430439
        ],
        [
          27.072847,
          88.430678
        ],
        [
          27.073626,
          88.431417
        ],
        [
          27.073744,
          88.431469
        ],
        [
          27.073882,
          88.431503
        ],
        [
          27.074023,
          88.431516
        ],
        [
          27.074164,
          88.43157
        ],
        [
          27.074311,
          88.431649
        ],
        [
          27.074474,
          88.431749
        ],
        [
          27.074749,
          88.432048
        ],
        [
          27.074876,
          88.432126
        ],
        [
          27.075003,
          88.432113
        ],
        [
          27.075495,
          88.432042
        ],
        [
          27.075684,
          88.432044
        ],
        [
          27.075879,
          88.432085
        ],
        [
          27.076749,
          88.432462
        ],
        [
          27.076843,
          88.432486
        ],
        [
          27.076955,
          88.432464
        ],
        [
          27.077058,
          88.432411
        ],
        [
          27.077128,
          88.432336
        ],
        [
          27.077201,
          88.432284
        ],
        [
          27.077287,
          88.432246
        ],
        [
          27.077372,
          88.432256
        ],
        [
          27.077457,
          88.432294
        ],
        [
          27.078639,
          88.433152
        ],
        [
          27.078932,
          88.433467
        ],
        [
          27.079332,
          88.434088
        ],
        [
          27.079773,
          88.435354
        ],
        [
          27.080017,
          88.435732
        ],
        [
          27.080166,
          88.435904
        ],
        [
          27.080328,
          88.436059
        ],
        [
          27.080418,
          88.436198
        ],
        [
          27.081147,
          88.437451
        ],
        [
          27.081388,
          88.437991
        ],
        [
          27.081542,
          88.438454
        ],
        [
          27.0817,
          88.438829
        ],
        [
          27.082294,
          88.439907
        ],
        [
          27.082396,
          88.440151
        ],
        [
          27.082478,
          88.44043
        ],
        [
          27.082528,
          88.440746
        ],
        [
          27.082517,
          88.441218
        ],
        [
          27.082237,
          88.442575
        ],
        [
          27.082219,
          88.442894
        ],
        [
          27.082237,
          88.443525
        ],
        [
          27.08223,
          88.44395
        ],
        [
          27.082178,
          88.444272
        ],
        [
          27.082142,
          88.44463
        ],
        [
          27.082168,
          88.444921
        ],
        [
          27.082201,
          88.445145
        ],
        [
          27.08227,
          88.445324
        ],
        [
          27.082331,
          88.445525
        ],
        [
          27.082349,
          88.445772
        ],
        [
          27.08229,
          88.446482
        ],
        [
          27.082245,
          88.447057
        ],
        [
          27.082272,
          88.448833
        ],
        [
          27.082396,
          88.449065
        ],
        [
          27.082678,
          88.449292
        ],
        [
          27.082838,
          88.449598
        ],
        [
          27.082912,
          88.449874
        ],
        [
          27.082948,
          88.450114
        ],
        [
          27.083288,
          88.450996
        ],
        [
          27.083985,
          88.451948
        ],
        [
          27.084967,
          88.453023
        ],
        [
          27.085271,
          88.453396
        ],
        [
          27.08541,
          88.45359
        ],
        [
          27.086373,
          88.454153
        ],
        [
          27.08631,
          88.454233
        ],
        [
          27.08621,
          88.454253
        ],
        [
          27.085634,
          88.454065
        ],
        [
          27.085505,
          88.453978
        ],
        [
          27.085494,
          88.453823
        ],
        [
          27.085607,
          88.453388
        ],
        [
          27.085706,
          88.453044
        ],
        [
          27.085832,
          88.452642
        ],
        [
          27.086085,
          88.451926
        ],
        [
          27.086163,
          88.45185
        ],
        [
          27.086178,
          88.451751
        ],
        [
          27.086136,
          88.451581
        ],
        [
          27.086158,
          88.451381
        ],
        [
          27.086242,
          88.451323
        ],
        [
          27.086365,
          88.451221
        ],
        [
          27.086611,
          88.451343
        ],
        [
          27.086741,
          88.451619
        ],
        [
          27.086849,
          88.452014
        ],
        [
          27.086873,
          88.452293
        ],
        [
          27.086964,
          88.452416
        ],
        [
          27.087618,
          88.452934
        ],
        [
          27.088036,
          88.453315
        ],
        [
          27.088452,
          88.45398
        ],
        [
          27.088893,
          88.454573
        ],
        [
          27.088972,
          88.454696
        ],
        [
          27.089041,
          88.454867
        ],
        [
          27.089189,
          88.455287
        ],
        [
          27.089244,
          88.455441
        ],
        [
          27.089368,
          88.455759
        ],
        [
          27.089494,
          88.456104
        ],
        [
          27.089515,
          88.456149
        ],
        [
          27.089689,
          88.456513
        ],
        [
          27.089755,
          88.456643
        ],
        [
          27.089905,
          88.45689
        ],
        [
          27.090077,
          88.457127
        ],
        [
          27.090577,
          88.458041
        ],
        [
          27.090956,
          88.458583
        ],
        [
          27.090991,
          88.458622
        ],
        [
          27.091065,
          88.458708
        ],
        [
          27.091121,
          88.458759
        ],
        [
          27.091358,
          88.458818
        ],
        [
          27.091442,
          88.458841
        ],
        [
          27.091524,
          88.458866
        ],
        [
          27.09157,
          88.458853
        ],
        [
          27.091584,
          88.458796
        ],
        [
          27.091586,
          88.458734
        ],
        [
          27.091548,
          88.458253
        ],
        [
          27.091534,
          88.458039
        ],
        [
          27.091513,
          88.457729
        ],
        [
          27.091414,
          88.457199
        ],
        [
          27.091395,
          88.457064
        ],
        [
          27.091373,
          88.457005
        ],
        [
          27.091289,
          88.456853
        ],
        [
          27.091189,
          88.456707
        ],
        [
          27.090923,
          88.456285
        ],
        [
          27.090504,
          88.455857
        ],
        [
          27.090384,
          88.455758
        ],
        [
          27.090206,
          88.455548
        ],
        [
          27.090113,
          88.455403
        ],
        [
          27.090035,
          88.455227
        ],
        [
          27.089974,
          88.455019
        ],
        [
          27.089967,
          88.454951
        ],
        [
          27.089989,
          88.454869
        ],
        [
          27.090029,
          88.454841
        ],
        [
          27.090074,
          88.454827
        ],
        [
          27.090125,
          88.454838
        ],
        [
          27.090163,
          88.454889
        ],
        [
          27.090247,
          88.455106
        ],
        [
          27.090331,
          88.455318
        ],
        [
          27.090407,
          88.455385
        ],
        [
          27.090482,
          88.455427
        ],
        [
          27.090667,
          88.455415
        ],
        [
          27.090777,
          88.455404
        ],
        [
          27.090809,
          88.4555
        ],
        [
          27.090867,
          88.455552
        ],
        [
          27.090967,
          88.455628
        ],
        [
          27.091124,
          88.455827
        ],
        [
          27.091221,
          88.455984
        ],
        [
          27.091369,
          88.456184
        ],
        [
          27.091462,
          88.456328
        ],
        [
          27.091535,
          88.456377
        ],
        [
          27.091629,
          88.45639
        ],
        [
          27.091826,
          88.456345
        ],
        [
          27.091902,
          88.456345
        ],
        [
          27.092561,
          88.456461
        ],
        [
          27.092757,
          88.456507
        ],
        [
          27.092947,
          88.456559
        ],
        [
          27.09308,
          88.456598
        ],
        [
          27.093165,
          88.456651
        ],
        [
          27.093184,
          88.456701
        ],
        [
          27.09321,
          88.456874
        ],
        [
          27.093378,
          88.457107
        ],
        [
          27.093586,
          88.457279
        ],
        [
          27.093738,
          88.457418
        ],
        [
          27.093797,
          88.457443
        ],
        [
          27.093863,
          88.457451
        ],
        [
          27.093939,
          88.457448
        ],
        [
          27.094015,
          88.457416
        ],
        [
          27.094142,
          88.457196
        ],
        [
          27.094206,
          88.456788
        ],
        [
          27.094388,
          88.456407
        ],
        [
          27.094471,
          88.45632
        ],
        [
          27.094435,
          88.456422
        ],
        [
          27.09439,
          88.456507
        ],
        [
          27.094336,
          88.456634
        ],
        [
          27.09434,
          88.456686
        ],
        [
          27.09437,
          88.456689
        ],
        [
          27.094442,
          88.456594
        ],
        [
          27.094493,
          88.456508
        ],
        [
          27.094442,
          88.456594
        ],
        [
          27.09437,
          88.456689
        ],
        [
          27.09434,
          88.456686
        ],
        [
          27.094336,
          88.456634
        ],
        [
          27.09439,
          88.456507
        ],
        [
          27.094435,
          88.456422
        ],
        [
          27.094471,
          88.45632
        ],
        [
          27.094388,
          88.456407
        ],
        [
          27.094206,
          88.456788
        ],
        [
          27.094142,
          88.457196
        ],
        [
          27.094015,
          88.457416
        ],
        [
          27.093939,
          88.457448
        ],
        [
          27.093863,
          88.457451
        ],
        [
          27.093797,
          88.457443
        ],
        [
          27.093738,
          88.457418
        ],
        [
          27.093586,
          88.457279
        ],
        [
          27.093378,
          88.457107
        ],
        [
          27.09321,
          88.456874
        ],
        [
          27.093184,
          88.456701
        ],
        [
          27.093165,
          88.456651
        ],
        [
          27.09308,
          88.456598
        ],
        [
          27.092947,
          88.456559
        ],
        [
          27.092757,
          88.456507
        ],
        [
          27.092561,
          88.456461
        ],
        [
          27.091902,
          88.456345
        ],
        [
          27.091826,
          88.456345
        ],
        [
          27.091629,
          88.45639
        ],
        [
          27.091535,
          88.456377
        ],
        [
          27.091462,
          88.456328
        ],
        [
          27.091369,
          88.456184
        ],
        [
          27.091221,
          88.455984
        ],
        [
          27.091221,
          88.455984
        ],
        [
          27.091124,
          88.455827
        ],
        [
          27.090967,
          88.455628
        ],
        [
          27.090867,
          88.455552
        ],
        [
          27.090809,
          88.4555
        ],
        [
          27.090777,
          88.455404
        ],
        [
          27.090667,
          88.455415
        ],
        [
          27.090482,
          88.455427
        ],
        [
          27.090407,
          88.455385
        ],
        [
          27.090331,
          88.455318
        ],
        [
          27.090247,
          88.455106
        ],
        [
          27.090163,
          88.454889
        ],
        [
          27.090125,
          88.454838
        ],
        [
          27.090074,
          88.454827
        ],
        [
          27.090029,
          88.454841
        ],
        [
          27.089989,
          88.454869
        ],
        [
          27.089967,
          88.454951
        ],
        [
          27.089974,
          88.455019
        ],
        [
          27.090035,
          88.455227
        ],
        [
          27.090113,
          88.455403
        ],
        [
          27.090206,
          88.455548
        ],
        [
          27.090384,
          88.455758
        ],
        [
          27.090504,
          88.455857
        ],
        [
          27.090923,
          88.456285
        ],
        [
          27.091189,
          88.456707
        ],
        [
          27.091289,
          88.456853
        ],
        [
          27.091373,
          88.457005
        ],
        [
          27.091395,
          88.457064
        ],
        [
          27.091414,
          88.457199
        ],
        [
          27.091513,
          88.457729
        ],
        [
          27.091534,
          88.458039
        ],
        [
          27.091548,
          88.458253
        ],
        [
          27.091586,
          88.458734
        ],
        [
          27.091584,
          88.458796
        ],
        [
          27.09157,
          88.458853
        ],
        [
          27.091524,
          88.458866
        ],
        [
          27.091442,
          88.458841
        ],
        [
          27.091358,
          88.458818
        ],
        [
          27.091121,
          88.458759
        ],
        [
          27.091065,
          88.458708
        ],
        [
          27.090991,
          88.458622
        ],
        [
          27.090956,
          88.458583
        ],
        [
          27.090577,
          88.458041
        ],
        [
          27.090077,
          88.457127
        ],
        [
          27.089905,
          88.45689
        ],
        [
          27.089755,
          88.456643
        ],
        [
          27.089689,
          88.456513
        ],
        [
          27.089515,
          88.456149
        ],
        [
          27.089494,
          88.456104
        ],
        [
          27.089368,
          88.455759
        ],
        [
          27.089244,
          88.455441
        ],
        [
          27.089189,
          88.455287
        ],
        [
          27.089041,
          88.454867
        ],
        [
          27.088972,
          88.454696
        ],
        [
          27.088893,
          88.454573
        ],
        [
          27.088452,
          88.45398
        ],
        [
          27.088036,
          88.453315
        ],
        [
          27.087618,
          88.452934
        ],
        [
          27.086964,
          88.452416
        ],
        [
          27.086873,
          88.452293
        ],
        [
          27.086849,
          88.452014
        ],
        [
          27.086741,
          88.451619
        ],
        [
          27.086611,
          88.451343
        ],
        [
          27.086365,
          88.451221
        ],
        [
          27.086242,
          88.451323
        ],
        [
          27.086158,
          88.451381
        ],
        [
          27.086136,
          88.451581
        ],
        [
          27.086178,
          88.451751
        ],
        [
          27.086163,
          88.45185
        ],
        [
          27.086085,
          88.451926
        ],
        [
          27.085832,
          88.452642
        ],
        [
          27.085706,
          88.453044
        ],
        [
          27.085607,
          88.453388
        ],
        [
          27.085494,
          88.453823
        ],
        [
          27.085505,
          88.453978
        ],
        [
          27.085634,
          88.454065
        ],
        [
          27.08621,
          88.454253
        ],
        [
          27.08631,
          88.454233
        ],
        [
          27.086373,
          88.454153
        ],
        [
          27.086957,
          88.454442
        ],
        [
          27.087187,
          88.454674
        ],
        [
          27.087485,
          88.455149
        ],
        [
          27.087647,
          88.455643
        ],
        [
          27.087738,
          88.455986
        ],
        [
          27.087895,
          88.456491
        ],
        [
          27.087996,
          88.456678
        ],
        [
          27.088158,
          88.457022
        ],
        [
          27.088248,
          88.457376
        ],
        [
          27.088325,
          88.457588
        ],
        [
          27.088402,
          88.457679
        ],
        [
          27.088607,
          88.457934
        ],
        [
          27.088755,
          88.45818
        ],
        [
          27.088893,
          88.458604
        ],
        [
          27.089032,
          88.459023
        ],
        [
          27.089344,
          88.459586
        ],
        [
          27.089739,
          88.459961
        ],
        [
          27.090188,
          88.460326
        ],
        [
          27.090541,
          88.460594
        ],
        [
          27.090995,
          88.46082
        ],
        [
          27.091363,
          88.461093
        ],
        [
          27.092173,
          88.461703
        ],
        [
          27.092571,
          88.461922
        ],
        [
          27.092996,
          88.462086
        ],
        [
          27.09338,
          88.462201
        ],
        [
          27.093688,
          88.462303
        ],
        [
          27.093841,
          88.462475
        ],
        [
          27.09392,
          88.462842
        ],
        [
          27.093853,
          88.463279
        ],
        [
          27.093822,
          88.463612
        ],
        [
          27.093901,
          88.463886
        ],
        [
          27.094011,
          88.464191
        ],
        [
          27.094066,
          88.464395
        ],
        [
          27.094125,
          88.464476
        ],
        [
          27.094271,
          88.464513
        ],
        [
          27.09486,
          88.464199
        ],
        [
          27.094952,
          88.464092
        ],
        [
          27.094942,
          88.463918
        ],
        [
          27.094923,
          88.46369
        ],
        [
          27.094909,
          88.463481
        ],
        [
          27.094918,
          88.463338
        ],
        [
          27.0951,
          88.462974
        ],
        [
          27.095169,
          88.462579
        ],
        [
          27.095247,
          88.462479
        ],
        [
          27.095435,
          88.462373
        ],
        [
          27.095671,
          88.462261
        ],
        [
          27.095823,
          88.462328
        ],
        [
          27.096076,
          88.462407
        ],
        [
          27.096203,
          88.462384
        ],
        [
          27.096327,
          88.462403
        ],
        [
          27.096542,
          88.462527
        ],
        [
          27.096762,
          88.462723
        ],
        [
          27.096948,
          88.462887
        ],
        [
          27.09716,
          88.463038
        ],
        [
          27.097407,
          88.463288
        ],
        [
          27.097466,
          88.463334
        ],
        [
          27.097684,
          88.463479
        ],
        [
          27.097819,
          88.463638
        ],
        [
          27.097986,
          88.46394
        ],
        [
          27.098047,
          88.464074
        ],
        [
          27.098234,
          88.46436
        ],
        [
          27.098441,
          88.464609
        ],
        [
          27.098622,
          88.464699
        ],
        [
          27.098845,
          88.464743
        ],
        [
          27.099103,
          88.464847
        ],
        [
          27.099222,
          88.465016
        ],
        [
          27.09937,
          88.46525
        ],
        [
          27.099701,
          88.465759
        ],
        [
          27.10027,
          88.466516
        ],
        [
          27.100528,
          88.466828
        ],
        [
          27.100839,
          88.466958
        ],
        [
          27.101759,
          88.467295
        ],
        [
          27.102404,
          88.467496
        ],
        [
          27.102854,
          88.467625
        ],
        [
          27.10313,
          88.46789
        ],
        [
          27.103303,
          88.468148
        ],
        [
          27.103531,
          88.468349
        ],
        [
          27.103734,
          88.468486
        ],
        [
          27.1039,
          88.468593
        ],
        [
          27.104137,
          88.468717
        ],
        [
          27.104348,
          88.468813
        ],
        [
          27.104538,
          88.468907
        ],
        [
          27.10468,
          88.468982
        ],
        [
          27.104838,
          88.469095
        ],
        [
          27.105055,
          88.469216
        ],
        [
          27.105313,
          88.469183
        ],
        [
          27.105415,
          88.469121
        ],
        [
          27.105482,
          88.468974
        ],
        [
          27.105526,
          88.468639
        ],
        [
          27.105561,
          88.468358
        ],
        [
          27.105824,
          88.46821
        ],
        [
          27.105931,
          88.468206
        ],
        [
          27.10613,
          88.468184
        ],
        [
          27.106255,
          88.468174
        ],
        [
          27.106301,
          88.468109
        ],
        [
          27.106347,
          88.467987
        ],
        [
          27.106449,
          88.46781
        ],
        [
          27.106603,
          88.467683
        ],
        [
          27.106784,
          88.467528
        ],
        [
          27.106901,
          88.467434
        ],
        [
          27.107145,
          88.467404
        ],
        [
          27.107353,
          88.467441
        ],
        [
          27.107533,
          88.467513
        ],
        [
          27.107652,
          88.467555
        ],
        [
          27.107924,
          88.467449
        ],
        [
          27.108134,
          88.46742
        ],
        [
          27.108532,
          88.46753
        ],
        [
          27.10861,
          88.467485
        ],
        [
          27.108764,
          88.467444
        ],
        [
          27.108946,
          88.467466
        ],
        [
          27.109279,
          88.467525
        ],
        [
          27.109375,
          88.467618
        ],
        [
          27.109466,
          88.467633
        ],
        [
          27.109676,
          88.467636
        ],
        [
          27.10982,
          88.467605
        ],
        [
          27.11,
          88.467646
        ],
        [
          27.11022,
          88.46769
        ],
        [
          27.110395,
          88.467762
        ],
        [
          27.110766,
          88.46778
        ],
        [
          27.110931,
          88.467894
        ],
        [
          27.111079,
          88.467978
        ],
        [
          27.111108,
          88.468001
        ],
        [
          27.111232,
          88.468136
        ],
        [
          27.111263,
          88.468162
        ],
        [
          27.11137,
          88.46822
        ],
        [
          27.111495,
          88.46828
        ],
        [
          27.111588,
          88.468306
        ],
        [
          27.111736,
          88.468355
        ],
        [
          27.111868,
          88.468441
        ],
        [
          27.112064,
          88.468501
        ],
        [
          27.112259,
          88.46858
        ],
        [
          27.11244,
          88.468685
        ],
        [
          27.112589,
          88.468806
        ],
        [
          27.112712,
          88.468915
        ],
        [
          27.112807,
          88.469133
        ],
        [
          27.112894,
          88.46933
        ],
        [
          27.112897,
          88.469418
        ],
        [
          27.112925,
          88.469462
        ],
        [
          27.113031,
          88.469516
        ],
        [
          27.113112,
          88.469576
        ],
        [
          27.113246,
          88.46964
        ],
        [
          27.113343,
          88.469639
        ],
        [
          27.11344,
          88.469664
        ],
        [
          27.113506,
          88.469673
        ],
        [
          27.113654,
          88.469692
        ],
        [
          27.113984,
          88.469574
        ],
        [
          27.114147,
          88.469534
        ],
        [
          27.11432,
          88.469466
        ],
        [
          27.114539,
          88.469461
        ],
        [
          27.114597,
          88.46951
        ],
        [
          27.114725,
          88.469606
        ],
        [
          27.115009,
          88.469912
        ],
        [
          27.115082,
          88.470018
        ],
        [
          27.115214,
          88.470261
        ],
        [
          27.115363,
          88.470472
        ],
        [
          27.115522,
          88.470672
        ],
        [
          27.115608,
          88.470798
        ],
        [
          27.115637,
          88.470912
        ],
        [
          27.11565,
          88.471054
        ],
        [
          27.115731,
          88.471184
        ],
        [
          27.115825,
          88.471208
        ],
        [
          27.115973,
          88.471205
        ],
        [
          27.116126,
          88.471259
        ],
        [
          27.116236,
          88.471327
        ],
        [
          27.116386,
          88.471434
        ],
        [
          27.116579,
          88.471554
        ],
        [
          27.116721,
          88.471683
        ],
        [
          27.116866,
          88.471858
        ],
        [
          27.116962,
          88.471982
        ],
        [
          27.117011,
          88.472213
        ],
        [
          27.117036,
          88.472463
        ],
        [
          27.117129,
          88.472673
        ],
        [
          27.117284,
          88.473009
        ],
        [
          27.117611,
          88.473902
        ],
        [
          27.117944,
          88.474492
        ],
        [
          27.11831,
          88.47491
        ],
        [
          27.118964,
          88.475299
        ],
        [
          27.119816,
          88.475645
        ],
        [
          27.120348,
          88.476084
        ],
        [
          27.121002,
          88.476466
        ],
        [
          27.121745,
          88.47695
        ],
        [
          27.121892,
          88.477116
        ],
        [
          27.12194,
          88.477302
        ],
        [
          27.121944,
          88.477476
        ],
        [
          27.121848,
          88.477966
        ],
        [
          27.121423,
          88.479104
        ],
        [
          27.121135,
          88.479849
        ],
        [
          27.120756,
          88.480351
        ],
        [
          27.12017,
          88.481195
        ],
        [
          27.119662,
          88.482024
        ],
        [
          27.119452,
          88.482624
        ],
        [
          27.119482,
          88.483598
        ],
        [
          27.119499,
          88.484453
        ],
        [
          27.11949,
          88.484992
        ],
        [
          27.119529,
          88.486237
        ],
        [
          27.11973,
          88.486446
        ],
        [
          27.119983,
          88.486592
        ],
        [
          27.120222,
          88.486711
        ],
        [
          27.120494,
          88.486773
        ],
        [
          27.120856,
          88.486815
        ],
        [
          27.121129,
          88.486777
        ],
        [
          27.121321,
          88.486734
        ],
        [
          27.121787,
          88.48687
        ],
        [
          27.122039,
          88.486841
        ],
        [
          27.122165,
          88.486784
        ],
        [
          27.122499,
          88.48653
        ],
        [
          27.122596,
          88.486399
        ],
        [
          27.122687,
          88.486359
        ],
        [
          27.122968,
          88.486456
        ],
        [
          27.123085,
          88.486523
        ],
        [
          27.123173,
          88.486601
        ],
        [
          27.123375,
          88.486691
        ],
        [
          27.123514,
          88.486711
        ],
        [
          27.123581,
          88.486708
        ],
        [
          27.123756,
          88.486743
        ],
        [
          27.123905,
          88.486731
        ],
        [
          27.124226,
          88.486784
        ],
        [
          27.124297,
          88.486813
        ],
        [
          27.124337,
          88.487065
        ],
        [
          27.124385,
          88.487241
        ],
        [
          27.124431,
          88.487446
        ],
        [
          27.124516,
          88.487633
        ],
        [
          27.12468,
          88.487847
        ],
        [
          27.124881,
          88.488099
        ],
        [
          27.124965,
          88.488286
        ],
        [
          27.124999,
          88.488551
        ],
        [
          27.124993,
          88.488826
        ],
        [
          27.124971,
          88.489082
        ],
        [
          27.124971,
          88.489301
        ],
        [
          27.124974,
          88.489496
        ],
        [
          27.124939,
          88.489819
        ],
        [
          27.124903,
          88.490156
        ],
        [
          27.124797,
          88.490312
        ],
        [
          27.12454,
          88.490507
        ],
        [
          27.124371,
          88.490645
        ],
        [
          27.124256,
          88.490769
        ],
        [
          27.124018,
          88.490836
        ],
        [
          27.123995,
          88.490853
        ],
        [
          27.12385,
          88.490976
        ],
        [
          27.123647,
          88.491112
        ],
        [
          27.123501,
          88.491333
        ],
        [
          27.123273,
          88.49154
        ],
        [
          27.123104,
          88.491698
        ],
        [
          27.122822,
          88.491869
        ],
        [
          27.12275,
          88.491924
        ],
        [
          27.122615,
          88.491964
        ],
        [
          27.122546,
          88.492189
        ],
        [
          27.12247,
          88.492414
        ],
        [
          27.122349,
          88.492582
        ],
        [
          27.122219,
          88.492778
        ],
        [
          27.122139,
          88.493033
        ],
        [
          27.122084,
          88.493223
        ],
        [
          27.121986,
          88.493498
        ],
        [
          27.12181,
          88.493993
        ],
        [
          27.121663,
          88.494323
        ],
        [
          27.121517,
          88.494655
        ],
        [
          27.121382,
          88.494945
        ],
        [
          27.121438,
          88.495205
        ],
        [
          27.121709,
          88.495567
        ],
        [
          27.121788,
          88.49571
        ],
        [
          27.121834,
          88.495876
        ],
        [
          27.121946,
          88.496383
        ],
        [
          27.122024,
          88.496906
        ],
        [
          27.122142,
          88.497234
        ],
        [
          27.122432,
          88.497434
        ],
        [
          27.122518,
          88.497705
        ],
        [
          27.122566,
          88.497754
        ],
        [
          27.122716,
          88.498035
        ],
        [
          27.122914,
          88.498176
        ],
        [
          27.123103,
          88.498323
        ],
        [
          27.123171,
          88.498374
        ],
        [
          27.123374,
          88.498558
        ],
        [
          27.123397,
          88.498736
        ],
        [
          27.123443,
          88.498861
        ],
        [
          27.123529,
          88.499129
        ],
        [
          27.123666,
          88.49932
        ],
        [
          27.123712,
          88.499384
        ],
        [
          27.123972,
          88.49962
        ],
        [
          27.124242,
          88.499843
        ],
        [
          27.124368,
          88.499939
        ],
        [
          27.124471,
          88.499992
        ],
        [
          27.12456,
          88.500028
        ],
        [
          27.124741,
          88.500095
        ],
        [
          27.124979,
          88.500138
        ],
        [
          27.125338,
          88.500304
        ],
        [
          27.125684,
          88.500389
        ],
        [
          27.125774,
          88.500375
        ],
        [
          27.125893,
          88.500382
        ],
        [
          27.126037,
          88.500474
        ],
        [
          27.126188,
          88.500717
        ],
        [
          27.126391,
          88.501161
        ],
        [
          27.126427,
          88.501494
        ],
        [
          27.126449,
          88.501715
        ],
        [
          27.126522,
          88.502129
        ],
        [
          27.126549,
          88.502349
        ],
        [
          27.126633,
          88.502733
        ],
        [
          27.126707,
          88.502982
        ],
        [
          27.126765,
          88.503288
        ],
        [
          27.126785,
          88.503551
        ],
        [
          27.126801,
          88.503634
        ],
        [
          27.126842,
          88.503803
        ],
        [
          27.126946,
          88.504173
        ],
        [
          27.127009,
          88.504345
        ],
        [
          27.126963,
          88.504497
        ],
        [
          27.126691,
          88.504747
        ],
        [
          27.126407,
          88.505018
        ],
        [
          27.12629,
          88.505148
        ],
        [
          27.126203,
          88.505281
        ],
        [
          27.126224,
          88.505379
        ],
        [
          27.126306,
          88.505535
        ],
        [
          27.126381,
          88.505709
        ],
        [
          27.126392,
          88.50573
        ],
        [
          27.126466,
          88.505875
        ],
        [
          27.126554,
          88.505981
        ],
        [
          27.126648,
          88.50609
        ],
        [
          27.126725,
          88.506163
        ],
        [
          27.126811,
          88.506268
        ],
        [
          27.126861,
          88.50637
        ],
        [
          27.126949,
          88.506466
        ],
        [
          27.127115,
          88.506521
        ],
        [
          27.127232,
          88.506588
        ],
        [
          27.127582,
          88.506779
        ],
        [
          27.127821,
          88.506771
        ],
        [
          27.128044,
          88.506649
        ],
        [
          27.128226,
          88.506572
        ],
        [
          27.128258,
          88.506551
        ],
        [
          27.128378,
          88.506509
        ],
        [
          27.128545,
          88.50646
        ],
        [
          27.128677,
          88.506359
        ],
        [
          27.128769,
          88.50627
        ],
        [
          27.128832,
          88.506138
        ],
        [
          27.128984,
          88.506021
        ],
        [
          27.129072,
          88.505936
        ],
        [
          27.129197,
          88.50582
        ],
        [
          27.12933,
          88.505692
        ],
        [
          27.129433,
          88.505575
        ],
        [
          27.129473,
          88.505511
        ],
        [
          27.129483,
          88.505371
        ],
        [
          27.12969,
          88.50534
        ],
        [
          27.129861,
          88.505327
        ],
        [
          27.130116,
          88.505383
        ],
        [
          27.13033,
          88.505426
        ],
        [
          27.130542,
          88.505475
        ],
        [
          27.130869,
          88.505631
        ],
        [
          27.131225,
          88.505758
        ],
        [
          27.13144,
          88.505917
        ],
        [
          27.131668,
          88.506244
        ],
        [
          27.131821,
          88.506446
        ],
        [
          27.132108,
          88.506872
        ],
        [
          27.132379,
          88.507282
        ],
        [
          27.132447,
          88.507338
        ],
        [
          27.132682,
          88.507637
        ],
        [
          27.13275,
          88.507731
        ],
        [
          27.132995,
          88.50814
        ],
        [
          27.133101,
          88.508327
        ],
        [
          27.133125,
          88.508386
        ],
        [
          27.133352,
          88.508688
        ],
        [
          27.133513,
          88.508901
        ],
        [
          27.133633,
          88.509093
        ],
        [
          27.133669,
          88.50925
        ],
        [
          27.133736,
          88.509426
        ],
        [
          27.133743,
          88.50949
        ],
        [
          27.133808,
          88.509704
        ],
        [
          27.133911,
          88.510089
        ],
        [
          27.133973,
          88.510194
        ],
        [
          27.13413,
          88.510517
        ],
        [
          27.134145,
          88.51057
        ],
        [
          27.134207,
          88.510732
        ],
        [
          27.134373,
          88.511138
        ],
        [
          27.134555,
          88.51142
        ],
        [
          27.134591,
          88.511459
        ],
        [
          27.134735,
          88.511679
        ],
        [
          27.134858,
          88.511858
        ],
        [
          27.134991,
          88.512196
        ],
        [
          27.135201,
          88.512699
        ],
        [
          27.135232,
          88.512762
        ],
        [
          27.13552,
          88.51293
        ],
        [
          27.135801,
          88.512972
        ],
        [
          27.136223,
          88.51309
        ],
        [
          27.136355,
          88.513176
        ],
        [
          27.13673,
          88.513477
        ],
        [
          27.137101,
          88.513819
        ],
        [
          27.137487,
          88.514276
        ],
        [
          27.137686,
          88.51461
        ],
        [
          27.137765,
          88.514838
        ],
        [
          27.137867,
          88.515027
        ],
        [
          27.137884,
          88.515057
        ],
        [
          27.138202,
          88.515427
        ],
        [
          27.138609,
          88.515808
        ],
        [
          27.138679,
          88.515874
        ],
        [
          27.138741,
          88.515923
        ],
        [
          27.138805,
          88.515968
        ],
        [
          27.139115,
          88.516186
        ],
        [
          27.139497,
          88.516386
        ],
        [
          27.1399,
          88.516639
        ],
        [
          27.140216,
          88.516915
        ],
        [
          27.140354,
          88.517189
        ],
        [
          27.140364,
          88.517233
        ],
        [
          27.140456,
          88.51753
        ],
        [
          27.140492,
          88.517805
        ],
        [
          27.140517,
          88.517994
        ],
        [
          27.140583,
          88.518188
        ],
        [
          27.14073,
          88.518356
        ],
        [
          27.140812,
          88.518497
        ],
        [
          27.140918,
          88.518653
        ],
        [
          27.141062,
          88.518747
        ],
        [
          27.141237,
          88.518765
        ],
        [
          27.14142,
          88.518771
        ],
        [
          27.141542,
          88.518892
        ],
        [
          27.141628,
          88.51901
        ],
        [
          27.141713,
          88.519069
        ],
        [
          27.141855,
          88.519132
        ],
        [
          27.142029,
          88.519124
        ],
        [
          27.142207,
          88.519131
        ],
        [
          27.142353,
          88.519189
        ],
        [
          27.142487,
          88.519326
        ],
        [
          27.142594,
          88.519467
        ],
        [
          27.142715,
          88.519591
        ],
        [
          27.142831,
          88.519694
        ],
        [
          27.142955,
          88.519811
        ],
        [
          27.143052,
          88.519929
        ],
        [
          27.143179,
          88.520038
        ],
        [
          27.143365,
          88.520147
        ],
        [
          27.143523,
          88.520209
        ],
        [
          27.143687,
          88.520249
        ],
        [
          27.143828,
          88.520322
        ],
        [
          27.144019,
          88.520505
        ],
        [
          27.144209,
          88.520671
        ],
        [
          27.144535,
          88.520969
        ],
        [
          27.144971,
          88.521363
        ],
        [
          27.145272,
          88.521959
        ],
        [
          27.145747,
          88.522947
        ],
        [
          27.146142,
          88.524147
        ],
        [
          27.146339,
          88.524823
        ],
        [
          27.146591,
          88.525492
        ],
        [
          27.146813,
          88.525872
        ],
        [
          27.146836,
          88.52593
        ],
        [
          27.146848,
          88.526295
        ],
        [
          27.146816,
          88.526485
        ],
        [
          27.14674,
          88.526882
        ],
        [
          27.146723,
          88.527026
        ],
        [
          27.146703,
          88.527291
        ],
        [
          27.146626,
          88.527443
        ],
        [
          27.146481,
          88.527867
        ],
        [
          27.146353,
          88.528152
        ],
        [
          27.146226,
          88.528511
        ],
        [
          27.146075,
          88.528854
        ],
        [
          27.145232,
          88.530059
        ],
        [
          27.145231,
          88.530158
        ],
        [
          27.145259,
          88.530212
        ],
        [
          27.145413,
          88.530348
        ],
        [
          27.14564,
          88.530584
        ],
        [
          27.145808,
          88.530702
        ],
        [
          27.146111,
          88.530986
        ],
        [
          27.146593,
          88.531205
        ],
        [
          27.146749,
          88.531303
        ],
        [
          27.146882,
          88.531462
        ],
        [
          27.147087,
          88.531783
        ],
        [
          27.147282,
          88.532033
        ],
        [
          27.147474,
          88.532194
        ],
        [
          27.147818,
          88.532479
        ],
        [
          27.147905,
          88.532581
        ],
        [
          27.147976,
          88.532694
        ],
        [
          27.148288,
          88.533085
        ],
        [
          27.148524,
          88.53333
        ],
        [
          27.148657,
          88.533399
        ],
        [
          27.149047,
          88.533651
        ],
        [
          27.149153,
          88.533769
        ],
        [
          27.149413,
          88.533973
        ],
        [
          27.149493,
          88.534001
        ],
        [
          27.149722,
          88.534074
        ],
        [
          27.149838,
          88.534141
        ],
        [
          27.149884,
          88.534177
        ],
        [
          27.150222,
          88.53443
        ],
        [
          27.150463,
          88.534617
        ],
        [
          27.150653,
          88.53476
        ],
        [
          27.151021,
          88.535013
        ],
        [
          27.151428,
          88.535254
        ],
        [
          27.1515,
          88.53529
        ],
        [
          27.151799,
          88.53534
        ],
        [
          27.152092,
          88.535305
        ],
        [
          27.152657,
          88.53523
        ],
        [
          27.153034,
          88.535194
        ],
        [
          27.153522,
          88.535285
        ],
        [
          27.153874,
          88.535326
        ],
        [
          27.154259,
          88.535246
        ],
        [
          27.154693,
          88.535221
        ],
        [
          27.154988,
          88.535213
        ],
        [
          27.155146,
          88.535168
        ],
        [
          27.1553,
          88.535098
        ],
        [
          27.155953,
          88.534783
        ],
        [
          27.156247,
          88.534486
        ],
        [
          27.15632,
          88.534406
        ],
        [
          27.156658,
          88.533951
        ],
        [
          27.156935,
          88.533341
        ],
        [
          27.157388,
          88.532636
        ],
        [
          27.157641,
          88.532114
        ],
        [
          27.157754,
          88.531768
        ],
        [
          27.157886,
          88.531514
        ],
        [
          27.158103,
          88.531182
        ],
        [
          27.158236,
          88.530973
        ],
        [
          27.158251,
          88.530837
        ],
        [
          27.158205,
          88.530692
        ],
        [
          27.158084,
          88.530556
        ],
        [
          27.157974,
          88.530486
        ],
        [
          27.157851,
          88.530411
        ],
        [
          27.15778,
          88.530249
        ],
        [
          27.157751,
          88.529987
        ],
        [
          27.157673,
          88.529724
        ],
        [
          27.157631,
          88.529645
        ],
        [
          27.157554,
          88.529523
        ],
        [
          27.157574,
          88.529421
        ],
        [
          27.157634,
          88.529308
        ],
        [
          27.157759,
          88.529196
        ],
        [
          27.157927,
          88.529069
        ],
        [
          27.158094,
          88.529001
        ],
        [
          27.158329,
          88.529002
        ],
        [
          27.15849,
          88.529013
        ],
        [
          27.158652,
          88.529003
        ],
        [
          27.158786,
          88.528983
        ],
        [
          27.158944,
          88.528954
        ],
        [
          27.159086,
          88.528956
        ],
        [
          27.159352,
          88.529035
        ],
        [
          27.160152,
          88.529726
        ],
        [
          27.160912,
          88.530241
        ],
        [
          27.161358,
          88.5306
        ],
        [
          27.162065,
          88.531129
        ],
        [
          27.162469,
          88.531452
        ],
        [
          27.162757,
          88.531649
        ],
        [
          27.162928,
          88.531776
        ],
        [
          27.162998,
          88.531803
        ],
        [
          27.163069,
          88.531824
        ],
        [
          27.163407,
          88.531894
        ],
        [
          27.163523,
          88.531952
        ],
        [
          27.163752,
          88.532087
        ],
        [
          27.163856,
          88.532166
        ],
        [
          27.164038,
          88.532282
        ],
        [
          27.164276,
          88.532329
        ],
        [
          27.164319,
          88.532329
        ],
        [
          27.164396,
          88.532342
        ],
        [
          27.164722,
          88.532402
        ],
        [
          27.165254,
          88.532499
        ],
        [
          27.165855,
          88.532735
        ],
        [
          27.166113,
          88.53273
        ],
        [
          27.166304,
          88.532639
        ],
        [
          27.166484,
          88.532382
        ],
        [
          27.166531,
          88.532139
        ],
        [
          27.16658,
          88.531908
        ],
        [
          27.166588,
          88.531856
        ],
        [
          27.166667,
          88.531569
        ],
        [
          27.166764,
          88.531435
        ],
        [
          27.166946,
          88.531207
        ],
        [
          27.167037,
          88.531049
        ],
        [
          27.167125,
          88.53082
        ],
        [
          27.167148,
          88.530347
        ],
        [
          27.167152,
          88.53001
        ],
        [
          27.167068,
          88.529834
        ],
        [
          27.166987,
          88.529644
        ],
        [
          27.16699,
          88.529581
        ],
        [
          27.167053,
          88.52918
        ],
        [
          27.167108,
          88.529024
        ],
        [
          27.167295,
          88.528477
        ],
        [
          27.167401,
          88.528306
        ],
        [
          27.167621,
          88.528004
        ],
        [
          27.167769,
          88.52788
        ],
        [
          27.168337,
          88.527553
        ],
        [
          27.168404,
          88.527441
        ],
        [
          27.168488,
          88.52738
        ],
        [
          27.168732,
          88.527168
        ],
        [
          27.168895,
          88.527017
        ],
        [
          27.169066,
          88.526933
        ],
        [
          27.169253,
          88.526716
        ],
        [
          27.169353,
          88.526496
        ],
        [
          27.169429,
          88.526391
        ],
        [
          27.169771,
          88.526112
        ],
        [
          27.169817,
          88.526161
        ],
        [
          27.169879,
          88.52619
        ],
        [
          27.170476,
          88.526031
        ],
        [
          27.170879,
          88.525968
        ],
        [
          27.17115,
          88.525961
        ],
        [
          27.171259,
          88.525975
        ],
        [
          27.171353,
          88.526005
        ],
        [
          27.171427,
          88.526052
        ],
        [
          27.171516,
          88.526131
        ],
        [
          27.171627,
          88.526277
        ],
        [
          27.171965,
          88.526758
        ],
        [
          27.172209,
          88.52703
        ],
        [
          27.172267,
          88.527123
        ],
        [
          27.172305,
          88.527226
        ],
        [
          27.172325,
          88.527345
        ],
        [
          27.172344,
          88.527657
        ],
        [
          27.172308,
          88.528154
        ],
        [
          27.172205,
          88.528681
        ],
        [
          27.172079,
          88.52934
        ],
        [
          27.172076,
          88.529588
        ],
        [
          27.172113,
          88.529705
        ],
        [
          27.17222,
          88.529855
        ],
        [
          27.172935,
          88.530465
        ],
        [
          27.173016,
          88.530548
        ],
        [
          27.173094,
          88.530629
        ],
        [
          27.173181,
          88.530745
        ],
        [
          27.173208,
          88.530815
        ],
        [
          27.173236,
          88.530886
        ],
        [
          27.173289,
          88.531
        ],
        [
          27.173389,
          88.531119
        ],
        [
          27.173533,
          88.531209
        ],
        [
          27.173783,
          88.531295
        ],
        [
          27.174581,
          88.531487
        ],
        [
          27.174726,
          88.531519
        ],
        [
          27.174897,
          88.531555
        ],
        [
          27.174974,
          88.531567
        ],
        [
          27.175057,
          88.531539
        ],
        [
          27.175099,
          88.531481
        ],
        [
          27.175128,
          88.531367
        ],
        [
          27.175125,
          88.531189
        ],
        [
          27.175123,
          88.531181
        ],
        [
          27.174999,
          88.530729
        ],
        [
          27.174969,
          88.530634
        ],
        [
          27.174934,
          88.530549
        ],
        [
          27.17493,
          88.530505
        ],
        [
          27.174935,
          88.530476
        ],
        [
          27.174947,
          88.530449
        ],
        [
          27.174976,
          88.530413
        ],
        [
          27.17507,
          88.530346
        ],
        [
          27.175131,
          88.530296
        ],
        [
          27.175192,
          88.530237
        ],
        [
          27.175231,
          88.530193
        ],
        [
          27.175543,
          88.529771
        ],
        [
          27.175666,
          88.529614
        ],
        [
          27.175761,
          88.529503
        ],
        [
          27.175822,
          88.529445
        ],
        [
          27.175906,
          88.529374
        ],
        [
          27.176305,
          88.529058
        ],
        [
          27.176349,
          88.529016
        ],
        [
          27.17642,
          88.528932
        ],
        [
          27.176467,
          88.528867
        ],
        [
          27.1765,
          88.528822
        ],
        [
          27.176582,
          88.528691
        ],
        [
          27.176637,
          88.528594
        ],
        [
          27.176746,
          88.528382
        ],
        [
          27.176852,
          88.528209
        ],
        [
          27.176998,
          88.527996
        ],
        [
          27.177133,
          88.527819
        ],
        [
          27.177157,
          88.527783
        ],
        [
          27.1772,
          88.52769
        ],
        [
          27.177225,
          88.527607
        ],
        [
          27.177241,
          88.527515
        ],
        [
          27.177258,
          88.527344
        ],
        [
          27.177281,
          88.52719
        ],
        [
          27.177307,
          88.527073
        ],
        [
          27.177356,
          88.526919
        ],
        [
          27.177378,
          88.526834
        ],
        [
          27.177394,
          88.526742
        ],
        [
          27.177406,
          88.526646
        ],
        [
          27.177412,
          88.526549
        ],
        [
          27.177413,
          88.526452
        ],
        [
          27.177393,
          88.526144
        ],
        [
          27.177393,
          88.526058
        ],
        [
          27.177398,
          88.525929
        ],
        [
          27.17741,
          88.525805
        ],
        [
          27.177446,
          88.525549
        ],
        [
          27.177487,
          88.525191
        ],
        [
          27.177513,
          88.524905
        ],
        [
          27.177528,
          88.524669
        ],
        [
          27.177527,
          88.524553
        ],
        [
          27.177518,
          88.524401
        ],
        [
          27.177441,
          88.523496
        ],
        [
          27.177433,
          88.523341
        ],
        [
          27.177423,
          88.523134
        ],
        [
          27.177405,
          88.52268
        ],
        [
          27.177397,
          88.522347
        ],
        [
          27.177398,
          88.52217
        ],
        [
          27.177406,
          88.521985
        ],
        [
          27.177421,
          88.521803
        ],
        [
          27.177442,
          88.521672
        ],
        [
          27.177457,
          88.521603
        ],
        [
          27.177419,
          88.521411
        ],
        [
          27.177592,
          88.521241
        ],
        [
          27.177655,
          88.52111
        ],
        [
          27.177762,
          88.520931
        ],
        [
          27.177817,
          88.52085
        ],
        [
          27.177925,
          88.520706
        ],
        [
          27.178028,
          88.520586
        ],
        [
          27.178119,
          88.520491
        ],
        [
          27.178193,
          88.520421
        ],
        [
          27.178285,
          88.520343
        ],
        [
          27.178336,
          88.520315
        ],
        [
          27.178398,
          88.520302
        ],
        [
          27.178458,
          88.520301
        ],
        [
          27.178607,
          88.520315
        ],
        [
          27.178686,
          88.520319
        ],
        [
          27.178813,
          88.52031
        ],
        [
          27.178898,
          88.520289
        ],
        [
          27.178977,
          88.520253
        ],
        [
          27.17905,
          88.520198
        ],
        [
          27.179502,
          88.519821
        ],
        [
          27.179591,
          88.519753
        ],
        [
          27.179779,
          88.519623
        ],
        [
          27.179879,
          88.519542
        ],
        [
          27.179987,
          88.519446
        ],
        [
          27.180092,
          88.519342
        ],
        [
          27.180141,
          88.519289
        ],
        [
          27.180225,
          88.519184
        ],
        [
          27.180257,
          88.519133
        ],
        [
          27.180282,
          88.519085
        ],
        [
          27.180343,
          88.518948
        ],
        [
          27.18041,
          88.518818
        ],
        [
          27.180463,
          88.518735
        ],
        [
          27.180524,
          88.518655
        ],
        [
          27.180597,
          88.51858
        ],
        [
          27.180738,
          88.518468
        ],
        [
          27.180863,
          88.518357
        ],
        [
          27.181005,
          88.518218
        ],
        [
          27.181152,
          88.518065
        ],
        [
          27.181353,
          88.517841
        ],
        [
          27.181455,
          88.517717
        ],
        [
          27.181518,
          88.517629
        ],
        [
          27.181551,
          88.517559
        ],
        [
          27.181563,
          88.517521
        ],
        [
          27.181578,
          88.517438
        ],
        [
          27.181582,
          88.517395
        ],
        [
          27.181583,
          88.517306
        ],
        [
          27.18157,
          88.517172
        ],
        [
          27.181562,
          88.517134
        ],
        [
          27.181533,
          88.517004
        ],
        [
          27.18153,
          88.516963
        ],
        [
          27.181531,
          88.516923
        ],
        [
          27.181545,
          88.516843
        ],
        [
          27.18157,
          88.516768
        ],
        [
          27.181619,
          88.516668
        ],
        [
          27.181693,
          88.516552
        ],
        [
          27.181705,
          88.516527
        ],
        [
          27.181728,
          88.516462
        ],
        [
          27.181738,
          88.516423
        ],
        [
          27.181752,
          88.516333
        ],
        [
          27.181758,
          88.516229
        ],
        [
          27.181752,
          88.516115
        ],
        [
          27.181743,
          88.516054
        ],
        [
          27.181714,
          88.515928
        ],
        [
          27.18169,
          88.515857
        ],
        [
          27.181577,
          88.515581
        ],
        [
          27.181378,
          88.515151
        ],
        [
          27.18097,
          88.514362
        ],
        [
          27.180747,
          88.514087
        ],
        [
          27.180704,
          88.514013
        ],
        [
          27.180615,
          88.513733
        ],
        [
          27.180711,
          88.513458
        ],
        [
          27.1809,
          88.513203
        ],
        [
          27.181112,
          88.512817
        ],
        [
          27.181259,
          88.512344
        ],
        [
          27.181302,
          88.511805
        ],
        [
          27.181224,
          88.511315
        ],
        [
          27.181181,
          88.511247
        ],
        [
          27.18097,
          88.510866
        ],
        [
          27.180811,
          88.510662
        ],
        [
          27.180745,
          88.510607
        ],
        [
          27.180694,
          88.510546
        ],
        [
          27.180512,
          88.510303
        ],
        [
          27.180148,
          88.509743
        ],
        [
          27.180048,
          88.509646
        ],
        [
          27.179993,
          88.50955
        ],
        [
          27.179949,
          88.509452
        ],
        [
          27.179942,
          88.509337
        ],
        [
          27.179972,
          88.509265
        ],
        [
          27.180032,
          88.509191
        ],
        [
          27.180137,
          88.509162
        ],
        [
          27.180329,
          88.509179
        ],
        [
          27.180426,
          88.509135
        ],
        [
          27.180526,
          88.50903
        ],
        [
          27.180598,
          88.50891
        ],
        [
          27.180862,
          88.508779
        ],
        [
          27.181185,
          88.508594
        ],
        [
          27.181395,
          88.508356
        ],
        [
          27.181596,
          88.508144
        ],
        [
          27.18176,
          88.508014
        ],
        [
          27.182231,
          88.507989
        ],
        [
          27.182414,
          88.507802
        ],
        [
          27.182553,
          88.507719
        ],
        [
          27.182925,
          88.507743
        ],
        [
          27.183135,
          88.507813
        ],
        [
          27.18331,
          88.507813
        ],
        [
          27.183422,
          88.507725
        ],
        [
          27.183468,
          88.507377
        ],
        [
          27.183565,
          88.507143
        ],
        [
          27.183839,
          88.506389
        ],
        [
          27.183933,
          88.506054
        ],
        [
          27.184014,
          88.505911
        ],
        [
          27.184173,
          88.505709
        ],
        [
          27.184338,
          88.505514
        ],
        [
          27.184465,
          88.505412
        ],
        [
          27.184573,
          88.505324
        ],
        [
          27.184765,
          88.505219
        ],
        [
          27.184861,
          88.505181
        ],
        [
          27.184958,
          88.505179
        ],
        [
          27.185096,
          88.505171
        ],
        [
          27.185382,
          88.505238
        ],
        [
          27.185587,
          88.505347
        ],
        [
          27.185608,
          88.505359
        ],
        [
          27.185706,
          88.505578
        ],
        [
          27.185739,
          88.505655
        ],
        [
          27.18587,
          88.505686
        ],
        [
          27.186175,
          88.505505
        ],
        [
          27.18627,
          88.505419
        ],
        [
          27.186285,
          88.505391
        ],
        [
          27.186317,
          88.505328
        ],
        [
          27.186336,
          88.505061
        ],
        [
          27.186312,
          88.504764
        ],
        [
          27.186243,
          88.504378
        ],
        [
          27.18622,
          88.50428
        ],
        [
          27.186106,
          88.504009
        ],
        [
          27.185953,
          88.503761
        ],
        [
          27.185838,
          88.503516
        ],
        [
          27.185822,
          88.503292
        ],
        [
          27.185851,
          88.503172
        ],
        [
          27.185957,
          88.50308
        ],
        [
          27.186119,
          88.503032
        ],
        [
          27.186265,
          88.503074
        ],
        [
          27.186509,
          88.503395
        ],
        [
          27.186548,
          88.503446
        ],
        [
          27.186867,
          88.503673
        ],
        [
          27.186973,
          88.503738
        ],
        [
          27.187026,
          88.503742
        ],
        [
          27.187287,
          88.503779
        ],
        [
          27.187487,
          88.503724
        ],
        [
          27.187674,
          88.503656
        ],
        [
          27.187848,
          88.503535
        ],
        [
          27.188014,
          88.503307
        ],
        [
          27.188203,
          88.502937
        ],
        [
          27.188351,
          88.502579
        ],
        [
          27.188622,
          88.501541
        ],
        [
          27.188604,
          88.501117
        ],
        [
          27.188485,
          88.500774
        ],
        [
          27.187918,
          88.499736
        ],
        [
          27.187757,
          88.499552
        ],
        [
          27.187583,
          88.499331
        ],
        [
          27.187249,
          88.499175
        ],
        [
          27.18639,
          88.498903
        ],
        [
          27.186177,
          88.498839
        ],
        [
          27.186044,
          88.498785
        ],
        [
          27.185935,
          88.49871
        ],
        [
          27.185853,
          88.498634
        ],
        [
          27.185831,
          88.498508
        ],
        [
          27.185828,
          88.498351
        ],
        [
          27.185838,
          88.49833
        ],
        [
          27.185939,
          88.498119
        ],
        [
          27.186062,
          88.497939
        ],
        [
          27.186198,
          88.497775
        ],
        [
          27.186203,
          88.497771
        ],
        [
          27.186396,
          88.497708
        ],
        [
          27.186523,
          88.497719
        ],
        [
          27.186651,
          88.497726
        ],
        [
          27.186739,
          88.497721
        ],
        [
          27.186897,
          88.497631
        ],
        [
          27.186939,
          88.497633
        ],
        [
          27.187051,
          88.497626
        ],
        [
          27.187168,
          88.497712
        ],
        [
          27.187238,
          88.497761
        ],
        [
          27.187395,
          88.49784
        ],
        [
          27.187524,
          88.497958
        ],
        [
          27.187707,
          88.498105
        ],
        [
          27.187738,
          88.498123
        ],
        [
          27.187927,
          88.498133
        ],
        [
          27.188103,
          88.498149
        ],
        [
          27.188303,
          88.498156
        ],
        [
          27.188515,
          88.498042
        ],
        [
          27.188608,
          88.49801
        ],
        [
          27.188681,
          88.497977
        ],
        [
          27.188864,
          88.49789
        ],
        [
          27.189142,
          88.497819
        ],
        [
          27.189288,
          88.497734
        ],
        [
          27.18954,
          88.497597
        ],
        [
          27.189865,
          88.497411
        ],
        [
          27.190322,
          88.497136
        ],
        [
          27.190697,
          88.496894
        ],
        [
          27.190974,
          88.496696
        ],
        [
          27.191185,
          88.496566
        ],
        [
          27.191329,
          88.496463
        ],
        [
          27.191546,
          88.496389
        ],
        [
          27.191591,
          88.496361
        ],
        [
          27.191872,
          88.496187
        ],
        [
          27.192209,
          88.49601
        ],
        [
          27.192354,
          88.495874
        ],
        [
          27.192388,
          88.49582
        ],
        [
          27.192605,
          88.495417
        ],
        [
          27.192827,
          88.494929
        ],
        [
          27.192937,
          88.494776
        ],
        [
          27.192982,
          88.494728
        ],
        [
          27.193334,
          88.494188
        ],
        [
          27.193588,
          88.49378
        ],
        [
          27.193733,
          88.493524
        ],
        [
          27.193938,
          88.493201
        ],
        [
          27.194175,
          88.492862
        ],
        [
          27.194459,
          88.492496
        ],
        [
          27.194698,
          88.49233
        ],
        [
          27.194887,
          88.492315
        ],
        [
          27.195073,
          88.492402
        ],
        [
          27.195226,
          88.492619
        ],
        [
          27.195292,
          88.492736
        ],
        [
          27.195305,
          88.49275
        ],
        [
          27.19535,
          88.492779
        ],
        [
          27.19538,
          88.492793
        ],
        [
          27.19545,
          88.492819
        ],
        [
          27.195532,
          88.492836
        ],
        [
          27.195574,
          88.492841
        ],
        [
          27.195661,
          88.49284
        ],
        [
          27.195744,
          88.492822
        ],
        [
          27.195783,
          88.492805
        ],
        [
          27.19582,
          88.492784
        ],
        [
          27.19589,
          88.492736
        ],
        [
          27.195952,
          88.49268
        ],
        [
          27.196003,
          88.492619
        ],
        [
          27.196038,
          88.492556
        ],
        [
          27.196049,
          88.492524
        ],
        [
          27.196054,
          88.492493
        ],
        [
          27.196054,
          88.492462
        ],
        [
          27.196048,
          88.492432
        ],
        [
          27.196036,
          88.492403
        ],
        [
          27.195919,
          88.492209
        ],
        [
          27.195842,
          88.492066
        ],
        [
          27.195802,
          88.491972
        ],
        [
          27.195789,
          88.491928
        ],
        [
          27.19578,
          88.491887
        ],
        [
          27.195778,
          88.491849
        ],
        [
          27.195783,
          88.491815
        ],
        [
          27.195798,
          88.491781
        ],
        [
          27.195824,
          88.491742
        ],
        [
          27.19586,
          88.491698
        ],
        [
          27.195953,
          88.491603
        ],
        [
          27.196063,
          88.491503
        ],
        [
          27.196353,
          88.491258
        ],
        [
          27.196629,
          88.491015
        ],
        [
          27.196878,
          88.490807
        ],
        [
          27.197056,
          88.490665
        ],
        [
          27.197227,
          88.490536
        ],
        [
          27.197307,
          88.49048
        ],
        [
          27.197713,
          88.490211
        ],
        [
          27.197924,
          88.490053
        ],
        [
          27.198147,
          88.489867
        ],
        [
          27.198674,
          88.489444
        ],
        [
          27.198727,
          88.489396
        ],
        [
          27.198882,
          88.489227
        ],
        [
          27.19897,
          88.489149
        ],
        [
          27.199036,
          88.489105
        ],
        [
          27.199072,
          88.489087
        ],
        [
          27.199148,
          88.489058
        ],
        [
          27.199279,
          88.489019
        ],
        [
          27.199686,
          88.488913
        ],
        [
          27.199903,
          88.488841
        ],
        [
          27.20014,
          88.488754
        ],
        [
          27.200349,
          88.488665
        ],
        [
          27.200597,
          88.488531
        ],
        [
          27.200779,
          88.488439
        ],
        [
          27.200898,
          88.488388
        ],
        [
          27.20103,
          88.488347
        ],
        [
          27.201095,
          88.488314
        ],
        [
          27.201149,
          88.48827
        ],
        [
          27.201178,
          88.488233
        ],
        [
          27.201198,
          88.488189
        ],
        [
          27.201227,
          88.488089
        ],
        [
          27.201245,
          88.488039
        ],
        [
          27.20128,
          88.487969
        ],
        [
          27.201308,
          88.487928
        ],
        [
          27.201361,
          88.487878
        ],
        [
          27.201457,
          88.487819
        ],
        [
          27.20152,
          88.48777
        ],
        [
          27.201669,
          88.487613
        ],
        [
          27.201772,
          88.487527
        ],
        [
          27.201899,
          88.487439
        ],
        [
          27.202038,
          88.487362
        ],
        [
          27.202131,
          88.487322
        ],
        [
          27.202292,
          88.48727
        ],
        [
          27.202357,
          88.487245
        ],
        [
          27.202457,
          88.487195
        ],
        [
          27.202535,
          88.487148
        ],
        [
          27.202946,
          88.486866
        ],
        [
          27.203206,
          88.486675
        ],
        [
          27.203362,
          88.486542
        ],
        [
          27.203457,
          88.486447
        ],
        [
          27.203544,
          88.486365
        ],
        [
          27.203656,
          88.486278
        ],
        [
          27.203718,
          88.486236
        ],
        [
          27.203784,
          88.486199
        ],
        [
          27.203853,
          88.486168
        ],
        [
          27.203923,
          88.486144
        ],
        [
          27.203995,
          88.48613
        ],
        [
          27.204066,
          88.486128
        ],
        [
          27.204137,
          88.486139
        ],
        [
          27.204206,
          88.486166
        ],
        [
          27.204273,
          88.48621
        ],
        [
          27.204343,
          88.486268
        ],
        [
          27.204593,
          88.486488
        ],
        [
          27.204951,
          88.486824
        ],
        [
          27.205176,
          88.487044
        ],
        [
          27.205412,
          88.487287
        ],
        [
          27.205618,
          88.487474
        ],
        [
          27.205908,
          88.487774
        ],
        [
          27.205984,
          88.487875
        ],
        [
          27.206037,
          88.487968
        ],
        [
          27.206058,
          88.488018
        ],
        [
          27.206148,
          88.488278
        ],
        [
          27.206205,
          88.488421
        ],
        [
          27.206268,
          88.488552
        ],
        [
          27.206349,
          88.488687
        ],
        [
          27.206379,
          88.488752
        ],
        [
          27.206402,
          88.488817
        ],
        [
          27.206424,
          88.488914
        ],
        [
          27.206433,
          88.488976
        ],
        [
          27.206441,
          88.489091
        ],
        [
          27.206451,
          88.489149
        ],
        [
          27.206479,
          88.489234
        ],
        [
          27.206519,
          88.489309
        ],
        [
          27.206551,
          88.489348
        ],
        [
          27.206587,
          88.489376
        ],
        [
          27.206807,
          88.489468
        ],
        [
          27.207034,
          88.489573
        ],
        [
          27.207179,
          88.489652
        ],
        [
          27.207241,
          88.489696
        ],
        [
          27.207293,
          88.489761
        ],
        [
          27.207396,
          88.48993
        ],
        [
          27.207511,
          88.490141
        ],
        [
          27.207673,
          88.490451
        ],
        [
          27.207739,
          88.490567
        ],
        [
          27.2078,
          88.490659
        ],
        [
          27.207837,
          88.490707
        ],
        [
          27.207924,
          88.490803
        ],
        [
          27.207974,
          88.490848
        ],
        [
          27.208028,
          88.49089
        ],
        [
          27.208087,
          88.490928
        ],
        [
          27.208151,
          88.49096
        ],
        [
          27.20822,
          88.490985
        ],
        [
          27.208293,
          88.491002
        ],
        [
          27.208372,
          88.491011
        ],
        [
          27.209089,
          88.49103
        ],
        [
          27.20974,
          88.491043
        ],
        [
          27.21026,
          88.491053
        ],
        [
          27.210707,
          88.491087
        ],
        [
          27.211149,
          88.49111
        ],
        [
          27.211475,
          88.491129
        ],
        [
          27.21155,
          88.491122
        ],
        [
          27.212,
          88.491136
        ],
        [
          27.212094,
          88.491131
        ],
        [
          27.212172,
          88.491133
        ],
        [
          27.212562,
          88.491108
        ],
        [
          27.212758,
          88.491011
        ],
        [
          27.213123,
          88.490768
        ],
        [
          27.213368,
          88.490681
        ],
        [
          27.213418,
          88.490669
        ],
        [
          27.213619,
          88.490596
        ],
        [
          27.213749,
          88.490456
        ],
        [
          27.213801,
          88.490366
        ],
        [
          27.213893,
          88.490211
        ],
        [
          27.213943,
          88.490141
        ],
        [
          27.213996,
          88.490084
        ],
        [
          27.214089,
          88.489903
        ],
        [
          27.214285,
          88.489821
        ],
        [
          27.214581,
          88.489851
        ],
        [
          27.214978,
          88.489917
        ],
        [
          27.215265,
          88.489963
        ],
        [
          27.2154,
          88.489969
        ],
        [
          27.215479,
          88.489983
        ],
        [
          27.215704,
          88.490103
        ],
        [
          27.215822,
          88.490258
        ],
        [
          27.215972,
          88.490366
        ],
        [
          27.216202,
          88.490459
        ],
        [
          27.216406,
          88.490498
        ],
        [
          27.216599,
          88.490521
        ],
        [
          27.216762,
          88.490504
        ],
        [
          27.21689,
          88.490462
        ],
        [
          27.217082,
          88.490397
        ],
        [
          27.217247,
          88.490325
        ],
        [
          27.217369,
          88.490249
        ],
        [
          27.217507,
          88.490186
        ],
        [
          27.217632,
          88.490146
        ],
        [
          27.217718,
          88.490102
        ],
        [
          27.217877,
          88.490093
        ],
        [
          27.21801,
          88.490094
        ],
        [
          27.218126,
          88.490102
        ],
        [
          27.218243,
          88.490113
        ],
        [
          27.218373,
          88.490104
        ],
        [
          27.218469,
          88.490085
        ],
        [
          27.218611,
          88.490057
        ],
        [
          27.218825,
          88.490021
        ],
        [
          27.219029,
          88.490025
        ],
        [
          27.219158,
          88.490032
        ],
        [
          27.21929,
          88.490045
        ],
        [
          27.219426,
          88.490105
        ],
        [
          27.219638,
          88.490195
        ],
        [
          27.219742,
          88.490272
        ],
        [
          27.219769,
          88.490287
        ],
        [
          27.219936,
          88.490333
        ],
        [
          27.220141,
          88.490418
        ],
        [
          27.220267,
          88.490472
        ],
        [
          27.220415,
          88.490556
        ],
        [
          27.220574,
          88.49063
        ],
        [
          27.220772,
          88.490715
        ],
        [
          27.220889,
          88.490778
        ],
        [
          27.22107,
          88.490829
        ],
        [
          27.221281,
          88.490916
        ],
        [
          27.221565,
          88.491043
        ],
        [
          27.222106,
          88.491242
        ],
        [
          27.222459,
          88.491453
        ],
        [
          27.222595,
          88.491535
        ],
        [
          27.223011,
          88.491796
        ],
        [
          27.22324,
          88.491878
        ],
        [
          27.223444,
          88.491821
        ],
        [
          27.223586,
          88.491793
        ],
        [
          27.223795,
          88.491849
        ],
        [
          27.223961,
          88.491942
        ],
        [
          27.22401,
          88.491976
        ],
        [
          27.224226,
          88.492254
        ],
        [
          27.224302,
          88.492385
        ],
        [
          27.224454,
          88.492474
        ],
        [
          27.224652,
          88.492496
        ],
        [
          27.22504,
          88.492621
        ],
        [
          27.225161,
          88.492738
        ],
        [
          27.225321,
          88.492816
        ],
        [
          27.225506,
          88.492944
        ],
        [
          27.225641,
          88.493104
        ],
        [
          27.225772,
          88.493234
        ],
        [
          27.225956,
          88.493312
        ],
        [
          27.226094,
          88.49335
        ],
        [
          27.22627,
          88.493304
        ],
        [
          27.226491,
          88.493235
        ],
        [
          27.22672,
          88.493274
        ],
        [
          27.226886,
          88.493248
        ],
        [
          27.226936,
          88.49324
        ],
        [
          27.227107,
          88.493157
        ],
        [
          27.227231,
          88.493162
        ],
        [
          27.227385,
          88.493279
        ],
        [
          27.227516,
          88.493427
        ],
        [
          27.227675,
          88.493545
        ],
        [
          27.227865,
          88.493518
        ],
        [
          27.227905,
          88.49351
        ],
        [
          27.228135,
          88.493585
        ],
        [
          27.228173,
          88.493611
        ],
        [
          27.228419,
          88.493767
        ],
        [
          27.228557,
          88.49386
        ],
        [
          27.228665,
          88.493914
        ],
        [
          27.229008,
          88.494045
        ],
        [
          27.229156,
          88.494063
        ],
        [
          27.229519,
          88.494095
        ],
        [
          27.229623,
          88.494153
        ],
        [
          27.22972,
          88.494219
        ],
        [
          27.229807,
          88.494317
        ],
        [
          27.229877,
          88.494395
        ],
        [
          27.230056,
          88.494659
        ],
        [
          27.230211,
          88.495103
        ],
        [
          27.230386,
          88.495439
        ],
        [
          27.230501,
          88.495735
        ],
        [
          27.230611,
          88.496089
        ],
        [
          27.230634,
          88.496299
        ],
        [
          27.230659,
          88.496471
        ],
        [
          27.230684,
          88.496687
        ],
        [
          27.230697,
          88.496857
        ],
        [
          27.230666,
          88.497106
        ],
        [
          27.230637,
          88.49725
        ],
        [
          27.230628,
          88.497476
        ],
        [
          27.230641,
          88.497668
        ],
        [
          27.230712,
          88.497964
        ],
        [
          27.230782,
          88.498223
        ],
        [
          27.231001,
          88.499081
        ],
        [
          27.231053,
          88.499121
        ],
        [
          27.231184,
          88.499075
        ],
        [
          27.23194,
          88.49875
        ],
        [
          27.232081,
          88.498708
        ],
        [
          27.232209,
          88.498622
        ],
        [
          27.232307,
          88.498476
        ],
        [
          27.232402,
          88.498157
        ],
        [
          27.232525,
          88.497196
        ],
        [
          27.232558,
          88.496988
        ],
        [
          27.232625,
          88.496944
        ],
        [
          27.232741,
          88.497023
        ],
        [
          27.23279,
          88.497142
        ],
        [
          27.232782,
          88.497358
        ],
        [
          27.232747,
          88.497462
        ],
        [
          27.232707,
          88.497579
        ],
        [
          27.232646,
          88.49788
        ],
        [
          27.232616,
          88.49833
        ],
        [
          27.2326,
          88.498688
        ],
        [
          27.232659,
          88.499263
        ],
        [
          27.232793,
          88.499453
        ],
        [
          27.232945,
          88.499611
        ],
        [
          27.233059,
          88.499857
        ],
        [
          27.233127,
          88.500059
        ],
        [
          27.233265,
          88.50091
        ],
        [
          27.233393,
          88.501241
        ],
        [
          27.233446,
          88.501572
        ],
        [
          27.233369,
          88.501753
        ],
        [
          27.23326,
          88.501981
        ],
        [
          27.23318,
          88.50223
        ],
        [
          27.233125,
          88.502522
        ],
        [
          27.233101,
          88.502833
        ],
        [
          27.23313,
          88.503081
        ],
        [
          27.233287,
          88.503377
        ],
        [
          27.233381,
          88.503554
        ],
        [
          27.233471,
          88.503625
        ],
        [
          27.23354,
          88.503755
        ],
        [
          27.2337,
          88.503918
        ],
        [
          27.233964,
          88.504091
        ],
        [
          27.234189,
          88.504389
        ],
        [
          27.234504,
          88.504637
        ],
        [
          27.234799,
          88.504929
        ],
        [
          27.234911,
          88.505096
        ],
        [
          27.235152,
          88.505523
        ],
        [
          27.235295,
          88.505696
        ],
        [
          27.235373,
          88.505777
        ],
        [
          27.235624,
          88.506028
        ],
        [
          27.235988,
          88.506694
        ],
        [
          27.236129,
          88.506874
        ],
        [
          27.236137,
          88.506983
        ],
        [
          27.236096,
          88.507069
        ],
        [
          27.236031,
          88.507183
        ],
        [
          27.23602,
          88.507316
        ],
        [
          27.236048,
          88.50755
        ],
        [
          27.23614,
          88.507807
        ],
        [
          27.236301,
          88.508322
        ],
        [
          27.236337,
          88.508832
        ],
        [
          27.236328,
          88.509094
        ],
        [
          27.236342,
          88.509447
        ],
        [
          27.236517,
          88.509742
        ],
        [
          27.23686,
          88.510121
        ],
        [
          27.237017,
          88.510487
        ],
        [
          27.237048,
          88.510958
        ],
        [
          27.23707,
          88.511363
        ],
        [
          27.23707,
          88.511833
        ],
        [
          27.237018,
          88.512382
        ],
        [
          27.236968,
          88.512809
        ],
        [
          27.237065,
          88.513069
        ],
        [
          27.237151,
          88.513276
        ],
        [
          27.237212,
          88.513341
        ],
        [
          27.237513,
          88.513679
        ],
        [
          27.23778,
          88.513934
        ],
        [
          27.237902,
          88.514004
        ],
        [
          27.238314,
          88.514171
        ],
        [
          27.238529,
          88.514179
        ],
        [
          27.238673,
          88.514119
        ],
        [
          27.239063,
          88.514418
        ],
        [
          27.239486,
          88.514561
        ],
        [
          27.239766,
          88.514713
        ],
        [
          27.240098,
          88.515102
        ],
        [
          27.24033,
          88.515333
        ],
        [
          27.240448,
          88.515659
        ],
        [
          27.240487,
          88.51606
        ],
        [
          27.240534,
          88.516523
        ],
        [
          27.240657,
          88.516622
        ],
        [
          27.240784,
          88.516724
        ],
        [
          27.241029,
          88.516946
        ],
        [
          27.241155,
          88.517173
        ],
        [
          27.241185,
          88.517415
        ],
        [
          27.241151,
          88.51765
        ],
        [
          27.241089,
          88.518048
        ],
        [
          27.241121,
          88.518408
        ],
        [
          27.24113,
          88.518513
        ],
        [
          27.241292,
          88.519111
        ],
        [
          27.241355,
          88.519664
        ],
        [
          27.241323,
          88.5203
        ],
        [
          27.242985,
          88.522779
        ],
        [
          27.243146,
          88.523018
        ],
        [
          27.243556,
          88.523425
        ],
        [
          27.24378,
          88.523724
        ],
        [
          27.24403,
          88.523865
        ],
        [
          27.244283,
          88.523992
        ],
        [
          27.244757,
          88.524269
        ],
        [
          27.245129,
          88.524446
        ],
        [
          27.245396,
          88.524593
        ],
        [
          27.245704,
          88.524834
        ],
        [
          27.245926,
          88.525162
        ],
        [
          27.246077,
          88.525544
        ],
        [
          27.246193,
          88.526242
        ],
        [
          27.246332,
          88.526775
        ],
        [
          27.246492,
          88.527133
        ],
        [
          27.246686,
          88.527416
        ],
        [
          27.24754,
          88.528067
        ],
        [
          27.247907,
          88.528384
        ],
        [
          27.248202,
          88.528676
        ],
        [
          27.24824,
          88.528737
        ],
        [
          27.248402,
          88.528956
        ],
        [
          27.24893,
          88.52975
        ],
        [
          27.249028,
          88.529917
        ],
        [
          27.249145,
          88.530082
        ],
        [
          27.249674,
          88.53069
        ],
        [
          27.249907,
          88.530972
        ],
        [
          27.250123,
          88.531177
        ],
        [
          27.250378,
          88.531296
        ],
        [
          27.250661,
          88.531408
        ],
        [
          27.250766,
          88.53158
        ],
        [
          27.250763,
          88.531666
        ],
        [
          27.250729,
          88.532033
        ],
        [
          27.250544,
          88.533055
        ],
        [
          27.250533,
          88.533363
        ],
        [
          27.250689,
          88.533802
        ],
        [
          27.250674,
          88.533981
        ],
        [
          27.250485,
          88.534219
        ],
        [
          27.250412,
          88.534739
        ],
        [
          27.250497,
          88.535573
        ],
        [
          27.250486,
          88.535644
        ],
        [
          27.250448,
          88.535873
        ],
        [
          27.250215,
          88.536399
        ],
        [
          27.250185,
          88.536738
        ],
        [
          27.249989,
          88.537178
        ],
        [
          27.249998,
          88.53803
        ],
        [
          27.250066,
          88.538211
        ],
        [
          27.250218,
          88.53837
        ],
        [
          27.250623,
          88.538512
        ],
        [
          27.250881,
          88.538666
        ],
        [
          27.251283,
          88.539096
        ],
        [
          27.251474,
          88.53952
        ],
        [
          27.251901,
          88.540236
        ],
        [
          27.252063,
          88.540911
        ],
        [
          27.252349,
          88.541298
        ],
        [
          27.252595,
          88.541616
        ],
        [
          27.252703,
          88.541668
        ],
        [
          27.252786,
          88.541651
        ],
        [
          27.252804,
          88.541594
        ],
        [
          27.252785,
          88.541522
        ],
        [
          27.252576,
          88.541355
        ],
        [
          27.252287,
          88.54098
        ],
        [
          27.252222,
          88.540784
        ],
        [
          27.252258,
          88.540422
        ],
        [
          27.252106,
          88.539982
        ],
        [
          27.252144,
          88.539828
        ],
        [
          27.25227,
          88.53981
        ],
        [
          27.25234,
          88.539989
        ],
        [
          27.252387,
          88.540278
        ],
        [
          27.252542,
          88.540751
        ],
        [
          27.252758,
          88.541047
        ],
        [
          27.253118,
          88.541237
        ],
        [
          27.253251,
          88.541276
        ],
        [
          27.253319,
          88.541296
        ],
        [
          27.253813,
          88.541339
        ],
        [
          27.253961,
          88.541433
        ],
        [
          27.254237,
          88.541728
        ],
        [
          27.254476,
          88.542079
        ],
        [
          27.254686,
          88.542478
        ],
        [
          27.254791,
          88.542961
        ],
        [
          27.255395,
          88.543672
        ],
        [
          27.255909,
          88.544464
        ],
        [
          27.256088,
          88.544645
        ],
        [
          27.256155,
          88.544827
        ],
        [
          27.25613,
          88.545151
        ],
        [
          27.256247,
          88.545422
        ],
        [
          27.256468,
          88.545688
        ],
        [
          27.256956,
          88.546083
        ],
        [
          27.257423,
          88.546806
        ],
        [
          27.257593,
          88.547038
        ],
        [
          27.257848,
          88.547113
        ],
        [
          27.257923,
          88.547246
        ],
        [
          27.2579,
          88.547467
        ],
        [
          27.257746,
          88.54763
        ],
        [
          27.257603,
          88.547794
        ],
        [
          27.257604,
          88.54796
        ],
        [
          27.257757,
          88.548336
        ],
        [
          27.257891,
          88.548805
        ],
        [
          27.258107,
          88.549111
        ],
        [
          27.258753,
          88.549471
        ],
        [
          27.260017,
          88.550912
        ],
        [
          27.260338,
          88.55145
        ],
        [
          27.260449,
          88.551752
        ],
        [
          27.26046,
          88.551951
        ],
        [
          27.260709,
          88.552565
        ],
        [
          27.260838,
          88.553207
        ],
        [
          27.261257,
          88.553668
        ],
        [
          27.261448,
          88.553883
        ],
        [
          27.261551,
          88.554096
        ],
        [
          27.261462,
          88.554775
        ],
        [
          27.261295,
          88.555159
        ],
        [
          27.261229,
          88.555474
        ],
        [
          27.261316,
          88.555753
        ],
        [
          27.261536,
          88.555878
        ],
        [
          27.261787,
          88.556019
        ],
        [
          27.261936,
          88.556256
        ],
        [
          27.262039,
          88.556489
        ],
        [
          27.262138,
          88.556524
        ],
        [
          27.262288,
          88.556515
        ],
        [
          27.262559,
          88.556268
        ],
        [
          27.262756,
          88.556179
        ],
        [
          27.262845,
          88.55621
        ],
        [
          27.262961,
          88.556251
        ],
        [
          27.26315,
          88.556412
        ],
        [
          27.263831,
          88.557295
        ],
        [
          27.264092,
          88.557701
        ],
        [
          27.264419,
          88.558275
        ],
        [
          27.264734,
          88.558729
        ],
        [
          27.26483,
          88.558996
        ],
        [
          27.264854,
          88.559409
        ],
        [
          27.264685,
          88.559811
        ],
        [
          27.264407,
          88.560435
        ],
        [
          27.264098,
          88.561149
        ],
        [
          27.263875,
          88.561403
        ],
        [
          27.263763,
          88.561512
        ],
        [
          27.263682,
          88.561751
        ],
        [
          27.263596,
          88.561864
        ],
        [
          27.263437,
          88.561959
        ],
        [
          27.263167,
          88.562055
        ],
        [
          27.26277,
          88.562218
        ],
        [
          27.262417,
          88.562092
        ],
        [
          27.262048,
          88.562082
        ],
        [
          27.261705,
          88.56184
        ],
        [
          27.261465,
          88.561781
        ],
        [
          27.261099,
          88.562077
        ],
        [
          27.260975,
          88.562288
        ],
        [
          27.260933,
          88.562541
        ],
        [
          27.261101,
          88.562831
        ],
        [
          27.261357,
          88.563112
        ],
        [
          27.261449,
          88.563318
        ],
        [
          27.261312,
          88.563542
        ],
        [
          27.26126,
          88.563617
        ],
        [
          27.261195,
          88.563712
        ],
        [
          27.261228,
          88.563924
        ],
        [
          27.261532,
          88.564415
        ],
        [
          27.261805,
          88.56461
        ],
        [
          27.262033,
          88.564725
        ],
        [
          27.26225,
          88.564946
        ],
        [
          27.262426,
          88.565238
        ],
        [
          27.262546,
          88.565462
        ],
        [
          27.26253,
          88.565718
        ],
        [
          27.262507,
          88.566032
        ],
        [
          27.26243,
          88.56635
        ],
        [
          27.262518,
          88.56668
        ],
        [
          27.262671,
          88.567072
        ],
        [
          27.263067,
          88.567578
        ],
        [
          27.263326,
          88.56808
        ],
        [
          27.263713,
          88.569634
        ],
        [
          27.26406,
          88.570732
        ],
        [
          27.26433,
          88.571377
        ],
        [
          27.264639,
          88.571856
        ],
        [
          27.264963,
          88.572026
        ],
        [
          27.265139,
          88.572227
        ],
        [
          27.265319,
          88.572561
        ],
        [
          27.265974,
          88.57362
        ],
        [
          27.266235,
          88.573979
        ],
        [
          27.266527,
          88.574321
        ],
        [
          27.266611,
          88.574499
        ],
        [
          27.266678,
          88.574751
        ],
        [
          27.266646,
          88.575887
        ],
        [
          27.266691,
          88.576103
        ],
        [
          27.266825,
          88.576167
        ],
        [
          27.267037,
          88.576097
        ],
        [
          27.267685,
          88.575934
        ],
        [
          27.267892,
          88.575963
        ],
        [
          27.268047,
          88.57612
        ],
        [
          27.268119,
          88.576327
        ],
        [
          27.268099,
          88.576931
        ],
        [
          27.268009,
          88.577347
        ],
        [
          27.267944,
          88.577544
        ],
        [
          27.267944,
          88.577727
        ],
        [
          27.268024,
          88.577879
        ],
        [
          27.268189,
          88.578018
        ],
        [
          27.268543,
          88.578181
        ],
        [
          27.268876,
          88.578532
        ],
        [
          27.269115,
          88.579044
        ],
        [
          27.269194,
          88.57899
        ],
        [
          27.269573,
          88.578754
        ],
        [
          27.269738,
          88.578419
        ],
        [
          27.269746,
          88.57834
        ],
        [
          27.269745,
          88.578203
        ],
        [
          27.269636,
          88.57811
        ],
        [
          27.269558,
          88.577941
        ],
        [
          27.26951,
          88.577845
        ],
        [
          27.269431,
          88.577764
        ],
        [
          27.2694,
          88.577718
        ],
        [
          27.269388,
          88.577643
        ],
        [
          27.269419,
          88.577496
        ],
        [
          27.269507,
          88.577356
        ],
        [
          27.269679,
          88.577187
        ],
        [
          27.269782,
          88.577123
        ],
        [
          27.269822,
          88.577
        ],
        [
          27.269825,
          88.576557
        ],
        [
          27.269822,
          88.576397
        ],
        [
          27.269869,
          88.576238
        ],
        [
          27.269962,
          88.576052
        ],
        [
          27.27005,
          88.575966
        ],
        [
          27.270197,
          88.575805
        ],
        [
          27.270242,
          88.575715
        ],
        [
          27.270249,
          88.575591
        ],
        [
          27.270254,
          88.575393
        ],
        [
          27.270266,
          88.575317
        ],
        [
          27.270303,
          88.575246
        ],
        [
          27.270382,
          88.575143
        ],
        [
          27.270425,
          88.574975
        ],
        [
          27.270401,
          88.574826
        ],
        [
          27.270383,
          88.574658
        ],
        [
          27.270382,
          88.57449
        ],
        [
          27.270386,
          88.574401
        ],
        [
          27.270431,
          88.574309
        ],
        [
          27.270492,
          88.574251
        ],
        [
          27.270597,
          88.57413
        ],
        [
          27.270631,
          88.574067
        ],
        [
          27.270645,
          88.574004
        ],
        [
          27.27064,
          88.573909
        ],
        [
          27.270633,
          88.573842
        ],
        [
          27.270628,
          88.573765
        ],
        [
          27.270651,
          88.573699
        ],
        [
          27.270711,
          88.573668
        ],
        [
          27.270795,
          88.573677
        ],
        [
          27.270858,
          88.573739
        ],
        [
          27.27091,
          88.573853
        ],
        [
          27.270843,
          88.574437
        ],
        [
          27.270838,
          88.574634
        ],
        [
          27.270849,
          88.574907
        ],
        [
          27.270839,
          88.575058
        ],
        [
          27.270773,
          88.575299
        ],
        [
          27.270774,
          88.575344
        ],
        [
          27.270793,
          88.575377
        ],
        [
          27.270902,
          88.575506
        ],
        [
          27.271007,
          88.575626
        ],
        [
          27.271108,
          88.575747
        ],
        [
          27.27115,
          88.575869
        ],
        [
          27.271147,
          88.576003
        ],
        [
          27.271124,
          88.576114
        ],
        [
          27.27108,
          88.57623
        ],
        [
          27.270997,
          88.576327
        ],
        [
          27.270946,
          88.576365
        ],
        [
          27.270869,
          88.576418
        ],
        [
          27.270697,
          88.576474
        ],
        [
          27.270509,
          88.576464
        ],
        [
          27.27044,
          88.576483
        ],
        [
          27.270365,
          88.576541
        ],
        [
          27.270347,
          88.57661
        ],
        [
          27.270368,
          88.576853
        ],
        [
          27.270421,
          88.577075
        ],
        [
          27.270464,
          88.577236
        ],
        [
          27.270523,
          88.577308
        ],
        [
          27.270582,
          88.577337
        ],
        [
          27.270645,
          88.577312
        ],
        [
          27.270696,
          88.57725
        ],
        [
          27.270695,
          88.577158
        ],
        [
          27.270611,
          88.577024
        ],
        [
          27.270554,
          88.576847
        ],
        [
          27.270559,
          88.576759
        ],
        [
          27.27065,
          88.576698
        ],
        [
          27.271033,
          88.57664
        ],
        [
          27.271284,
          88.576581
        ],
        [
          27.271412,
          88.576557
        ],
        [
          27.271504,
          88.576483
        ],
        [
          27.271604,
          88.576365
        ],
        [
          27.271625,
          88.576166
        ],
        [
          27.27164,
          88.575902
        ],
        [
          27.271608,
          88.575758
        ],
        [
          27.271551,
          88.575625
        ],
        [
          27.271427,
          88.575455
        ],
        [
          27.271372,
          88.575361
        ],
        [
          27.271371,
          88.575284
        ],
        [
          27.271411,
          88.575163
        ],
        [
          27.271514,
          88.574957
        ],
        [
          27.271656,
          88.574781
        ],
        [
          27.27172,
          88.574618
        ],
        [
          27.271721,
          88.574524
        ],
        [
          27.271683,
          88.574446
        ],
        [
          27.271655,
          88.574323
        ],
        [
          27.271625,
          88.574167
        ],
        [
          27.271651,
          88.574041
        ],
        [
          27.271771,
          88.573718
        ],
        [
          27.271829,
          88.573627
        ],
        [
          27.271929,
          88.573588
        ],
        [
          27.272054,
          88.573582
        ],
        [
          27.272168,
          88.57358
        ],
        [
          27.272235,
          88.573596
        ],
        [
          27.272292,
          88.573625
        ],
        [
          27.272304,
          88.573705
        ],
        [
          27.272257,
          88.573848
        ],
        [
          27.272173,
          88.573973
        ],
        [
          27.272092,
          88.574111
        ],
        [
          27.27203,
          88.574293
        ],
        [
          27.272006,
          88.574583
        ],
        [
          27.272016,
          88.574867
        ],
        [
          27.271954,
          88.575184
        ],
        [
          27.271934,
          88.575431
        ],
        [
          27.272068,
          88.57587
        ],
        [
          27.272254,
          88.576525
        ],
        [
          27.272254,
          88.57668
        ],
        [
          27.272206,
          88.576938
        ],
        [
          27.272159,
          88.577163
        ],
        [
          27.272159,
          88.57734
        ],
        [
          27.272254,
          88.577496
        ],
        [
          27.272407,
          88.577571
        ],
        [
          27.272836,
          88.577587
        ],
        [
          27.273122,
          88.577646
        ],
        [
          27.273336,
          88.577753
        ],
        [
          27.273484,
          88.577882
        ],
        [
          27.273575,
          88.578102
        ],
        [
          27.273546,
          88.578419
        ],
        [
          27.273408,
          88.578848
        ],
        [
          27.273384,
          88.578998
        ],
        [
          27.273403,
          88.579153
        ],
        [
          27.273427,
          88.579293
        ],
        [
          27.273384,
          88.579481
        ],
        [
          27.273165,
          88.580022
        ],
        [
          27.273112,
          88.580221
        ],
        [
          27.273103,
          88.58036
        ],
        [
          27.273198,
          88.580537
        ],
        [
          27.273217,
          88.580661
        ],
        [
          27.273203,
          88.580833
        ],
        [
          27.272988,
          88.581213
        ],
        [
          27.272807,
          88.581637
        ],
        [
          27.272745,
          88.581761
        ],
        [
          27.272731,
          88.581991
        ],
        [
          27.272721,
          88.582115
        ],
        [
          27.27264,
          88.582329
        ],
        [
          27.272378,
          88.582839
        ],
        [
          27.272302,
          88.582984
        ],
        [
          27.272292,
          88.58315
        ],
        [
          27.272387,
          88.583332
        ],
        [
          27.272774,
          88.583606
        ],
        [
          27.272969,
          88.583638
        ],
        [
          27.273141,
          88.583627
        ],
        [
          27.273456,
          88.583499
        ],
        [
          27.273708,
          88.583391
        ],
        [
          27.273899,
          88.58337
        ],
        [
          27.274113,
          88.583418
        ],
        [
          27.274304,
          88.583563
        ],
        [
          27.274447,
          88.583692
        ],
        [
          27.274876,
          88.583949
        ],
        [
          27.27583,
          88.584609
        ],
        [
          27.276025,
          88.584716
        ],
        [
          27.276302,
          88.584743
        ],
        [
          27.276512,
          88.584818
        ],
        [
          27.277046,
          88.585258
        ],
        [
          27.277198,
          88.585365
        ],
        [
          27.277499,
          88.585446
        ],
        [
          27.277751,
          88.585569
        ],
        [
          27.278424,
          88.586277
        ],
        [
          27.278877,
          88.586921
        ],
        [
          27.279015,
          88.587093
        ],
        [
          27.27912,
          88.587458
        ],
        [
          27.279282,
          88.587838
        ],
        [
          27.27943,
          88.588085
        ],
        [
          27.279916,
          88.588348
        ],
        [
          27.280135,
          88.588584
        ],
        [
          27.280545,
          88.589507
        ],
        [
          27.280684,
          88.589695
        ],
        [
          27.280774,
          88.589716
        ],
        [
          27.280936,
          88.589641
        ],
        [
          27.281382,
          88.589281
        ],
        [
          27.281592,
          88.589239
        ],
        [
          27.281928,
          88.589214
        ],
        [
          27.282233,
          88.589072
        ],
        [
          27.28239,
          88.589016
        ],
        [
          27.28277,
          88.589029
        ],
        [
          27.283227,
          88.589252
        ],
        [
          27.283494,
          88.58948
        ],
        [
          27.28352,
          88.589563
        ],
        [
          27.283504,
          88.589676
        ],
        [
          27.283398,
          88.589719
        ],
        [
          27.283296,
          88.589664
        ],
        [
          27.283208,
          88.5896
        ],
        [
          27.283141,
          88.589562
        ],
        [
          27.283062,
          88.589509
        ],
        [
          27.283011,
          88.589451
        ],
        [
          27.282921,
          88.589411
        ],
        [
          27.282817,
          88.589434
        ],
        [
          27.282784,
          88.589529
        ],
        [
          27.282805,
          88.589614
        ],
        [
          27.283543,
          88.590046
        ],
        [
          27.283822,
          88.590015
        ],
        [
          27.283983,
          88.589739
        ],
        [
          27.284329,
          88.589563
        ],
        [
          27.284636,
          88.589588
        ],
        [
          27.284731,
          88.589657
        ],
        [
          27.28482,
          88.589965
        ],
        [
          27.284954,
          88.590084
        ],
        [
          27.285194,
          88.590178
        ],
        [
          27.285506,
          88.590116
        ],
        [
          27.285607,
          88.590156
        ],
        [
          27.285666,
          88.590238
        ],
        [
          27.285781,
          88.59029
        ],
        [
          27.286032,
          88.590167
        ],
        [
          27.286147,
          88.590068
        ],
        [
          27.286243,
          88.590054
        ],
        [
          27.286355,
          88.590143
        ],
        [
          27.286357,
          88.590362
        ],
        [
          27.286368,
          88.590509
        ],
        [
          27.286452,
          88.590597
        ],
        [
          27.28659,
          88.590676
        ],
        [
          27.286807,
          88.590874
        ],
        [
          27.287178,
          88.591219
        ],
        [
          27.287303,
          88.591323
        ],
        [
          27.287463,
          88.591286
        ],
        [
          27.287785,
          88.591121
        ],
        [
          27.288043,
          88.591067
        ],
        [
          27.288319,
          88.591109
        ],
        [
          27.288647,
          88.591185
        ],
        [
          27.28878,
          88.591306
        ],
        [
          27.288927,
          88.591403
        ],
        [
          27.289467,
          88.591874
        ],
        [
          27.289843,
          88.592081
        ],
        [
          27.290046,
          88.592037
        ],
        [
          27.290236,
          88.59185
        ],
        [
          27.2904,
          88.591529
        ],
        [
          27.290696,
          88.591273
        ],
        [
          27.291136,
          88.59087
        ],
        [
          27.29173,
          88.590466
        ],
        [
          27.292042,
          88.59023
        ],
        [
          27.292491,
          88.589643
        ],
        [
          27.293086,
          88.589086
        ],
        [
          27.293231,
          88.588848
        ],
        [
          27.293364,
          88.588764
        ],
        [
          27.293487,
          88.588576
        ],
        [
          27.294005,
          88.588807
        ],
        [
          27.29417,
          88.588783
        ],
        [
          27.294292,
          88.588773
        ],
        [
          27.29441,
          88.588776
        ],
        [
          27.294446,
          88.58879
        ],
        [
          27.294483,
          88.588813
        ],
        [
          27.294516,
          88.588856
        ],
        [
          27.29453,
          88.588915
        ],
        [
          27.29453,
          88.589017
        ],
        [
          27.294509,
          88.58921
        ],
        [
          27.294472,
          88.589426
        ],
        [
          27.294368,
          88.589879
        ],
        [
          27.294269,
          88.590067
        ],
        [
          27.293994,
          88.590245
        ],
        [
          27.293758,
          88.590356
        ],
        [
          27.293612,
          88.590431
        ],
        [
          27.293558,
          88.590566
        ],
        [
          27.293528,
          88.590698
        ],
        [
          27.293483,
          88.590908
        ],
        [
          27.293415,
          88.591044
        ],
        [
          27.293317,
          88.591085
        ],
        [
          27.293258,
          88.591144
        ],
        [
          27.293234,
          88.591205
        ],
        [
          27.293317,
          88.59122
        ],
        [
          27.293391,
          88.591205
        ],
        [
          27.293468,
          88.591167
        ],
        [
          27.293522,
          88.591116
        ],
        [
          27.293586,
          88.590995
        ],
        [
          27.293649,
          88.590917
        ],
        [
          27.293729,
          88.590851
        ],
        [
          27.293871,
          88.590802
        ],
        [
          27.294039,
          88.590719
        ],
        [
          27.294552,
          88.590554
        ],
        [
          27.294721,
          88.590505
        ],
        [
          27.294809,
          88.590462
        ],
        [
          27.294872,
          88.590384
        ],
        [
          27.29499,
          88.590063
        ],
        [
          27.295044,
          88.589959
        ],
        [
          27.29527,
          88.589723
        ],
        [
          27.295323,
          88.589639
        ],
        [
          27.295352,
          88.589542
        ],
        [
          27.295386,
          88.589126
        ],
        [
          27.295408,
          88.589023
        ],
        [
          27.295491,
          88.588824
        ],
        [
          27.295517,
          88.588718
        ],
        [
          27.295522,
          88.588603
        ],
        [
          27.295526,
          88.588419
        ],
        [
          27.295543,
          88.588178
        ],
        [
          27.295575,
          88.588087
        ],
        [
          27.295621,
          88.58803
        ],
        [
          27.295683,
          88.587995
        ],
        [
          27.295775,
          88.587978
        ],
        [
          27.296018,
          88.588006
        ],
        [
          27.296262,
          88.587999
        ],
        [
          27.296495,
          88.587918
        ],
        [
          27.296707,
          88.5878
        ],
        [
          27.29686,
          88.587745
        ],
        [
          27.297009,
          88.587764
        ],
        [
          27.297134,
          88.587813
        ],
        [
          27.297269,
          88.587929
        ],
        [
          27.297336,
          88.588018
        ],
        [
          27.297374,
          88.58806
        ],
        [
          27.297403,
          88.588074
        ],
        [
          27.297433,
          88.588072
        ],
        [
          27.297456,
          88.588061
        ],
        [
          27.297495,
          88.588012
        ],
        [
          27.297545,
          88.587927
        ],
        [
          27.29761,
          88.587795
        ],
        [
          27.297675,
          88.587723
        ],
        [
          27.29776,
          88.587649
        ],
        [
          27.29788,
          88.587591
        ],
        [
          27.298006,
          88.587564
        ],
        [
          27.298158,
          88.587568
        ],
        [
          27.298315,
          88.587627
        ],
        [
          27.298508,
          88.587779
        ],
        [
          27.298768,
          88.587988
        ],
        [
          27.298863,
          88.588061
        ],
        [
          27.299059,
          88.58825
        ],
        [
          27.299356,
          88.588594
        ],
        [
          27.299475,
          88.588643
        ],
        [
          27.299777,
          88.588689
        ],
        [
          27.300113,
          88.588821
        ],
        [
          27.300516,
          88.588912
        ],
        [
          27.301027,
          88.58897
        ],
        [
          27.30129,
          88.588956
        ],
        [
          27.301516,
          88.588896
        ],
        [
          27.301739,
          88.588795
        ],
        [
          27.301971,
          88.588635
        ],
        [
          27.302107,
          88.588501
        ],
        [
          27.3023,
          88.588233
        ],
        [
          27.30248,
          88.588043
        ],
        [
          27.302652,
          88.587901
        ],
        [
          27.302946,
          88.587838
        ],
        [
          27.303188,
          88.587888
        ],
        [
          27.303301,
          88.587911
        ],
        [
          27.303488,
          88.587948
        ],
        [
          27.303641,
          88.588208
        ],
        [
          27.30372,
          88.588472
        ],
        [
          27.303882,
          88.588935
        ],
        [
          27.303953,
          88.589035
        ],
        [
          27.304063,
          88.589022
        ],
        [
          27.304301,
          88.588929
        ],
        [
          27.304535,
          88.588814
        ],
        [
          27.304702,
          88.588662
        ],
        [
          27.304833,
          88.588486
        ],
        [
          27.305038,
          88.588288
        ],
        [
          27.305213,
          88.588278
        ],
        [
          27.305506,
          88.588353
        ],
        [
          27.305746,
          88.588488
        ],
        [
          27.306017,
          88.588574
        ],
        [
          27.306299,
          88.58854
        ],
        [
          27.306459,
          88.588539
        ],
        [
          27.30669,
          88.58855
        ],
        [
          27.306895,
          88.588688
        ],
        [
          27.307011,
          88.58879
        ],
        [
          27.307148,
          88.588795
        ],
        [
          27.307291,
          88.588681
        ],
        [
          27.3074,
          88.588325
        ],
        [
          27.307592,
          88.588141
        ],
        [
          27.30769,
          88.588087
        ],
        [
          27.307866,
          88.588145
        ],
        [
          27.308082,
          88.588285
        ],
        [
          27.308185,
          88.588313
        ],
        [
          27.30835,
          88.588281
        ],
        [
          27.308651,
          88.588169
        ],
        [
          27.30882,
          88.588169
        ],
        [
          27.308979,
          88.588216
        ],
        [
          27.309099,
          88.588375
        ],
        [
          27.309229,
          88.588634
        ],
        [
          27.30933,
          88.588909
        ],
        [
          27.309537,
          88.589244
        ],
        [
          27.30966,
          88.589416
        ],
        [
          27.309796,
          88.589457
        ],
        [
          27.309943,
          88.589466
        ],
        [
          27.310127,
          88.589438
        ],
        [
          27.310266,
          88.589399
        ],
        [
          27.310343,
          88.589382
        ],
        [
          27.310844,
          88.589037
        ],
        [
          27.311122,
          88.5889
        ],
        [
          27.311289,
          88.588839
        ],
        [
          27.311396,
          88.588809
        ],
        [
          27.311534,
          88.588843
        ],
        [
          27.311583,
          88.588874
        ],
        [
          27.311667,
          88.588927
        ],
        [
          27.311777,
          88.589043
        ],
        [
          27.311878,
          88.589234
        ],
        [
          27.312014,
          88.589526
        ],
        [
          27.312178,
          88.58988
        ],
        [
          27.312272,
          88.590184
        ],
        [
          27.312312,
          88.590364
        ],
        [
          27.31236,
          88.590707
        ],
        [
          27.312387,
          88.590972
        ],
        [
          27.312371,
          88.591241
        ],
        [
          27.312279,
          88.591541
        ],
        [
          27.312188,
          88.591987
        ],
        [
          27.312089,
          88.592331
        ],
        [
          27.312051,
          88.592493
        ],
        [
          27.312091,
          88.59264
        ],
        [
          27.312308,
          88.592834
        ],
        [
          27.312472,
          88.592874
        ],
        [
          27.312644,
          88.592896
        ],
        [
          27.312799,
          88.593001
        ],
        [
          27.313011,
          88.593287
        ],
        [
          27.313207,
          88.593475
        ],
        [
          27.313368,
          88.593662
        ],
        [
          27.313492,
          88.593838
        ],
        [
          27.313593,
          88.593996
        ],
        [
          27.313806,
          88.594327
        ],
        [
          27.313963,
          88.594555
        ],
        [
          27.314118,
          88.594832
        ],
        [
          27.314181,
          88.594926
        ],
        [
          27.314284,
          88.59508
        ],
        [
          27.314413,
          88.595348
        ],
        [
          27.314549,
          88.595508
        ],
        [
          27.314818,
          88.59564
        ],
        [
          27.315066,
          88.595722
        ],
        [
          27.315274,
          88.595714
        ],
        [
          27.315415,
          88.595628
        ],
        [
          27.315523,
          88.595551
        ],
        [
          27.315697,
          88.595516
        ],
        [
          27.315966,
          88.595489
        ],
        [
          27.316112,
          88.595511
        ],
        [
          27.316154,
          88.595518
        ],
        [
          27.316197,
          88.595533
        ],
        [
          27.316229,
          88.595551
        ],
        [
          27.316262,
          88.59558
        ],
        [
          27.316383,
          88.595693
        ],
        [
          27.31661,
          88.595884
        ],
        [
          27.316736,
          88.595863
        ],
        [
          27.316967,
          88.595833
        ],
        [
          27.317183,
          88.595801
        ],
        [
          27.317346,
          88.595813
        ],
        [
          27.317478,
          88.59588
        ],
        [
          27.317593,
          88.596016
        ],
        [
          27.317631,
          88.596216
        ],
        [
          27.317469,
          88.596204
        ],
        [
          27.317305,
          88.596161
        ],
        [
          27.317164,
          88.596163
        ],
        [
          27.317018,
          88.596151
        ],
        [
          27.316595,
          88.596236
        ],
        [
          27.316562,
          88.596243
        ],
        [
          27.31619,
          88.596318
        ],
        [
          27.315858,
          88.59636
        ],
        [
          27.31557,
          88.596384
        ],
        [
          27.315465,
          88.596432
        ],
        [
          27.315421,
          88.596524
        ],
        [
          27.315324,
          88.596663
        ],
        [
          27.315178,
          88.596905
        ],
        [
          27.314975,
          88.597139
        ],
        [
          27.314853,
          88.597181
        ],
        [
          27.31468,
          88.597162
        ],
        [
          27.314552,
          88.597201
        ],
        [
          27.314177,
          88.597228
        ],
        [
          27.313984,
          88.597213
        ],
        [
          27.313814,
          88.5972
        ],
        [
          27.313504,
          88.59718
        ],
        [
          27.313274,
          88.59706
        ],
        [
          27.313014,
          88.59687
        ],
        [
          27.312885,
          88.596657
        ],
        [
          27.312879,
          88.596445
        ],
        [
          27.312889,
          88.596251
        ],
        [
          27.312819,
          88.596065
        ],
        [
          27.312738,
          88.595958
        ],
        [
          27.312582,
          88.595841
        ],
        [
          27.312177,
          88.595624
        ],
        [
          27.311882,
          88.595482
        ],
        [
          27.311566,
          88.59539
        ],
        [
          27.311195,
          88.595296
        ],
        [
          27.310923,
          88.595213
        ],
        [
          27.31068,
          88.595154
        ],
        [
          27.31034,
          88.59515
        ],
        [
          27.310201,
          88.595166
        ],
        [
          27.310106,
          88.595145
        ],
        [
          27.310057,
          88.595134
        ],
        [
          27.309973,
          88.59507
        ],
        [
          27.309761,
          88.595058
        ],
        [
          27.309542,
          88.594967
        ],
        [
          27.309376,
          88.594948
        ],
        [
          27.309191,
          88.594806
        ],
        [
          27.308994,
          88.594781
        ],
        [
          27.3089,
          88.594764
        ],
        [
          27.308782,
          88.594746
        ],
        [
          27.308622,
          88.594663
        ],
        [
          27.308148,
          88.594397
        ],
        [
          27.307831,
          88.594186
        ],
        [
          27.307495,
          88.593924
        ],
        [
          27.307413,
          88.59386
        ],
        [
          27.306902,
          88.593527
        ],
        [
          27.30684,
          88.593533
        ],
        [
          27.30681,
          88.593564
        ],
        [
          27.306787,
          88.593631
        ],
        [
          27.306809,
          88.593696
        ],
        [
          27.307071,
          88.593909
        ],
        [
          27.30745,
          88.59426
        ],
        [
          27.307662,
          88.594495
        ],
        [
          27.307716,
          88.594575
        ],
        [
          27.307908,
          88.594902
        ],
        [
          27.308021,
          88.595179
        ],
        [
          27.308246,
          88.595477
        ],
        [
          27.308434,
          88.595665
        ],
        [
          27.308545,
          88.595791
        ],
        [
          27.308783,
          88.596002
        ],
        [
          27.308972,
          88.59616
        ],
        [
          27.309062,
          88.596281
        ],
        [
          27.309117,
          88.596357
        ],
        [
          27.309306,
          88.596563
        ],
        [
          27.309492,
          88.596831
        ],
        [
          27.309705,
          88.59697
        ],
        [
          27.309781,
          88.597026
        ],
        [
          27.310014,
          88.597177
        ],
        [
          27.310241,
          88.597302
        ],
        [
          27.310503,
          88.597423
        ],
        [
          27.31069,
          88.597555
        ],
        [
          27.310845,
          88.597654
        ],
        [
          27.311012,
          88.597772
        ],
        [
          27.311246,
          88.597964
        ],
        [
          27.311456,
          88.59813
        ],
        [
          27.311565,
          88.598282
        ],
        [
          27.311701,
          88.598465
        ],
        [
          27.311903,
          88.598681
        ],
        [
          27.312144,
          88.598908
        ],
        [
          27.312385,
          88.599127
        ],
        [
          27.312616,
          88.599368
        ],
        [
          27.312773,
          88.599549
        ],
        [
          27.313077,
          88.599905
        ],
        [
          27.313261,
          88.600233
        ],
        [
          27.313319,
          88.600312
        ],
        [
          27.313417,
          88.600447
        ],
        [
          27.313495,
          88.600567
        ],
        [
          27.313714,
          88.600773
        ],
        [
          27.314003,
          88.600951
        ],
        [
          27.314126,
          88.601045
        ],
        [
          27.314269,
          88.601178
        ],
        [
          27.314488,
          88.601287
        ],
        [
          27.314606,
          88.601395
        ],
        [
          27.314787,
          88.601648
        ],
        [
          27.314824,
          88.601702
        ],
        [
          27.314886,
          88.601716
        ],
        [
          27.314954,
          88.601668
        ],
        [
          27.315308,
          88.601377
        ],
        [
          27.315868,
          88.601005
        ],
        [
          27.316129,
          88.600844
        ],
        [
          27.316423,
          88.600842
        ],
        [
          27.316633,
          88.600943
        ],
        [
          27.316826,
          88.60107
        ],
        [
          27.316888,
          88.60111
        ],
        [
          27.317291,
          88.601376
        ],
        [
          27.317332,
          88.601456
        ],
        [
          27.317325,
          88.601578
        ],
        [
          27.317291,
          88.601684
        ],
        [
          27.317274,
          88.601795
        ],
        [
          27.317312,
          88.601927
        ],
        [
          27.317428,
          88.602063
        ],
        [
          27.317626,
          88.602265
        ],
        [
          27.317765,
          88.602427
        ],
        [
          27.317918,
          88.602593
        ],
        [
          27.318075,
          88.602791
        ],
        [
          27.318389,
          88.603194
        ],
        [
          27.318566,
          88.603367
        ],
        [
          27.318695,
          88.603401
        ],
        [
          27.318756,
          88.603417
        ],
        [
          27.318982,
          88.603431
        ],
        [
          27.319116,
          88.603452
        ],
        [
          27.31925,
          88.603599
        ],
        [
          27.319368,
          88.60378
        ],
        [
          27.319422,
          88.603967
        ],
        [
          27.319514,
          88.604299
        ],
        [
          27.319554,
          88.604544
        ],
        [
          27.319576,
          88.60488
        ],
        [
          27.319708,
          88.605109
        ],
        [
          27.319793,
          88.605247
        ],
        [
          27.319831,
          88.60537
        ],
        [
          27.319952,
          88.605503
        ],
        [
          27.320156,
          88.605626
        ],
        [
          27.320338,
          88.605735
        ],
        [
          27.320484,
          88.605735
        ],
        [
          27.32065,
          88.605855
        ],
        [
          27.320708,
          88.606053
        ],
        [
          27.320924,
          88.606314
        ],
        [
          27.321004,
          88.606401
        ],
        [
          27.3212,
          88.606544
        ],
        [
          27.321343,
          88.606678
        ],
        [
          27.321626,
          88.60692
        ],
        [
          27.322039,
          88.607387
        ],
        [
          27.321794,
          88.607407
        ],
        [
          27.321373,
          88.607005
        ],
        [
          27.321038,
          88.606771
        ],
        [
          27.320548,
          88.606719
        ],
        [
          27.320099,
          88.606668
        ],
        [
          27.319779,
          88.60654
        ],
        [
          27.319529,
          88.606356
        ],
        [
          27.319033,
          88.605989
        ],
        [
          27.31879,
          88.605721
        ],
        [
          27.318543,
          88.605455
        ],
        [
          27.318079,
          88.604763
        ],
        [
          27.317979,
          88.604579
        ],
        [
          27.317704,
          88.604339
        ],
        [
          27.317508,
          88.604208
        ],
        [
          27.317368,
          88.604232
        ],
        [
          27.317346,
          88.604353
        ],
        [
          27.317461,
          88.604554
        ],
        [
          27.317656,
          88.60482
        ],
        [
          27.317944,
          88.605326
        ],
        [
          27.318025,
          88.605689
        ],
        [
          27.318092,
          88.606112
        ],
        [
          27.318126,
          88.606458
        ],
        [
          27.318147,
          88.606555
        ],
        [
          27.318194,
          88.606771
        ],
        [
          27.318245,
          88.606963
        ],
        [
          27.318384,
          88.60733
        ],
        [
          27.318612,
          88.607617
        ],
        [
          27.319517,
          88.608564
        ],
        [
          27.319821,
          88.608839
        ],
        [
          27.320166,
          88.608932
        ],
        [
          27.320379,
          88.608982
        ],
        [
          27.320948,
          88.608807
        ],
        [
          27.321246,
          88.608824
        ],
        [
          27.321515,
          88.608891
        ],
        [
          27.321742,
          88.609009
        ],
        [
          27.32213,
          88.609303
        ],
        [
          27.322322,
          88.609425
        ],
        [
          27.322584,
          88.609593
        ],
        [
          27.323047,
          88.609806
        ],
        [
          27.323156,
          88.609852
        ],
        [
          27.323377,
          88.609922
        ],
        [
          27.324105,
          88.610081
        ],
        [
          27.32485,
          88.610205
        ],
        [
          27.325068,
          88.610193
        ],
        [
          27.325246,
          88.610124
        ],
        [
          27.325583,
          88.610025
        ],
        [
          27.326018,
          88.610029
        ],
        [
          27.326269,
          88.610039
        ],
        [
          27.32712,
          88.610257
        ],
        [
          27.327161,
          88.610275
        ],
        [
          27.327195,
          88.610313
        ],
        [
          27.327226,
          88.610365
        ],
        [
          27.327217,
          88.610445
        ],
        [
          27.327023,
          88.610954
        ],
        [
          27.32697,
          88.611144
        ],
        [
          27.326947,
          88.611305
        ],
        [
          27.326965,
          88.611342
        ],
        [
          27.326977,
          88.611369
        ],
        [
          27.327019,
          88.611424
        ],
        [
          27.327058,
          88.611479
        ],
        [
          27.327111,
          88.611524
        ],
        [
          27.327378,
          88.611618
        ],
        [
          27.327535,
          88.61164
        ],
        [
          27.327993,
          88.611714
        ],
        [
          27.328308,
          88.611707
        ],
        [
          27.328519,
          88.611687
        ],
        [
          27.3286,
          88.611676
        ],
        [
          27.32873,
          88.61169
        ],
        [
          27.329042,
          88.611761
        ],
        [
          27.329068,
          88.611767
        ],
        [
          27.329385,
          88.611857
        ],
        [
          27.329442,
          88.611873
        ],
        [
          27.329611,
          88.611927
        ],
        [
          27.329942,
          88.612057
        ],
        [
          27.329976,
          88.612076
        ],
        [
          27.330084,
          88.612146
        ],
        [
          27.330217,
          88.612271
        ],
        [
          27.330297,
          88.612384
        ],
        [
          27.330311,
          88.612412
        ],
        [
          27.330324,
          88.612439
        ],
        [
          27.330367,
          88.6126
        ],
        [
          27.330433,
          88.612851
        ],
        [
          27.330521,
          88.613243
        ],
        [
          27.330579,
          88.613435
        ],
        [
          27.330699,
          88.613526
        ],
        [
          27.330968,
          88.613708
        ],
        [
          27.331325,
          88.613772
        ],
        [
          27.331393,
          88.613814
        ]
      ]
    }
  ]
}