{
  "type": "FeatureCollection",
  "features": [
    {
      "type": "Feature",
      "properties": {
        "id": "nh27_siliguri_guwahati",
        "name": "NH-27 Siliguri Chicken's Neck to Guwahati East-West Corridor",
        "highway": "NH-27",
        "distance_km": 450.1,
        "duration_hrs": 5.88,
        "point_count": 6708
      },
      "geometry": {
        "type": "LineString",
        "coordinates": [
          [
            88.395306,
            26.726911
          ],
          [
            88.394875,
            26.7269
          ],
          [
            88.394879,
            26.726598
          ],
          [
            88.394884,
            26.726281
          ],
          [
            88.394889,
            26.725941
          ],
          [
            88.394893,
            26.725682
          ],
          [
            88.394893,
            26.725639
          ],
          [
            88.394893,
            26.725321
          ],
          [
            88.396656,
            26.725368
          ],
          [
            88.396758,
            26.725371
          ],
          [
            88.39676,
            26.725326
          ],
          [
            88.396771,
            26.724911
          ],
          [
            88.396879,
            26.724883
          ],
          [
            88.396998,
            26.724824
          ],
          [
            88.397143,
            26.724745
          ],
          [
            88.397439,
            26.724554
          ],
          [
            88.397774,
            26.724736
          ],
          [
            88.398127,
            26.72492
          ],
          [
            88.398471,
            26.725106
          ],
          [
            88.399124,
            26.725451
          ],
          [
            88.400094,
            26.725961
          ],
          [
            88.400541,
            26.726194
          ],
          [
            88.400681,
            26.726266
          ],
          [
            88.400797,
            26.726333
          ],
          [
            88.400935,
            26.726423
          ],
          [
            88.401067,
            26.726534
          ],
          [
            88.401565,
            26.726968
          ],
          [
            88.401936,
            26.727294
          ],
          [
            88.402095,
            26.727434
          ],
          [
            88.402207,
            26.727551
          ],
          [
            88.402272,
            26.727625
          ],
          [
            88.402366,
            26.727744
          ],
          [
            88.402476,
            26.727917
          ],
          [
            88.402517,
            26.728009
          ],
          [
            88.402568,
            26.728107
          ],
          [
            88.402616,
            26.728252
          ],
          [
            88.402646,
            26.728391
          ],
          [
            88.402669,
            26.728516
          ],
          [
            88.402706,
            26.72879
          ],
          [
            88.402748,
            26.729115
          ],
          [
            88.40281,
            26.729367
          ],
          [
            88.402905,
            26.729602
          ],
          [
            88.403048,
            26.72981
          ],
          [
            88.403233,
            26.73004
          ],
          [
            88.403418,
            26.730246
          ],
          [
            88.40351,
            26.730333
          ],
          [
            88.403801,
            26.730583
          ],
          [
            88.404357,
            26.73104
          ],
          [
            88.404511,
            26.73117
          ],
          [
            88.404575,
            26.731225
          ],
          [
            88.404661,
            26.731288
          ],
          [
            88.404806,
            26.731382
          ],
          [
            88.404934,
            26.731447
          ],
          [
            88.405053,
            26.731497
          ],
          [
            88.405124,
            26.731523
          ],
          [
            88.405268,
            26.731564
          ],
          [
            88.405334,
            26.73158
          ],
          [
            88.405792,
            26.731711
          ],
          [
            88.405942,
            26.731753
          ],
          [
            88.406407,
            26.731879
          ],
          [
            88.406976,
            26.732043
          ],
          [
            88.407133,
            26.732126
          ],
          [
            88.407385,
            26.732224
          ],
          [
            88.407594,
            26.732291
          ],
          [
            88.407862,
            26.732346
          ],
          [
            88.408035,
            26.732372
          ],
          [
            88.408389,
            26.732424
          ],
          [
            88.40868,
            26.732453
          ],
          [
            88.408889,
            26.732478
          ],
          [
            88.409169,
            26.732517
          ],
          [
            88.409253,
            26.732521
          ],
          [
            88.409425,
            26.732677
          ],
          [
            88.409616,
            26.732771
          ],
          [
            88.410014,
            26.732944
          ],
          [
            88.410349,
            26.732933
          ],
          [
            88.410517,
            26.732953
          ],
          [
            88.410742,
            26.732975
          ],
          [
            88.411115,
            26.733054
          ],
          [
            88.411519,
            26.733182
          ],
          [
            88.41175,
            26.733287
          ],
          [
            88.412043,
            26.733419
          ],
          [
            88.412406,
            26.733587
          ],
          [
            88.412587,
            26.733618
          ],
          [
            88.412657,
            26.733598
          ],
          [
            88.412712,
            26.733545
          ],
          [
            88.412733,
            26.733486
          ],
          [
            88.412714,
            26.733408
          ],
          [
            88.412665,
            26.733331
          ],
          [
            88.412566,
            26.733273
          ],
          [
            88.412347,
            26.733174
          ],
          [
            88.412248,
            26.733124
          ],
          [
            88.412107,
            26.73306
          ],
          [
            88.412022,
            26.73302
          ],
          [
            88.411884,
            26.732965
          ],
          [
            88.411817,
            26.732845
          ],
          [
            88.411159,
            26.732607
          ],
          [
            88.410803,
            26.732467
          ],
          [
            88.410694,
            26.732403
          ],
          [
            88.410639,
            26.732334
          ],
          [
            88.410622,
            26.732226
          ],
          [
            88.410641,
            26.732077
          ],
          [
            88.41098,
            26.731674
          ],
          [
            88.411806,
            26.730577
          ],
          [
            88.412909,
            26.729112
          ],
          [
            88.413354,
            26.728493
          ],
          [
            88.413945,
            26.727673
          ],
          [
            88.41443,
            26.727
          ],
          [
            88.414773,
            26.726525
          ],
          [
            88.414786,
            26.726502
          ],
          [
            88.415158,
            26.725981
          ],
          [
            88.415202,
            26.725919
          ],
          [
            88.415359,
            26.725701
          ],
          [
            88.415744,
            26.72519
          ],
          [
            88.415903,
            26.724978
          ],
          [
            88.416001,
            26.724844
          ],
          [
            88.416087,
            26.724727
          ],
          [
            88.416384,
            26.724319
          ],
          [
            88.417275,
            26.7231
          ],
          [
            88.417697,
            26.722542
          ],
          [
            88.417868,
            26.722326
          ],
          [
            88.417924,
            26.722264
          ],
          [
            88.418012,
            26.72216
          ],
          [
            88.418149,
            26.722011
          ],
          [
            88.418317,
            26.721838
          ],
          [
            88.418476,
            26.721682
          ],
          [
            88.418574,
            26.721581
          ],
          [
            88.418698,
            26.72144
          ],
          [
            88.420127,
            26.719505
          ],
          [
            88.420408,
            26.718993
          ],
          [
            88.420412,
            26.718886
          ],
          [
            88.420434,
            26.718706
          ],
          [
            88.42044,
            26.718619
          ],
          [
            88.420446,
            26.718542
          ],
          [
            88.420449,
            26.71846
          ],
          [
            88.420389,
            26.718325
          ],
          [
            88.420446,
            26.718047
          ],
          [
            88.420485,
            26.717786
          ],
          [
            88.420501,
            26.717577
          ],
          [
            88.420501,
            26.717373
          ],
          [
            88.420475,
            26.717022
          ],
          [
            88.420439,
            26.716781
          ],
          [
            88.420384,
            26.71655
          ],
          [
            88.420297,
            26.716285
          ],
          [
            88.420162,
            26.715896
          ],
          [
            88.419584,
            26.714516
          ],
          [
            88.419465,
            26.714216
          ],
          [
            88.41898,
            26.712994
          ],
          [
            88.418701,
            26.712173
          ],
          [
            88.418523,
            26.711528
          ],
          [
            88.418397,
            26.711162
          ],
          [
            88.418288,
            26.710893
          ],
          [
            88.417839,
            26.709821
          ],
          [
            88.417572,
            26.709132
          ],
          [
            88.417392,
            26.70867
          ],
          [
            88.417261,
            26.708211
          ],
          [
            88.417241,
            26.708028
          ],
          [
            88.417093,
            26.707679
          ],
          [
            88.416971,
            26.707385
          ],
          [
            88.416842,
            26.707054
          ],
          [
            88.416727,
            26.706764
          ],
          [
            88.416467,
            26.706104
          ],
          [
            88.416287,
            26.705673
          ],
          [
            88.416137,
            26.705315
          ],
          [
            88.415997,
            26.70498
          ],
          [
            88.415808,
            26.70459
          ],
          [
            88.415746,
            26.704469
          ],
          [
            88.415649,
            26.704281
          ],
          [
            88.415501,
            26.704019
          ],
          [
            88.415316,
            26.70371
          ],
          [
            88.415288,
            26.703667
          ],
          [
            88.414973,
            26.703195
          ],
          [
            88.414853,
            26.703027
          ],
          [
            88.414706,
            26.702833
          ],
          [
            88.414581,
            26.702665
          ],
          [
            88.414227,
            26.702222
          ],
          [
            88.414131,
            26.702109
          ],
          [
            88.414058,
            26.702023
          ],
          [
            88.413971,
            26.701912
          ],
          [
            88.413913,
            26.701843
          ],
          [
            88.41369,
            26.701572
          ],
          [
            88.413469,
            26.70128
          ],
          [
            88.413217,
            26.700966
          ],
          [
            88.413067,
            26.700783
          ],
          [
            88.412815,
            26.700474
          ],
          [
            88.412527,
            26.700131
          ],
          [
            88.412441,
            26.700026
          ],
          [
            88.412252,
            26.699792
          ],
          [
            88.412205,
            26.699735
          ],
          [
            88.412057,
            26.699536
          ],
          [
            88.41193,
            26.699356
          ],
          [
            88.411852,
            26.699242
          ],
          [
            88.411762,
            26.699109
          ],
          [
            88.411726,
            26.699048
          ],
          [
            88.411647,
            26.698914
          ],
          [
            88.411553,
            26.698747
          ],
          [
            88.411459,
            26.698541
          ],
          [
            88.411353,
            26.6983
          ],
          [
            88.411281,
            26.698089
          ],
          [
            88.411234,
            26.697928
          ],
          [
            88.411143,
            26.697584
          ],
          [
            88.411106,
            26.69732
          ],
          [
            88.411071,
            26.697036
          ],
          [
            88.411062,
            26.696779
          ],
          [
            88.41106,
            26.696634
          ],
          [
            88.411077,
            26.696212
          ],
          [
            88.411139,
            26.69543
          ],
          [
            88.411156,
            26.695222
          ],
          [
            88.411174,
            26.694934
          ],
          [
            88.411276,
            26.693644
          ],
          [
            88.411317,
            26.693202
          ],
          [
            88.411346,
            26.692703
          ],
          [
            88.411385,
            26.692092
          ],
          [
            88.411393,
            26.691867
          ],
          [
            88.411395,
            26.691833
          ],
          [
            88.411413,
            26.691687
          ],
          [
            88.411439,
            26.691574
          ],
          [
            88.411451,
            26.691538
          ],
          [
            88.411483,
            26.691446
          ],
          [
            88.411546,
            26.691332
          ],
          [
            88.411625,
            26.691206
          ],
          [
            88.411678,
            26.691134
          ],
          [
            88.411704,
            26.691097
          ],
          [
            88.411773,
            26.691014
          ],
          [
            88.41189,
            26.690895
          ],
          [
            88.411956,
            26.690828
          ],
          [
            88.411997,
            26.690747
          ],
          [
            88.412134,
            26.690658
          ],
          [
            88.412147,
            26.69065
          ],
          [
            88.412254,
            26.690587
          ],
          [
            88.412353,
            26.690528
          ],
          [
            88.412476,
            26.690452
          ],
          [
            88.412603,
            26.690383
          ],
          [
            88.413345,
            26.689974
          ],
          [
            88.414294,
            26.689423
          ],
          [
            88.414727,
            26.689169
          ],
          [
            88.415097,
            26.688968
          ],
          [
            88.415327,
            26.688807
          ],
          [
            88.415456,
            26.688715
          ],
          [
            88.415583,
            26.68862
          ],
          [
            88.415698,
            26.688521
          ],
          [
            88.4158,
            26.688423
          ],
          [
            88.415922,
            26.688286
          ],
          [
            88.416048,
            26.68813
          ],
          [
            88.416146,
            26.687989
          ],
          [
            88.416161,
            26.687967
          ],
          [
            88.416204,
            26.6879
          ],
          [
            88.416252,
            26.687819
          ],
          [
            88.416278,
            26.687764
          ],
          [
            88.416358,
            26.687593
          ],
          [
            88.416406,
            26.687459
          ],
          [
            88.416445,
            26.687327
          ],
          [
            88.416487,
            26.687166
          ],
          [
            88.416518,
            26.687006
          ],
          [
            88.416538,
            26.686881
          ],
          [
            88.416546,
            26.686754
          ],
          [
            88.416613,
            26.686069
          ],
          [
            88.41674,
            26.684778
          ],
          [
            88.416764,
            26.684536
          ],
          [
            88.416836,
            26.683737
          ],
          [
            88.416876,
            26.683333
          ],
          [
            88.416965,
            26.68254
          ],
          [
            88.417038,
            26.681885
          ],
          [
            88.417051,
            26.681768
          ],
          [
            88.417075,
            26.681513
          ],
          [
            88.417116,
            26.680982
          ],
          [
            88.417138,
            26.680791
          ],
          [
            88.417178,
            26.680495
          ],
          [
            88.417219,
            26.6802
          ],
          [
            88.417374,
            26.679011
          ],
          [
            88.417438,
            26.678518
          ],
          [
            88.417491,
            26.678169
          ],
          [
            88.417512,
            26.677995
          ],
          [
            88.417526,
            26.677819
          ],
          [
            88.417539,
            26.677504
          ],
          [
            88.417561,
            26.676849
          ],
          [
            88.41758,
            26.676375
          ],
          [
            88.417589,
            26.675916
          ],
          [
            88.417569,
            26.675681
          ],
          [
            88.417551,
            26.675552
          ],
          [
            88.417524,
            26.675422
          ],
          [
            88.41747,
            26.675177
          ],
          [
            88.417426,
            26.675051
          ],
          [
            88.417373,
            26.674926
          ],
          [
            88.417279,
            26.6747
          ],
          [
            88.417178,
            26.674519
          ],
          [
            88.417096,
            26.674381
          ],
          [
            88.416962,
            26.674199
          ],
          [
            88.41684,
            26.674051
          ],
          [
            88.416747,
            26.673957
          ],
          [
            88.416637,
            26.673848
          ],
          [
            88.416482,
            26.673716
          ],
          [
            88.41635,
            26.673619
          ],
          [
            88.41587,
            26.673316
          ],
          [
            88.415784,
            26.673263
          ],
          [
            88.415607,
            26.673154
          ],
          [
            88.415433,
            26.67305
          ],
          [
            88.415313,
            26.672978
          ],
          [
            88.415033,
            26.672802
          ],
          [
            88.414896,
            26.672707
          ],
          [
            88.414772,
            26.672609
          ],
          [
            88.414676,
            26.672522
          ],
          [
            88.414583,
            26.67241
          ],
          [
            88.414505,
            26.672301
          ],
          [
            88.414456,
            26.672216
          ],
          [
            88.414397,
            26.672092
          ],
          [
            88.41433,
            26.671923
          ],
          [
            88.414304,
            26.671765
          ],
          [
            88.414293,
            26.671625
          ],
          [
            88.414294,
            26.671463
          ],
          [
            88.414308,
            26.671329
          ],
          [
            88.414336,
            26.671118
          ],
          [
            88.41441,
            26.670689
          ],
          [
            88.41447,
            26.670345
          ],
          [
            88.41465,
            26.669276
          ],
          [
            88.414798,
            26.668394
          ],
          [
            88.414912,
            26.667689
          ],
          [
            88.414925,
            26.667604
          ],
          [
            88.415082,
            26.666636
          ],
          [
            88.415159,
            26.666131
          ],
          [
            88.415342,
            26.664999
          ],
          [
            88.415369,
            26.664829
          ],
          [
            88.415472,
            26.664167
          ],
          [
            88.415515,
            26.663892
          ],
          [
            88.415521,
            26.663857
          ],
          [
            88.415584,
            26.663456
          ],
          [
            88.415596,
            26.663377
          ],
          [
            88.415619,
            26.663229
          ],
          [
            88.415818,
            26.661982
          ],
          [
            88.415848,
            26.661799
          ],
          [
            88.416159,
            26.659895
          ],
          [
            88.416204,
            26.659629
          ],
          [
            88.416258,
            26.659322
          ],
          [
            88.416286,
            26.659143
          ],
          [
            88.416326,
            26.65892
          ],
          [
            88.416338,
            26.658858
          ],
          [
            88.41645,
            26.658291
          ],
          [
            88.416456,
            26.658231
          ],
          [
            88.41648,
            26.658068
          ],
          [
            88.416496,
            26.657846
          ],
          [
            88.416532,
            26.65756
          ],
          [
            88.416579,
            26.657247
          ],
          [
            88.416592,
            26.65717
          ],
          [
            88.416619,
            26.657016
          ],
          [
            88.41664,
            26.656884
          ],
          [
            88.416656,
            26.656771
          ],
          [
            88.416711,
            26.656386
          ],
          [
            88.416808,
            26.655748
          ],
          [
            88.416932,
            26.654935
          ],
          [
            88.417019,
            26.654355
          ],
          [
            88.417129,
            26.653673
          ],
          [
            88.417147,
            26.653561
          ],
          [
            88.417216,
            26.652985
          ],
          [
            88.41725,
            26.652654
          ],
          [
            88.417261,
            26.652491
          ],
          [
            88.417265,
            26.652335
          ],
          [
            88.417271,
            26.652154
          ],
          [
            88.417369,
            26.652017
          ],
          [
            88.417571,
            26.651677
          ],
          [
            88.417682,
            26.651468
          ],
          [
            88.417705,
            26.651365
          ],
          [
            88.418044,
            26.650758
          ],
          [
            88.418381,
            26.650137
          ],
          [
            88.418549,
            26.649812
          ],
          [
            88.418831,
            26.649271
          ],
          [
            88.419052,
            26.648842
          ],
          [
            88.419184,
            26.648612
          ],
          [
            88.419287,
            26.648444
          ],
          [
            88.419409,
            26.64827
          ],
          [
            88.419545,
            26.6481
          ],
          [
            88.419711,
            26.647913
          ],
          [
            88.420023,
            26.647573
          ],
          [
            88.420402,
            26.64717
          ],
          [
            88.420576,
            26.646971
          ],
          [
            88.420807,
            26.646727
          ],
          [
            88.420923,
            26.64662
          ],
          [
            88.421079,
            26.646473
          ],
          [
            88.421289,
            26.646285
          ],
          [
            88.421552,
            26.646067
          ],
          [
            88.421729,
            26.645939
          ],
          [
            88.421869,
            26.645844
          ],
          [
            88.422057,
            26.645718
          ],
          [
            88.422231,
            26.645602
          ],
          [
            88.422958,
            26.645146
          ],
          [
            88.423238,
            26.644975
          ],
          [
            88.423419,
            26.644861
          ],
          [
            88.423564,
            26.644763
          ],
          [
            88.423664,
            26.644689
          ],
          [
            88.423754,
            26.644607
          ],
          [
            88.423896,
            26.644464
          ],
          [
            88.424021,
            26.644324
          ],
          [
            88.424173,
            26.644152
          ],
          [
            88.424652,
            26.643605
          ],
          [
            88.424709,
            26.643537
          ],
          [
            88.425196,
            26.642985
          ],
          [
            88.425417,
            26.642729
          ],
          [
            88.425598,
            26.642519
          ],
          [
            88.425726,
            26.642373
          ],
          [
            88.426085,
            26.641961
          ],
          [
            88.426196,
            26.641832
          ],
          [
            88.426642,
            26.641323
          ],
          [
            88.426919,
            26.641001
          ],
          [
            88.427221,
            26.640692
          ],
          [
            88.4276,
            26.640296
          ],
          [
            88.428421,
            26.639466
          ],
          [
            88.428488,
            26.639398
          ],
          [
            88.429274,
            26.638653
          ],
          [
            88.429614,
            26.638345
          ],
          [
            88.430214,
            26.637795
          ],
          [
            88.430251,
            26.63776
          ],
          [
            88.430369,
            26.637647
          ],
          [
            88.430734,
            26.637309
          ],
          [
            88.431029,
            26.637026
          ],
          [
            88.431435,
            26.636644
          ],
          [
            88.431716,
            26.636366
          ],
          [
            88.43205,
            26.636039
          ],
          [
            88.432402,
            26.635681
          ],
          [
            88.432624,
            26.635457
          ],
          [
            88.43289,
            26.635191
          ],
          [
            88.433127,
            26.63495
          ],
          [
            88.433558,
            26.634509
          ],
          [
            88.43458,
            26.633462
          ],
          [
            88.434876,
            26.633137
          ],
          [
            88.434899,
            26.633108
          ],
          [
            88.435205,
            26.632723
          ],
          [
            88.435221,
            26.632699
          ],
          [
            88.435336,
            26.632535
          ],
          [
            88.435352,
            26.632511
          ],
          [
            88.435399,
            26.632442
          ],
          [
            88.435474,
            26.632327
          ],
          [
            88.435643,
            26.632041
          ],
          [
            88.435736,
            26.631892
          ],
          [
            88.435792,
            26.631815
          ],
          [
            88.435856,
            26.631746
          ],
          [
            88.435937,
            26.631665
          ],
          [
            88.436024,
            26.631579
          ],
          [
            88.436091,
            26.631501
          ],
          [
            88.436164,
            26.631406
          ],
          [
            88.436179,
            26.631381
          ],
          [
            88.436222,
            26.631296
          ],
          [
            88.436237,
            26.631257
          ],
          [
            88.43633,
            26.631034
          ],
          [
            88.436375,
            26.630962
          ],
          [
            88.43648,
            26.630812
          ],
          [
            88.436585,
            26.630663
          ],
          [
            88.436743,
            26.630406
          ],
          [
            88.436839,
            26.63024
          ],
          [
            88.436915,
            26.630022
          ],
          [
            88.436948,
            26.629886
          ],
          [
            88.436992,
            26.629744
          ],
          [
            88.437074,
            26.629527
          ],
          [
            88.437297,
            26.629085
          ],
          [
            88.437384,
            26.628948
          ],
          [
            88.437471,
            26.628837
          ],
          [
            88.437541,
            26.628762
          ],
          [
            88.437647,
            26.628663
          ],
          [
            88.437785,
            26.628574
          ],
          [
            88.438044,
            26.628508
          ],
          [
            88.438568,
            26.628252
          ],
          [
            88.439034,
            26.628057
          ],
          [
            88.439409,
            26.62793
          ],
          [
            88.440635,
            26.627538
          ],
          [
            88.440868,
            26.62746
          ],
          [
            88.441746,
            26.627172
          ],
          [
            88.442091,
            26.627059
          ],
          [
            88.442204,
            26.627022
          ],
          [
            88.442312,
            26.626987
          ],
          [
            88.442524,
            26.626918
          ],
          [
            88.442687,
            26.626865
          ],
          [
            88.443019,
            26.626757
          ],
          [
            88.443915,
            26.626465
          ],
          [
            88.44533,
            26.626009
          ],
          [
            88.445526,
            26.625944
          ],
          [
            88.448421,
            26.625025
          ],
          [
            88.449078,
            26.624822
          ],
          [
            88.449359,
            26.624743
          ],
          [
            88.449661,
            26.624675
          ],
          [
            88.450296,
            26.624557
          ],
          [
            88.450975,
            26.624452
          ],
          [
            88.451557,
            26.624357
          ],
          [
            88.453506,
            26.624044
          ],
          [
            88.454482,
            26.623875
          ],
          [
            88.455434,
            26.6237
          ],
          [
            88.456143,
            26.623558
          ],
          [
            88.45665,
            26.623476
          ],
          [
            88.456971,
            26.62343
          ],
          [
            88.457468,
            26.623375
          ],
          [
            88.458328,
            26.623271
          ],
          [
            88.45896,
            26.623196
          ],
          [
            88.459384,
            26.623145
          ],
          [
            88.459709,
            26.623109
          ],
          [
            88.459878,
            26.623091
          ],
          [
            88.460509,
            26.623011
          ],
          [
            88.462956,
            26.622744
          ],
          [
            88.463444,
            26.622702
          ],
          [
            88.463933,
            26.622661
          ],
          [
            88.465273,
            26.622562
          ],
          [
            88.466018,
            26.622509
          ],
          [
            88.466355,
            26.622477
          ],
          [
            88.466684,
            26.622428
          ],
          [
            88.467049,
            26.622358
          ],
          [
            88.467205,
            26.622319
          ],
          [
            88.467401,
            26.62227
          ],
          [
            88.467546,
            26.62223
          ],
          [
            88.467666,
            26.622201
          ],
          [
            88.467747,
            26.622181
          ],
          [
            88.468022,
            26.622068
          ],
          [
            88.468299,
            26.621944
          ],
          [
            88.468542,
            26.621829
          ],
          [
            88.468815,
            26.62169
          ],
          [
            88.469104,
            26.621517
          ],
          [
            88.46937,
            26.621334
          ],
          [
            88.469613,
            26.621158
          ],
          [
            88.469856,
            26.620965
          ],
          [
            88.470135,
            26.620721
          ],
          [
            88.47117,
            26.619673
          ],
          [
            88.471182,
            26.619658
          ],
          [
            88.471536,
            26.619288
          ],
          [
            88.472257,
            26.618557
          ],
          [
            88.47267,
            26.618126
          ],
          [
            88.473362,
            26.617407
          ],
          [
            88.474801,
            26.615916
          ],
          [
            88.474977,
            26.615732
          ],
          [
            88.475079,
            26.615629
          ],
          [
            88.476045,
            26.614628
          ],
          [
            88.476313,
            26.614351
          ],
          [
            88.47674,
            26.61391
          ],
          [
            88.476986,
            26.613655
          ],
          [
            88.47717,
            26.613464
          ],
          [
            88.477406,
            26.613217
          ],
          [
            88.477576,
            26.613039
          ],
          [
            88.477661,
            26.612949
          ],
          [
            88.478019,
            26.612574
          ],
          [
            88.47873,
            26.611827
          ],
          [
            88.478813,
            26.611739
          ],
          [
            88.479475,
            26.611046
          ],
          [
            88.479555,
            26.610964
          ],
          [
            88.479708,
            26.610806
          ],
          [
            88.480081,
            26.610427
          ],
          [
            88.48014,
            26.610366
          ],
          [
            88.480944,
            26.609525
          ],
          [
            88.481113,
            26.609347
          ],
          [
            88.481382,
            26.609062
          ],
          [
            88.48185,
            26.60857
          ],
          [
            88.482223,
            26.608179
          ],
          [
            88.482489,
            26.6079
          ],
          [
            88.483015,
            26.607353
          ],
          [
            88.483959,
            26.606374
          ],
          [
            88.484285,
            26.606034
          ],
          [
            88.484415,
            26.605899
          ],
          [
            88.484815,
            26.605482
          ],
          [
            88.485451,
            26.604819
          ],
          [
            88.486558,
            26.603659
          ],
          [
            88.486835,
            26.603379
          ],
          [
            88.487287,
            26.602905
          ],
          [
            88.487318,
            26.602874
          ],
          [
            88.488017,
            26.60215
          ],
          [
            88.488662,
            26.601466
          ],
          [
            88.48896,
            26.601158
          ],
          [
            88.489263,
            26.600842
          ],
          [
            88.489781,
            26.600313
          ],
          [
            88.48989,
            26.600198
          ],
          [
            88.490855,
            26.599186
          ],
          [
            88.491089,
            26.598937
          ],
          [
            88.491893,
            26.598114
          ],
          [
            88.492494,
            26.597473
          ],
          [
            88.492996,
            26.596965
          ],
          [
            88.493079,
            26.596881
          ],
          [
            88.493403,
            26.59659
          ],
          [
            88.493595,
            26.596422
          ],
          [
            88.493779,
            26.596274
          ],
          [
            88.494052,
            26.596066
          ],
          [
            88.494341,
            26.595862
          ],
          [
            88.494626,
            26.595674
          ],
          [
            88.495157,
            26.595353
          ],
          [
            88.496048,
            26.594859
          ],
          [
            88.496882,
            26.594396
          ],
          [
            88.497494,
            26.594053
          ],
          [
            88.498427,
            26.593554
          ],
          [
            88.498744,
            26.593384
          ],
          [
            88.499583,
            26.592909
          ],
          [
            88.500111,
            26.592621
          ],
          [
            88.500428,
            26.592439
          ],
          [
            88.50083,
            26.592217
          ],
          [
            88.5011,
            26.592052
          ],
          [
            88.501431,
            26.59183
          ],
          [
            88.501705,
            26.591632
          ],
          [
            88.502057,
            26.591339
          ],
          [
            88.502343,
            26.591108
          ],
          [
            88.502583,
            26.590905
          ],
          [
            88.503297,
            26.590319
          ],
          [
            88.503836,
            26.589869
          ],
          [
            88.504541,
            26.589279
          ],
          [
            88.505334,
            26.588623
          ],
          [
            88.505782,
            26.588271
          ],
          [
            88.506188,
            26.587936
          ],
          [
            88.50645,
            26.587721
          ],
          [
            88.507066,
            26.587198
          ],
          [
            88.507658,
            26.586704
          ],
          [
            88.507724,
            26.586648
          ],
          [
            88.507805,
            26.586577
          ],
          [
            88.508711,
            26.585825
          ],
          [
            88.509503,
            26.585157
          ],
          [
            88.510281,
            26.584505
          ],
          [
            88.510379,
            26.584423
          ],
          [
            88.511049,
            26.583858
          ],
          [
            88.511406,
            26.583557
          ],
          [
            88.511575,
            26.583418
          ],
          [
            88.511756,
            26.583263
          ],
          [
            88.512098,
            26.582967
          ],
          [
            88.512444,
            26.582669
          ],
          [
            88.512616,
            26.582521
          ],
          [
            88.512778,
            26.582385
          ],
          [
            88.512845,
            26.582329
          ],
          [
            88.513015,
            26.582186
          ],
          [
            88.513071,
            26.582139
          ],
          [
            88.513551,
            26.581737
          ],
          [
            88.514143,
            26.581247
          ],
          [
            88.514742,
            26.580739
          ],
          [
            88.515322,
            26.580253
          ],
          [
            88.51634,
            26.579392
          ],
          [
            88.517137,
            26.578722
          ],
          [
            88.517467,
            26.578467
          ],
          [
            88.517728,
            26.578225
          ],
          [
            88.518353,
            26.577652
          ],
          [
            88.518928,
            26.577165
          ],
          [
            88.519354,
            26.576801
          ],
          [
            88.520327,
            26.575939
          ],
          [
            88.520736,
            26.57559
          ],
          [
            88.521785,
            26.574735
          ],
          [
            88.522664,
            26.57396
          ],
          [
            88.523099,
            26.573638
          ],
          [
            88.523321,
            26.573488
          ],
          [
            88.523675,
            26.573271
          ],
          [
            88.523905,
            26.573135
          ],
          [
            88.524388,
            26.57286
          ],
          [
            88.524742,
            26.572666
          ],
          [
            88.525378,
            26.572355
          ],
          [
            88.525741,
            26.57217
          ],
          [
            88.526034,
            26.572019
          ],
          [
            88.526467,
            26.571813
          ],
          [
            88.526802,
            26.571647
          ],
          [
            88.52734,
            26.571359
          ],
          [
            88.527577,
            26.571237
          ],
          [
            88.527825,
            26.571126
          ],
          [
            88.528008,
            26.571057
          ],
          [
            88.528138,
            26.571012
          ],
          [
            88.528293,
            26.570958
          ],
          [
            88.528476,
            26.570913
          ],
          [
            88.528516,
            26.570905
          ],
          [
            88.528684,
            26.57087
          ],
          [
            88.528894,
            26.570831
          ],
          [
            88.52914,
            26.570805
          ],
          [
            88.529435,
            26.570779
          ],
          [
            88.529794,
            26.570762
          ],
          [
            88.530119,
            26.57075
          ],
          [
            88.530263,
            26.570745
          ],
          [
            88.530343,
            26.570742
          ],
          [
            88.530705,
            26.570729
          ],
          [
            88.531291,
            26.570708
          ],
          [
            88.532396,
            26.570684
          ],
          [
            88.532786,
            26.570678
          ],
          [
            88.533054,
            26.570673
          ],
          [
            88.533734,
            26.570659
          ],
          [
            88.533819,
            26.570657
          ],
          [
            88.534157,
            26.570648
          ],
          [
            88.53491,
            26.570635
          ],
          [
            88.535506,
            26.570628
          ],
          [
            88.535664,
            26.570631
          ],
          [
            88.535963,
            26.570645
          ],
          [
            88.53626,
            26.570676
          ],
          [
            88.536537,
            26.570717
          ],
          [
            88.536925,
            26.570791
          ],
          [
            88.537355,
            26.570877
          ],
          [
            88.537708,
            26.570946
          ],
          [
            88.53805,
            26.571008
          ],
          [
            88.538537,
            26.571087
          ],
          [
            88.538905,
            26.571155
          ],
          [
            88.53905,
            26.571182
          ],
          [
            88.539255,
            26.571221
          ],
          [
            88.539525,
            26.571273
          ],
          [
            88.53991,
            26.571337
          ],
          [
            88.540017,
            26.571351
          ],
          [
            88.540095,
            26.571362
          ],
          [
            88.540164,
            26.571371
          ],
          [
            88.5404,
            26.571394
          ],
          [
            88.540723,
            26.571419
          ],
          [
            88.541098,
            26.57144
          ],
          [
            88.541521,
            26.571457
          ],
          [
            88.541543,
            26.571458
          ],
          [
            88.541773,
            26.571467
          ],
          [
            88.542268,
            26.571481
          ],
          [
            88.542708,
            26.571476
          ],
          [
            88.543084,
            26.571454
          ],
          [
            88.543335,
            26.571416
          ],
          [
            88.543487,
            26.571391
          ],
          [
            88.543632,
            26.571357
          ],
          [
            88.543758,
            26.571326
          ],
          [
            88.543904,
            26.571283
          ],
          [
            88.54408,
            26.571223
          ],
          [
            88.544254,
            26.571162
          ],
          [
            88.544478,
            26.571072
          ],
          [
            88.544739,
            26.570958
          ],
          [
            88.545265,
            26.570724
          ],
          [
            88.545999,
            26.570387
          ],
          [
            88.546268,
            26.570259
          ],
          [
            88.546849,
            26.570005
          ],
          [
            88.547859,
            26.569548
          ],
          [
            88.548705,
            26.569133
          ],
          [
            88.548794,
            26.569089
          ],
          [
            88.548889,
            26.569042
          ],
          [
            88.549606,
            26.568643
          ],
          [
            88.549997,
            26.568436
          ],
          [
            88.550387,
            26.568219
          ],
          [
            88.550757,
            26.568008
          ],
          [
            88.551028,
            26.567841
          ],
          [
            88.551289,
            26.567672
          ],
          [
            88.551598,
            26.56745
          ],
          [
            88.551902,
            26.567243
          ],
          [
            88.552287,
            26.566911
          ],
          [
            88.552379,
            26.566827
          ],
          [
            88.552698,
            26.566536
          ],
          [
            88.553198,
            26.566065
          ],
          [
            88.55353,
            26.565748
          ],
          [
            88.553785,
            26.565518
          ],
          [
            88.553989,
            26.565354
          ],
          [
            88.554205,
            26.565182
          ],
          [
            88.554433,
            26.565041
          ],
          [
            88.554681,
            26.56491
          ],
          [
            88.554912,
            26.564795
          ],
          [
            88.555251,
            26.564652
          ],
          [
            88.55546,
            26.564568
          ],
          [
            88.555826,
            26.564442
          ],
          [
            88.556282,
            26.564281
          ],
          [
            88.556609,
            26.564172
          ],
          [
            88.556974,
            26.564043
          ],
          [
            88.557352,
            26.563925
          ],
          [
            88.557851,
            26.563774
          ],
          [
            88.559053,
            26.563464
          ],
          [
            88.559099,
            26.563453
          ],
          [
            88.559819,
            26.563279
          ],
          [
            88.560244,
            26.563177
          ],
          [
            88.560845,
            26.563023
          ],
          [
            88.561813,
            26.562764
          ],
          [
            88.562603,
            26.562537
          ],
          [
            88.563177,
            26.562376
          ],
          [
            88.564033,
            26.562135
          ],
          [
            88.565163,
            26.561814
          ],
          [
            88.565785,
            26.56164
          ],
          [
            88.566217,
            26.561516
          ],
          [
            88.566792,
            26.561352
          ],
          [
            88.567176,
            26.561243
          ],
          [
            88.567465,
            26.561161
          ],
          [
            88.567855,
            26.561049
          ],
          [
            88.568488,
            26.560849
          ],
          [
            88.568675,
            26.560786
          ],
          [
            88.569633,
            26.560481
          ],
          [
            88.570628,
            26.560162
          ],
          [
            88.570954,
            26.560054
          ],
          [
            88.571308,
            26.559937
          ],
          [
            88.571697,
            26.559817
          ],
          [
            88.572022,
            26.559701
          ],
          [
            88.572188,
            26.559643
          ],
          [
            88.572657,
            26.559457
          ],
          [
            88.57306,
            26.559274
          ],
          [
            88.573419,
            26.559067
          ],
          [
            88.574001,
            26.558702
          ],
          [
            88.574352,
            26.558481
          ],
          [
            88.574626,
            26.558311
          ],
          [
            88.574863,
            26.55817
          ],
          [
            88.575109,
            26.558042
          ],
          [
            88.575311,
            26.557943
          ],
          [
            88.575579,
            26.557834
          ],
          [
            88.575864,
            26.557735
          ],
          [
            88.576172,
            26.557661
          ],
          [
            88.576399,
            26.557623
          ],
          [
            88.576624,
            26.557595
          ],
          [
            88.576961,
            26.557566
          ],
          [
            88.577479,
            26.557537
          ],
          [
            88.578204,
            26.557521
          ],
          [
            88.578534,
            26.557517
          ],
          [
            88.57884,
            26.557517
          ],
          [
            88.579076,
            26.557512
          ],
          [
            88.579352,
            26.557498
          ],
          [
            88.579647,
            26.557467
          ],
          [
            88.579996,
            26.557409
          ],
          [
            88.580328,
            26.557323
          ],
          [
            88.580588,
            26.557236
          ],
          [
            88.580795,
            26.557151
          ],
          [
            88.580957,
            26.55707
          ],
          [
            88.58117,
            26.556953
          ],
          [
            88.581381,
            26.556822
          ],
          [
            88.581558,
            26.556699
          ],
          [
            88.581669,
            26.556612
          ],
          [
            88.581795,
            26.556498
          ],
          [
            88.581932,
            26.556359
          ],
          [
            88.58212,
            26.556161
          ],
          [
            88.582368,
            26.555883
          ],
          [
            88.582717,
            26.555475
          ],
          [
            88.582843,
            26.555329
          ],
          [
            88.582993,
            26.555168
          ],
          [
            88.583102,
            26.555057
          ],
          [
            88.583256,
            26.554897
          ],
          [
            88.583381,
            26.554785
          ],
          [
            88.583532,
            26.554673
          ],
          [
            88.58367,
            26.554568
          ],
          [
            88.583814,
            26.554475
          ],
          [
            88.58398,
            26.554375
          ],
          [
            88.584154,
            26.55428
          ],
          [
            88.584305,
            26.554208
          ],
          [
            88.584476,
            26.554133
          ],
          [
            88.58477,
            26.55402
          ],
          [
            88.584995,
            26.553958
          ],
          [
            88.58523,
            26.553899
          ],
          [
            88.585504,
            26.553855
          ],
          [
            88.585907,
            26.553811
          ],
          [
            88.586363,
            26.553773
          ],
          [
            88.58696,
            26.553727
          ],
          [
            88.58751,
            26.55369
          ],
          [
            88.587901,
            26.553664
          ],
          [
            88.588187,
            26.553641
          ],
          [
            88.588494,
            26.553604
          ],
          [
            88.588734,
            26.553561
          ],
          [
            88.588961,
            26.553511
          ],
          [
            88.589173,
            26.553454
          ],
          [
            88.589393,
            26.553382
          ],
          [
            88.589658,
            26.553295
          ],
          [
            88.590173,
            26.553104
          ],
          [
            88.59059,
            26.552949
          ],
          [
            88.590963,
            26.55281
          ],
          [
            88.591545,
            26.552597
          ],
          [
            88.592402,
            26.552293
          ],
          [
            88.594183,
            26.551638
          ],
          [
            88.594887,
            26.55138
          ],
          [
            88.595751,
            26.55107
          ],
          [
            88.596299,
            26.550875
          ],
          [
            88.596837,
            26.550695
          ],
          [
            88.597297,
            26.550539
          ],
          [
            88.597508,
            26.550468
          ],
          [
            88.5976,
            26.550437
          ],
          [
            88.598392,
            26.550169
          ],
          [
            88.599434,
            26.549794
          ],
          [
            88.600622,
            26.54936
          ],
          [
            88.600851,
            26.549277
          ],
          [
            88.601853,
            26.548911
          ],
          [
            88.602722,
            26.548592
          ],
          [
            88.604051,
            26.548085
          ],
          [
            88.60495,
            26.547734
          ],
          [
            88.605608,
            26.547481
          ],
          [
            88.606293,
            26.547217
          ],
          [
            88.606523,
            26.547129
          ],
          [
            88.606606,
            26.547097
          ],
          [
            88.60666,
            26.547076
          ],
          [
            88.60722,
            26.54686
          ],
          [
            88.607592,
            26.546717
          ],
          [
            88.60787,
            26.54661
          ],
          [
            88.60831,
            26.54644
          ],
          [
            88.608841,
            26.546236
          ],
          [
            88.609394,
            26.546023
          ],
          [
            88.609771,
            26.54589
          ],
          [
            88.609999,
            26.54581
          ],
          [
            88.610203,
            26.545739
          ],
          [
            88.610675,
            26.545577
          ],
          [
            88.611115,
            26.54542
          ],
          [
            88.612429,
            26.544961
          ],
          [
            88.613149,
            26.544713
          ],
          [
            88.613617,
            26.544548
          ],
          [
            88.614423,
            26.544263
          ],
          [
            88.615438,
            26.543909
          ],
          [
            88.616358,
            26.543586
          ],
          [
            88.616948,
            26.543385
          ],
          [
            88.617436,
            26.543207
          ],
          [
            88.617651,
            26.543128
          ],
          [
            88.618438,
            26.542847
          ],
          [
            88.619556,
            26.542475
          ],
          [
            88.619704,
            26.542429
          ],
          [
            88.619735,
            26.542419
          ],
          [
            88.62039,
            26.542221
          ],
          [
            88.620787,
            26.542093
          ],
          [
            88.62143,
            26.541892
          ],
          [
            88.62158,
            26.541853
          ],
          [
            88.621707,
            26.541819
          ],
          [
            88.621947,
            26.541762
          ],
          [
            88.622231,
            26.541705
          ],
          [
            88.622498,
            26.54166
          ],
          [
            88.622742,
            26.541626
          ],
          [
            88.623088,
            26.541589
          ],
          [
            88.623493,
            26.54156
          ],
          [
            88.624084,
            26.541524
          ],
          [
            88.62464,
            26.541482
          ],
          [
            88.62527,
            26.541429
          ],
          [
            88.625556,
            26.541415
          ],
          [
            88.625646,
            26.54141
          ],
          [
            88.626134,
            26.541394
          ],
          [
            88.62647,
            26.541399
          ],
          [
            88.62667,
            26.541402
          ],
          [
            88.627032,
            26.54142
          ],
          [
            88.627444,
            26.541452
          ],
          [
            88.6279,
            26.54149
          ],
          [
            88.628293,
            26.541526
          ],
          [
            88.628589,
            26.541549
          ],
          [
            88.62872,
            26.541556
          ],
          [
            88.629009,
            26.541571
          ],
          [
            88.629304,
            26.541586
          ],
          [
            88.629499,
            26.541595
          ],
          [
            88.629694,
            26.541598
          ],
          [
            88.63015,
            26.541579
          ],
          [
            88.630443,
            26.54156
          ],
          [
            88.630829,
            26.541504
          ],
          [
            88.631371,
            26.54141
          ],
          [
            88.632293,
            26.541232
          ],
          [
            88.632913,
            26.541108
          ],
          [
            88.634659,
            26.540772
          ],
          [
            88.63627,
            26.540456
          ],
          [
            88.636743,
            26.54034
          ],
          [
            88.637237,
            26.540203
          ],
          [
            88.637824,
            26.540016
          ],
          [
            88.63824,
            26.53986
          ],
          [
            88.638948,
            26.539607
          ],
          [
            88.639172,
            26.539523
          ],
          [
            88.640159,
            26.539187
          ],
          [
            88.640946,
            26.538918
          ],
          [
            88.641517,
            26.538739
          ],
          [
            88.641618,
            26.538708
          ],
          [
            88.64172,
            26.538677
          ],
          [
            88.642047,
            26.538575
          ],
          [
            88.642181,
            26.538533
          ],
          [
            88.642934,
            26.538298
          ],
          [
            88.645272,
            26.537532
          ],
          [
            88.645389,
            26.537491
          ],
          [
            88.645782,
            26.537362
          ],
          [
            88.646437,
            26.537144
          ],
          [
            88.647515,
            26.536764
          ],
          [
            88.647979,
            26.536601
          ],
          [
            88.648515,
            26.536402
          ],
          [
            88.649198,
            26.536123
          ],
          [
            88.649907,
            26.53586
          ],
          [
            88.650267,
            26.535735
          ],
          [
            88.650645,
            26.53562
          ],
          [
            88.651298,
            26.535434
          ],
          [
            88.651632,
            26.535332
          ],
          [
            88.651923,
            26.535231
          ],
          [
            88.651968,
            26.535216
          ],
          [
            88.652431,
            26.535062
          ],
          [
            88.653039,
            26.534864
          ],
          [
            88.653589,
            26.53469
          ],
          [
            88.654146,
            26.53452
          ],
          [
            88.654853,
            26.534305
          ],
          [
            88.655291,
            26.534166
          ],
          [
            88.655713,
            26.534025
          ],
          [
            88.656431,
            26.533771
          ],
          [
            88.656804,
            26.533636
          ],
          [
            88.656983,
            26.533571
          ],
          [
            88.657075,
            26.533538
          ],
          [
            88.657167,
            26.533504
          ],
          [
            88.658225,
            26.533119
          ],
          [
            88.65884,
            26.532898
          ],
          [
            88.65924,
            26.532757
          ],
          [
            88.661627,
            26.531897
          ],
          [
            88.66292,
            26.531441
          ],
          [
            88.663127,
            26.531377
          ],
          [
            88.663408,
            26.531304
          ],
          [
            88.663674,
            26.531246
          ],
          [
            88.66389,
            26.531206
          ],
          [
            88.664167,
            26.531171
          ],
          [
            88.664393,
            26.531155
          ],
          [
            88.664621,
            26.531148
          ],
          [
            88.664855,
            26.531157
          ],
          [
            88.665281,
            26.531187
          ],
          [
            88.666066,
            26.531266
          ],
          [
            88.66656,
            26.531307
          ],
          [
            88.667026,
            26.531321
          ],
          [
            88.66748,
            26.531295
          ],
          [
            88.667922,
            26.531228
          ],
          [
            88.668452,
            26.531113
          ],
          [
            88.669056,
            26.530977
          ],
          [
            88.669413,
            26.530905
          ],
          [
            88.669823,
            26.530848
          ],
          [
            88.670102,
            26.530827
          ],
          [
            88.670295,
            26.530815
          ],
          [
            88.670397,
            26.53082
          ],
          [
            88.670939,
            26.530851
          ],
          [
            88.671883,
            26.530953
          ],
          [
            88.672005,
            26.53097
          ],
          [
            88.674117,
            26.531228
          ],
          [
            88.674578,
            26.531291
          ],
          [
            88.674959,
            26.53136
          ],
          [
            88.675324,
            26.531454
          ],
          [
            88.675692,
            26.531579
          ],
          [
            88.675983,
            26.531695
          ],
          [
            88.676188,
            26.531791
          ],
          [
            88.676485,
            26.531935
          ],
          [
            88.677447,
            26.532447
          ],
          [
            88.677844,
            26.532661
          ],
          [
            88.679145,
            26.533357
          ],
          [
            88.679167,
            26.533368
          ],
          [
            88.679376,
            26.533475
          ],
          [
            88.679954,
            26.53377
          ],
          [
            88.680229,
            26.533879
          ],
          [
            88.680504,
            26.533965
          ],
          [
            88.680954,
            26.534084
          ],
          [
            88.681426,
            26.534184
          ],
          [
            88.683662,
            26.534624
          ],
          [
            88.686032,
            26.535078
          ],
          [
            88.686347,
            26.535139
          ],
          [
            88.686691,
            26.535194
          ],
          [
            88.687159,
            26.535244
          ],
          [
            88.687806,
            26.535314
          ],
          [
            88.688162,
            26.535353
          ],
          [
            88.688294,
            26.535367
          ],
          [
            88.688628,
            26.535411
          ],
          [
            88.688855,
            26.535441
          ],
          [
            88.688996,
            26.535464
          ],
          [
            88.689072,
            26.53548
          ],
          [
            88.689452,
            26.535561
          ],
          [
            88.689518,
            26.535582
          ],
          [
            88.689571,
            26.535483
          ],
          [
            88.689612,
            26.53541
          ],
          [
            88.689647,
            26.535345
          ],
          [
            88.68971,
            26.535244
          ],
          [
            88.689749,
            26.535187
          ],
          [
            88.689787,
            26.535148
          ],
          [
            88.689821,
            26.535126
          ],
          [
            88.68987,
            26.535103
          ],
          [
            88.689916,
            26.535091
          ],
          [
            88.689967,
            26.535092
          ],
          [
            88.690029,
            26.535103
          ],
          [
            88.690086,
            26.535124
          ],
          [
            88.690117,
            26.535139
          ],
          [
            88.690139,
            26.53515
          ],
          [
            88.690242,
            26.535213
          ],
          [
            88.690274,
            26.53522
          ],
          [
            88.690373,
            26.53534
          ],
          [
            88.690423,
            26.535394
          ],
          [
            88.690451,
            26.535418
          ],
          [
            88.690551,
            26.53546
          ],
          [
            88.690637,
            26.535487
          ],
          [
            88.690897,
            26.535531
          ],
          [
            88.691032,
            26.535551
          ],
          [
            88.691545,
            26.535641
          ],
          [
            88.691966,
            26.535702
          ],
          [
            88.692316,
            26.535738
          ],
          [
            88.692434,
            26.535748
          ],
          [
            88.692543,
            26.535755
          ],
          [
            88.692578,
            26.535756
          ],
          [
            88.692633,
            26.535757
          ],
          [
            88.692656,
            26.535757
          ],
          [
            88.692749,
            26.535757
          ],
          [
            88.692871,
            26.53575
          ],
          [
            88.692986,
            26.535741
          ],
          [
            88.693106,
            26.53573
          ],
          [
            88.693212,
            26.535715
          ],
          [
            88.693306,
            26.5357
          ],
          [
            88.693401,
            26.535682
          ],
          [
            88.693506,
            26.535658
          ],
          [
            88.694069,
            26.535482
          ],
          [
            88.694298,
            26.535411
          ],
          [
            88.695006,
            26.535188
          ],
          [
            88.695044,
            26.535176
          ],
          [
            88.695513,
            26.535091
          ],
          [
            88.695582,
            26.535077
          ],
          [
            88.695658,
            26.535066
          ],
          [
            88.695721,
            26.535058
          ],
          [
            88.695782,
            26.535058
          ],
          [
            88.695915,
            26.535055
          ],
          [
            88.696031,
            26.535058
          ],
          [
            88.696287,
            26.535067
          ],
          [
            88.696375,
            26.535072
          ],
          [
            88.6965,
            26.535081
          ],
          [
            88.69662,
            26.535094
          ],
          [
            88.696759,
            26.53511
          ],
          [
            88.69691,
            26.535126
          ],
          [
            88.697121,
            26.535153
          ],
          [
            88.697315,
            26.535177
          ],
          [
            88.697483,
            26.535203
          ],
          [
            88.697632,
            26.535224
          ],
          [
            88.697808,
            26.535242
          ],
          [
            88.6979,
            26.535252
          ],
          [
            88.698374,
            26.535313
          ],
          [
            88.698588,
            26.535338
          ],
          [
            88.699224,
            26.535424
          ],
          [
            88.699689,
            26.535491
          ],
          [
            88.699894,
            26.53552
          ],
          [
            88.700219,
            26.535568
          ],
          [
            88.700499,
            26.53561
          ],
          [
            88.700616,
            26.535626
          ],
          [
            88.701125,
            26.535695
          ],
          [
            88.70135,
            26.535726
          ],
          [
            88.701812,
            26.53579
          ],
          [
            88.702065,
            26.535822
          ],
          [
            88.702515,
            26.535879
          ],
          [
            88.703073,
            26.535946
          ],
          [
            88.703422,
            26.535994
          ],
          [
            88.703858,
            26.536049
          ],
          [
            88.704555,
            26.536136
          ],
          [
            88.704864,
            26.536178
          ],
          [
            88.705264,
            26.536235
          ],
          [
            88.70563,
            26.536278
          ],
          [
            88.705972,
            26.536306
          ],
          [
            88.70662,
            26.536293
          ],
          [
            88.706704,
            26.53629
          ],
          [
            88.707236,
            26.536269
          ],
          [
            88.707476,
            26.536262
          ],
          [
            88.707788,
            26.536257
          ],
          [
            88.708048,
            26.536246
          ],
          [
            88.708191,
            26.53624
          ],
          [
            88.708402,
            26.536232
          ],
          [
            88.708654,
            26.536213
          ],
          [
            88.708889,
            26.536195
          ],
          [
            88.709232,
            26.536172
          ],
          [
            88.70957,
            26.536155
          ],
          [
            88.709948,
            26.536139
          ],
          [
            88.710172,
            26.536133
          ],
          [
            88.710705,
            26.536116
          ],
          [
            88.711116,
            26.536092
          ],
          [
            88.71148,
            26.536063
          ],
          [
            88.711856,
            26.536029
          ],
          [
            88.711918,
            26.536024
          ],
          [
            88.71205,
            26.536012
          ],
          [
            88.71218,
            26.535986
          ],
          [
            88.712272,
            26.535961
          ],
          [
            88.712352,
            26.535926
          ],
          [
            88.712355,
            26.536033
          ],
          [
            88.71236,
            26.536166
          ],
          [
            88.712371,
            26.53653
          ],
          [
            88.712395,
            26.536707
          ],
          [
            88.712419,
            26.536771
          ],
          [
            88.712452,
            26.536868
          ],
          [
            88.712471,
            26.53692
          ],
          [
            88.712478,
            26.537048
          ],
          [
            88.712481,
            26.537182
          ],
          [
            88.712483,
            26.537299
          ],
          [
            88.712484,
            26.537438
          ],
          [
            88.712477,
            26.537634
          ],
          [
            88.712469,
            26.537842
          ],
          [
            88.712463,
            26.537951
          ],
          [
            88.712458,
            26.538058
          ],
          [
            88.712458,
            26.538103
          ],
          [
            88.712457,
            26.538353
          ],
          [
            88.712457,
            26.538383
          ],
          [
            88.712452,
            26.538465
          ],
          [
            88.712439,
            26.538676
          ],
          [
            88.712438,
            26.538694
          ],
          [
            88.712309,
            26.539334
          ],
          [
            88.712255,
            26.539566
          ],
          [
            88.712235,
            26.539651
          ],
          [
            88.712186,
            26.539811
          ],
          [
            88.71213,
            26.539965
          ],
          [
            88.711945,
            26.540418
          ],
          [
            88.71192,
            26.540481
          ],
          [
            88.711903,
            26.540543
          ],
          [
            88.711897,
            26.540572
          ],
          [
            88.711774,
            26.541103
          ],
          [
            88.711754,
            26.54119
          ],
          [
            88.711685,
            26.54149
          ],
          [
            88.711552,
            26.542058
          ],
          [
            88.711529,
            26.542156
          ],
          [
            88.711432,
            26.542634
          ],
          [
            88.711133,
            26.543936
          ],
          [
            88.711106,
            26.544053
          ],
          [
            88.71108,
            26.544178
          ],
          [
            88.710927,
            26.54486
          ],
          [
            88.710846,
            26.54517
          ],
          [
            88.710806,
            26.545284
          ],
          [
            88.710737,
            26.545394
          ],
          [
            88.710658,
            26.545496
          ],
          [
            88.710603,
            26.545564
          ],
          [
            88.71026,
            26.545901
          ],
          [
            88.710229,
            26.545943
          ],
          [
            88.710202,
            26.545991
          ],
          [
            88.710179,
            26.546065
          ],
          [
            88.709758,
            26.546473
          ],
          [
            88.709626,
            26.546597
          ],
          [
            88.709414,
            26.54679
          ],
          [
            88.709219,
            26.546884
          ],
          [
            88.709142,
            26.546922
          ],
          [
            88.708946,
            26.547084
          ],
          [
            88.708982,
            26.5471
          ],
          [
            88.7091,
            26.547155
          ],
          [
            88.709611,
            26.547392
          ],
          [
            88.709989,
            26.547584
          ],
          [
            88.710299,
            26.547763
          ],
          [
            88.710539,
            26.547919
          ],
          [
            88.710842,
            26.548112
          ],
          [
            88.711142,
            26.54832
          ],
          [
            88.711445,
            26.548552
          ],
          [
            88.711839,
            26.548875
          ],
          [
            88.712031,
            26.549046
          ],
          [
            88.712201,
            26.54921
          ],
          [
            88.712819,
            26.549803
          ],
          [
            88.713478,
            26.550477
          ],
          [
            88.713715,
            26.550708
          ],
          [
            88.713951,
            26.550953
          ],
          [
            88.714463,
            26.551468
          ],
          [
            88.714868,
            26.551882
          ],
          [
            88.715438,
            26.552461
          ],
          [
            88.715773,
            26.552801
          ],
          [
            88.715993,
            26.553014
          ],
          [
            88.716267,
            26.553268
          ],
          [
            88.716517,
            26.553474
          ],
          [
            88.716737,
            26.55364
          ],
          [
            88.717336,
            26.554055
          ],
          [
            88.717816,
            26.554374
          ],
          [
            88.71847,
            26.554827
          ],
          [
            88.719326,
            26.555415
          ],
          [
            88.720168,
            26.555992
          ],
          [
            88.72215,
            26.557349
          ],
          [
            88.722959,
            26.55791
          ],
          [
            88.723095,
            26.558
          ],
          [
            88.723177,
            26.558054
          ],
          [
            88.723227,
            26.558087
          ],
          [
            88.723486,
            26.558251
          ],
          [
            88.723514,
            26.558267
          ],
          [
            88.723726,
            26.558387
          ],
          [
            88.723792,
            26.558424
          ],
          [
            88.724079,
            26.558567
          ],
          [
            88.724269,
            26.558664
          ],
          [
            88.724309,
            26.558681
          ],
          [
            88.724565,
            26.558789
          ],
          [
            88.724795,
            26.558872
          ],
          [
            88.724991,
            26.558942
          ],
          [
            88.725225,
            26.559013
          ],
          [
            88.725499,
            26.559082
          ],
          [
            88.725772,
            26.559136
          ],
          [
            88.72604,
            26.559177
          ],
          [
            88.726633,
            26.559261
          ],
          [
            88.727685,
            26.559388
          ],
          [
            88.730202,
            26.559698
          ],
          [
            88.730704,
            26.559757
          ],
          [
            88.731405,
            26.559841
          ],
          [
            88.731486,
            26.55985
          ],
          [
            88.732086,
            26.559921
          ],
          [
            88.73273,
            26.559992
          ],
          [
            88.734004,
            26.56009
          ],
          [
            88.734553,
            26.560137
          ],
          [
            88.735279,
            26.560214
          ],
          [
            88.736803,
            26.560404
          ],
          [
            88.737834,
            26.560531
          ],
          [
            88.738192,
            26.560576
          ],
          [
            88.74074,
            26.560893
          ],
          [
            88.741856,
            26.561036
          ],
          [
            88.742447,
            26.561111
          ],
          [
            88.742843,
            26.561161
          ],
          [
            88.742935,
            26.561173
          ],
          [
            88.743134,
            26.561198
          ],
          [
            88.743677,
            26.561266
          ],
          [
            88.744261,
            26.561339
          ],
          [
            88.74577,
            26.561527
          ],
          [
            88.748605,
            26.561868
          ],
          [
            88.750864,
            26.562171
          ],
          [
            88.760973,
            26.563503
          ],
          [
            88.762547,
            26.5637
          ],
          [
            88.763974,
            26.563883
          ],
          [
            88.764645,
            26.563957
          ],
          [
            88.764759,
            26.56397
          ],
          [
            88.76536,
            26.564019
          ],
          [
            88.76596,
            26.564032
          ],
          [
            88.766378,
            26.564019
          ],
          [
            88.766822,
            26.563992
          ],
          [
            88.767274,
            26.563966
          ],
          [
            88.767614,
            26.563925
          ],
          [
            88.767803,
            26.563903
          ],
          [
            88.76804,
            26.563867
          ],
          [
            88.768438,
            26.563797
          ],
          [
            88.768964,
            26.56369
          ],
          [
            88.769454,
            26.563561
          ],
          [
            88.770209,
            26.56333
          ],
          [
            88.770929,
            26.56306
          ],
          [
            88.770985,
            26.563039
          ],
          [
            88.771051,
            26.563013
          ],
          [
            88.77218,
            26.562565
          ],
          [
            88.772879,
            26.562294
          ],
          [
            88.773429,
            26.562071
          ],
          [
            88.773502,
            26.56204
          ],
          [
            88.77396,
            26.561852
          ],
          [
            88.77455,
            26.561581
          ],
          [
            88.774786,
            26.561452
          ],
          [
            88.775029,
            26.561318
          ],
          [
            88.77524,
            26.561189
          ],
          [
            88.775434,
            26.56107
          ],
          [
            88.775814,
            26.560806
          ],
          [
            88.776198,
            26.560514
          ],
          [
            88.77626,
            26.560463
          ],
          [
            88.776564,
            26.560212
          ],
          [
            88.778981,
            26.558145
          ],
          [
            88.779315,
            26.557854
          ],
          [
            88.779645,
            26.557556
          ],
          [
            88.779939,
            26.557248
          ],
          [
            88.780223,
            26.556921
          ],
          [
            88.780568,
            26.556496
          ],
          [
            88.781387,
            26.555488
          ],
          [
            88.783168,
            26.553293
          ],
          [
            88.78395,
            26.552317
          ],
          [
            88.786089,
            26.549682
          ],
          [
            88.789142,
            26.545906
          ],
          [
            88.791842,
            26.542707
          ],
          [
            88.792112,
            26.542397
          ],
          [
            88.792405,
            26.542132
          ],
          [
            88.792708,
            26.541871
          ],
          [
            88.793046,
            26.541657
          ],
          [
            88.793288,
            26.541547
          ],
          [
            88.793633,
            26.541416
          ],
          [
            88.793901,
            26.541332
          ],
          [
            88.794356,
            26.541213
          ],
          [
            88.794935,
            26.541166
          ],
          [
            88.795292,
            26.541161
          ],
          [
            88.795681,
            26.5412
          ],
          [
            88.796021,
            26.541278
          ],
          [
            88.796343,
            26.541371
          ],
          [
            88.796705,
            26.54147
          ],
          [
            88.797072,
            26.54164
          ],
          [
            88.797243,
            26.541722
          ],
          [
            88.797397,
            26.541826
          ],
          [
            88.797609,
            26.54197
          ],
          [
            88.797886,
            26.542173
          ],
          [
            88.798399,
            26.54262
          ],
          [
            88.798623,
            26.542858
          ],
          [
            88.799188,
            26.543313
          ],
          [
            88.799635,
            26.543755
          ],
          [
            88.800979,
            26.545184
          ],
          [
            88.802453,
            26.546644
          ],
          [
            88.803484,
            26.547559
          ],
          [
            88.803668,
            26.547707
          ],
          [
            88.803882,
            26.547869
          ],
          [
            88.804132,
            26.548015
          ],
          [
            88.804194,
            26.548046
          ],
          [
            88.804262,
            26.54808
          ],
          [
            88.80436,
            26.548129
          ],
          [
            88.804574,
            26.548212
          ],
          [
            88.80484,
            26.548306
          ],
          [
            88.805057,
            26.548366
          ],
          [
            88.805187,
            26.548394
          ],
          [
            88.805309,
            26.54842
          ],
          [
            88.80551,
            26.548448
          ],
          [
            88.805807,
            26.548476
          ],
          [
            88.806027,
            26.548486
          ],
          [
            88.806339,
            26.548484
          ],
          [
            88.806603,
            26.54846
          ],
          [
            88.806659,
            26.548451
          ],
          [
            88.806884,
            26.548418
          ],
          [
            88.807121,
            26.548366
          ],
          [
            88.807329,
            26.548316
          ],
          [
            88.807391,
            26.548301
          ],
          [
            88.807989,
            26.548155
          ],
          [
            88.808284,
            26.548083
          ],
          [
            88.809582,
            26.547766
          ],
          [
            88.809632,
            26.547754
          ],
          [
            88.810576,
            26.547527
          ],
          [
            88.811342,
            26.547342
          ],
          [
            88.812032,
            26.547171
          ],
          [
            88.812803,
            26.546985
          ],
          [
            88.813882,
            26.546722
          ],
          [
            88.814429,
            26.546586
          ],
          [
            88.814804,
            26.546507
          ],
          [
            88.81506,
            26.546461
          ],
          [
            88.815263,
            26.546435
          ],
          [
            88.815376,
            26.54642
          ],
          [
            88.815712,
            26.546403
          ],
          [
            88.815995,
            26.546409
          ],
          [
            88.816096,
            26.546411
          ],
          [
            88.816385,
            26.546437
          ],
          [
            88.81667,
            26.546484
          ],
          [
            88.81693,
            26.546547
          ],
          [
            88.817208,
            26.54663
          ],
          [
            88.817555,
            26.546764
          ],
          [
            88.817669,
            26.546815
          ],
          [
            88.817761,
            26.546856
          ],
          [
            88.817992,
            26.546978
          ],
          [
            88.818177,
            26.547092
          ],
          [
            88.818409,
            26.547254
          ],
          [
            88.818588,
            26.547389
          ],
          [
            88.818736,
            26.547514
          ],
          [
            88.818954,
            26.547707
          ],
          [
            88.819282,
            26.548005
          ],
          [
            88.820037,
            26.548677
          ],
          [
            88.820587,
            26.549175
          ],
          [
            88.821171,
            26.549688
          ],
          [
            88.821627,
            26.550098
          ],
          [
            88.822174,
            26.550589
          ],
          [
            88.822451,
            26.55084
          ],
          [
            88.822758,
            26.551115
          ],
          [
            88.823003,
            26.551327
          ],
          [
            88.823217,
            26.551513
          ],
          [
            88.823371,
            26.551646
          ],
          [
            88.823512,
            26.551767
          ],
          [
            88.823717,
            26.551943
          ],
          [
            88.823881,
            26.552077
          ],
          [
            88.824087,
            26.552254
          ],
          [
            88.824141,
            26.552301
          ],
          [
            88.824327,
            26.55248
          ],
          [
            88.824484,
            26.552634
          ],
          [
            88.824859,
            26.552976
          ],
          [
            88.825174,
            26.553263
          ],
          [
            88.825935,
            26.553949
          ],
          [
            88.82689,
            26.554811
          ],
          [
            88.827087,
            26.554966
          ],
          [
            88.827297,
            26.555132
          ],
          [
            88.827397,
            26.555211
          ],
          [
            88.827816,
            26.555545
          ],
          [
            88.828313,
            26.555949
          ],
          [
            88.828408,
            26.556027
          ],
          [
            88.828507,
            26.556107
          ],
          [
            88.828905,
            26.556447
          ],
          [
            88.829451,
            26.556935
          ],
          [
            88.829486,
            26.55697
          ],
          [
            88.829702,
            26.557168
          ],
          [
            88.829964,
            26.557407
          ],
          [
            88.830271,
            26.557687
          ],
          [
            88.830828,
            26.558196
          ],
          [
            88.831324,
            26.558628
          ],
          [
            88.831844,
            26.559084
          ],
          [
            88.832374,
            26.559563
          ],
          [
            88.832496,
            26.559674
          ],
          [
            88.832982,
            26.560109
          ],
          [
            88.833148,
            26.560257
          ],
          [
            88.833797,
            26.56083
          ],
          [
            88.834537,
            26.561545
          ],
          [
            88.835071,
            26.562092
          ],
          [
            88.835506,
            26.5625
          ],
          [
            88.835771,
            26.56274
          ],
          [
            88.836085,
            26.563023
          ],
          [
            88.83646,
            26.563352
          ],
          [
            88.836906,
            26.563748
          ],
          [
            88.837399,
            26.564189
          ],
          [
            88.837678,
            26.564412
          ],
          [
            88.838011,
            26.564647
          ],
          [
            88.838409,
            26.564871
          ],
          [
            88.838689,
            26.564998
          ],
          [
            88.838989,
            26.565127
          ],
          [
            88.839062,
            26.565151
          ],
          [
            88.839412,
            26.565237
          ],
          [
            88.83965,
            26.565286
          ],
          [
            88.839847,
            26.565318
          ],
          [
            88.840085,
            26.565344
          ],
          [
            88.840256,
            26.565351
          ],
          [
            88.840391,
            26.565356
          ],
          [
            88.840654,
            26.565349
          ],
          [
            88.841014,
            26.565321
          ],
          [
            88.841344,
            26.565275
          ],
          [
            88.84144,
            26.565261
          ],
          [
            88.841868,
            26.565194
          ],
          [
            88.842124,
            26.565153
          ],
          [
            88.842607,
            26.565077
          ],
          [
            88.842939,
            26.565024
          ],
          [
            88.843234,
            26.564977
          ],
          [
            88.843712,
            26.564912
          ],
          [
            88.84404,
            26.564862
          ],
          [
            88.8441,
            26.564852
          ],
          [
            88.84458,
            26.564776
          ],
          [
            88.845116,
            26.56469
          ],
          [
            88.846013,
            26.564552
          ],
          [
            88.846325,
            26.564502
          ],
          [
            88.846939,
            26.564404
          ],
          [
            88.84882,
            26.564112
          ],
          [
            88.850199,
            26.563899
          ],
          [
            88.850863,
            26.563782
          ],
          [
            88.850913,
            26.563772
          ],
          [
            88.851253,
            26.563701
          ],
          [
            88.851475,
            26.563648
          ],
          [
            88.851702,
            26.563584
          ],
          [
            88.851804,
            26.563554
          ],
          [
            88.852004,
            26.563496
          ],
          [
            88.8523,
            26.5634
          ],
          [
            88.852626,
            26.563301
          ],
          [
            88.853031,
            26.563172
          ],
          [
            88.85344,
            26.563043
          ],
          [
            88.853762,
            26.562945
          ],
          [
            88.854037,
            26.562858
          ],
          [
            88.854154,
            26.562821
          ],
          [
            88.854504,
            26.562714
          ],
          [
            88.854867,
            26.562598
          ],
          [
            88.855289,
            26.562467
          ],
          [
            88.855404,
            26.562432
          ],
          [
            88.855518,
            26.562397
          ],
          [
            88.855822,
            26.562304
          ],
          [
            88.856095,
            26.562227
          ],
          [
            88.856137,
            26.562216
          ],
          [
            88.856395,
            26.562155
          ],
          [
            88.856628,
            26.562113
          ],
          [
            88.856841,
            26.562085
          ],
          [
            88.857075,
            26.56206
          ],
          [
            88.857308,
            26.562035
          ],
          [
            88.857514,
            26.562024
          ],
          [
            88.857565,
            26.562022
          ],
          [
            88.857773,
            26.562014
          ],
          [
            88.858011,
            26.562012
          ],
          [
            88.858294,
            26.562014
          ],
          [
            88.85857,
            26.562015
          ],
          [
            88.85888,
            26.562015
          ],
          [
            88.859424,
            26.562018
          ],
          [
            88.859983,
            26.562027
          ],
          [
            88.860383,
            26.562042
          ],
          [
            88.860716,
            26.562071
          ],
          [
            88.861072,
            26.562102
          ],
          [
            88.861475,
            26.562135
          ],
          [
            88.861778,
            26.562157
          ],
          [
            88.862231,
            26.562193
          ],
          [
            88.862631,
            26.562226
          ],
          [
            88.863055,
            26.56226
          ],
          [
            88.863427,
            26.562294
          ],
          [
            88.863824,
            26.562325
          ],
          [
            88.864256,
            26.562356
          ],
          [
            88.864648,
            26.562392
          ],
          [
            88.865026,
            26.562428
          ],
          [
            88.865262,
            26.562442
          ],
          [
            88.86551,
            26.562454
          ],
          [
            88.865807,
            26.562465
          ],
          [
            88.866174,
            26.562474
          ],
          [
            88.86649,
            26.562483
          ],
          [
            88.866809,
            26.56249
          ],
          [
            88.867244,
            26.562494
          ],
          [
            88.867748,
            26.562506
          ],
          [
            88.867803,
            26.562507
          ],
          [
            88.868262,
            26.562517
          ],
          [
            88.868314,
            26.562518
          ],
          [
            88.868935,
            26.562528
          ],
          [
            88.869205,
            26.562535
          ],
          [
            88.869468,
            26.562538
          ],
          [
            88.869712,
            26.562537
          ],
          [
            88.86996,
            26.562531
          ],
          [
            88.870153,
            26.562524
          ],
          [
            88.870335,
            26.562518
          ],
          [
            88.870715,
            26.562501
          ],
          [
            88.871068,
            26.562476
          ],
          [
            88.871184,
            26.562468
          ],
          [
            88.871442,
            26.56245
          ],
          [
            88.871925,
            26.562412
          ],
          [
            88.871973,
            26.56241
          ],
          [
            88.872292,
            26.56239
          ],
          [
            88.872456,
            26.56238
          ],
          [
            88.872936,
            26.562349
          ],
          [
            88.873561,
            26.562327
          ],
          [
            88.874203,
            26.562316
          ],
          [
            88.874714,
            26.56231
          ],
          [
            88.875315,
            26.562316
          ],
          [
            88.875552,
            26.562318
          ],
          [
            88.876282,
            26.562324
          ],
          [
            88.876783,
            26.562332
          ],
          [
            88.877298,
            26.562349
          ],
          [
            88.878221,
            26.56238
          ],
          [
            88.879243,
            26.562415
          ],
          [
            88.88047,
            26.562412
          ],
          [
            88.881479,
            26.562372
          ],
          [
            88.882412,
            26.56233
          ],
          [
            88.884493,
            26.562236
          ],
          [
            88.884952,
            26.562216
          ],
          [
            88.885676,
            26.562183
          ],
          [
            88.885901,
            26.562176
          ],
          [
            88.886126,
            26.562164
          ],
          [
            88.88635,
            26.562145
          ],
          [
            88.886574,
            26.562121
          ],
          [
            88.886838,
            26.562085
          ],
          [
            88.887102,
            26.562041
          ],
          [
            88.88772,
            26.561919
          ],
          [
            88.889018,
            26.561669
          ],
          [
            88.890367,
            26.561401
          ],
          [
            88.891831,
            26.561103
          ],
          [
            88.892303,
            26.561004
          ],
          [
            88.892908,
            26.560919
          ],
          [
            88.892931,
            26.560914
          ],
          [
            88.893535,
            26.560789
          ],
          [
            88.894423,
            26.560583
          ],
          [
            88.894578,
            26.560544
          ],
          [
            88.895017,
            26.560434
          ],
          [
            88.895254,
            26.560374
          ],
          [
            88.896062,
            26.560168
          ],
          [
            88.896555,
            26.560041
          ],
          [
            88.896686,
            26.560011
          ],
          [
            88.896893,
            26.559964
          ],
          [
            88.897143,
            26.559907
          ],
          [
            88.897487,
            26.559819
          ],
          [
            88.897877,
            26.559719
          ],
          [
            88.89795,
            26.5597
          ],
          [
            88.898317,
            26.559612
          ],
          [
            88.898739,
            26.559511
          ],
          [
            88.899256,
            26.559386
          ],
          [
            88.899584,
            26.559309
          ],
          [
            88.90012,
            26.559172
          ],
          [
            88.900572,
            26.559063
          ],
          [
            88.900627,
            26.55905
          ],
          [
            88.901083,
            26.558961
          ],
          [
            88.901373,
            26.558908
          ],
          [
            88.901609,
            26.558872
          ],
          [
            88.90199,
            26.55882
          ],
          [
            88.902427,
            26.558765
          ],
          [
            88.903178,
            26.558681
          ],
          [
            88.903674,
            26.558616
          ],
          [
            88.904562,
            26.558496
          ],
          [
            88.904669,
            26.558482
          ],
          [
            88.905032,
            26.558436
          ],
          [
            88.905399,
            26.55839
          ],
          [
            88.905619,
            26.558361
          ],
          [
            88.906383,
            26.558258
          ],
          [
            88.906546,
            26.558236
          ],
          [
            88.907437,
            26.558114
          ],
          [
            88.907587,
            26.55811
          ],
          [
            88.908322,
            26.557999
          ],
          [
            88.909237,
            26.557882
          ],
          [
            88.909363,
            26.557865
          ],
          [
            88.910269,
            26.557747
          ],
          [
            88.911047,
            26.557642
          ],
          [
            88.911629,
            26.557567
          ],
          [
            88.912084,
            26.557511
          ],
          [
            88.912195,
            26.557498
          ],
          [
            88.912638,
            26.557455
          ],
          [
            88.912681,
            26.557454
          ],
          [
            88.91289,
            26.557449
          ],
          [
            88.913255,
            26.557457
          ],
          [
            88.913547,
            26.557493
          ],
          [
            88.91371,
            26.55753
          ],
          [
            88.913923,
            26.557579
          ],
          [
            88.914234,
            26.557663
          ],
          [
            88.914507,
            26.557771
          ],
          [
            88.914738,
            26.557882
          ],
          [
            88.914977,
            26.558005
          ],
          [
            88.915191,
            26.558125
          ],
          [
            88.916039,
            26.558589
          ],
          [
            88.916886,
            26.55904
          ],
          [
            88.918689,
            26.560029
          ],
          [
            88.919231,
            26.560326
          ],
          [
            88.920306,
            26.560903
          ],
          [
            88.920345,
            26.560923
          ],
          [
            88.920435,
            26.560972
          ],
          [
            88.921446,
            26.561507
          ],
          [
            88.921686,
            26.56164
          ],
          [
            88.922586,
            26.562143
          ],
          [
            88.923103,
            26.562423
          ],
          [
            88.924327,
            26.56309
          ],
          [
            88.925335,
            26.563628
          ],
          [
            88.926204,
            26.564115
          ],
          [
            88.926773,
            26.564426
          ],
          [
            88.927063,
            26.564585
          ],
          [
            88.928004,
            26.565081
          ],
          [
            88.928833,
            26.56551
          ],
          [
            88.929447,
            26.565856
          ],
          [
            88.930147,
            26.56624
          ],
          [
            88.930947,
            26.566658
          ],
          [
            88.931484,
            26.566947
          ],
          [
            88.932108,
            26.567293
          ],
          [
            88.933135,
            26.567886
          ],
          [
            88.934407,
            26.568598
          ],
          [
            88.935125,
            26.569004
          ],
          [
            88.93541,
            26.569181
          ],
          [
            88.935952,
            26.569503
          ],
          [
            88.936966,
            26.570064
          ],
          [
            88.937985,
            26.570606
          ],
          [
            88.939562,
            26.571417
          ],
          [
            88.940471,
            26.57188
          ],
          [
            88.941067,
            26.57219
          ],
          [
            88.941158,
            26.572236
          ],
          [
            88.941643,
            26.572482
          ],
          [
            88.942137,
            26.572696
          ],
          [
            88.942606,
            26.572871
          ],
          [
            88.943006,
            26.572996
          ],
          [
            88.943416,
            26.573108
          ],
          [
            88.943977,
            26.57325
          ],
          [
            88.94417,
            26.573299
          ],
          [
            88.9448,
            26.573461
          ],
          [
            88.945844,
            26.57372
          ],
          [
            88.946857,
            26.573974
          ],
          [
            88.947837,
            26.574224
          ],
          [
            88.948501,
            26.574388
          ],
          [
            88.948889,
            26.574476
          ],
          [
            88.949034,
            26.574521
          ],
          [
            88.949119,
            26.574543
          ],
          [
            88.950052,
            26.57478
          ],
          [
            88.950736,
            26.574951
          ],
          [
            88.952705,
            26.575454
          ],
          [
            88.95372,
            26.575704
          ],
          [
            88.954285,
            26.575836
          ],
          [
            88.954663,
            26.575907
          ],
          [
            88.954986,
            26.575945
          ],
          [
            88.955327,
            26.57598
          ],
          [
            88.955807,
            26.576023
          ],
          [
            88.956249,
            26.576068
          ],
          [
            88.956468,
            26.57609
          ],
          [
            88.957205,
            26.576152
          ],
          [
            88.958155,
            26.576246
          ],
          [
            88.958276,
            26.576258
          ],
          [
            88.959193,
            26.576349
          ],
          [
            88.959367,
            26.576365
          ],
          [
            88.960024,
            26.576426
          ],
          [
            88.961541,
            26.576562
          ],
          [
            88.962479,
            26.576649
          ],
          [
            88.963629,
            26.576762
          ],
          [
            88.964528,
            26.576846
          ],
          [
            88.965231,
            26.576908
          ],
          [
            88.965512,
            26.576933
          ],
          [
            88.965979,
            26.576975
          ],
          [
            88.966481,
            26.57699
          ],
          [
            88.966928,
            26.576982
          ],
          [
            88.967395,
            26.576958
          ],
          [
            88.968823,
            26.576828
          ],
          [
            88.970206,
            26.576722
          ],
          [
            88.970484,
            26.576702
          ],
          [
            88.970813,
            26.576679
          ],
          [
            88.973223,
            26.57651
          ],
          [
            88.973606,
            26.576483
          ],
          [
            88.97363,
            26.576482
          ],
          [
            88.975433,
            26.576395
          ],
          [
            88.977697,
            26.576313
          ],
          [
            88.978921,
            26.576299
          ],
          [
            88.979707,
            26.576272
          ],
          [
            88.980324,
            26.576262
          ],
          [
            88.981514,
            26.576198
          ],
          [
            88.981913,
            26.576175
          ],
          [
            88.982195,
            26.576168
          ],
          [
            88.982381,
            26.576181
          ],
          [
            88.982684,
            26.576196
          ],
          [
            88.982965,
            26.576212
          ],
          [
            88.983252,
            26.576248
          ],
          [
            88.983547,
            26.576299
          ],
          [
            88.98399,
            26.576428
          ],
          [
            88.984937,
            26.576709
          ],
          [
            88.985877,
            26.577086
          ],
          [
            88.986263,
            26.577231
          ],
          [
            88.986828,
            26.577432
          ],
          [
            88.987873,
            26.577789
          ],
          [
            88.988233,
            26.577907
          ],
          [
            88.989832,
            26.578472
          ],
          [
            88.990836,
            26.578843
          ],
          [
            88.99127,
            26.579003
          ],
          [
            88.991403,
            26.579052
          ],
          [
            88.992281,
            26.579376
          ],
          [
            88.993179,
            26.579711
          ],
          [
            88.993266,
            26.579748
          ],
          [
            88.993707,
            26.579934
          ],
          [
            88.994085,
            26.580068
          ],
          [
            88.9949,
            26.580339
          ],
          [
            88.995433,
            26.580543
          ],
          [
            88.996724,
            26.581015
          ],
          [
            88.997531,
            26.581326
          ],
          [
            88.997654,
            26.58137
          ],
          [
            88.997722,
            26.581397
          ],
          [
            88.998066,
            26.581535
          ],
          [
            88.998156,
            26.581569
          ],
          [
            88.998523,
            26.581705
          ],
          [
            88.998667,
            26.581758
          ],
          [
            88.99874,
            26.581785
          ],
          [
            88.999153,
            26.581938
          ],
          [
            88.999451,
            26.58205
          ],
          [
            88.999715,
            26.582149
          ],
          [
            88.999854,
            26.582201
          ],
          [
            89.00009,
            26.582288
          ],
          [
            89.000339,
            26.58238
          ],
          [
            89.000873,
            26.582576
          ],
          [
            89.001147,
            26.582677
          ],
          [
            89.001282,
            26.582732
          ],
          [
            89.001428,
            26.582799
          ],
          [
            89.001567,
            26.582874
          ],
          [
            89.001706,
            26.582958
          ],
          [
            89.001786,
            26.583021
          ],
          [
            89.001836,
            26.583061
          ],
          [
            89.001884,
            26.583103
          ],
          [
            89.001969,
            26.58318
          ],
          [
            89.002087,
            26.583304
          ],
          [
            89.002273,
            26.583525
          ],
          [
            89.002299,
            26.583556
          ],
          [
            89.002378,
            26.583668
          ],
          [
            89.002554,
            26.58389
          ],
          [
            89.003235,
            26.584849
          ],
          [
            89.003807,
            26.585664
          ],
          [
            89.004207,
            26.586258
          ],
          [
            89.004251,
            26.586443
          ],
          [
            89.004456,
            26.586668
          ],
          [
            89.004618,
            26.58686
          ],
          [
            89.004716,
            26.586961
          ],
          [
            89.004754,
            26.587001
          ],
          [
            89.004825,
            26.58707
          ],
          [
            89.005095,
            26.58731
          ],
          [
            89.005323,
            26.587491
          ],
          [
            89.005391,
            26.587543
          ],
          [
            89.005539,
            26.587657
          ],
          [
            89.005906,
            26.587943
          ],
          [
            89.005942,
            26.587968
          ],
          [
            89.006287,
            26.588212
          ],
          [
            89.006411,
            26.588315
          ],
          [
            89.006521,
            26.58842
          ],
          [
            89.006542,
            26.588443
          ],
          [
            89.006674,
            26.588583
          ],
          [
            89.006781,
            26.588729
          ],
          [
            89.006909,
            26.588903
          ],
          [
            89.006954,
            26.588965
          ],
          [
            89.007041,
            26.589139
          ],
          [
            89.007089,
            26.589272
          ],
          [
            89.007139,
            26.589419
          ],
          [
            89.007217,
            26.589561
          ],
          [
            89.007269,
            26.589978
          ],
          [
            89.007301,
            26.590333
          ],
          [
            89.007357,
            26.590741
          ],
          [
            89.007387,
            26.590983
          ],
          [
            89.007449,
            26.591485
          ],
          [
            89.007455,
            26.591531
          ],
          [
            89.007461,
            26.591565
          ],
          [
            89.00755,
            26.592165
          ],
          [
            89.007567,
            26.592281
          ],
          [
            89.007618,
            26.592609
          ],
          [
            89.007636,
            26.592715
          ],
          [
            89.007717,
            26.593372
          ],
          [
            89.007722,
            26.593416
          ],
          [
            89.007799,
            26.594042
          ],
          [
            89.007808,
            26.59412
          ],
          [
            89.00785,
            26.594466
          ],
          [
            89.007873,
            26.594653
          ],
          [
            89.007899,
            26.594871
          ],
          [
            89.007922,
            26.595052
          ],
          [
            89.007988,
            26.595586
          ],
          [
            89.008071,
            26.596265
          ],
          [
            89.008094,
            26.596448
          ],
          [
            89.008099,
            26.596486
          ],
          [
            89.008171,
            26.597049
          ],
          [
            89.008237,
            26.597569
          ],
          [
            89.008259,
            26.597744
          ],
          [
            89.008269,
            26.597826
          ],
          [
            89.008304,
            26.598087
          ],
          [
            89.008329,
            26.598366
          ],
          [
            89.008334,
            26.598421
          ],
          [
            89.008334,
            26.598675
          ],
          [
            89.00831,
            26.598905
          ],
          [
            89.008278,
            26.599029
          ],
          [
            89.008245,
            26.599157
          ],
          [
            89.008186,
            26.59938
          ],
          [
            89.0081,
            26.599598
          ],
          [
            89.008164,
            26.599678
          ],
          [
            89.008205,
            26.59971
          ],
          [
            89.008266,
            26.59973
          ],
          [
            89.008358,
            26.599739
          ],
          [
            89.008521,
            26.599744
          ],
          [
            89.008914,
            26.599723
          ],
          [
            89.009154,
            26.599723
          ],
          [
            89.009399,
            26.599735
          ],
          [
            89.009591,
            26.599751
          ],
          [
            89.009892,
            26.599794
          ],
          [
            89.010091,
            26.599817
          ],
          [
            89.010313,
            26.599822
          ],
          [
            89.010818,
            26.599803
          ],
          [
            89.011267,
            26.599774
          ],
          [
            89.011305,
            26.599753
          ],
          [
            89.011331,
            26.599712
          ],
          [
            89.011334,
            26.59965
          ],
          [
            89.011228,
            26.598997
          ],
          [
            89.011191,
            26.598555
          ],
          [
            89.011191,
            26.598555
          ],
          [
            89.011228,
            26.598997
          ],
          [
            89.011334,
            26.59965
          ],
          [
            89.011331,
            26.599712
          ],
          [
            89.011305,
            26.599753
          ],
          [
            89.011267,
            26.599774
          ],
          [
            89.010818,
            26.599803
          ],
          [
            89.010313,
            26.599822
          ],
          [
            89.010091,
            26.599817
          ],
          [
            89.009892,
            26.599794
          ],
          [
            89.009591,
            26.599751
          ],
          [
            89.009399,
            26.599735
          ],
          [
            89.009154,
            26.599723
          ],
          [
            89.008914,
            26.599723
          ],
          [
            89.008521,
            26.599744
          ],
          [
            89.008358,
            26.599739
          ],
          [
            89.008266,
            26.59973
          ],
          [
            89.008205,
            26.59971
          ],
          [
            89.008164,
            26.599678
          ],
          [
            89.0081,
            26.599598
          ],
          [
            89.008186,
            26.59938
          ],
          [
            89.008245,
            26.599157
          ],
          [
            89.008278,
            26.599029
          ],
          [
            89.00831,
            26.598905
          ],
          [
            89.008334,
            26.598675
          ],
          [
            89.008334,
            26.598421
          ],
          [
            89.008329,
            26.598366
          ],
          [
            89.008304,
            26.598087
          ],
          [
            89.008269,
            26.597826
          ],
          [
            89.008259,
            26.597744
          ],
          [
            89.008237,
            26.597569
          ],
          [
            89.008171,
            26.597049
          ],
          [
            89.008099,
            26.596486
          ],
          [
            89.008094,
            26.596448
          ],
          [
            89.008071,
            26.596265
          ],
          [
            89.007988,
            26.595586
          ],
          [
            89.007922,
            26.595052
          ],
          [
            89.007899,
            26.594871
          ],
          [
            89.007873,
            26.594653
          ],
          [
            89.00785,
            26.594466
          ],
          [
            89.007808,
            26.59412
          ],
          [
            89.007799,
            26.594042
          ],
          [
            89.007722,
            26.593416
          ],
          [
            89.007717,
            26.593372
          ],
          [
            89.007636,
            26.592715
          ],
          [
            89.007618,
            26.592609
          ],
          [
            89.007567,
            26.592281
          ],
          [
            89.00755,
            26.592165
          ],
          [
            89.007461,
            26.591565
          ],
          [
            89.007455,
            26.591531
          ],
          [
            89.007449,
            26.591485
          ],
          [
            89.007387,
            26.590983
          ],
          [
            89.007357,
            26.590741
          ],
          [
            89.007301,
            26.590333
          ],
          [
            89.007269,
            26.589978
          ],
          [
            89.007217,
            26.589561
          ],
          [
            89.007209,
            26.589417
          ],
          [
            89.0072,
            26.58939
          ],
          [
            89.007158,
            26.589244
          ],
          [
            89.007146,
            26.589213
          ],
          [
            89.007141,
            26.589113
          ],
          [
            89.007143,
            26.589036
          ],
          [
            89.007146,
            26.588998
          ],
          [
            89.007152,
            26.588958
          ],
          [
            89.007164,
            26.588917
          ],
          [
            89.007183,
            26.588873
          ],
          [
            89.007213,
            26.588824
          ],
          [
            89.007254,
            26.588765
          ],
          [
            89.007349,
            26.588706
          ],
          [
            89.007359,
            26.5887
          ],
          [
            89.007778,
            26.588465
          ],
          [
            89.008016,
            26.588342
          ],
          [
            89.008438,
            26.588123
          ],
          [
            89.008457,
            26.588114
          ],
          [
            89.009036,
            26.587827
          ],
          [
            89.009106,
            26.587792
          ],
          [
            89.00947,
            26.587623
          ],
          [
            89.01021,
            26.587279
          ],
          [
            89.010681,
            26.587054
          ],
          [
            89.011686,
            26.586584
          ],
          [
            89.012117,
            26.586385
          ],
          [
            89.012919,
            26.586009
          ],
          [
            89.013035,
            26.585957
          ],
          [
            89.013238,
            26.585866
          ],
          [
            89.013367,
            26.585808
          ],
          [
            89.013635,
            26.585679
          ],
          [
            89.014158,
            26.585436
          ],
          [
            89.014582,
            26.58524
          ],
          [
            89.014699,
            26.585186
          ],
          [
            89.015346,
            26.584881
          ],
          [
            89.015651,
            26.584736
          ],
          [
            89.016193,
            26.584483
          ],
          [
            89.016551,
            26.584321
          ],
          [
            89.017133,
            26.584043
          ],
          [
            89.017558,
            26.583852
          ],
          [
            89.017965,
            26.583663
          ],
          [
            89.018368,
            26.583476
          ],
          [
            89.018423,
            26.58345
          ],
          [
            89.019029,
            26.583169
          ],
          [
            89.019368,
            26.583012
          ],
          [
            89.019987,
            26.582727
          ],
          [
            89.020349,
            26.582561
          ],
          [
            89.021282,
            26.582122
          ],
          [
            89.021496,
            26.582024
          ],
          [
            89.021785,
            26.581891
          ],
          [
            89.022297,
            26.581656
          ],
          [
            89.022812,
            26.581413
          ],
          [
            89.023203,
            26.581228
          ],
          [
            89.024006,
            26.580852
          ],
          [
            89.024219,
            26.580752
          ],
          [
            89.025033,
            26.580373
          ],
          [
            89.025802,
            26.580014
          ],
          [
            89.026065,
            26.579891
          ],
          [
            89.026346,
            26.579759
          ],
          [
            89.026729,
            26.579586
          ],
          [
            89.026865,
            26.579525
          ],
          [
            89.027467,
            26.579234
          ],
          [
            89.028224,
            26.578888
          ],
          [
            89.028411,
            26.578797
          ],
          [
            89.028698,
            26.57865
          ],
          [
            89.028909,
            26.578533
          ],
          [
            89.029122,
            26.578404
          ],
          [
            89.029329,
            26.578266
          ],
          [
            89.029518,
            26.578115
          ],
          [
            89.029746,
            26.57791
          ],
          [
            89.029903,
            26.577752
          ],
          [
            89.030025,
            26.57761
          ],
          [
            89.030476,
            26.577054
          ],
          [
            89.030542,
            26.576975
          ],
          [
            89.030749,
            26.576718
          ],
          [
            89.030886,
            26.576547
          ],
          [
            89.031359,
            26.57594
          ],
          [
            89.031484,
            26.575781
          ],
          [
            89.031766,
            26.575419
          ],
          [
            89.031886,
            26.575265
          ],
          [
            89.03228,
            26.574768
          ],
          [
            89.032712,
            26.574236
          ],
          [
            89.033048,
            26.573812
          ],
          [
            89.033296,
            26.573493
          ],
          [
            89.033454,
            26.573291
          ],
          [
            89.033559,
            26.573174
          ],
          [
            89.033619,
            26.573085
          ],
          [
            89.033726,
            26.573031
          ],
          [
            89.033805,
            26.572996
          ],
          [
            89.033905,
            26.572959
          ],
          [
            89.03405,
            26.572917
          ],
          [
            89.034241,
            26.572872
          ],
          [
            89.03454,
            26.572802
          ],
          [
            89.03474,
            26.572753
          ],
          [
            89.034932,
            26.57269
          ],
          [
            89.034964,
            26.572678
          ],
          [
            89.035067,
            26.572638
          ],
          [
            89.035207,
            26.572575
          ],
          [
            89.035432,
            26.572446
          ],
          [
            89.035496,
            26.572407
          ],
          [
            89.035695,
            26.572285
          ],
          [
            89.036363,
            26.571848
          ],
          [
            89.036702,
            26.571618
          ],
          [
            89.03682,
            26.57155
          ],
          [
            89.037606,
            26.571047
          ],
          [
            89.037699,
            26.570988
          ],
          [
            89.038822,
            26.570237
          ],
          [
            89.039761,
            26.569632
          ],
          [
            89.040063,
            26.569439
          ],
          [
            89.040522,
            26.569146
          ],
          [
            89.040601,
            26.569095
          ],
          [
            89.041346,
            26.568596
          ],
          [
            89.042258,
            26.567972
          ],
          [
            89.042634,
            26.567731
          ],
          [
            89.043535,
            26.567152
          ],
          [
            89.044385,
            26.566574
          ],
          [
            89.045354,
            26.565938
          ],
          [
            89.046078,
            26.565478
          ],
          [
            89.046254,
            26.565365
          ],
          [
            89.046292,
            26.56534
          ],
          [
            89.046943,
            26.564919
          ],
          [
            89.047257,
            26.564712
          ],
          [
            89.047526,
            26.564536
          ],
          [
            89.04802,
            26.564215
          ],
          [
            89.04855,
            26.56389
          ],
          [
            89.048584,
            26.563869
          ],
          [
            89.048877,
            26.563675
          ],
          [
            89.049,
            26.563594
          ],
          [
            89.049077,
            26.563543
          ],
          [
            89.049486,
            26.563275
          ],
          [
            89.049728,
            26.56312
          ],
          [
            89.049948,
            26.562974
          ],
          [
            89.050498,
            26.562609
          ],
          [
            89.051208,
            26.562158
          ],
          [
            89.051547,
            26.56193
          ],
          [
            89.05209,
            26.56156
          ],
          [
            89.052215,
            26.561474
          ],
          [
            89.052484,
            26.561291
          ],
          [
            89.053092,
            26.560833
          ],
          [
            89.053491,
            26.560525
          ],
          [
            89.053609,
            26.560434
          ],
          [
            89.05404,
            26.560112
          ],
          [
            89.054414,
            26.559833
          ],
          [
            89.054615,
            26.559673
          ],
          [
            89.054772,
            26.559542
          ],
          [
            89.054944,
            26.559421
          ],
          [
            89.055082,
            26.559328
          ],
          [
            89.055211,
            26.559252
          ],
          [
            89.055242,
            26.559236
          ],
          [
            89.055327,
            26.559194
          ],
          [
            89.055476,
            26.559136
          ],
          [
            89.055801,
            26.559028
          ],
          [
            89.056324,
            26.558862
          ],
          [
            89.05674,
            26.55873
          ],
          [
            89.057649,
            26.55846
          ],
          [
            89.058306,
            26.558246
          ],
          [
            89.058827,
            26.558075
          ],
          [
            89.05884,
            26.558071
          ],
          [
            89.05991,
            26.557739
          ],
          [
            89.060386,
            26.557584
          ],
          [
            89.060609,
            26.55751
          ],
          [
            89.0607,
            26.55748
          ],
          [
            89.060831,
            26.557437
          ],
          [
            89.061389,
            26.557252
          ],
          [
            89.06187,
            26.55711
          ],
          [
            89.062077,
            26.557045
          ],
          [
            89.062316,
            26.556971
          ],
          [
            89.062929,
            26.556782
          ],
          [
            89.063591,
            26.556557
          ],
          [
            89.063906,
            26.556457
          ],
          [
            89.064094,
            26.556397
          ],
          [
            89.064899,
            26.556143
          ],
          [
            89.065508,
            26.555943
          ],
          [
            89.065631,
            26.555906
          ],
          [
            89.065995,
            26.555796
          ],
          [
            89.066431,
            26.555656
          ],
          [
            89.066658,
            26.555583
          ],
          [
            89.066964,
            26.555491
          ],
          [
            89.06722,
            26.55541
          ],
          [
            89.067318,
            26.555379
          ],
          [
            89.06788,
            26.555196
          ],
          [
            89.068255,
            26.555074
          ],
          [
            89.06836,
            26.55504
          ],
          [
            89.068718,
            26.554923
          ],
          [
            89.068954,
            26.554844
          ],
          [
            89.069028,
            26.554819
          ],
          [
            89.069231,
            26.554748
          ],
          [
            89.069414,
            26.554695
          ],
          [
            89.069641,
            26.554632
          ],
          [
            89.069904,
            26.554566
          ],
          [
            89.06996,
            26.554554
          ],
          [
            89.070172,
            26.55451
          ],
          [
            89.070238,
            26.5545
          ],
          [
            89.070443,
            26.55447
          ],
          [
            89.070785,
            26.554421
          ],
          [
            89.070896,
            26.554407
          ],
          [
            89.071063,
            26.554387
          ],
          [
            89.071297,
            26.554348
          ],
          [
            89.07143,
            26.554318
          ],
          [
            89.071607,
            26.55426
          ],
          [
            89.071685,
            26.554226
          ],
          [
            89.071788,
            26.554182
          ],
          [
            89.071965,
            26.554096
          ],
          [
            89.072153,
            26.554002
          ],
          [
            89.072347,
            26.553906
          ],
          [
            89.073328,
            26.553458
          ],
          [
            89.07357,
            26.553353
          ],
          [
            89.073868,
            26.55323
          ],
          [
            89.074356,
            26.553045
          ],
          [
            89.074574,
            26.552964
          ],
          [
            89.075032,
            26.552795
          ],
          [
            89.075205,
            26.552734
          ],
          [
            89.075437,
            26.552651
          ],
          [
            89.075537,
            26.552615
          ],
          [
            89.075653,
            26.552573
          ],
          [
            89.075712,
            26.552549
          ],
          [
            89.075903,
            26.552471
          ],
          [
            89.07617,
            26.552367
          ],
          [
            89.076356,
            26.552294
          ],
          [
            89.07689,
            26.552101
          ],
          [
            89.077363,
            26.551922
          ],
          [
            89.077503,
            26.551868
          ],
          [
            89.078204,
            26.551602
          ],
          [
            89.078986,
            26.551315
          ],
          [
            89.079301,
            26.551206
          ],
          [
            89.079494,
            26.551137
          ],
          [
            89.07973,
            26.551053
          ],
          [
            89.080344,
            26.550822
          ],
          [
            89.080764,
            26.550673
          ],
          [
            89.081117,
            26.550548
          ],
          [
            89.081541,
            26.550394
          ],
          [
            89.081592,
            26.550376
          ],
          [
            89.082056,
            26.550221
          ],
          [
            89.082278,
            26.550146
          ],
          [
            89.082726,
            26.549999
          ],
          [
            89.082796,
            26.549975
          ],
          [
            89.083115,
            26.549867
          ],
          [
            89.083466,
            26.549747
          ],
          [
            89.083715,
            26.549662
          ],
          [
            89.08379,
            26.549637
          ],
          [
            89.084225,
            26.549489
          ],
          [
            89.084753,
            26.549303
          ],
          [
            89.085402,
            26.549087
          ],
          [
            89.086009,
            26.548883
          ],
          [
            89.086151,
            26.548836
          ],
          [
            89.086466,
            26.548731
          ],
          [
            89.08652,
            26.548713
          ],
          [
            89.086574,
            26.548695
          ],
          [
            89.086659,
            26.548665
          ],
          [
            89.087173,
            26.548486
          ],
          [
            89.087791,
            26.548271
          ],
          [
            89.088773,
            26.547932
          ],
          [
            89.088938,
            26.547877
          ],
          [
            89.08983,
            26.547582
          ],
          [
            89.090389,
            26.547382
          ],
          [
            89.090746,
            26.547255
          ],
          [
            89.09088,
            26.547196
          ],
          [
            89.090983,
            26.547152
          ],
          [
            89.091156,
            26.547048
          ],
          [
            89.091325,
            26.546944
          ],
          [
            89.091481,
            26.546827
          ],
          [
            89.091663,
            26.546682
          ],
          [
            89.091914,
            26.546431
          ],
          [
            89.092204,
            26.54609
          ],
          [
            89.092426,
            26.54575
          ],
          [
            89.092645,
            26.545409
          ],
          [
            89.09285,
            26.545105
          ],
          [
            89.093365,
            26.544289
          ],
          [
            89.093462,
            26.544141
          ],
          [
            89.093865,
            26.543586
          ],
          [
            89.094117,
            26.54335
          ],
          [
            89.094274,
            26.543226
          ],
          [
            89.094404,
            26.543147
          ],
          [
            89.094591,
            26.543022
          ],
          [
            89.095111,
            26.54281
          ],
          [
            89.095334,
            26.542754
          ],
          [
            89.095798,
            26.542688
          ],
          [
            89.096325,
            26.54264
          ],
          [
            89.096558,
            26.54266
          ],
          [
            89.096957,
            26.542695
          ],
          [
            89.09783,
            26.542773
          ],
          [
            89.098634,
            26.542827
          ],
          [
            89.099306,
            26.542863
          ],
          [
            89.100006,
            26.542912
          ],
          [
            89.100587,
            26.542962
          ],
          [
            89.100828,
            26.542983
          ],
          [
            89.101221,
            26.54301
          ],
          [
            89.101661,
            26.543046
          ],
          [
            89.102548,
            26.54313
          ],
          [
            89.103163,
            26.543163
          ],
          [
            89.103601,
            26.543206
          ],
          [
            89.103945,
            26.543229
          ],
          [
            89.104466,
            26.54326
          ],
          [
            89.105052,
            26.543312
          ],
          [
            89.105287,
            26.543339
          ],
          [
            89.105668,
            26.543358
          ],
          [
            89.105789,
            26.543367
          ],
          [
            89.106383,
            26.54339
          ],
          [
            89.106987,
            26.543422
          ],
          [
            89.107157,
            26.543427
          ],
          [
            89.1072,
            26.543432
          ],
          [
            89.108375,
            26.543489
          ],
          [
            89.108832,
            26.543496
          ],
          [
            89.109039,
            26.543501
          ],
          [
            89.109181,
            26.543513
          ],
          [
            89.109319,
            26.543543
          ],
          [
            89.109417,
            26.543577
          ],
          [
            89.109552,
            26.54364
          ],
          [
            89.109682,
            26.54371
          ],
          [
            89.109839,
            26.543829
          ],
          [
            89.109981,
            26.543949
          ],
          [
            89.110081,
            26.544036
          ],
          [
            89.11016,
            26.544105
          ],
          [
            89.110271,
            26.54421
          ],
          [
            89.110455,
            26.544389
          ],
          [
            89.110717,
            26.544621
          ],
          [
            89.110981,
            26.544875
          ],
          [
            89.111266,
            26.54511
          ],
          [
            89.111534,
            26.545362
          ],
          [
            89.111643,
            26.545452
          ],
          [
            89.111738,
            26.54552
          ],
          [
            89.111858,
            26.545584
          ],
          [
            89.11201,
            26.545636
          ],
          [
            89.112222,
            26.54568
          ],
          [
            89.113007,
            26.54579
          ],
          [
            89.114032,
            26.545872
          ],
          [
            89.114914,
            26.545921
          ],
          [
            89.115383,
            26.545952
          ],
          [
            89.115598,
            26.545959
          ],
          [
            89.115783,
            26.545955
          ],
          [
            89.115922,
            26.545938
          ],
          [
            89.116148,
            26.545889
          ],
          [
            89.116738,
            26.545734
          ],
          [
            89.117282,
            26.54559
          ],
          [
            89.118176,
            26.545321
          ],
          [
            89.118648,
            26.545156
          ],
          [
            89.119058,
            26.544976
          ],
          [
            89.119399,
            26.544839
          ],
          [
            89.119796,
            26.544671
          ],
          [
            89.120158,
            26.544505
          ],
          [
            89.120514,
            26.544335
          ],
          [
            89.120919,
            26.544129
          ],
          [
            89.121362,
            26.543915
          ],
          [
            89.121893,
            26.543658
          ],
          [
            89.122387,
            26.54343
          ],
          [
            89.122574,
            26.543332
          ],
          [
            89.122755,
            26.543218
          ],
          [
            89.123046,
            26.543025
          ],
          [
            89.123219,
            26.542912
          ],
          [
            89.123383,
            26.542805
          ],
          [
            89.123728,
            26.542592
          ],
          [
            89.124248,
            26.542252
          ],
          [
            89.12486,
            26.54184
          ],
          [
            89.124903,
            26.541811
          ],
          [
            89.125192,
            26.541615
          ],
          [
            89.125316,
            26.541513
          ],
          [
            89.125409,
            26.541415
          ],
          [
            89.12551,
            26.541286
          ],
          [
            89.125647,
            26.541081
          ],
          [
            89.125888,
            26.540676
          ],
          [
            89.12617,
            26.540214
          ],
          [
            89.126591,
            26.539512
          ],
          [
            89.126802,
            26.53915
          ],
          [
            89.127062,
            26.538664
          ],
          [
            89.127247,
            26.538294
          ],
          [
            89.127479,
            26.537796
          ],
          [
            89.127656,
            26.537399
          ],
          [
            89.127877,
            26.536923
          ],
          [
            89.128035,
            26.536574
          ],
          [
            89.128055,
            26.536534
          ],
          [
            89.12841,
            26.535758
          ],
          [
            89.12851,
            26.535543
          ],
          [
            89.128612,
            26.535307
          ],
          [
            89.128862,
            26.534772
          ],
          [
            89.129099,
            26.534252
          ],
          [
            89.129169,
            26.5341
          ],
          [
            89.129222,
            26.533978
          ],
          [
            89.129308,
            26.53386
          ],
          [
            89.12939,
            26.533748
          ],
          [
            89.129505,
            26.533635
          ],
          [
            89.129684,
            26.53346
          ],
          [
            89.129855,
            26.533315
          ],
          [
            89.130013,
            26.533194
          ],
          [
            89.1301,
            26.533129
          ],
          [
            89.130157,
            26.533093
          ],
          [
            89.130255,
            26.533033
          ],
          [
            89.130341,
            26.532997
          ],
          [
            89.130468,
            26.532956
          ],
          [
            89.13079,
            26.532876
          ],
          [
            89.13123,
            26.532779
          ],
          [
            89.131329,
            26.532755
          ],
          [
            89.131992,
            26.532599
          ],
          [
            89.132469,
            26.532468
          ],
          [
            89.133165,
            26.532288
          ],
          [
            89.133651,
            26.53217
          ],
          [
            89.133845,
            26.532124
          ],
          [
            89.134288,
            26.53202
          ],
          [
            89.134341,
            26.532002
          ],
          [
            89.13547,
            26.531703
          ],
          [
            89.136565,
            26.531425
          ],
          [
            89.137658,
            26.531167
          ],
          [
            89.138538,
            26.530932
          ],
          [
            89.139718,
            26.530652
          ],
          [
            89.14077,
            26.530373
          ],
          [
            89.141778,
            26.530137
          ],
          [
            89.142767,
            26.529858
          ],
          [
            89.143925,
            26.529537
          ],
          [
            89.144955,
            26.529237
          ],
          [
            89.146007,
            26.528957
          ],
          [
            89.147037,
            26.528657
          ],
          [
            89.147498,
            26.528522
          ],
          [
            89.148067,
            26.528357
          ],
          [
            89.149075,
            26.528055
          ],
          [
            89.150018,
            26.527798
          ],
          [
            89.151005,
            26.527498
          ],
          [
            89.151972,
            26.52724
          ],
          [
            89.153023,
            26.52694
          ],
          [
            89.154075,
            26.526618
          ],
          [
            89.155103,
            26.526338
          ],
          [
            89.156198,
            26.526017
          ],
          [
            89.157228,
            26.525717
          ],
          [
            89.158173,
            26.525395
          ],
          [
            89.15916,
            26.524987
          ],
          [
            89.160125,
            26.524622
          ],
          [
            89.161048,
            26.524237
          ],
          [
            89.162035,
            26.52385
          ],
          [
            89.163043,
            26.52342
          ],
          [
            89.163988,
            26.523035
          ],
          [
            89.164888,
            26.522648
          ],
          [
            89.165855,
            26.522262
          ],
          [
            89.166842,
            26.522005
          ],
          [
            89.16785,
            26.521962
          ],
          [
            89.16888,
            26.52179
          ],
          [
            89.169712,
            26.521487
          ],
          [
            89.169927,
            26.521322
          ],
          [
            89.170072,
            26.521091
          ],
          [
            89.170252,
            26.520513
          ],
          [
            89.170591,
            26.519424
          ],
          [
            89.170812,
            26.518975
          ],
          [
            89.170968,
            26.518811
          ],
          [
            89.171197,
            26.518765
          ],
          [
            89.171794,
            26.518691
          ],
          [
            89.172313,
            26.518712
          ],
          [
            89.173237,
            26.519108
          ],
          [
            89.173792,
            26.519371
          ],
          [
            89.174267,
            26.51958
          ],
          [
            89.174792,
            26.519728
          ],
          [
            89.175338,
            26.519795
          ],
          [
            89.176412,
            26.519902
          ],
          [
            89.177463,
            26.52003
          ],
          [
            89.178665,
            26.52016
          ],
          [
            89.179695,
            26.520267
          ],
          [
            89.180832,
            26.520417
          ],
          [
            89.181968,
            26.520567
          ],
          [
            89.183107,
            26.520695
          ],
          [
            89.184115,
            26.52091
          ],
          [
            89.185188,
            26.521297
          ],
          [
            89.185986,
            26.521791
          ],
          [
            89.186088,
            26.521855
          ],
          [
            89.187055,
            26.522412
          ],
          [
            89.187998,
            26.523013
          ],
          [
            89.188922,
            26.52355
          ],
          [
            89.189823,
            26.524043
          ],
          [
            89.190767,
            26.524602
          ],
          [
            89.191775,
            26.525052
          ],
          [
            89.192762,
            26.52548
          ],
          [
            89.193728,
            26.52591
          ],
          [
            89.19465,
            26.526297
          ],
          [
            89.194953,
            26.526475
          ],
          [
            89.19646,
            26.525224
          ],
          [
            89.19721,
            26.524522
          ],
          [
            89.199025,
            26.523084
          ],
          [
            89.19943,
            26.522678
          ],
          [
            89.201464,
            26.520224
          ],
          [
            89.202042,
            26.51987
          ],
          [
            89.202053,
            26.520588
          ],
          [
            89.20199,
            26.521575
          ],
          [
            89.201925,
            26.522477
          ],
          [
            89.20186,
            26.523485
          ],
          [
            89.201775,
            26.524408
          ],
          [
            89.20171,
            26.525352
          ],
          [
            89.201625,
            26.526275
          ],
          [
            89.201538,
            26.527218
          ],
          [
            89.201531,
            26.527816
          ],
          [
            89.201514,
            26.528032
          ],
          [
            89.201494,
            26.528286
          ],
          [
            89.201469,
            26.528852
          ],
          [
            89.201364,
            26.529421
          ],
          [
            89.201286,
            26.530117
          ],
          [
            89.201083,
            26.53262
          ],
          [
            89.201286,
            26.530117
          ],
          [
            89.201364,
            26.529421
          ],
          [
            89.201469,
            26.528852
          ],
          [
            89.201494,
            26.528286
          ],
          [
            89.201531,
            26.527816
          ],
          [
            89.201538,
            26.527218
          ],
          [
            89.201625,
            26.526275
          ],
          [
            89.20171,
            26.525352
          ],
          [
            89.201775,
            26.524408
          ],
          [
            89.20186,
            26.523485
          ],
          [
            89.201925,
            26.522477
          ],
          [
            89.20199,
            26.521575
          ],
          [
            89.202053,
            26.520588
          ],
          [
            89.202042,
            26.51987
          ],
          [
            89.202687,
            26.519515
          ],
          [
            89.203308,
            26.519152
          ],
          [
            89.204468,
            26.518483
          ],
          [
            89.205974,
            26.517704
          ],
          [
            89.207473,
            26.516851
          ],
          [
            89.207883,
            26.516633
          ],
          [
            89.208944,
            26.516037
          ],
          [
            89.209572,
            26.515726
          ],
          [
            89.209999,
            26.515524
          ],
          [
            89.210252,
            26.515437
          ],
          [
            89.210464,
            26.515394
          ],
          [
            89.210946,
            26.515299
          ],
          [
            89.211327,
            26.51523
          ],
          [
            89.212183,
            26.51499
          ],
          [
            89.213308,
            26.514705
          ],
          [
            89.214437,
            26.51444
          ],
          [
            89.215525,
            26.514204
          ],
          [
            89.216021,
            26.514094
          ],
          [
            89.216909,
            26.513892
          ],
          [
            89.217259,
            26.513822
          ],
          [
            89.21772,
            26.513726
          ],
          [
            89.218147,
            26.513626
          ],
          [
            89.218742,
            26.51347
          ],
          [
            89.219092,
            26.513357
          ],
          [
            89.219429,
            26.513231
          ],
          [
            89.220007,
            26.512995
          ],
          [
            89.220335,
            26.512891
          ],
          [
            89.220693,
            26.5128
          ],
          [
            89.222231,
            26.512404
          ],
          [
            89.223235,
            26.512176
          ],
          [
            89.224208,
            26.511904
          ],
          [
            89.224538,
            26.511815
          ],
          [
            89.225184,
            26.511675
          ],
          [
            89.225925,
            26.511489
          ],
          [
            89.227142,
            26.511184
          ],
          [
            89.228378,
            26.510897
          ],
          [
            89.235536,
            26.509103
          ],
          [
            89.23635,
            26.508942
          ],
          [
            89.239436,
            26.50863
          ],
          [
            89.244997,
            26.508033
          ],
          [
            89.246074,
            26.507899
          ],
          [
            89.247171,
            26.507771
          ],
          [
            89.248935,
            26.50759
          ],
          [
            89.24959,
            26.507554
          ],
          [
            89.249961,
            26.507551
          ],
          [
            89.250257,
            26.507552
          ],
          [
            89.250431,
            26.507573
          ],
          [
            89.250551,
            26.507616
          ],
          [
            89.251252,
            26.508017
          ],
          [
            89.253248,
            26.509062
          ],
          [
            89.254007,
            26.509425
          ],
          [
            89.25467,
            26.509597
          ],
          [
            89.255306,
            26.509863
          ],
          [
            89.256865,
            26.510662
          ],
          [
            89.257164,
            26.510761
          ],
          [
            89.258112,
            26.511151
          ],
          [
            89.258574,
            26.51145
          ],
          [
            89.258967,
            26.511664
          ],
          [
            89.25944,
            26.511775
          ],
          [
            89.26013,
            26.512055
          ],
          [
            89.260241,
            26.511988
          ],
          [
            89.26044,
            26.511802
          ],
          [
            89.260723,
            26.511653
          ],
          [
            89.261084,
            26.511407
          ],
          [
            89.261546,
            26.511138
          ],
          [
            89.262985,
            26.510311
          ],
          [
            89.264396,
            26.5095
          ],
          [
            89.264986,
            26.509204
          ],
          [
            89.26557,
            26.508927
          ],
          [
            89.266688,
            26.508426
          ],
          [
            89.267041,
            26.508322
          ],
          [
            89.267561,
            26.508266
          ],
          [
            89.26772,
            26.508252
          ],
          [
            89.267851,
            26.508192
          ],
          [
            89.268014,
            26.508036
          ],
          [
            89.268144,
            26.507806
          ],
          [
            89.268219,
            26.507653
          ],
          [
            89.268471,
            26.507178
          ],
          [
            89.268537,
            26.507063
          ],
          [
            89.268657,
            26.507002
          ],
          [
            89.268811,
            26.506975
          ],
          [
            89.269109,
            26.506993
          ],
          [
            89.271926,
            26.507099
          ],
          [
            89.272921,
            26.507099
          ],
          [
            89.273349,
            26.50715
          ],
          [
            89.273712,
            26.507175
          ],
          [
            89.274117,
            26.507172
          ],
          [
            89.274326,
            26.507119
          ],
          [
            89.274496,
            26.507048
          ],
          [
            89.27466,
            26.506939
          ],
          [
            89.274867,
            26.506723
          ],
          [
            89.275008,
            26.506515
          ],
          [
            89.275092,
            26.506369
          ],
          [
            89.275743,
            26.505319
          ],
          [
            89.275935,
            26.505032
          ],
          [
            89.276037,
            26.50488
          ],
          [
            89.276152,
            26.50478
          ],
          [
            89.276284,
            26.504714
          ],
          [
            89.276577,
            26.504659
          ],
          [
            89.277233,
            26.504581
          ],
          [
            89.277848,
            26.504498
          ],
          [
            89.278096,
            26.504452
          ],
          [
            89.278322,
            26.504379
          ],
          [
            89.278515,
            26.504282
          ],
          [
            89.278688,
            26.504164
          ],
          [
            89.281233,
            26.50223
          ],
          [
            89.281873,
            26.501859
          ],
          [
            89.282564,
            26.501534
          ],
          [
            89.282869,
            26.501406
          ],
          [
            89.283116,
            26.501329
          ],
          [
            89.283469,
            26.501257
          ],
          [
            89.284234,
            26.501218
          ],
          [
            89.285945,
            26.501175
          ],
          [
            89.287619,
            26.501145
          ],
          [
            89.288507,
            26.501156
          ],
          [
            89.290231,
            26.501215
          ],
          [
            89.292376,
            26.501071
          ],
          [
            89.295112,
            26.501093
          ],
          [
            89.299573,
            26.500823
          ],
          [
            89.302414,
            26.500666
          ],
          [
            89.302753,
            26.50065
          ],
          [
            89.30323,
            26.500632
          ],
          [
            89.303601,
            26.50069
          ],
          [
            89.304253,
            26.500829
          ],
          [
            89.305379,
            26.501011
          ],
          [
            89.306054,
            26.501126
          ],
          [
            89.306162,
            26.501138
          ],
          [
            89.307016,
            26.501232
          ],
          [
            89.310612,
            26.501454
          ],
          [
            89.313298,
            26.501568
          ],
          [
            89.313939,
            26.501514
          ],
          [
            89.314346,
            26.501494
          ],
          [
            89.314807,
            26.50158
          ],
          [
            89.31512,
            26.501701
          ],
          [
            89.315644,
            26.501864
          ],
          [
            89.31639,
            26.502187
          ],
          [
            89.317731,
            26.502766
          ],
          [
            89.31858,
            26.503067
          ],
          [
            89.319779,
            26.503329
          ],
          [
            89.320401,
            26.503338
          ],
          [
            89.321175,
            26.503211
          ],
          [
            89.321831,
            26.503057
          ],
          [
            89.327611,
            26.501288
          ],
          [
            89.327963,
            26.501175
          ],
          [
            89.328335,
            26.501082
          ],
          [
            89.328722,
            26.501032
          ],
          [
            89.329083,
            26.501019
          ],
          [
            89.329428,
            26.501046
          ],
          [
            89.330543,
            26.501207
          ],
          [
            89.331041,
            26.501259
          ],
          [
            89.33165,
            26.501277
          ],
          [
            89.332498,
            26.501237
          ],
          [
            89.348452,
            26.499448
          ],
          [
            89.348616,
            26.499448
          ],
          [
            89.348938,
            26.499454
          ],
          [
            89.352651,
            26.499527
          ],
          [
            89.353304,
            26.499493
          ],
          [
            89.355113,
            26.499506
          ],
          [
            89.355666,
            26.499378
          ],
          [
            89.356852,
            26.498902
          ],
          [
            89.357688,
            26.4985
          ],
          [
            89.358044,
            26.498383
          ],
          [
            89.358499,
            26.498321
          ],
          [
            89.359288,
            26.498303
          ],
          [
            89.359889,
            26.498214
          ],
          [
            89.361328,
            26.497803
          ],
          [
            89.361926,
            26.497586
          ],
          [
            89.362885,
            26.497093
          ],
          [
            89.364105,
            26.496249
          ],
          [
            89.365396,
            26.495439
          ],
          [
            89.366768,
            26.494577
          ],
          [
            89.367189,
            26.494401
          ],
          [
            89.367487,
            26.494272
          ],
          [
            89.36824,
            26.493932
          ],
          [
            89.368388,
            26.493866
          ],
          [
            89.368689,
            26.49373
          ],
          [
            89.368979,
            26.4936
          ],
          [
            89.370594,
            26.492883
          ],
          [
            89.37271,
            26.491967
          ],
          [
            89.373813,
            26.491472
          ],
          [
            89.374809,
            26.491023
          ],
          [
            89.37675,
            26.490184
          ],
          [
            89.377017,
            26.490068
          ],
          [
            89.377041,
            26.490056
          ],
          [
            89.378846,
            26.489288
          ],
          [
            89.380565,
            26.48853
          ],
          [
            89.382457,
            26.487684
          ],
          [
            89.38447,
            26.48677
          ],
          [
            89.38655,
            26.48587
          ],
          [
            89.3885,
            26.48503
          ],
          [
            89.390196,
            26.484321
          ],
          [
            89.39039,
            26.48424
          ],
          [
            89.39326,
            26.48304
          ],
          [
            89.39519,
            26.48237
          ],
          [
            89.39618,
            26.48205
          ],
          [
            89.39813,
            26.48136
          ],
          [
            89.39914,
            26.48102
          ],
          [
            89.39998,
            26.4807
          ],
          [
            89.40086,
            26.48042
          ],
          [
            89.40279,
            26.47973
          ],
          [
            89.40367,
            26.479423
          ],
          [
            89.40474,
            26.47905
          ],
          [
            89.40762,
            26.47806
          ],
          [
            89.41064,
            26.47709
          ],
          [
            89.41266,
            26.47645
          ],
          [
            89.41573,
            26.47546
          ],
          [
            89.41781,
            26.4748
          ],
          [
            89.41972,
            26.4742
          ],
          [
            89.42268,
            26.47321
          ],
          [
            89.425695,
            26.472242
          ],
          [
            89.426278,
            26.47205
          ],
          [
            89.427335,
            26.471688
          ],
          [
            89.427808,
            26.471532
          ],
          [
            89.428367,
            26.471344
          ],
          [
            89.428601,
            26.471267
          ],
          [
            89.428825,
            26.471203
          ],
          [
            89.428956,
            26.471174
          ],
          [
            89.429048,
            26.471171
          ],
          [
            89.429307,
            26.471205
          ],
          [
            89.429525,
            26.471244
          ],
          [
            89.429738,
            26.471279
          ],
          [
            89.42992,
            26.471328
          ],
          [
            89.430084,
            26.471336
          ],
          [
            89.430234,
            26.471319
          ],
          [
            89.430449,
            26.471248
          ],
          [
            89.430635,
            26.471134
          ],
          [
            89.431012,
            26.470959
          ],
          [
            89.431256,
            26.470851
          ],
          [
            89.431467,
            26.470782
          ],
          [
            89.431754,
            26.470716
          ],
          [
            89.432026,
            26.470688
          ],
          [
            89.432364,
            26.470676
          ],
          [
            89.432662,
            26.470673
          ],
          [
            89.432791,
            26.470684
          ],
          [
            89.43297,
            26.4707
          ],
          [
            89.433229,
            26.470733
          ],
          [
            89.433516,
            26.470793
          ],
          [
            89.433773,
            26.470871
          ],
          [
            89.433981,
            26.470948
          ],
          [
            89.434192,
            26.471056
          ],
          [
            89.434409,
            26.471185
          ],
          [
            89.434727,
            26.471388
          ],
          [
            89.435549,
            26.471933
          ],
          [
            89.436339,
            26.47246
          ],
          [
            89.437203,
            26.473031
          ],
          [
            89.438262,
            26.473717
          ],
          [
            89.439366,
            26.474441
          ],
          [
            89.440055,
            26.474887
          ],
          [
            89.440735,
            26.475336
          ],
          [
            89.441982,
            26.47614
          ],
          [
            89.442303,
            26.476378
          ],
          [
            89.44246,
            26.476513
          ],
          [
            89.44261,
            26.476658
          ],
          [
            89.443713,
            26.477873
          ],
          [
            89.44506,
            26.47933
          ],
          [
            89.44714,
            26.48158
          ],
          [
            89.44849,
            26.48308
          ],
          [
            89.4492,
            26.48385
          ],
          [
            89.4498,
            26.48465
          ],
          [
            89.45088,
            26.4863
          ],
          [
            89.45193,
            26.48795
          ],
          [
            89.45349,
            26.4904
          ],
          [
            89.45459,
            26.49211
          ],
          [
            89.455179,
            26.493015
          ],
          [
            89.455471,
            26.493414
          ],
          [
            89.45581,
            26.4937
          ],
          [
            89.45663,
            26.49432
          ],
          [
            89.45826,
            26.49559
          ],
          [
            89.458542,
            26.495804
          ],
          [
            89.459942,
            26.496863
          ],
          [
            89.46047,
            26.497263
          ],
          [
            89.46087,
            26.497573
          ],
          [
            89.461114,
            26.497761
          ],
          [
            89.461293,
            26.497875
          ],
          [
            89.461458,
            26.497952
          ],
          [
            89.461639,
            26.498
          ],
          [
            89.46203,
            26.498057
          ],
          [
            89.462806,
            26.498158
          ],
          [
            89.463493,
            26.498236
          ],
          [
            89.463797,
            26.498284
          ],
          [
            89.464316,
            26.498341
          ],
          [
            89.464768,
            26.498381
          ],
          [
            89.465585,
            26.49849
          ],
          [
            89.466019,
            26.498522
          ],
          [
            89.466983,
            26.498651
          ],
          [
            89.467784,
            26.498759
          ],
          [
            89.46825,
            26.498781
          ],
          [
            89.468646,
            26.498778
          ],
          [
            89.469359,
            26.498724
          ],
          [
            89.47012,
            26.49866
          ],
          [
            89.470812,
            26.498618
          ],
          [
            89.471475,
            26.498571
          ],
          [
            89.471897,
            26.498515
          ],
          [
            89.472141,
            26.498452
          ],
          [
            89.472309,
            26.498389
          ],
          [
            89.472423,
            26.498346
          ],
          [
            89.472635,
            26.498252
          ],
          [
            89.472838,
            26.49813
          ],
          [
            89.473021,
            26.497983
          ],
          [
            89.473277,
            26.497728
          ],
          [
            89.473508,
            26.497515
          ],
          [
            89.473677,
            26.497384
          ],
          [
            89.473813,
            26.497304
          ],
          [
            89.474005,
            26.497194
          ],
          [
            89.474277,
            26.497075
          ],
          [
            89.474474,
            26.497009
          ],
          [
            89.47493,
            26.49692
          ],
          [
            89.475307,
            26.496851
          ],
          [
            89.475761,
            26.496778
          ],
          [
            89.476279,
            26.49668
          ],
          [
            89.476907,
            26.496575
          ],
          [
            89.47802,
            26.49636
          ],
          [
            89.48023,
            26.49598
          ],
          [
            89.48334,
            26.4954
          ],
          [
            89.48446,
            26.4952
          ],
          [
            89.48504,
            26.49509
          ],
          [
            89.48526,
            26.495044
          ],
          [
            89.485454,
            26.495003
          ],
          [
            89.4865,
            26.49458
          ],
          [
            89.48671,
            26.494495
          ],
          [
            89.48858,
            26.49374
          ],
          [
            89.48952,
            26.49336
          ],
          [
            89.49139,
            26.49259
          ],
          [
            89.491456,
            26.492564
          ],
          [
            89.491536,
            26.492533
          ],
          [
            89.492821,
            26.492029
          ],
          [
            89.49422,
            26.49143
          ],
          [
            89.49624,
            26.49057
          ],
          [
            89.498812,
            26.489469
          ],
          [
            89.50014,
            26.4889
          ],
          [
            89.50102,
            26.48827
          ],
          [
            89.5027,
            26.48709
          ],
          [
            89.50529,
            26.48525
          ],
          [
            89.50611,
            26.48465
          ],
          [
            89.50688,
            26.484
          ],
          [
            89.50774,
            26.4834
          ],
          [
            89.508936,
            26.482832
          ],
          [
            89.509273,
            26.482659
          ],
          [
            89.510522,
            26.482096
          ],
          [
            89.511376,
            26.481735
          ],
          [
            89.5124,
            26.48128
          ],
          [
            89.513466,
            26.480921
          ],
          [
            89.51433,
            26.48063
          ],
          [
            89.515175,
            26.480344
          ],
          [
            89.51529,
            26.480318
          ],
          [
            89.516391,
            26.479956
          ],
          [
            89.517259,
            26.479646
          ],
          [
            89.517787,
            26.479519
          ],
          [
            89.51832,
            26.47954
          ],
          [
            89.518752,
            26.479574
          ],
          [
            89.519365,
            26.479684
          ],
          [
            89.5204,
            26.4799
          ],
          [
            89.521002,
            26.479995
          ],
          [
            89.5212,
            26.480026
          ],
          [
            89.52139,
            26.48005
          ],
          [
            89.522582,
            26.480261
          ],
          [
            89.523362,
            26.480409
          ],
          [
            89.52433,
            26.48063
          ],
          [
            89.524499,
            26.48065
          ],
          [
            89.525185,
            26.480778
          ],
          [
            89.52536,
            26.48081
          ],
          [
            89.525762,
            26.480811
          ],
          [
            89.526628,
            26.480814
          ],
          [
            89.526858,
            26.480823
          ],
          [
            89.526858,
            26.480983
          ],
          [
            89.52706,
            26.481842
          ],
          [
            89.527071,
            26.48208
          ],
          [
            89.527039,
            26.482317
          ],
          [
            89.526943,
            26.482954
          ],
          [
            89.526844,
            26.483593
          ],
          [
            89.52676,
            26.484134
          ],
          [
            89.526744,
            26.484263
          ],
          [
            89.526732,
            26.484349
          ],
          [
            89.526624,
            26.485077
          ],
          [
            89.526578,
            26.48533
          ],
          [
            89.52638,
            26.486573
          ],
          [
            89.526328,
            26.487229
          ],
          [
            89.526321,
            26.487369
          ],
          [
            89.526328,
            26.487626
          ],
          [
            89.526361,
            26.488157
          ],
          [
            89.526408,
            26.488693
          ],
          [
            89.526426,
            26.488882
          ],
          [
            89.526459,
            26.4893
          ],
          [
            89.52648,
            26.489557
          ],
          [
            89.526532,
            26.490309
          ],
          [
            89.526602,
            26.490301
          ],
          [
            89.527727,
            26.490196
          ],
          [
            89.52777,
            26.490181
          ],
          [
            89.528478,
            26.490167
          ],
          [
            89.529015,
            26.490114
          ],
          [
            89.531039,
            26.489802
          ],
          [
            89.531128,
            26.489788
          ],
          [
            89.531292,
            26.490293
          ],
          [
            89.531213,
            26.49034
          ],
          [
            89.530056,
            26.490556
          ],
          [
            89.529128,
            26.4907
          ],
          [
            89.528489,
            26.490772
          ],
          [
            89.527973,
            26.490843
          ],
          [
            89.527223,
            26.490946
          ],
          [
            89.526652,
            26.490975
          ],
          [
            89.526602,
            26.490301
          ],
          [
            89.526598,
            26.490246
          ],
          [
            89.526543,
            26.489553
          ],
          [
            89.52652,
            26.489269
          ],
          [
            89.526471,
            26.488666
          ],
          [
            89.526392,
            26.487625
          ],
          [
            89.526394,
            26.487279
          ],
          [
            89.526398,
            26.487232
          ],
          [
            89.526451,
            26.486568
          ],
          [
            89.526508,
            26.486167
          ],
          [
            89.526531,
            26.486006
          ],
          [
            89.526653,
            26.485232
          ],
          [
            89.526791,
            26.484354
          ],
          [
            89.52691,
            26.483597
          ],
          [
            89.527119,
            26.48229
          ],
          [
            89.527156,
            26.48206
          ],
          [
            89.527124,
            26.4818
          ],
          [
            89.526923,
            26.48096
          ],
          [
            89.526858,
            26.480823
          ],
          [
            89.527334,
            26.480822
          ],
          [
            89.528398,
            26.480774
          ],
          [
            89.528764,
            26.480766
          ],
          [
            89.530197,
            26.480734
          ],
          [
            89.530864,
            26.48072
          ],
          [
            89.531031,
            26.480716
          ],
          [
            89.531934,
            26.48072
          ],
          [
            89.532281,
            26.480721
          ],
          [
            89.532887,
            26.480724
          ],
          [
            89.533245,
            26.480725
          ],
          [
            89.533349,
            26.480726
          ],
          [
            89.533769,
            26.480728
          ],
          [
            89.534351,
            26.48073
          ],
          [
            89.535679,
            26.480736
          ],
          [
            89.535768,
            26.480736
          ],
          [
            89.536123,
            26.480738
          ],
          [
            89.536172,
            26.480737
          ],
          [
            89.53685,
            26.480741
          ],
          [
            89.537145,
            26.480742
          ],
          [
            89.537619,
            26.48058
          ],
          [
            89.537992,
            26.480395
          ],
          [
            89.538331,
            26.480084
          ],
          [
            89.538495,
            26.479768
          ],
          [
            89.539008,
            26.478715
          ],
          [
            89.539965,
            26.476582
          ],
          [
            89.540299,
            26.475972
          ],
          [
            89.540756,
            26.475135
          ],
          [
            89.541128,
            26.474544
          ],
          [
            89.541461,
            26.474213
          ],
          [
            89.541936,
            26.473894
          ],
          [
            89.542231,
            26.473741
          ],
          [
            89.542408,
            26.473678
          ],
          [
            89.542708,
            26.473588
          ],
          [
            89.542941,
            26.473495
          ],
          [
            89.543098,
            26.473432
          ],
          [
            89.543839,
            26.473205
          ],
          [
            89.54418,
            26.473139
          ],
          [
            89.544508,
            26.473092
          ],
          [
            89.544698,
            26.473085
          ],
          [
            89.545481,
            26.473006
          ],
          [
            89.545675,
            26.472991
          ],
          [
            89.548123,
            26.472782
          ],
          [
            89.548681,
            26.472734
          ],
          [
            89.554095,
            26.471909
          ],
          [
            89.554766,
            26.471861
          ],
          [
            89.555021,
            26.471859
          ],
          [
            89.556879,
            26.47207
          ],
          [
            89.55718,
            26.472092
          ],
          [
            89.559322,
            26.474364
          ],
          [
            89.566328,
            26.481832
          ],
          [
            89.571502,
            26.487448
          ],
          [
            89.571793,
            26.487737
          ],
          [
            89.572099,
            26.487948
          ],
          [
            89.572319,
            26.488064
          ],
          [
            89.572656,
            26.488198
          ],
          [
            89.572994,
            26.488259
          ],
          [
            89.580557,
            26.488145
          ],
          [
            89.581947,
            26.488185
          ],
          [
            89.582521,
            26.48816
          ],
          [
            89.583308,
            26.487864
          ],
          [
            89.583871,
            26.487436
          ],
          [
            89.584083,
            26.487144
          ],
          [
            89.584353,
            26.48663
          ],
          [
            89.584598,
            26.48634
          ],
          [
            89.58501,
            26.48603
          ],
          [
            89.585513,
            26.485819
          ],
          [
            89.586172,
            26.48571
          ],
          [
            89.587013,
            26.485821
          ],
          [
            89.587545,
            26.486135
          ],
          [
            89.587664,
            26.486228
          ],
          [
            89.587864,
            26.486385
          ],
          [
            89.588143,
            26.486691
          ],
          [
            89.588314,
            26.486914
          ],
          [
            89.588725,
            26.487449
          ],
          [
            89.589924,
            26.489012
          ],
          [
            89.590315,
            26.489393
          ],
          [
            89.591305,
            26.490164
          ],
          [
            89.591997,
            26.490681
          ],
          [
            89.592688,
            26.491232
          ],
          [
            89.592843,
            26.491333
          ],
          [
            89.592947,
            26.491479
          ],
          [
            89.59297,
            26.491579
          ],
          [
            89.592886,
            26.491717
          ],
          [
            89.592802,
            26.491842
          ],
          [
            89.592834,
            26.492076
          ],
          [
            89.592925,
            26.492264
          ],
          [
            89.593179,
            26.492903
          ],
          [
            89.593471,
            26.493575
          ],
          [
            89.593646,
            26.493978
          ],
          [
            89.594304,
            26.49349
          ],
          [
            89.595041,
            26.492881
          ],
          [
            89.596285,
            26.491842
          ],
          [
            89.597279,
            26.491019
          ],
          [
            89.599951,
            26.488876
          ],
          [
            89.600523,
            26.488488
          ],
          [
            89.601138,
            26.488133
          ],
          [
            89.601556,
            26.487927
          ],
          [
            89.60179,
            26.487812
          ],
          [
            89.60249,
            26.487553
          ],
          [
            89.603197,
            26.487338
          ],
          [
            89.603953,
            26.487165
          ],
          [
            89.604709,
            26.487052
          ],
          [
            89.605484,
            26.487003
          ],
          [
            89.606064,
            26.487001
          ],
          [
            89.607113,
            26.486987
          ],
          [
            89.609119,
            26.486932
          ],
          [
            89.611762,
            26.486883
          ],
          [
            89.613905,
            26.48685
          ],
          [
            89.614536,
            26.486841
          ],
          [
            89.614694,
            26.486842
          ],
          [
            89.616374,
            26.486813
          ],
          [
            89.616985,
            26.486803
          ],
          [
            89.617358,
            26.486794
          ],
          [
            89.620826,
            26.486534
          ],
          [
            89.621716,
            26.48647
          ],
          [
            89.622251,
            26.486419
          ],
          [
            89.622542,
            26.486381
          ],
          [
            89.622859,
            26.48633
          ],
          [
            89.623908,
            26.486126
          ],
          [
            89.6243,
            26.486059
          ],
          [
            89.624751,
            26.486003
          ],
          [
            89.625183,
            26.485972
          ],
          [
            89.625678,
            26.485961
          ],
          [
            89.631556,
            26.486215
          ],
          [
            89.636464,
            26.486375
          ],
          [
            89.63711,
            26.486408
          ],
          [
            89.637753,
            26.486461
          ],
          [
            89.639784,
            26.486654
          ],
          [
            89.642022,
            26.486664
          ],
          [
            89.64424,
            26.486664
          ],
          [
            89.645758,
            26.486695
          ],
          [
            89.647905,
            26.486787
          ],
          [
            89.649403,
            26.486839
          ],
          [
            89.649606,
            26.486869
          ],
          [
            89.650401,
            26.487
          ],
          [
            89.651324,
            26.487203
          ],
          [
            89.651849,
            26.487332
          ],
          [
            89.652132,
            26.487391
          ],
          [
            89.652438,
            26.487443
          ],
          [
            89.652968,
            26.487501
          ],
          [
            89.653267,
            26.487518
          ],
          [
            89.653581,
            26.48753
          ],
          [
            89.653978,
            26.487536
          ],
          [
            89.654406,
            26.487537
          ],
          [
            89.65583,
            26.487512
          ],
          [
            89.65617,
            26.487525
          ],
          [
            89.656537,
            26.487561
          ],
          [
            89.669431,
            26.489287
          ],
          [
            89.669945,
            26.489347
          ],
          [
            89.670496,
            26.4894
          ],
          [
            89.671678,
            26.489511
          ],
          [
            89.674117,
            26.489717
          ],
          [
            89.675209,
            26.489789
          ],
          [
            89.676955,
            26.489984
          ],
          [
            89.67739,
            26.490031
          ],
          [
            89.677778,
            26.490087
          ],
          [
            89.67816,
            26.49016
          ],
          [
            89.678339,
            26.490203
          ],
          [
            89.678525,
            26.490257
          ],
          [
            89.678905,
            26.490375
          ],
          [
            89.683385,
            26.491991
          ],
          [
            89.683774,
            26.492116
          ],
          [
            89.690622,
            26.494547
          ],
          [
            89.690943,
            26.494653
          ],
          [
            89.691305,
            26.494749
          ],
          [
            89.691631,
            26.494818
          ],
          [
            89.691849,
            26.494851
          ],
          [
            89.691951,
            26.494869
          ],
          [
            89.692053,
            26.494886
          ],
          [
            89.69242,
            26.494934
          ],
          [
            89.6928,
            26.494961
          ],
          [
            89.693178,
            26.494965
          ],
          [
            89.693571,
            26.494955
          ],
          [
            89.693953,
            26.494922
          ],
          [
            89.694326,
            26.494874
          ],
          [
            89.694687,
            26.494808
          ],
          [
            89.695074,
            26.494716
          ],
          [
            89.695423,
            26.494619
          ],
          [
            89.695793,
            26.494496
          ],
          [
            89.696111,
            26.494367
          ],
          [
            89.696465,
            26.494215
          ],
          [
            89.699002,
            26.492728
          ],
          [
            89.700879,
            26.491614
          ],
          [
            89.702503,
            26.490682
          ],
          [
            89.703255,
            26.490239
          ],
          [
            89.703631,
            26.490018
          ],
          [
            89.703728,
            26.489961
          ],
          [
            89.704093,
            26.489747
          ],
          [
            89.706244,
            26.488481
          ],
          [
            89.706593,
            26.488284
          ],
          [
            89.706962,
            26.488093
          ],
          [
            89.707332,
            26.487916
          ],
          [
            89.70774,
            26.487743
          ],
          [
            89.708139,
            26.487585
          ],
          [
            89.708559,
            26.487433
          ],
          [
            89.708971,
            26.487303
          ],
          [
            89.709422,
            26.487168
          ],
          [
            89.709708,
            26.487089
          ],
          [
            89.726871,
            26.482256
          ],
          [
            89.73075,
            26.481185
          ],
          [
            89.730822,
            26.481164
          ],
          [
            89.730946,
            26.481128
          ],
          [
            89.733359,
            26.480428
          ],
          [
            89.735966,
            26.479731
          ],
          [
            89.736579,
            26.479553
          ],
          [
            89.73722,
            26.47935
          ],
          [
            89.737787,
            26.479156
          ],
          [
            89.740437,
            26.478093
          ],
          [
            89.740751,
            26.477985
          ],
          [
            89.74158,
            26.477701
          ],
          [
            89.742405,
            26.477457
          ],
          [
            89.743754,
            26.4771
          ],
          [
            89.744285,
            26.476957
          ],
          [
            89.745024,
            26.476776
          ],
          [
            89.745391,
            26.4767
          ],
          [
            89.745591,
            26.476665
          ],
          [
            89.74581,
            26.476639
          ],
          [
            89.745988,
            26.47662
          ],
          [
            89.746196,
            26.476603
          ],
          [
            89.746382,
            26.476592
          ],
          [
            89.746582,
            26.476589
          ],
          [
            89.746771,
            26.476586
          ],
          [
            89.746974,
            26.476596
          ],
          [
            89.747393,
            26.476632
          ],
          [
            89.750901,
            26.477051
          ],
          [
            89.751232,
            26.477087
          ],
          [
            89.751571,
            26.477104
          ],
          [
            89.751897,
            26.477099
          ],
          [
            89.752289,
            26.477086
          ],
          [
            89.752692,
            26.477055
          ],
          [
            89.753665,
            26.476962
          ],
          [
            89.756582,
            26.476682
          ],
          [
            89.75836,
            26.476512
          ],
          [
            89.758873,
            26.476463
          ],
          [
            89.762972,
            26.47607
          ],
          [
            89.780445,
            26.474397
          ],
          [
            89.782331,
            26.474215
          ],
          [
            89.78424,
            26.474023
          ],
          [
            89.786576,
            26.473801
          ],
          [
            89.787291,
            26.473728
          ],
          [
            89.788012,
            26.473672
          ],
          [
            89.789207,
            26.47359
          ],
          [
            89.789832,
            26.473537
          ],
          [
            89.790493,
            26.473468
          ],
          [
            89.790677,
            26.473449
          ],
          [
            89.804694,
            26.472034
          ],
          [
            89.804845,
            26.472019
          ],
          [
            89.806994,
            26.471817
          ],
          [
            89.809208,
            26.471571
          ],
          [
            89.810051,
            26.471512
          ],
          [
            89.813042,
            26.471313
          ],
          [
            89.814411,
            26.471185
          ],
          [
            89.816454,
            26.471055
          ],
          [
            89.817295,
            26.470994
          ],
          [
            89.821199,
            26.47076
          ],
          [
            89.822616,
            26.470644
          ],
          [
            89.823554,
            26.47055
          ],
          [
            89.823801,
            26.470518
          ],
          [
            89.824536,
            26.470431
          ],
          [
            89.82556,
            26.47033
          ],
          [
            89.826217,
            26.470268
          ],
          [
            89.826888,
            26.470252
          ],
          [
            89.829012,
            26.4702
          ],
          [
            89.83016,
            26.470114
          ],
          [
            89.834379,
            26.469682
          ],
          [
            89.835153,
            26.469584
          ],
          [
            89.83546,
            26.469529
          ],
          [
            89.835664,
            26.469482
          ],
          [
            89.835878,
            26.469423
          ],
          [
            89.836071,
            26.469359
          ],
          [
            89.83629,
            26.469279
          ],
          [
            89.836514,
            26.469184
          ],
          [
            89.83661,
            26.469136
          ],
          [
            89.836742,
            26.469065
          ],
          [
            89.837043,
            26.468889
          ],
          [
            89.838156,
            26.468237
          ],
          [
            89.840953,
            26.466549
          ],
          [
            89.848868,
            26.461257
          ],
          [
            89.849421,
            26.460919
          ],
          [
            89.849729,
            26.460751
          ],
          [
            89.85009,
            26.460571
          ],
          [
            89.850527,
            26.460382
          ],
          [
            89.851033,
            26.460193
          ],
          [
            89.852959,
            26.459651
          ],
          [
            89.85467,
            26.459115
          ],
          [
            89.855067,
            26.459016
          ],
          [
            89.858523,
            26.458013
          ],
          [
            89.859454,
            26.457749
          ],
          [
            89.861137,
            26.457249
          ],
          [
            89.863958,
            26.456441
          ],
          [
            89.867551,
            26.455371
          ],
          [
            89.870037,
            26.454662
          ],
          [
            89.870361,
            26.454572
          ],
          [
            89.870956,
            26.454375
          ],
          [
            89.871155,
            26.454293
          ],
          [
            89.871549,
            26.454136
          ],
          [
            89.872209,
            26.453791
          ],
          [
            89.8726,
            26.453539
          ],
          [
            89.872976,
            26.453254
          ],
          [
            89.873703,
            26.452666
          ],
          [
            89.874979,
            26.451633
          ],
          [
            89.876208,
            26.450641
          ],
          [
            89.881822,
            26.446434
          ],
          [
            89.882215,
            26.446143
          ],
          [
            89.882557,
            26.44585
          ],
          [
            89.882881,
            26.445537
          ],
          [
            89.883222,
            26.445117
          ],
          [
            89.884097,
            26.443718
          ],
          [
            89.884509,
            26.44299
          ],
          [
            89.88489,
            26.442347
          ],
          [
            89.885174,
            26.441935
          ],
          [
            89.885427,
            26.441655
          ],
          [
            89.88573,
            26.441366
          ],
          [
            89.886001,
            26.441147
          ],
          [
            89.886261,
            26.44096
          ],
          [
            89.886553,
            26.440777
          ],
          [
            89.886993,
            26.440559
          ],
          [
            89.887398,
            26.440386
          ],
          [
            89.887878,
            26.440232
          ],
          [
            89.888399,
            26.440114
          ],
          [
            89.895489,
            26.438676
          ],
          [
            89.899596,
            26.437842
          ],
          [
            89.90139,
            26.437492
          ],
          [
            89.901982,
            26.437436
          ],
          [
            89.902515,
            26.437419
          ],
          [
            89.902909,
            26.437439
          ],
          [
            89.903304,
            26.437474
          ],
          [
            89.90402,
            26.437595
          ],
          [
            89.904444,
            26.437701
          ],
          [
            89.90487,
            26.437833
          ],
          [
            89.905161,
            26.437933
          ],
          [
            89.905454,
            26.438046
          ],
          [
            89.905743,
            26.438179
          ],
          [
            89.906033,
            26.43833
          ],
          [
            89.906513,
            26.438627
          ],
          [
            89.906953,
            26.438939
          ],
          [
            89.907173,
            26.439112
          ],
          [
            89.907378,
            26.439298
          ],
          [
            89.907751,
            26.43968
          ],
          [
            89.907968,
            26.439939
          ],
          [
            89.908374,
            26.440461
          ],
          [
            89.911785,
            26.445282
          ],
          [
            89.911941,
            26.445482
          ],
          [
            89.912193,
            26.445821
          ],
          [
            89.912365,
            26.446016
          ],
          [
            89.912628,
            26.446297
          ],
          [
            89.912836,
            26.446473
          ],
          [
            89.913114,
            26.446688
          ],
          [
            89.913451,
            26.446887
          ],
          [
            89.913772,
            26.447046
          ],
          [
            89.914287,
            26.44726
          ],
          [
            89.914687,
            26.447373
          ],
          [
            89.91519,
            26.447459
          ],
          [
            89.915322,
            26.447482
          ],
          [
            89.915448,
            26.447492
          ],
          [
            89.915838,
            26.447524
          ],
          [
            89.916603,
            26.447486
          ],
          [
            89.917313,
            26.447393
          ],
          [
            89.918145,
            26.447299
          ],
          [
            89.919452,
            26.447147
          ],
          [
            89.920128,
            26.447066
          ],
          [
            89.920666,
            26.447002
          ],
          [
            89.921093,
            26.44695
          ],
          [
            89.921662,
            26.446881
          ],
          [
            89.921843,
            26.446859
          ],
          [
            89.923301,
            26.446687
          ],
          [
            89.923476,
            26.446666
          ],
          [
            89.924439,
            26.44655
          ],
          [
            89.925681,
            26.446404
          ],
          [
            89.926726,
            26.44628
          ],
          [
            89.928335,
            26.446089
          ],
          [
            89.929643,
            26.445915
          ],
          [
            89.93028,
            26.445831
          ],
          [
            89.93102,
            26.445733
          ],
          [
            89.932686,
            26.445518
          ],
          [
            89.932862,
            26.445496
          ],
          [
            89.933266,
            26.445445
          ],
          [
            89.9341,
            26.445338
          ],
          [
            89.935461,
            26.44515
          ],
          [
            89.936906,
            26.444945
          ],
          [
            89.938301,
            26.444752
          ],
          [
            89.939144,
            26.444641
          ],
          [
            89.939915,
            26.44454
          ],
          [
            89.941121,
            26.444362
          ],
          [
            89.942208,
            26.444207
          ],
          [
            89.942714,
            26.444145
          ],
          [
            89.943413,
            26.44403
          ],
          [
            89.944195,
            26.443915
          ],
          [
            89.944647,
            26.443844
          ],
          [
            89.945674,
            26.443704
          ],
          [
            89.946076,
            26.443652
          ],
          [
            89.946756,
            26.443621
          ],
          [
            89.947336,
            26.443631
          ],
          [
            89.948166,
            26.443677
          ],
          [
            89.948508,
            26.443709
          ],
          [
            89.949507,
            26.443803
          ],
          [
            89.950196,
            26.443857
          ],
          [
            89.950744,
            26.443892
          ],
          [
            89.95115,
            26.44392
          ],
          [
            89.951705,
            26.443946
          ],
          [
            89.951918,
            26.443962
          ],
          [
            89.952077,
            26.443974
          ],
          [
            89.952708,
            26.444004
          ],
          [
            89.953094,
            26.444027
          ],
          [
            89.953832,
            26.444074
          ],
          [
            89.955366,
            26.444176
          ],
          [
            89.956766,
            26.444259
          ],
          [
            89.957389,
            26.444302
          ],
          [
            89.958421,
            26.444371
          ],
          [
            89.959282,
            26.444434
          ],
          [
            89.960115,
            26.444487
          ],
          [
            89.960968,
            26.444542
          ],
          [
            89.962601,
            26.44464
          ],
          [
            89.963698,
            26.444714
          ],
          [
            89.966919,
            26.444943
          ],
          [
            89.967658,
            26.444993
          ],
          [
            89.968212,
            26.445036
          ],
          [
            89.968756,
            26.445074
          ],
          [
            89.969455,
            26.445122
          ],
          [
            89.970265,
            26.44517
          ],
          [
            89.971196,
            26.445244
          ],
          [
            89.972113,
            26.445308
          ],
          [
            89.972285,
            26.445318
          ],
          [
            89.974097,
            26.445439
          ],
          [
            89.974472,
            26.445468
          ],
          [
            89.974844,
            26.445515
          ],
          [
            89.975216,
            26.445563
          ],
          [
            89.975588,
            26.445631
          ],
          [
            89.976102,
            26.445734
          ],
          [
            89.976645,
            26.445859
          ],
          [
            89.977131,
            26.445971
          ],
          [
            89.977391,
            26.44603
          ],
          [
            89.97966,
            26.446521
          ],
          [
            89.983476,
            26.447347
          ],
          [
            89.983648,
            26.447386
          ],
          [
            89.984326,
            26.447534
          ],
          [
            89.985613,
            26.44784
          ],
          [
            89.98599,
            26.44793
          ],
          [
            89.986326,
            26.448035
          ],
          [
            89.986543,
            26.448107
          ],
          [
            89.986918,
            26.448255
          ],
          [
            89.987266,
            26.448417
          ],
          [
            89.987737,
            26.448662
          ],
          [
            89.988103,
            26.448897
          ],
          [
            89.988471,
            26.449176
          ],
          [
            89.988822,
            26.449476
          ],
          [
            89.989045,
            26.44968
          ],
          [
            89.989136,
            26.449784
          ],
          [
            89.989779,
            26.4505
          ],
          [
            89.990076,
            26.450823
          ],
          [
            89.990337,
            26.451098
          ],
          [
            89.990589,
            26.451379
          ],
          [
            89.99107,
            26.451895
          ],
          [
            89.991527,
            26.452442
          ],
          [
            89.994582,
            26.456267
          ],
          [
            89.996942,
            26.459245
          ],
          [
            89.997688,
            26.46021
          ],
          [
            89.998214,
            26.460971
          ],
          [
            89.998581,
            26.46148
          ],
          [
            89.999715,
            26.462921
          ],
          [
            90.00278,
            26.466787
          ],
          [
            90.005261,
            26.469914
          ],
          [
            90.009135,
            26.474797
          ],
          [
            90.009444,
            26.47517
          ],
          [
            90.012051,
            26.478477
          ],
          [
            90.01486,
            26.482098
          ],
          [
            90.017242,
            26.485042
          ],
          [
            90.018602,
            26.486703
          ],
          [
            90.018743,
            26.486901
          ],
          [
            90.018867,
            26.487098
          ],
          [
            90.018969,
            26.487257
          ],
          [
            90.019063,
            26.487429
          ],
          [
            90.019256,
            26.487778
          ],
          [
            90.01955,
            26.48837
          ],
          [
            90.020811,
            26.490905
          ],
          [
            90.021611,
            26.492512
          ],
          [
            90.022504,
            26.494313
          ],
          [
            90.022694,
            26.49485
          ],
          [
            90.022748,
            26.495243
          ],
          [
            90.022767,
            26.495671
          ],
          [
            90.022606,
            26.502565
          ],
          [
            90.022563,
            26.503097
          ],
          [
            90.022472,
            26.503616
          ],
          [
            90.022329,
            26.504211
          ],
          [
            90.022193,
            26.50463
          ],
          [
            90.021107,
            26.507426
          ],
          [
            90.021034,
            26.507622
          ],
          [
            90.020979,
            26.507818
          ],
          [
            90.020915,
            26.508149
          ],
          [
            90.020894,
            26.508355
          ],
          [
            90.020893,
            26.50856
          ],
          [
            90.020901,
            26.508834
          ],
          [
            90.020936,
            26.509093
          ],
          [
            90.020988,
            26.509329
          ],
          [
            90.021071,
            26.509595
          ],
          [
            90.021215,
            26.509944
          ],
          [
            90.021376,
            26.510287
          ],
          [
            90.022229,
            26.512039
          ],
          [
            90.022549,
            26.512518
          ],
          [
            90.022737,
            26.512745
          ],
          [
            90.022952,
            26.51296
          ],
          [
            90.023185,
            26.513158
          ],
          [
            90.023443,
            26.513336
          ],
          [
            90.024008,
            26.513654
          ],
          [
            90.02639,
            26.514824
          ],
          [
            90.027057,
            26.515155
          ],
          [
            90.027604,
            26.515407
          ],
          [
            90.027997,
            26.515576
          ],
          [
            90.028713,
            26.515828
          ],
          [
            90.029705,
            26.51611
          ],
          [
            90.034173,
            26.517526
          ],
          [
            90.036236,
            26.518272
          ],
          [
            90.037519,
            26.518753
          ],
          [
            90.038374,
            26.519078
          ],
          [
            90.038678,
            26.519211
          ],
          [
            90.038962,
            26.519359
          ],
          [
            90.03929,
            26.519565
          ],
          [
            90.039589,
            26.519797
          ],
          [
            90.039871,
            26.520043
          ],
          [
            90.040126,
            26.520314
          ],
          [
            90.040335,
            26.520587
          ],
          [
            90.040517,
            26.520875
          ],
          [
            90.040674,
            26.521179
          ],
          [
            90.040804,
            26.521492
          ],
          [
            90.040905,
            26.52182
          ],
          [
            90.040976,
            26.522147
          ],
          [
            90.041019,
            26.522479
          ],
          [
            90.04103,
            26.522822
          ],
          [
            90.041008,
            26.523174
          ],
          [
            90.040941,
            26.523534
          ],
          [
            90.040864,
            26.523863
          ],
          [
            90.040756,
            26.524206
          ],
          [
            90.040052,
            26.526122
          ],
          [
            90.039938,
            26.526467
          ],
          [
            90.039844,
            26.526813
          ],
          [
            90.039776,
            26.52717
          ],
          [
            90.039726,
            26.527525
          ],
          [
            90.039705,
            26.527888
          ],
          [
            90.039699,
            26.528248
          ],
          [
            90.039717,
            26.528604
          ],
          [
            90.039756,
            26.528953
          ],
          [
            90.039839,
            26.529316
          ],
          [
            90.039939,
            26.529672
          ],
          [
            90.040056,
            26.53002
          ],
          [
            90.04019,
            26.53036
          ],
          [
            90.040353,
            26.530693
          ],
          [
            90.04054,
            26.531016
          ],
          [
            90.040944,
            26.531633
          ],
          [
            90.044715,
            26.536928
          ],
          [
            90.046879,
            26.539925
          ],
          [
            90.052075,
            26.547122
          ],
          [
            90.053579,
            26.548992
          ],
          [
            90.053961,
            26.549443
          ],
          [
            90.055155,
            26.550897
          ],
          [
            90.055571,
            26.551438
          ],
          [
            90.055772,
            26.551707
          ],
          [
            90.056326,
            26.552485
          ],
          [
            90.056685,
            26.553056
          ],
          [
            90.05706,
            26.553732
          ],
          [
            90.058311,
            26.556296
          ],
          [
            90.058467,
            26.556634
          ],
          [
            90.059592,
            26.559072
          ],
          [
            90.05977,
            26.559412
          ],
          [
            90.059969,
            26.559744
          ],
          [
            90.060139,
            26.559959
          ],
          [
            90.060326,
            26.560166
          ],
          [
            90.060524,
            26.560354
          ],
          [
            90.060743,
            26.560538
          ],
          [
            90.060973,
            26.560713
          ],
          [
            90.06122,
            26.560865
          ],
          [
            90.061492,
            26.561007
          ],
          [
            90.061781,
            26.561124
          ],
          [
            90.062086,
            26.561232
          ],
          [
            90.062723,
            26.561416
          ],
          [
            90.069757,
            26.56309
          ],
          [
            90.070334,
            26.563217
          ],
          [
            90.070635,
            26.563263
          ],
          [
            90.070946,
            26.563305
          ],
          [
            90.071262,
            26.563334
          ],
          [
            90.071587,
            26.563358
          ],
          [
            90.07191,
            26.563371
          ],
          [
            90.072231,
            26.563378
          ],
          [
            90.072559,
            26.563371
          ],
          [
            90.072874,
            26.563361
          ],
          [
            90.073196,
            26.56334
          ],
          [
            90.073487,
            26.563312
          ],
          [
            90.073801,
            26.563272
          ],
          [
            90.074105,
            26.563228
          ],
          [
            90.074422,
            26.563169
          ],
          [
            90.074726,
            26.563106
          ],
          [
            90.075054,
            26.563028
          ],
          [
            90.075684,
            26.562837
          ],
          [
            90.080499,
            26.561375
          ],
          [
            90.081021,
            26.561217
          ],
          [
            90.08175,
            26.560997
          ],
          [
            90.081971,
            26.560944
          ],
          [
            90.082393,
            26.560844
          ],
          [
            90.083055,
            26.560677
          ],
          [
            90.083739,
            26.560485
          ],
          [
            90.084026,
            26.560394
          ],
          [
            90.08431,
            26.560266
          ],
          [
            90.084608,
            26.560144
          ],
          [
            90.084908,
            26.559981
          ],
          [
            90.085206,
            26.559787
          ],
          [
            90.085509,
            26.559563
          ],
          [
            90.085734,
            26.559372
          ],
          [
            90.085935,
            26.559168
          ],
          [
            90.086139,
            26.558924
          ],
          [
            90.08633,
            26.55867
          ],
          [
            90.086643,
            26.558147
          ],
          [
            90.089174,
            26.5536
          ],
          [
            90.089326,
            26.553348
          ],
          [
            90.089493,
            26.553101
          ],
          [
            90.089669,
            26.552862
          ],
          [
            90.08987,
            26.55263
          ],
          [
            90.089983,
            26.552506
          ],
          [
            90.090101,
            26.552398
          ],
          [
            90.090224,
            26.552288
          ],
          [
            90.090348,
            26.552191
          ],
          [
            90.090478,
            26.552095
          ],
          [
            90.090617,
            26.552005
          ],
          [
            90.090763,
            26.551905
          ],
          [
            90.090944,
            26.551806
          ],
          [
            90.091097,
            26.551722
          ],
          [
            90.09127,
            26.551645
          ],
          [
            90.091419,
            26.55158
          ],
          [
            90.0916,
            26.551508
          ],
          [
            90.091776,
            26.551447
          ],
          [
            90.091961,
            26.55139
          ],
          [
            90.092166,
            26.551336
          ],
          [
            90.092394,
            26.551293
          ],
          [
            90.092572,
            26.551264
          ],
          [
            90.092768,
            26.551239
          ],
          [
            90.092968,
            26.551221
          ],
          [
            90.093176,
            26.551219
          ],
          [
            90.093352,
            26.551215
          ],
          [
            90.093525,
            26.551224
          ],
          [
            90.093971,
            26.551271
          ],
          [
            90.095892,
            26.551661
          ],
          [
            90.09638,
            26.551754
          ],
          [
            90.096632,
            26.551788
          ],
          [
            90.09688,
            26.551804
          ],
          [
            90.097113,
            26.551813
          ],
          [
            90.097351,
            26.551808
          ],
          [
            90.097612,
            26.551792
          ],
          [
            90.097824,
            26.551772
          ],
          [
            90.097893,
            26.551766
          ],
          [
            90.098134,
            26.551725
          ],
          [
            90.098382,
            26.551659
          ],
          [
            90.098615,
            26.551594
          ],
          [
            90.098858,
            26.551516
          ],
          [
            90.099294,
            26.551321
          ],
          [
            90.099509,
            26.551212
          ],
          [
            90.099714,
            26.551085
          ],
          [
            90.100396,
            26.550601
          ],
          [
            90.100717,
            26.550312
          ],
          [
            90.100902,
            26.549935
          ],
          [
            90.10106,
            26.549671
          ],
          [
            90.101166,
            26.549457
          ],
          [
            90.101267,
            26.549225
          ],
          [
            90.101337,
            26.549053
          ],
          [
            90.101396,
            26.548869
          ],
          [
            90.1015,
            26.548474
          ],
          [
            90.102273,
            26.544616
          ],
          [
            90.102342,
            26.544311
          ],
          [
            90.102546,
            26.543711
          ],
          [
            90.102694,
            26.543397
          ],
          [
            90.102879,
            26.543152
          ],
          [
            90.103085,
            26.542915
          ],
          [
            90.103346,
            26.542694
          ],
          [
            90.103903,
            26.542264
          ],
          [
            90.104762,
            26.541768
          ],
          [
            90.106408,
            26.540713
          ],
          [
            90.106909,
            26.540367
          ],
          [
            90.107146,
            26.540187
          ],
          [
            90.107258,
            26.54009
          ],
          [
            90.107353,
            26.539994
          ],
          [
            90.107571,
            26.539762
          ],
          [
            90.107766,
            26.539517
          ],
          [
            90.107905,
            26.539316
          ],
          [
            90.108028,
            26.539127
          ],
          [
            90.10949,
            26.536814
          ],
          [
            90.10966,
            26.536576
          ],
          [
            90.109781,
            26.536398
          ],
          [
            90.109926,
            26.536214
          ],
          [
            90.110018,
            26.536105
          ],
          [
            90.11012,
            26.536008
          ],
          [
            90.110222,
            26.535906
          ],
          [
            90.110356,
            26.535787
          ],
          [
            90.110511,
            26.535674
          ],
          [
            90.110817,
            26.535458
          ],
          [
            90.112441,
            26.53445
          ],
          [
            90.112781,
            26.534243
          ],
          [
            90.113275,
            26.533986
          ],
          [
            90.113709,
            26.533783
          ],
          [
            90.114768,
            26.53332
          ],
          [
            90.115197,
            26.533146
          ],
          [
            90.115481,
            26.533051
          ],
          [
            90.115698,
            26.532994
          ],
          [
            90.115942,
            26.532943
          ],
          [
            90.116195,
            26.532908
          ],
          [
            90.116447,
            26.532903
          ],
          [
            90.116685,
            26.532906
          ],
          [
            90.116968,
            26.532928
          ],
          [
            90.117164,
            26.532961
          ],
          [
            90.117347,
            26.532978
          ],
          [
            90.117612,
            26.533019
          ],
          [
            90.117851,
            26.533101
          ],
          [
            90.118082,
            26.533199
          ],
          [
            90.118299,
            26.533299
          ],
          [
            90.11852,
            26.533416
          ],
          [
            90.120023,
            26.534317
          ],
          [
            90.120304,
            26.534499
          ],
          [
            90.120567,
            26.53468
          ],
          [
            90.120765,
            26.534827
          ],
          [
            90.120948,
            26.534983
          ],
          [
            90.121155,
            26.535183
          ],
          [
            90.121361,
            26.535401
          ],
          [
            90.121536,
            26.535604
          ],
          [
            90.121698,
            26.535813
          ],
          [
            90.127955,
            26.544062
          ],
          [
            90.128408,
            26.54461
          ],
          [
            90.128882,
            26.545138
          ],
          [
            90.129568,
            26.545803
          ],
          [
            90.130277,
            26.546452
          ],
          [
            90.130664,
            26.5468
          ],
          [
            90.131064,
            26.547145
          ],
          [
            90.132667,
            26.548484
          ],
          [
            90.133216,
            26.548944
          ],
          [
            90.133784,
            26.549384
          ],
          [
            90.134678,
            26.550043
          ],
          [
            90.135642,
            26.550667
          ],
          [
            90.136334,
            26.551075
          ],
          [
            90.13714,
            26.551513
          ],
          [
            90.137208,
            26.551565
          ],
          [
            90.140035,
            26.553029
          ],
          [
            90.140415,
            26.553213
          ],
          [
            90.140805,
            26.553378
          ],
          [
            90.14123,
            26.553514
          ],
          [
            90.141673,
            26.553625
          ],
          [
            90.142099,
            26.553697
          ],
          [
            90.142559,
            26.553732
          ],
          [
            90.143464,
            26.553744
          ],
          [
            90.147876,
            26.553707
          ],
          [
            90.148252,
            26.553696
          ],
          [
            90.148491,
            26.553692
          ],
          [
            90.152729,
            26.55362
          ],
          [
            90.154234,
            26.553555
          ],
          [
            90.154622,
            26.553521
          ],
          [
            90.154933,
            26.55348
          ],
          [
            90.155257,
            26.553419
          ],
          [
            90.155539,
            26.553337
          ],
          [
            90.155745,
            26.553275
          ],
          [
            90.155989,
            26.553187
          ],
          [
            90.156546,
            26.552953
          ],
          [
            90.158101,
            26.552325
          ],
          [
            90.158216,
            26.552279
          ],
          [
            90.159653,
            26.551707
          ],
          [
            90.160097,
            26.551539
          ],
          [
            90.160291,
            26.551474
          ],
          [
            90.160485,
            26.55142
          ],
          [
            90.160745,
            26.551365
          ],
          [
            90.160972,
            26.551321
          ],
          [
            90.161251,
            26.551272
          ],
          [
            90.161529,
            26.551248
          ],
          [
            90.162284,
            26.551195
          ],
          [
            90.163187,
            26.55117
          ],
          [
            90.164111,
            26.551118
          ],
          [
            90.164665,
            26.551066
          ],
          [
            90.165127,
            26.55105
          ],
          [
            90.165433,
            26.551045
          ],
          [
            90.165735,
            26.551083
          ],
          [
            90.165983,
            26.551121
          ],
          [
            90.166225,
            26.551172
          ],
          [
            90.166463,
            26.551234
          ],
          [
            90.166703,
            26.551315
          ],
          [
            90.166951,
            26.5514
          ],
          [
            90.16719,
            26.551502
          ],
          [
            90.16742,
            26.551609
          ],
          [
            90.167643,
            26.551735
          ],
          [
            90.167851,
            26.551859
          ],
          [
            90.168048,
            26.551987
          ],
          [
            90.168236,
            26.552122
          ],
          [
            90.168416,
            26.552271
          ],
          [
            90.169121,
            26.552887
          ],
          [
            90.172024,
            26.555461
          ],
          [
            90.172327,
            26.555714
          ],
          [
            90.172463,
            26.555819
          ],
          [
            90.172607,
            26.555918
          ],
          [
            90.172755,
            26.556018
          ],
          [
            90.172913,
            26.556118
          ],
          [
            90.173056,
            26.556197
          ],
          [
            90.173208,
            26.556271
          ],
          [
            90.173925,
            26.556609
          ],
          [
            90.177705,
            26.55837
          ],
          [
            90.178252,
            26.558647
          ],
          [
            90.178496,
            26.558793
          ],
          [
            90.178901,
            26.559071
          ],
          [
            90.179412,
            26.559495
          ],
          [
            90.186504,
            26.565546
          ],
          [
            90.187111,
            26.566011
          ],
          [
            90.188485,
            26.567163
          ],
          [
            90.188984,
            26.567586
          ],
          [
            90.18942,
            26.567924
          ],
          [
            90.189777,
            26.568161
          ],
          [
            90.189962,
            26.568283
          ],
          [
            90.190161,
            26.568397
          ],
          [
            90.190334,
            26.568493
          ],
          [
            90.190517,
            26.568576
          ],
          [
            90.190704,
            26.568659
          ],
          [
            90.1909,
            26.568734
          ],
          [
            90.191089,
            26.568806
          ],
          [
            90.191287,
            26.568877
          ],
          [
            90.191487,
            26.568939
          ],
          [
            90.191692,
            26.568992
          ],
          [
            90.191896,
            26.569045
          ],
          [
            90.192086,
            26.569085
          ],
          [
            90.192288,
            26.569125
          ],
          [
            90.192486,
            26.569152
          ],
          [
            90.192907,
            26.569205
          ],
          [
            90.193344,
            26.569227
          ],
          [
            90.1939,
            26.569234
          ],
          [
            90.194498,
            26.569227
          ],
          [
            90.195016,
            26.569166
          ],
          [
            90.195934,
            26.568943
          ],
          [
            90.196265,
            26.568809
          ],
          [
            90.196748,
            26.568574
          ],
          [
            90.197083,
            26.568398
          ],
          [
            90.198166,
            26.56773
          ],
          [
            90.19894,
            26.567267
          ],
          [
            90.199708,
            26.566765
          ],
          [
            90.199941,
            26.566646
          ],
          [
            90.200188,
            26.566535
          ],
          [
            90.200452,
            26.566436
          ],
          [
            90.200733,
            26.566356
          ],
          [
            90.201016,
            26.566299
          ],
          [
            90.201155,
            26.566278
          ],
          [
            90.201307,
            26.566267
          ],
          [
            90.20145,
            26.566257
          ],
          [
            90.201596,
            26.566257
          ],
          [
            90.201744,
            26.566256
          ],
          [
            90.201898,
            26.566264
          ],
          [
            90.202047,
            26.566274
          ],
          [
            90.202194,
            26.566294
          ],
          [
            90.202338,
            26.56632
          ],
          [
            90.202483,
            26.56635
          ],
          [
            90.202625,
            26.566383
          ],
          [
            90.202759,
            26.566424
          ],
          [
            90.203038,
            26.566518
          ],
          [
            90.203299,
            26.566631
          ],
          [
            90.203541,
            26.566759
          ],
          [
            90.203786,
            26.566908
          ],
          [
            90.204019,
            26.567073
          ],
          [
            90.205389,
            26.568099
          ],
          [
            90.205628,
            26.568277
          ],
          [
            90.205881,
            26.568445
          ],
          [
            90.206149,
            26.568597
          ],
          [
            90.206431,
            26.56874
          ],
          [
            90.206727,
            26.568854
          ],
          [
            90.207036,
            26.568952
          ],
          [
            90.207347,
            26.56903
          ],
          [
            90.207678,
            26.569083
          ],
          [
            90.207996,
            26.569118
          ],
          [
            90.208316,
            26.569126
          ],
          [
            90.208587,
            26.569122
          ],
          [
            90.208759,
            26.569114
          ],
          [
            90.208966,
            26.569095
          ],
          [
            90.209251,
            26.569049
          ],
          [
            90.209534,
            26.568984
          ],
          [
            90.210265,
            26.568814
          ],
          [
            90.212447,
            26.568187
          ],
          [
            90.215359,
            26.567268
          ],
          [
            90.216688,
            26.566877
          ],
          [
            90.217113,
            26.56677
          ],
          [
            90.217347,
            26.566721
          ],
          [
            90.217609,
            26.566671
          ],
          [
            90.217872,
            26.566636
          ],
          [
            90.218128,
            26.566612
          ],
          [
            90.218404,
            26.566607
          ],
          [
            90.218668,
            26.566608
          ],
          [
            90.218937,
            26.566628
          ],
          [
            90.219204,
            26.566656
          ],
          [
            90.219461,
            26.5667
          ],
          [
            90.221429,
            26.56708
          ],
          [
            90.221753,
            26.567123
          ],
          [
            90.22212,
            26.56716
          ],
          [
            90.222594,
            26.567148
          ],
          [
            90.222778,
            26.567137
          ],
          [
            90.222977,
            26.567113
          ],
          [
            90.223719,
            26.566998
          ],
          [
            90.224089,
            26.566947
          ],
          [
            90.226175,
            26.56661
          ],
          [
            90.228186,
            26.566383
          ],
          [
            90.228705,
            26.566253
          ],
          [
            90.230238,
            26.566088
          ],
          [
            90.231357,
            26.565897
          ],
          [
            90.233265,
            26.565674
          ],
          [
            90.238216,
            26.565121
          ],
          [
            90.255521,
            26.56319
          ],
          [
            90.257823,
            26.562945
          ],
          [
            90.258704,
            26.562833
          ],
          [
            90.259619,
            26.562676
          ],
          [
            90.260664,
            26.562487
          ],
          [
            90.261023,
            26.562429
          ],
          [
            90.261384,
            26.562388
          ],
          [
            90.261772,
            26.562362
          ],
          [
            90.261955,
            26.562364
          ],
          [
            90.262156,
            26.562369
          ],
          [
            90.262363,
            26.562386
          ],
          [
            90.263137,
            26.562493
          ],
          [
            90.264159,
            26.56264
          ],
          [
            90.264611,
            26.562697
          ],
          [
            90.265063,
            26.562746
          ],
          [
            90.265515,
            26.562769
          ],
          [
            90.265756,
            26.562776
          ],
          [
            90.265997,
            26.562773
          ],
          [
            90.266216,
            26.562763
          ],
          [
            90.26644,
            26.562737
          ],
          [
            90.266656,
            26.562709
          ],
          [
            90.266883,
            26.562668
          ],
          [
            90.267301,
            26.562572
          ],
          [
            90.267739,
            26.562448
          ],
          [
            90.269237,
            26.561902
          ],
          [
            90.269455,
            26.561831
          ],
          [
            90.269673,
            26.561769
          ],
          [
            90.269899,
            26.561712
          ],
          [
            90.270135,
            26.56166
          ],
          [
            90.270486,
            26.561603
          ],
          [
            90.272073,
            26.561396
          ],
          [
            90.275144,
            26.560895
          ],
          [
            90.275543,
            26.560846
          ],
          [
            90.275948,
            26.560803
          ],
          [
            90.276802,
            26.560743
          ],
          [
            90.277271,
            26.560721
          ],
          [
            90.28401,
            26.560013
          ],
          [
            90.284417,
            26.559981
          ],
          [
            90.284767,
            26.559938
          ],
          [
            90.285119,
            26.559891
          ],
          [
            90.285473,
            26.55982
          ],
          [
            90.285806,
            26.559728
          ],
          [
            90.286138,
            26.559609
          ],
          [
            90.286453,
            26.559476
          ],
          [
            90.28677,
            26.55932
          ],
          [
            90.288402,
            26.558404
          ],
          [
            90.288566,
            26.558315
          ],
          [
            90.288744,
            26.558226
          ],
          [
            90.288912,
            26.558162
          ],
          [
            90.289118,
            26.558083
          ],
          [
            90.289306,
            26.558014
          ],
          [
            90.289498,
            26.55795
          ],
          [
            90.289703,
            26.557896
          ],
          [
            90.289915,
            26.557846
          ],
          [
            90.290124,
            26.557805
          ],
          [
            90.290349,
            26.557771
          ],
          [
            90.290565,
            26.557742
          ],
          [
            90.290794,
            26.557724
          ],
          [
            90.291013,
            26.557714
          ],
          [
            90.291232,
            26.557711
          ],
          [
            90.291453,
            26.557717
          ],
          [
            90.291749,
            26.557731
          ],
          [
            90.291882,
            26.557758
          ],
          [
            90.29209,
            26.557795
          ],
          [
            90.292288,
            26.55783
          ],
          [
            90.29248,
            26.557882
          ],
          [
            90.293301,
            26.558103
          ],
          [
            90.293751,
            26.558242
          ],
          [
            90.294606,
            26.558473
          ],
          [
            90.294869,
            26.55854
          ],
          [
            90.295138,
            26.558597
          ],
          [
            90.295408,
            26.558639
          ],
          [
            90.295695,
            26.558664
          ],
          [
            90.296103,
            26.558659
          ],
          [
            90.296454,
            26.558635
          ],
          [
            90.296829,
            26.558598
          ],
          [
            90.300437,
            26.55816
          ],
          [
            90.308159,
            26.557193
          ],
          [
            90.311466,
            26.55678
          ],
          [
            90.312451,
            26.556657
          ],
          [
            90.324832,
            26.555006
          ],
          [
            90.326287,
            26.554759
          ],
          [
            90.326792,
            26.554701
          ],
          [
            90.32731,
            26.554685
          ],
          [
            90.32829,
            26.55475
          ],
          [
            90.329308,
            26.554846
          ],
          [
            90.330287,
            26.554906
          ],
          [
            90.330845,
            26.554904
          ],
          [
            90.331418,
            26.554845
          ],
          [
            90.331985,
            26.554743
          ],
          [
            90.332534,
            26.554585
          ],
          [
            90.334092,
            26.553956
          ],
          [
            90.334407,
            26.553834
          ],
          [
            90.334742,
            26.553724
          ],
          [
            90.335096,
            26.553627
          ],
          [
            90.335468,
            26.553551
          ],
          [
            90.341777,
            26.552756
          ],
          [
            90.342131,
            26.552723
          ],
          [
            90.342486,
            26.552688
          ],
          [
            90.34328,
            26.552612
          ],
          [
            90.343927,
            26.552515
          ],
          [
            90.344321,
            26.552433
          ],
          [
            90.344814,
            26.552293
          ],
          [
            90.345297,
            26.552125
          ],
          [
            90.345761,
            26.551924
          ],
          [
            90.346215,
            26.551696
          ],
          [
            90.3574,
            26.545202
          ],
          [
            90.357952,
            26.544964
          ],
          [
            90.358504,
            26.544793
          ],
          [
            90.359067,
            26.544697
          ],
          [
            90.35966,
            26.544673
          ],
          [
            90.360231,
            26.544733
          ],
          [
            90.360789,
            26.544877
          ],
          [
            90.361323,
            26.545079
          ],
          [
            90.361832,
            26.545373
          ],
          [
            90.362149,
            26.545612
          ],
          [
            90.364277,
            26.547493
          ],
          [
            90.364843,
            26.547964
          ],
          [
            90.365135,
            26.548161
          ],
          [
            90.365449,
            26.548341
          ],
          [
            90.365702,
            26.548461
          ],
          [
            90.365967,
            26.548564
          ],
          [
            90.366273,
            26.54867
          ],
          [
            90.366588,
            26.548756
          ],
          [
            90.367238,
            26.548881
          ],
          [
            90.368358,
            26.549075
          ],
          [
            90.36922,
            26.549256
          ],
          [
            90.369657,
            26.549392
          ],
          [
            90.37007,
            26.549544
          ],
          [
            90.372842,
            26.550678
          ],
          [
            90.372951,
            26.550723
          ],
          [
            90.373908,
            26.551065
          ],
          [
            90.374055,
            26.551116
          ],
          [
            90.376316,
            26.551663
          ],
          [
            90.378607,
            26.552222
          ],
          [
            90.380157,
            26.552591
          ],
          [
            90.390524,
            26.554279
          ],
          [
            90.391146,
            26.554387
          ],
          [
            90.391931,
            26.554483
          ],
          [
            90.392614,
            26.554504
          ],
          [
            90.3933,
            26.55446
          ],
          [
            90.393974,
            26.554357
          ],
          [
            90.394632,
            26.554203
          ],
          [
            90.39511,
            26.554105
          ],
          [
            90.395746,
            26.553757
          ],
          [
            90.39751,
            26.552797
          ],
          [
            90.397984,
            26.552589
          ],
          [
            90.398395,
            26.552456
          ],
          [
            90.398988,
            26.552332
          ],
          [
            90.399757,
            26.552301
          ],
          [
            90.402231,
            26.552236
          ],
          [
            90.403159,
            26.552237
          ],
          [
            90.405034,
            26.552139
          ],
          [
            90.405918,
            26.552123
          ],
          [
            90.415384,
            26.552189
          ],
          [
            90.416134,
            26.552159
          ],
          [
            90.416869,
            26.552039
          ],
          [
            90.417584,
            26.551852
          ],
          [
            90.418269,
            26.551585
          ],
          [
            90.418934,
            26.551238
          ],
          [
            90.419535,
            26.550864
          ],
          [
            90.420069,
            26.550408
          ],
          [
            90.420496,
            26.549926
          ],
          [
            90.420906,
            26.549454
          ],
          [
            90.424795,
            26.545156
          ],
          [
            90.42601,
            26.54403
          ],
          [
            90.426423,
            26.543707
          ],
          [
            90.426664,
            26.543538
          ],
          [
            90.426965,
            26.54337
          ],
          [
            90.427469,
            26.543094
          ],
          [
            90.431272,
            26.541232
          ],
          [
            90.433138,
            26.540375
          ],
          [
            90.434504,
            26.539738
          ],
          [
            90.434876,
            26.539617
          ],
          [
            90.435215,
            26.539517
          ],
          [
            90.435584,
            26.539438
          ],
          [
            90.443446,
            26.538363
          ],
          [
            90.44419,
            26.538195
          ],
          [
            90.444678,
            26.538034
          ],
          [
            90.445129,
            26.537811
          ],
          [
            90.445579,
            26.537472
          ],
          [
            90.446076,
            26.536967
          ],
          [
            90.44732,
            26.535273
          ],
          [
            90.447677,
            26.534861
          ],
          [
            90.448004,
            26.534586
          ],
          [
            90.448315,
            26.534372
          ],
          [
            90.448659,
            26.534185
          ],
          [
            90.449082,
            26.534024
          ],
          [
            90.449531,
            26.533901
          ],
          [
            90.450573,
            26.533663
          ],
          [
            90.45178,
            26.533373
          ],
          [
            90.456664,
            26.532037
          ],
          [
            90.456965,
            26.531939
          ],
          [
            90.457262,
            26.531817
          ],
          [
            90.457593,
            26.531643
          ],
          [
            90.45802,
            26.531366
          ],
          [
            90.459783,
            26.529993
          ],
          [
            90.46031,
            26.529668
          ],
          [
            90.460769,
            26.529467
          ],
          [
            90.461201,
            26.529335
          ],
          [
            90.461701,
            26.52922
          ],
          [
            90.464723,
            26.52867
          ],
          [
            90.465081,
            26.528606
          ],
          [
            90.467531,
            26.528171
          ],
          [
            90.468007,
            26.528075
          ],
          [
            90.468491,
            26.527954
          ],
          [
            90.468917,
            26.527827
          ],
          [
            90.471096,
            26.527135
          ],
          [
            90.473883,
            26.526226
          ],
          [
            90.474374,
            26.526071
          ],
          [
            90.477256,
            26.525178
          ],
          [
            90.477766,
            26.525014
          ],
          [
            90.47794,
            26.524957
          ],
          [
            90.485399,
            26.522963
          ],
          [
            90.485863,
            26.522839
          ],
          [
            90.488387,
            26.522204
          ],
          [
            90.493718,
            26.520821
          ],
          [
            90.498202,
            26.519676
          ],
          [
            90.501329,
            26.51882
          ],
          [
            90.50259,
            26.5185
          ],
          [
            90.50299,
            26.51839
          ],
          [
            90.503388,
            26.518275
          ],
          [
            90.503912,
            26.518109
          ],
          [
            90.504646,
            26.517848
          ],
          [
            90.504764,
            26.517806
          ],
          [
            90.505919,
            26.517372
          ],
          [
            90.507501,
            26.516772
          ],
          [
            90.507859,
            26.516637
          ],
          [
            90.509682,
            26.515992
          ],
          [
            90.51082,
            26.515619
          ],
          [
            90.511649,
            26.51541
          ],
          [
            90.511968,
            26.515336
          ],
          [
            90.512642,
            26.515163
          ],
          [
            90.512974,
            26.515083
          ],
          [
            90.513911,
            26.514856
          ],
          [
            90.51436,
            26.51474
          ],
          [
            90.51921,
            26.513368
          ],
          [
            90.519879,
            26.513201
          ],
          [
            90.522964,
            26.512353
          ],
          [
            90.526776,
            26.511336
          ],
          [
            90.529171,
            26.510737
          ],
          [
            90.530337,
            26.510432
          ],
          [
            90.533293,
            26.509658
          ],
          [
            90.537366,
            26.508556
          ],
          [
            90.538269,
            26.508302
          ],
          [
            90.539062,
            26.508094
          ],
          [
            90.541182,
            26.507532
          ],
          [
            90.542198,
            26.50726
          ],
          [
            90.544473,
            26.506595
          ],
          [
            90.545264,
            26.506327
          ],
          [
            90.546666,
            26.505815
          ],
          [
            90.547904,
            26.505407
          ],
          [
            90.548434,
            26.505216
          ],
          [
            90.551296,
            26.504185
          ],
          [
            90.551876,
            26.503984
          ],
          [
            90.552295,
            26.503839
          ],
          [
            90.552712,
            26.503671
          ],
          [
            90.55377,
            26.503247
          ],
          [
            90.553733,
            26.503116
          ],
          [
            90.553256,
            26.502057
          ],
          [
            90.553117,
            26.501741
          ],
          [
            90.553041,
            26.501575
          ],
          [
            90.552966,
            26.501412
          ],
          [
            90.552881,
            26.501225
          ],
          [
            90.552446,
            26.500453
          ],
          [
            90.552173,
            26.499942
          ],
          [
            90.552119,
            26.499793
          ],
          [
            90.552135,
            26.499662
          ],
          [
            90.552007,
            26.499284
          ],
          [
            90.551787,
            26.498497
          ],
          [
            90.551775,
            26.498452
          ],
          [
            90.55165,
            26.497801
          ],
          [
            90.55153,
            26.497058
          ],
          [
            90.55138,
            26.495986
          ],
          [
            90.551351,
            26.495734
          ],
          [
            90.551315,
            26.49518
          ],
          [
            90.551301,
            26.494933
          ],
          [
            90.551267,
            26.494609
          ],
          [
            90.55127,
            26.494259
          ],
          [
            90.551212,
            26.493664
          ],
          [
            90.551194,
            26.493304
          ],
          [
            90.551165,
            26.492701
          ],
          [
            90.55117,
            26.49196
          ],
          [
            90.55122,
            26.491191
          ],
          [
            90.551223,
            26.491152
          ],
          [
            90.551238,
            26.490922
          ],
          [
            90.551306,
            26.490045
          ],
          [
            90.551355,
            26.489309
          ],
          [
            90.551383,
            26.488922
          ],
          [
            90.551446,
            26.488543
          ],
          [
            90.55151,
            26.488289
          ],
          [
            90.551696,
            26.487671
          ],
          [
            90.55173,
            26.487555
          ],
          [
            90.551978,
            26.48685
          ],
          [
            90.552148,
            26.486437
          ],
          [
            90.552546,
            26.485511
          ],
          [
            90.552583,
            26.485433
          ],
          [
            90.552801,
            26.484965
          ],
          [
            90.553176,
            26.484232
          ],
          [
            90.553502,
            26.483585
          ],
          [
            90.553843,
            26.482921
          ],
          [
            90.554042,
            26.482558
          ],
          [
            90.554308,
            26.482106
          ],
          [
            90.554506,
            26.48176
          ],
          [
            90.554574,
            26.481784
          ],
          [
            90.554738,
            26.481818
          ],
          [
            90.554948,
            26.481868
          ],
          [
            90.555067,
            26.481895
          ],
          [
            90.555384,
            26.48196
          ],
          [
            90.555609,
            26.481991
          ],
          [
            90.555842,
            26.482037
          ],
          [
            90.556578,
            26.482186
          ],
          [
            90.556687,
            26.482204
          ],
          [
            90.55679,
            26.482225
          ],
          [
            90.556895,
            26.482257
          ],
          [
            90.55704,
            26.482286
          ],
          [
            90.557374,
            26.482357
          ],
          [
            90.557473,
            26.482382
          ],
          [
            90.557621,
            26.482396
          ],
          [
            90.557768,
            26.482437
          ],
          [
            90.557895,
            26.482459
          ],
          [
            90.558219,
            26.482492
          ],
          [
            90.558616,
            26.482548
          ],
          [
            90.558844,
            26.482569
          ],
          [
            90.559037,
            26.4826
          ],
          [
            90.559101,
            26.482606
          ],
          [
            90.559397,
            26.482634
          ],
          [
            90.559772,
            26.482684
          ],
          [
            90.55997,
            26.48271
          ],
          [
            90.56007,
            26.482723
          ],
          [
            90.560325,
            26.482759
          ],
          [
            90.560579,
            26.48279
          ],
          [
            90.561076,
            26.482867
          ],
          [
            90.561363,
            26.482905
          ],
          [
            90.561668,
            26.482944
          ],
          [
            90.561921,
            26.482968
          ],
          [
            90.562057,
            26.482994
          ],
          [
            90.56225,
            26.483009
          ],
          [
            90.562414,
            26.483035
          ],
          [
            90.56254,
            26.483061
          ],
          [
            90.562725,
            26.483083
          ],
          [
            90.562815,
            26.483093
          ],
          [
            90.562918,
            26.483105
          ],
          [
            90.5632,
            26.483133
          ],
          [
            90.563364,
            26.483167
          ],
          [
            90.563651,
            26.483215
          ],
          [
            90.563921,
            26.483255
          ],
          [
            90.564122,
            26.482269
          ],
          [
            90.564181,
            26.482053
          ],
          [
            90.564208,
            26.481931
          ],
          [
            90.564299,
            26.481419
          ],
          [
            90.564494,
            26.480234
          ],
          [
            90.564334,
            26.481205
          ],
          [
            90.564299,
            26.481419
          ],
          [
            90.564208,
            26.481931
          ],
          [
            90.564181,
            26.482053
          ],
          [
            90.564122,
            26.482269
          ],
          [
            90.563921,
            26.483255
          ],
          [
            90.563962,
            26.48327
          ],
          [
            90.564018,
            26.48334
          ],
          [
            90.564066,
            26.483465
          ],
          [
            90.564131,
            26.483666
          ],
          [
            90.564168,
            26.483815
          ],
          [
            90.564219,
            26.483983
          ],
          [
            90.564289,
            26.484137
          ],
          [
            90.564324,
            26.484264
          ],
          [
            90.564364,
            26.484367
          ],
          [
            90.564394,
            26.48442
          ],
          [
            90.564474,
            26.484473
          ],
          [
            90.564597,
            26.484495
          ],
          [
            90.564697,
            26.484516
          ],
          [
            90.564793,
            26.48454
          ],
          [
            90.565048,
            26.484591
          ],
          [
            90.565263,
            26.484627
          ],
          [
            90.565466,
            26.484655
          ],
          [
            90.565668,
            26.484689
          ],
          [
            90.565783,
            26.484704
          ],
          [
            90.565973,
            26.48472
          ],
          [
            90.566199,
            26.484742
          ],
          [
            90.566319,
            26.484752
          ],
          [
            90.566427,
            26.484759
          ],
          [
            90.566577,
            26.484761
          ],
          [
            90.566738,
            26.484761
          ],
          [
            90.567394,
            26.484773
          ],
          [
            90.567981,
            26.484791
          ],
          [
            90.568691,
            26.484759
          ],
          [
            90.569201,
            26.48485
          ],
          [
            90.569691,
            26.485147
          ],
          [
            90.569972,
            26.485531
          ],
          [
            90.570175,
            26.485916
          ],
          [
            90.570288,
            26.486705
          ],
          [
            90.5703,
            26.487151
          ],
          [
            90.570324,
            26.487988
          ],
          [
            90.57037,
            26.488806
          ],
          [
            90.570461,
            26.489359
          ],
          [
            90.570503,
            26.489553
          ],
          [
            90.570625,
            26.490126
          ],
          [
            90.570763,
            26.490542
          ],
          [
            90.571492,
            26.491058
          ],
          [
            90.572585,
            26.491853
          ],
          [
            90.573345,
            26.492424
          ],
          [
            90.574156,
            26.492844
          ],
          [
            90.574784,
            26.493237
          ],
          [
            90.575056,
            26.493506
          ],
          [
            90.575111,
            26.493678
          ],
          [
            90.575139,
            26.493802
          ],
          [
            90.577304,
            26.493097
          ],
          [
            90.580269,
            26.492238
          ],
          [
            90.581214,
            26.491996
          ],
          [
            90.581761,
            26.491778
          ],
          [
            90.583031,
            26.491034
          ],
          [
            90.583598,
            26.490604
          ],
          [
            90.584828,
            26.490024
          ],
          [
            90.585528,
            26.489862
          ],
          [
            90.586309,
            26.489885
          ],
          [
            90.587269,
            26.489948
          ],
          [
            90.588325,
            26.490008
          ],
          [
            90.5892,
            26.48995
          ],
          [
            90.590517,
            26.489748
          ],
          [
            90.591126,
            26.489655
          ],
          [
            90.593427,
            26.48927
          ],
          [
            90.596907,
            26.488638
          ],
          [
            90.597704,
            26.488483
          ],
          [
            90.599844,
            26.488138
          ],
          [
            90.601017,
            26.487958
          ],
          [
            90.601979,
            26.487907
          ],
          [
            90.603112,
            26.487967
          ],
          [
            90.603358,
            26.487985
          ],
          [
            90.604745,
            26.488085
          ],
          [
            90.606966,
            26.48822
          ],
          [
            90.609431,
            26.488436
          ],
          [
            90.610088,
            26.488479
          ],
          [
            90.610818,
            26.488605
          ],
          [
            90.611525,
            26.488829
          ],
          [
            90.612407,
            26.489169
          ],
          [
            90.613552,
            26.489572
          ],
          [
            90.613834,
            26.489679
          ],
          [
            90.614129,
            26.489772
          ],
          [
            90.614486,
            26.489847
          ],
          [
            90.614846,
            26.489883
          ],
          [
            90.615154,
            26.489878
          ],
          [
            90.615516,
            26.48983
          ],
          [
            90.615827,
            26.489789
          ],
          [
            90.616208,
            26.489708
          ],
          [
            90.617621,
            26.489318
          ],
          [
            90.618173,
            26.489166
          ],
          [
            90.618861,
            26.488976
          ],
          [
            90.619673,
            26.488788
          ],
          [
            90.622098,
            26.488346
          ],
          [
            90.624765,
            26.487886
          ],
          [
            90.625341,
            26.487789
          ],
          [
            90.625918,
            26.48772
          ],
          [
            90.626508,
            26.487665
          ],
          [
            90.627098,
            26.487626
          ],
          [
            90.627675,
            26.487602
          ],
          [
            90.628246,
            26.487597
          ],
          [
            90.629407,
            26.487612
          ],
          [
            90.631977,
            26.487722
          ],
          [
            90.632532,
            26.487725
          ],
          [
            90.633112,
            26.487712
          ],
          [
            90.642233,
            26.487209
          ],
          [
            90.642506,
            26.487209
          ],
          [
            90.642776,
            26.48723
          ],
          [
            90.64297,
            26.487284
          ],
          [
            90.643148,
            26.487372
          ],
          [
            90.64329,
            26.48747
          ],
          [
            90.643475,
            26.487629
          ],
          [
            90.644406,
            26.488945
          ],
          [
            90.644976,
            26.489719
          ],
          [
            90.645167,
            26.489998
          ],
          [
            90.645341,
            26.490296
          ],
          [
            90.645507,
            26.490613
          ],
          [
            90.645635,
            26.490908
          ],
          [
            90.646404,
            26.492788
          ],
          [
            90.64656,
            26.493165
          ],
          [
            90.647025,
            26.494364
          ],
          [
            90.647257,
            26.494974
          ],
          [
            90.647394,
            26.495284
          ],
          [
            90.647547,
            26.495594
          ],
          [
            90.647729,
            26.495889
          ],
          [
            90.647947,
            26.496167
          ],
          [
            90.648175,
            26.496403
          ],
          [
            90.648454,
            26.496639
          ],
          [
            90.648766,
            26.496847
          ],
          [
            90.649105,
            26.497053
          ],
          [
            90.649488,
            26.497206
          ],
          [
            90.649899,
            26.497329
          ],
          [
            90.6503,
            26.497396
          ],
          [
            90.650747,
            26.49743
          ],
          [
            90.651171,
            26.497428
          ],
          [
            90.651625,
            26.497407
          ],
          [
            90.655105,
            26.497207
          ],
          [
            90.656202,
            26.497125
          ],
          [
            90.657908,
            26.497048
          ],
          [
            90.658846,
            26.496957
          ],
          [
            90.659627,
            26.496775
          ],
          [
            90.660284,
            26.496499
          ],
          [
            90.660658,
            26.496268
          ],
          [
            90.660963,
            26.496024
          ],
          [
            90.661292,
            26.495681
          ],
          [
            90.661599,
            26.495317
          ],
          [
            90.66231,
            26.494368
          ],
          [
            90.66336,
            26.492991
          ],
          [
            90.663976,
            26.492183
          ],
          [
            90.664242,
            26.49177
          ],
          [
            90.664464,
            26.491323
          ],
          [
            90.664641,
            26.491009
          ],
          [
            90.66515,
            26.49001
          ],
          [
            90.665547,
            26.489151
          ],
          [
            90.666529,
            26.487177
          ],
          [
            90.667586,
            26.485079
          ],
          [
            90.668546,
            26.483245
          ],
          [
            90.669673,
            26.480959
          ],
          [
            90.670369,
            26.479475
          ],
          [
            90.670536,
            26.479135
          ],
          [
            90.670727,
            26.478808
          ],
          [
            90.670922,
            26.478549
          ],
          [
            90.671201,
            26.478249
          ],
          [
            90.671546,
            26.47791
          ],
          [
            90.672377,
            26.477435
          ],
          [
            90.673387,
            26.477162
          ],
          [
            90.67641,
            26.476697
          ],
          [
            90.679613,
            26.476145
          ],
          [
            90.680503,
            26.475991
          ],
          [
            90.681677,
            26.475866
          ],
          [
            90.682944,
            26.475833
          ],
          [
            90.684503,
            26.475894
          ],
          [
            90.685465,
            26.475957
          ],
          [
            90.686539,
            26.476182
          ],
          [
            90.688818,
            26.476741
          ],
          [
            90.68965,
            26.476927
          ],
          [
            90.690738,
            26.477073
          ],
          [
            90.692649,
            26.477172
          ],
          [
            90.693517,
            26.477263
          ],
          [
            90.694657,
            26.477487
          ],
          [
            90.695593,
            26.477748
          ],
          [
            90.696803,
            26.478154
          ],
          [
            90.697148,
            26.478279
          ],
          [
            90.700494,
            26.479599
          ],
          [
            90.700936,
            26.479747
          ],
          [
            90.701422,
            26.479855
          ],
          [
            90.701907,
            26.47991
          ],
          [
            90.702428,
            26.479932
          ],
          [
            90.702927,
            26.479879
          ],
          [
            90.703409,
            26.479752
          ],
          [
            90.70386,
            26.479596
          ],
          [
            90.704322,
            26.479407
          ],
          [
            90.707663,
            26.477626
          ],
          [
            90.708106,
            26.477431
          ],
          [
            90.708583,
            26.477247
          ],
          [
            90.709045,
            26.477101
          ],
          [
            90.709526,
            26.476977
          ],
          [
            90.712143,
            26.476314
          ],
          [
            90.714106,
            26.475829
          ],
          [
            90.714546,
            26.475744
          ],
          [
            90.714997,
            26.475669
          ],
          [
            90.71545,
            26.47561
          ],
          [
            90.715911,
            26.475572
          ],
          [
            90.71636,
            26.475541
          ],
          [
            90.716828,
            26.475533
          ],
          [
            90.717286,
            26.475538
          ],
          [
            90.717735,
            26.475552
          ],
          [
            90.719792,
            26.475693
          ],
          [
            90.721112,
            26.475693
          ],
          [
            90.723266,
            26.475657
          ],
          [
            90.723781,
            26.475617
          ],
          [
            90.724135,
            26.475565
          ],
          [
            90.724508,
            26.475478
          ],
          [
            90.724976,
            26.475333
          ],
          [
            90.726763,
            26.474674
          ],
          [
            90.72723,
            26.474477
          ],
          [
            90.727549,
            26.474333
          ],
          [
            90.727875,
            26.474147
          ],
          [
            90.728188,
            26.47395
          ],
          [
            90.729555,
            26.472953
          ],
          [
            90.729883,
            26.472722
          ],
          [
            90.730323,
            26.472463
          ],
          [
            90.730645,
            26.472309
          ],
          [
            90.730985,
            26.472171
          ],
          [
            90.732772,
            26.47146
          ],
          [
            90.733077,
            26.471339
          ],
          [
            90.736383,
            26.469932
          ],
          [
            90.737444,
            26.469529
          ],
          [
            90.738426,
            26.469219
          ],
          [
            90.739104,
            26.468996
          ],
          [
            90.739759,
            26.468755
          ],
          [
            90.74052,
            26.468419
          ],
          [
            90.741234,
            26.468063
          ],
          [
            90.741784,
            26.467756
          ],
          [
            90.744674,
            26.466142
          ],
          [
            90.745088,
            26.465937
          ],
          [
            90.745547,
            26.465752
          ],
          [
            90.745936,
            26.465644
          ],
          [
            90.746341,
            26.465567
          ],
          [
            90.746746,
            26.465533
          ],
          [
            90.747148,
            26.465543
          ],
          [
            90.747577,
            26.465588
          ],
          [
            90.748387,
            26.465699
          ],
          [
            90.750885,
            26.466075
          ],
          [
            90.751528,
            26.466187
          ],
          [
            90.751975,
            26.466332
          ],
          [
            90.752168,
            26.466404
          ],
          [
            90.752361,
            26.466488
          ],
          [
            90.752808,
            26.466731
          ],
          [
            90.753215,
            26.466964
          ],
          [
            90.75362,
            26.467204
          ],
          [
            90.755146,
            26.468081
          ],
          [
            90.756148,
            26.468658
          ],
          [
            90.758778,
            26.470138
          ],
          [
            90.759194,
            26.470333
          ],
          [
            90.759561,
            26.470453
          ],
          [
            90.75982,
            26.470518
          ],
          [
            90.76009,
            26.470571
          ],
          [
            90.760683,
            26.470626
          ],
          [
            90.761251,
            26.470638
          ],
          [
            90.763316,
            26.470672
          ],
          [
            90.765155,
            26.470724
          ],
          [
            90.76522,
            26.470725
          ],
          [
            90.766451,
            26.470758
          ],
          [
            90.767059,
            26.470771
          ],
          [
            90.768135,
            26.470782
          ],
          [
            90.769254,
            26.470773
          ],
          [
            90.772345,
            26.470656
          ],
          [
            90.774734,
            26.470603
          ],
          [
            90.776241,
            26.470583
          ],
          [
            90.777252,
            26.470578
          ],
          [
            90.778522,
            26.470549
          ],
          [
            90.779013,
            26.470506
          ],
          [
            90.779418,
            26.470442
          ],
          [
            90.779758,
            26.470373
          ],
          [
            90.78009,
            26.470297
          ],
          [
            90.781621,
            26.469902
          ],
          [
            90.781929,
            26.469818
          ],
          [
            90.782273,
            26.469723
          ],
          [
            90.78246,
            26.469664
          ],
          [
            90.782667,
            26.469604
          ],
          [
            90.786593,
            26.468506
          ],
          [
            90.791223,
            26.467212
          ],
          [
            90.791544,
            26.46714
          ],
          [
            90.791874,
            26.467076
          ],
          [
            90.792117,
            26.46705
          ],
          [
            90.792349,
            26.467034
          ],
          [
            90.792591,
            26.467034
          ],
          [
            90.792952,
            26.467063
          ],
          [
            90.793298,
            26.467114
          ],
          [
            90.793635,
            26.46719
          ],
          [
            90.793976,
            26.467294
          ],
          [
            90.798629,
            26.468902
          ],
          [
            90.798932,
            26.469036
          ],
          [
            90.799217,
            26.469182
          ],
          [
            90.799491,
            26.469353
          ],
          [
            90.799732,
            26.469535
          ],
          [
            90.799957,
            26.469744
          ],
          [
            90.800159,
            26.469966
          ],
          [
            90.800264,
            26.470088
          ],
          [
            90.800347,
            26.470208
          ],
          [
            90.800504,
            26.470464
          ],
          [
            90.800634,
            26.470724
          ],
          [
            90.800743,
            26.470992
          ],
          [
            90.800827,
            26.471261
          ],
          [
            90.800886,
            26.471526
          ],
          [
            90.800908,
            26.471792
          ],
          [
            90.80091,
            26.472089
          ],
          [
            90.800881,
            26.472662
          ],
          [
            90.8005,
            26.475839
          ],
          [
            90.800275,
            26.477718
          ],
          [
            90.800268,
            26.477975
          ],
          [
            90.800275,
            26.478232
          ],
          [
            90.800292,
            26.478439
          ],
          [
            90.800317,
            26.478643
          ],
          [
            90.800398,
            26.479012
          ],
          [
            90.801009,
            26.481655
          ],
          [
            90.801086,
            26.482377
          ],
          [
            90.801242,
            26.484973
          ],
          [
            90.801289,
            26.485757
          ],
          [
            90.801346,
            26.486121
          ],
          [
            90.801422,
            26.486477
          ],
          [
            90.801543,
            26.486786
          ],
          [
            90.801546,
            26.486794
          ],
          [
            90.801699,
            26.487097
          ],
          [
            90.801857,
            26.487344
          ],
          [
            90.802049,
            26.487588
          ],
          [
            90.802221,
            26.487779
          ],
          [
            90.802413,
            26.48796
          ],
          [
            90.802571,
            26.488094
          ],
          [
            90.802751,
            26.488229
          ],
          [
            90.803033,
            26.488409
          ],
          [
            90.80334,
            26.488562
          ],
          [
            90.803676,
            26.488695
          ],
          [
            90.804004,
            26.488786
          ],
          [
            90.804395,
            26.488861
          ],
          [
            90.804724,
            26.488895
          ],
          [
            90.805087,
            26.488914
          ],
          [
            90.805415,
            26.488888
          ],
          [
            90.80575,
            26.488845
          ],
          [
            90.806397,
            26.488735
          ],
          [
            90.812481,
            26.487602
          ],
          [
            90.819815,
            26.48609
          ],
          [
            90.829145,
            26.484207
          ],
          [
            90.8295,
            26.484119
          ],
          [
            90.829867,
            26.484017
          ],
          [
            90.832487,
            26.482928
          ],
          [
            90.833055,
            26.482783
          ],
          [
            90.833371,
            26.482734
          ],
          [
            90.83371,
            26.482691
          ],
          [
            90.834064,
            26.482668
          ],
          [
            90.83474,
            26.482684
          ],
          [
            90.837354,
            26.482783
          ],
          [
            90.839563,
            26.482869
          ],
          [
            90.840596,
            26.482935
          ],
          [
            90.841381,
            26.482957
          ],
          [
            90.841801,
            26.482939
          ],
          [
            90.842013,
            26.482923
          ],
          [
            90.842127,
            26.482906
          ],
          [
            90.842219,
            26.482892
          ],
          [
            90.842419,
            26.482856
          ],
          [
            90.842616,
            26.482808
          ],
          [
            90.843013,
            26.482691
          ],
          [
            90.867508,
            26.473509
          ],
          [
            90.874509,
            26.470843
          ],
          [
            90.875202,
            26.470579
          ],
          [
            90.875582,
            26.470445
          ],
          [
            90.875971,
            26.470327
          ],
          [
            90.876169,
            26.470284
          ],
          [
            90.876364,
            26.470245
          ],
          [
            90.876559,
            26.470218
          ],
          [
            90.876774,
            26.470203
          ],
          [
            90.876983,
            26.470202
          ],
          [
            90.877206,
            26.470212
          ],
          [
            90.877422,
            26.470226
          ],
          [
            90.877628,
            26.47026
          ],
          [
            90.877829,
            26.470298
          ],
          [
            90.878039,
            26.470349
          ],
          [
            90.87824,
            26.470412
          ],
          [
            90.878437,
            26.470484
          ],
          [
            90.878629,
            26.470572
          ],
          [
            90.87881,
            26.470667
          ],
          [
            90.878983,
            26.470765
          ],
          [
            90.87915,
            26.47088
          ],
          [
            90.879315,
            26.471
          ],
          [
            90.879467,
            26.471127
          ],
          [
            90.879746,
            26.471406
          ],
          [
            90.879929,
            26.471627
          ],
          [
            90.880086,
            26.47185
          ],
          [
            90.880293,
            26.472229
          ],
          [
            90.881008,
            26.473914
          ],
          [
            90.881575,
            26.475438
          ],
          [
            90.882454,
            26.478387
          ],
          [
            90.882521,
            26.47858
          ],
          [
            90.882605,
            26.478769
          ],
          [
            90.882724,
            26.478995
          ],
          [
            90.882899,
            26.479244
          ],
          [
            90.883073,
            26.479467
          ],
          [
            90.88328,
            26.479694
          ],
          [
            90.883395,
            26.4798
          ],
          [
            90.884186,
            26.480551
          ],
          [
            90.886635,
            26.482804
          ],
          [
            90.886945,
            26.483056
          ],
          [
            90.887286,
            26.483289
          ],
          [
            90.887657,
            26.483492
          ],
          [
            90.888069,
            26.483654
          ],
          [
            90.888482,
            26.48376
          ],
          [
            90.888915,
            26.483836
          ],
          [
            90.88936,
            26.483857
          ],
          [
            90.889812,
            26.483845
          ],
          [
            90.890343,
            26.483776
          ],
          [
            90.898754,
            26.482615
          ],
          [
            90.899168,
            26.482568
          ],
          [
            90.899566,
            26.482566
          ],
          [
            90.89983,
            26.482586
          ],
          [
            90.899962,
            26.482597
          ],
          [
            90.900167,
            26.482627
          ],
          [
            90.900361,
            26.482665
          ],
          [
            90.900552,
            26.482713
          ],
          [
            90.900737,
            26.482768
          ],
          [
            90.900926,
            26.482834
          ],
          [
            90.901108,
            26.482908
          ],
          [
            90.901281,
            26.482986
          ],
          [
            90.901456,
            26.483074
          ],
          [
            90.901618,
            26.483166
          ],
          [
            90.901786,
            26.483269
          ],
          [
            90.901932,
            26.483375
          ],
          [
            90.902082,
            26.483487
          ],
          [
            90.902224,
            26.483605
          ],
          [
            90.902353,
            26.48373
          ],
          [
            90.902479,
            26.483864
          ],
          [
            90.902592,
            26.483995
          ],
          [
            90.9027,
            26.484136
          ],
          [
            90.902798,
            26.484278
          ],
          [
            90.902978,
            26.48458
          ],
          [
            90.903123,
            26.484895
          ],
          [
            90.903241,
            26.485229
          ],
          [
            90.90333,
            26.485573
          ],
          [
            90.903955,
            26.488877
          ],
          [
            90.904031,
            26.489214
          ],
          [
            90.904127,
            26.489542
          ],
          [
            90.904249,
            26.489862
          ],
          [
            90.904322,
            26.490018
          ],
          [
            90.904404,
            26.490165
          ],
          [
            90.904495,
            26.49031
          ],
          [
            90.904594,
            26.490451
          ],
          [
            90.904814,
            26.490717
          ],
          [
            90.904934,
            26.49085
          ],
          [
            90.905061,
            26.490952
          ],
          [
            90.905323,
            26.491176
          ],
          [
            90.906921,
            26.492409
          ],
          [
            90.908559,
            26.493653
          ],
          [
            90.908873,
            26.493885
          ],
          [
            90.909211,
            26.494087
          ],
          [
            90.909573,
            26.494255
          ],
          [
            90.909912,
            26.494374
          ],
          [
            90.910203,
            26.494454
          ],
          [
            90.910471,
            26.494499
          ],
          [
            90.910756,
            26.494537
          ],
          [
            90.910989,
            26.494563
          ],
          [
            90.915662,
            26.494847
          ],
          [
            90.919919,
            26.495112
          ],
          [
            90.92224,
            26.495259
          ],
          [
            90.924962,
            26.49543
          ],
          [
            90.925363,
            26.495437
          ],
          [
            90.925771,
            26.495412
          ],
          [
            90.926137,
            26.495366
          ],
          [
            90.926604,
            26.495288
          ],
          [
            90.927028,
            26.495212
          ],
          [
            90.928693,
            26.49491
          ],
          [
            90.934667,
            26.493821
          ],
          [
            90.935124,
            26.493753
          ],
          [
            90.935604,
            26.493724
          ],
          [
            90.936185,
            26.49373
          ],
          [
            90.937749,
            26.493792
          ],
          [
            90.939647,
            26.493867
          ],
          [
            90.939889,
            26.49387
          ],
          [
            90.940157,
            26.493863
          ],
          [
            90.940439,
            26.493839
          ],
          [
            90.940687,
            26.493809
          ],
          [
            90.940933,
            26.493764
          ],
          [
            90.946336,
            26.49255
          ],
          [
            90.949052,
            26.492057
          ],
          [
            90.949321,
            26.492
          ],
          [
            90.9496,
            26.491931
          ],
          [
            90.949896,
            26.491838
          ],
          [
            90.950079,
            26.491771
          ],
          [
            90.952062,
            26.491048
          ],
          [
            90.952405,
            26.490945
          ],
          [
            90.953238,
            26.490732
          ],
          [
            90.958973,
            26.489363
          ],
          [
            90.959164,
            26.489317
          ],
          [
            90.961072,
            26.488774
          ],
          [
            90.961644,
            26.488658
          ],
          [
            90.961728,
            26.488641
          ],
          [
            90.964689,
            26.488112
          ],
          [
            90.965222,
            26.488002
          ],
          [
            90.965481,
            26.487931
          ],
          [
            90.965881,
            26.487794
          ],
          [
            90.966274,
            26.487643
          ],
          [
            90.966494,
            26.487552
          ],
          [
            90.966741,
            26.4874
          ],
          [
            90.966943,
            26.487266
          ],
          [
            90.967142,
            26.487098
          ],
          [
            90.967292,
            26.486958
          ],
          [
            90.967429,
            26.4868
          ],
          [
            90.967577,
            26.48662
          ],
          [
            90.967723,
            26.486397
          ],
          [
            90.967798,
            26.486219
          ],
          [
            90.967886,
            26.485984
          ],
          [
            90.967946,
            26.485744
          ],
          [
            90.968019,
            26.485199
          ],
          [
            90.968052,
            26.484778
          ],
          [
            90.968014,
            26.483375
          ],
          [
            90.967918,
            26.480438
          ],
          [
            90.967775,
            26.478758
          ],
          [
            90.967721,
            26.477791
          ],
          [
            90.967619,
            26.473932
          ],
          [
            90.967553,
            26.472017
          ],
          [
            90.967535,
            26.471014
          ],
          [
            90.967536,
            26.470596
          ],
          [
            90.967523,
            26.470055
          ],
          [
            90.96751,
            26.469704
          ],
          [
            90.967492,
            26.469395
          ],
          [
            90.967466,
            26.468427
          ],
          [
            90.967438,
            26.467327
          ],
          [
            90.967423,
            26.466765
          ],
          [
            90.967321,
            26.463449
          ],
          [
            90.967226,
            26.461723
          ],
          [
            90.967222,
            26.461629
          ],
          [
            90.967219,
            26.46158
          ],
          [
            90.967156,
            26.460905
          ],
          [
            90.967076,
            26.460227
          ],
          [
            90.966907,
            26.458956
          ],
          [
            90.966826,
            26.458475
          ],
          [
            90.966749,
            26.458051
          ],
          [
            90.966635,
            26.45742
          ],
          [
            90.966318,
            26.455907
          ],
          [
            90.966214,
            26.45541
          ],
          [
            90.966145,
            26.455081
          ],
          [
            90.966063,
            26.454634
          ],
          [
            90.965998,
            26.454185
          ],
          [
            90.965923,
            26.453529
          ],
          [
            90.965835,
            26.452363
          ],
          [
            90.965779,
            26.451627
          ],
          [
            90.965363,
            26.44594
          ],
          [
            90.965363,
            26.44553
          ],
          [
            90.965378,
            26.445326
          ],
          [
            90.965412,
            26.445126
          ],
          [
            90.965448,
            26.444961
          ],
          [
            90.965499,
            26.444764
          ],
          [
            90.968252,
            26.435777
          ],
          [
            90.968317,
            26.435582
          ],
          [
            90.969342,
            26.432524
          ],
          [
            90.969479,
            26.432219
          ],
          [
            90.969637,
            26.431911
          ],
          [
            90.969839,
            26.43162
          ],
          [
            90.970075,
            26.43134
          ],
          [
            90.970464,
            26.43099
          ],
          [
            90.970708,
            26.430821
          ],
          [
            90.970979,
            26.430655
          ],
          [
            90.973322,
            26.429445
          ],
          [
            90.973545,
            26.429321
          ],
          [
            90.973754,
            26.429195
          ],
          [
            90.973961,
            26.429057
          ],
          [
            90.97416,
            26.428908
          ],
          [
            90.974335,
            26.428746
          ],
          [
            90.9745,
            26.428577
          ],
          [
            90.974651,
            26.428396
          ],
          [
            90.97479,
            26.428211
          ],
          [
            90.974908,
            26.428018
          ],
          [
            90.975014,
            26.427822
          ],
          [
            90.975109,
            26.427605
          ],
          [
            90.975191,
            26.427381
          ],
          [
            90.975244,
            26.427162
          ],
          [
            90.975284,
            26.426944
          ],
          [
            90.975309,
            26.426734
          ],
          [
            90.975324,
            26.426506
          ],
          [
            90.975265,
            26.424423
          ],
          [
            90.975285,
            26.424018
          ],
          [
            90.975336,
            26.423644
          ],
          [
            90.975409,
            26.423351
          ],
          [
            90.975491,
            26.423104
          ],
          [
            90.975597,
            26.422853
          ],
          [
            90.975723,
            26.422612
          ],
          [
            90.975879,
            26.422371
          ],
          [
            90.976033,
            26.422163
          ],
          [
            90.976213,
            26.421952
          ],
          [
            90.976395,
            26.421766
          ],
          [
            90.976609,
            26.421579
          ],
          [
            90.977129,
            26.421184
          ],
          [
            90.97925,
            26.419705
          ],
          [
            90.980621,
            26.418749
          ],
          [
            90.984857,
            26.415513
          ],
          [
            90.985182,
            26.415305
          ],
          [
            90.985572,
            26.415101
          ],
          [
            90.985787,
            26.415001
          ],
          [
            90.986031,
            26.414923
          ],
          [
            90.986437,
            26.414815
          ],
          [
            90.986889,
            26.414748
          ],
          [
            90.987344,
            26.414735
          ],
          [
            90.987804,
            26.41476
          ],
          [
            90.998957,
            26.41566
          ],
          [
            90.999533,
            26.415718
          ],
          [
            90.999806,
            26.415774
          ],
          [
            91.000072,
            26.415843
          ],
          [
            91.0004,
            26.415951
          ],
          [
            91.00109,
            26.416248
          ],
          [
            91.006563,
            26.419156
          ],
          [
            91.006963,
            26.41937
          ],
          [
            91.007596,
            26.419654
          ],
          [
            91.009865,
            26.420569
          ],
          [
            91.010676,
            26.420912
          ],
          [
            91.011139,
            26.421094
          ],
          [
            91.011619,
            26.421239
          ],
          [
            91.011853,
            26.421294
          ],
          [
            91.011971,
            26.421321
          ],
          [
            91.012333,
            26.421386
          ],
          [
            91.012712,
            26.421433
          ],
          [
            91.013107,
            26.421462
          ],
          [
            91.015176,
            26.421447
          ],
          [
            91.016113,
            26.421411
          ],
          [
            91.017003,
            26.421411
          ],
          [
            91.020254,
            26.421538
          ],
          [
            91.020724,
            26.421588
          ],
          [
            91.021168,
            26.421664
          ],
          [
            91.021493,
            26.421755
          ],
          [
            91.021754,
            26.421851
          ],
          [
            91.02201,
            26.421969
          ],
          [
            91.022493,
            26.422226
          ],
          [
            91.02388,
            26.422996
          ],
          [
            91.024336,
            26.423215
          ],
          [
            91.024818,
            26.423403
          ],
          [
            91.027633,
            26.424312
          ],
          [
            91.028115,
            26.424481
          ],
          [
            91.028557,
            26.424681
          ],
          [
            91.028767,
            26.424799
          ],
          [
            91.028937,
            26.42491
          ],
          [
            91.029318,
            26.425227
          ],
          [
            91.031061,
            26.426883
          ],
          [
            91.031293,
            26.427103
          ],
          [
            91.031764,
            26.427566
          ],
          [
            91.032598,
            26.428463
          ],
          [
            91.03443,
            26.430629
          ],
          [
            91.035853,
            26.432323
          ],
          [
            91.036081,
            26.432571
          ],
          [
            91.036323,
            26.432803
          ],
          [
            91.036754,
            26.433129
          ],
          [
            91.041003,
            26.435912
          ],
          [
            91.045655,
            26.439114
          ],
          [
            91.046142,
            26.439485
          ],
          [
            91.046465,
            26.439774
          ],
          [
            91.047137,
            26.440504
          ],
          [
            91.049267,
            26.442896
          ],
          [
            91.05067,
            26.444473
          ],
          [
            91.052151,
            26.446164
          ],
          [
            91.053287,
            26.447406
          ],
          [
            91.053561,
            26.447701
          ],
          [
            91.054028,
            26.44822
          ],
          [
            91.054731,
            26.449134
          ],
          [
            91.056595,
            26.45171
          ],
          [
            91.059397,
            26.455585
          ],
          [
            91.061659,
            26.458762
          ],
          [
            91.062325,
            26.459759
          ],
          [
            91.062703,
            26.460363
          ],
          [
            91.063255,
            26.46121
          ],
          [
            91.063924,
            26.462145
          ],
          [
            91.064137,
            26.462415
          ],
          [
            91.064357,
            26.462648
          ],
          [
            91.064577,
            26.46282
          ],
          [
            91.064774,
            26.46298
          ],
          [
            91.064996,
            26.463129
          ],
          [
            91.065416,
            26.463353
          ],
          [
            91.06585,
            26.463556
          ],
          [
            91.069152,
            26.464921
          ],
          [
            91.071507,
            26.465835
          ],
          [
            91.082405,
            26.470455
          ],
          [
            91.08683,
            26.472425
          ],
          [
            91.087017,
            26.472507
          ],
          [
            91.099999,
            26.478267
          ],
          [
            91.10065,
            26.478571
          ],
          [
            91.105431,
            26.480866
          ],
          [
            91.105976,
            26.481112
          ],
          [
            91.10665,
            26.481434
          ],
          [
            91.10742,
            26.481752
          ],
          [
            91.107827,
            26.481876
          ],
          [
            91.108249,
            26.481977
          ],
          [
            91.108608,
            26.482054
          ],
          [
            91.109001,
            26.482104
          ],
          [
            91.10959,
            26.482155
          ],
          [
            91.110207,
            26.482165
          ],
          [
            91.110592,
            26.482135
          ],
          [
            91.111054,
            26.482099
          ],
          [
            91.112327,
            26.481957
          ],
          [
            91.113127,
            26.481842
          ],
          [
            91.11432,
            26.481732
          ],
          [
            91.11473,
            26.48167
          ],
          [
            91.115017,
            26.481633
          ],
          [
            91.115241,
            26.481615
          ],
          [
            91.115647,
            26.481573
          ],
          [
            91.116068,
            26.481545
          ],
          [
            91.116398,
            26.481542
          ],
          [
            91.116731,
            26.481569
          ],
          [
            91.116982,
            26.481605
          ],
          [
            91.117235,
            26.481661
          ],
          [
            91.117581,
            26.48176
          ],
          [
            91.117916,
            26.481908
          ],
          [
            91.118299,
            26.482119
          ],
          [
            91.118641,
            26.482354
          ],
          [
            91.118905,
            26.482592
          ],
          [
            91.119066,
            26.482764
          ],
          [
            91.119214,
            26.482941
          ],
          [
            91.1195,
            26.483396
          ],
          [
            91.120137,
            26.484745
          ],
          [
            91.120243,
            26.485033
          ],
          [
            91.120493,
            26.48549
          ],
          [
            91.120709,
            26.485767
          ],
          [
            91.120858,
            26.485924
          ],
          [
            91.12144,
            26.486385
          ],
          [
            91.12189,
            26.486668
          ],
          [
            91.126501,
            26.489098
          ],
          [
            91.127572,
            26.489676
          ],
          [
            91.127797,
            26.489823
          ],
          [
            91.128003,
            26.489976
          ],
          [
            91.128193,
            26.490134
          ],
          [
            91.128368,
            26.49031
          ],
          [
            91.128538,
            26.490511
          ],
          [
            91.128682,
            26.490721
          ],
          [
            91.128818,
            26.490931
          ],
          [
            91.12895,
            26.491154
          ],
          [
            91.130494,
            26.494144
          ],
          [
            91.130688,
            26.494456
          ],
          [
            91.130913,
            26.494756
          ],
          [
            91.131184,
            26.495025
          ],
          [
            91.131499,
            26.495272
          ],
          [
            91.133679,
            26.496838
          ],
          [
            91.137164,
            26.49934
          ],
          [
            91.137498,
            26.499552
          ],
          [
            91.137785,
            26.499689
          ],
          [
            91.138324,
            26.499888
          ],
          [
            91.138729,
            26.499989
          ],
          [
            91.139162,
            26.500051
          ],
          [
            91.145767,
            26.500613
          ],
          [
            91.146127,
            26.500654
          ],
          [
            91.146467,
            26.500716
          ],
          [
            91.146805,
            26.500786
          ],
          [
            91.147141,
            26.500871
          ],
          [
            91.15022,
            26.50181
          ],
          [
            91.150692,
            26.501945
          ],
          [
            91.152538,
            26.502393
          ],
          [
            91.153134,
            26.50254
          ],
          [
            91.154254,
            26.502821
          ],
          [
            91.155573,
            26.503208
          ],
          [
            91.156218,
            26.50337
          ],
          [
            91.159863,
            26.504265
          ],
          [
            91.161085,
            26.504552
          ],
          [
            91.161553,
            26.504677
          ],
          [
            91.162021,
            26.504836
          ],
          [
            91.162655,
            26.505128
          ],
          [
            91.164854,
            26.506354
          ],
          [
            91.165326,
            26.506604
          ],
          [
            91.165715,
            26.506772
          ],
          [
            91.166115,
            26.506918
          ],
          [
            91.166402,
            26.507014
          ],
          [
            91.169921,
            26.507996
          ],
          [
            91.171048,
            26.508273
          ],
          [
            91.171597,
            26.508426
          ],
          [
            91.172077,
            26.508618
          ],
          [
            91.172274,
            26.508714
          ],
          [
            91.172532,
            26.508841
          ],
          [
            91.174707,
            26.509941
          ],
          [
            91.175339,
            26.510229
          ],
          [
            91.175583,
            26.510313
          ],
          [
            91.175856,
            26.510373
          ],
          [
            91.176119,
            26.510421
          ],
          [
            91.176389,
            26.510459
          ],
          [
            91.176664,
            26.510478
          ],
          [
            91.176913,
            26.510483
          ],
          [
            91.178308,
            26.510291
          ],
          [
            91.18087,
            26.509917
          ],
          [
            91.181179,
            26.509872
          ],
          [
            91.181319,
            26.509852
          ],
          [
            91.181877,
            26.509776
          ],
          [
            91.182743,
            26.509642
          ],
          [
            91.183392,
            26.50957
          ],
          [
            91.183801,
            26.509501
          ],
          [
            91.184206,
            26.50941
          ],
          [
            91.184624,
            26.509261
          ],
          [
            91.185019,
            26.509096
          ],
          [
            91.185258,
            26.508962
          ],
          [
            91.185617,
            26.508762
          ],
          [
            91.186894,
            26.508025
          ],
          [
            91.187476,
            26.507716
          ],
          [
            91.192235,
            26.505391
          ],
          [
            91.192471,
            26.505276
          ],
          [
            91.192733,
            26.505179
          ],
          [
            91.192996,
            26.505087
          ],
          [
            91.193216,
            26.505027
          ],
          [
            91.193444,
            26.504984
          ],
          [
            91.193634,
            26.50495
          ],
          [
            91.193816,
            26.504931
          ],
          [
            91.194348,
            26.504899
          ],
          [
            91.198514,
            26.504789
          ],
          [
            91.20012,
            26.504706
          ],
          [
            91.205035,
            26.504412
          ],
          [
            91.20579,
            26.504386
          ],
          [
            91.207565,
            26.504358
          ],
          [
            91.209329,
            26.504383
          ],
          [
            91.209936,
            26.504377
          ],
          [
            91.211825,
            26.50436
          ],
          [
            91.214321,
            26.504477
          ],
          [
            91.220824,
            26.504917
          ],
          [
            91.222173,
            26.505092
          ],
          [
            91.222732,
            26.505144
          ],
          [
            91.228239,
            26.505485
          ],
          [
            91.23269,
            26.505769
          ],
          [
            91.233046,
            26.505786
          ],
          [
            91.234771,
            26.505965
          ],
          [
            91.235081,
            26.506019
          ],
          [
            91.23619,
            26.506153
          ],
          [
            91.236732,
            26.506244
          ],
          [
            91.237713,
            26.506391
          ],
          [
            91.238474,
            26.506454
          ],
          [
            91.24064,
            26.506611
          ],
          [
            91.242647,
            26.506872
          ],
          [
            91.243066,
            26.506938
          ],
          [
            91.245187,
            26.507272
          ],
          [
            91.245792,
            26.507394
          ],
          [
            91.246412,
            26.507557
          ],
          [
            91.249065,
            26.508303
          ],
          [
            91.249878,
            26.508518
          ],
          [
            91.250474,
            26.508695
          ],
          [
            91.251015,
            26.508891
          ],
          [
            91.252328,
            26.509486
          ],
          [
            91.252561,
            26.509581
          ],
          [
            91.252802,
            26.509671
          ],
          [
            91.254931,
            26.51036
          ],
          [
            91.257086,
            26.511028
          ],
          [
            91.258522,
            26.511397
          ],
          [
            91.260785,
            26.512068
          ],
          [
            91.261526,
            26.512264
          ],
          [
            91.262296,
            26.512445
          ],
          [
            91.263055,
            26.512641
          ],
          [
            91.26372,
            26.512842
          ],
          [
            91.264453,
            26.513103
          ],
          [
            91.264964,
            26.513289
          ],
          [
            91.267473,
            26.514221
          ],
          [
            91.268115,
            26.51445
          ],
          [
            91.268611,
            26.5146
          ],
          [
            91.270131,
            26.515014
          ],
          [
            91.270518,
            26.515107
          ],
          [
            91.270917,
            26.515185
          ],
          [
            91.271589,
            26.515287
          ],
          [
            91.275794,
            26.515976
          ],
          [
            91.276194,
            26.516031
          ],
          [
            91.276608,
            26.516074
          ],
          [
            91.279463,
            26.516279
          ],
          [
            91.28025,
            26.516344
          ],
          [
            91.285007,
            26.516762
          ],
          [
            91.289425,
            26.51722
          ],
          [
            91.294028,
            26.517664
          ],
          [
            91.298623,
            26.518138
          ],
          [
            91.299398,
            26.518225
          ],
          [
            91.299544,
            26.518241
          ],
          [
            91.299675,
            26.518255
          ],
          [
            91.310699,
            26.519505
          ],
          [
            91.314001,
            26.519851
          ],
          [
            91.324515,
            26.521015
          ],
          [
            91.324692,
            26.521038
          ],
          [
            91.326312,
            26.521248
          ],
          [
            91.331347,
            26.522153
          ],
          [
            91.333259,
            26.522485
          ],
          [
            91.336395,
            26.523028
          ],
          [
            91.338361,
            26.523335
          ],
          [
            91.340287,
            26.523592
          ],
          [
            91.341095,
            26.523693
          ],
          [
            91.343204,
            26.523927
          ],
          [
            91.343667,
            26.523988
          ],
          [
            91.345275,
            26.524259
          ],
          [
            91.345729,
            26.524312
          ],
          [
            91.346006,
            26.524342
          ],
          [
            91.347278,
            26.524505
          ],
          [
            91.350454,
            26.524915
          ],
          [
            91.351172,
            26.524976
          ],
          [
            91.351941,
            26.525044
          ],
          [
            91.351992,
            26.525049
          ],
          [
            91.352883,
            26.525088
          ],
          [
            91.353343,
            26.52508
          ],
          [
            91.353883,
            26.525001
          ],
          [
            91.354347,
            26.524842
          ],
          [
            91.35469,
            26.524692
          ],
          [
            91.354829,
            26.524624
          ],
          [
            91.355253,
            26.524362
          ],
          [
            91.355605,
            26.524067
          ],
          [
            91.35591,
            26.523719
          ],
          [
            91.356234,
            26.523271
          ],
          [
            91.356539,
            26.522885
          ],
          [
            91.357009,
            26.522183
          ],
          [
            91.357375,
            26.52167
          ],
          [
            91.360174,
            26.517933
          ],
          [
            91.360471,
            26.517523
          ],
          [
            91.360742,
            26.517101
          ],
          [
            91.363399,
            26.511928
          ],
          [
            91.363566,
            26.511606
          ],
          [
            91.363623,
            26.511476
          ],
          [
            91.363909,
            26.510883
          ],
          [
            91.364098,
            26.510476
          ],
          [
            91.36424,
            26.510072
          ],
          [
            91.365102,
            26.507576
          ],
          [
            91.366958,
            26.502087
          ],
          [
            91.367363,
            26.500864
          ],
          [
            91.367806,
            26.499635
          ],
          [
            91.368243,
            26.498511
          ],
          [
            91.368533,
            26.497721
          ],
          [
            91.36864,
            26.497361
          ],
          [
            91.368787,
            26.496771
          ],
          [
            91.36892,
            26.496013
          ],
          [
            91.369374,
            26.492668
          ],
          [
            91.369609,
            26.491023
          ],
          [
            91.36971,
            26.490034
          ],
          [
            91.369784,
            26.489093
          ],
          [
            91.369851,
            26.487755
          ],
          [
            91.369886,
            26.486975
          ],
          [
            91.370357,
            26.480543
          ],
          [
            91.370416,
            26.47985
          ],
          [
            91.370487,
            26.479387
          ],
          [
            91.370546,
            26.479153
          ],
          [
            91.370636,
            26.478909
          ],
          [
            91.370736,
            26.478685
          ],
          [
            91.370864,
            26.478459
          ],
          [
            91.371006,
            26.478248
          ],
          [
            91.371161,
            26.478054
          ],
          [
            91.371346,
            26.477844
          ],
          [
            91.371554,
            26.477638
          ],
          [
            91.373694,
            26.47573
          ],
          [
            91.374525,
            26.475009
          ],
          [
            91.37534,
            26.474314
          ],
          [
            91.377104,
            26.472997
          ],
          [
            91.38041,
            26.470533
          ],
          [
            91.387944,
            26.464967
          ],
          [
            91.388531,
            26.46448
          ],
          [
            91.389113,
            26.463915
          ],
          [
            91.389488,
            26.463517
          ],
          [
            91.389782,
            26.463173
          ],
          [
            91.39027,
            26.462533
          ],
          [
            91.390788,
            26.461733
          ],
          [
            91.39129,
            26.460957
          ],
          [
            91.391431,
            26.460736
          ],
          [
            91.391769,
            26.460329
          ],
          [
            91.392169,
            26.459977
          ],
          [
            91.392585,
            26.459701
          ],
          [
            91.392885,
            26.459551
          ],
          [
            91.393306,
            26.459393
          ],
          [
            91.39377,
            26.459254
          ],
          [
            91.394675,
            26.459081
          ],
          [
            91.395699,
            26.458902
          ],
          [
            91.396522,
            26.458747
          ],
          [
            91.397217,
            26.458623
          ],
          [
            91.397637,
            26.458532
          ],
          [
            91.398308,
            26.458314
          ],
          [
            91.398746,
            26.458137
          ],
          [
            91.399618,
            26.457746
          ],
          [
            91.403065,
            26.456321
          ],
          [
            91.40372,
            26.45605
          ],
          [
            91.405089,
            26.455504
          ],
          [
            91.412696,
            26.45247
          ],
          [
            91.413968,
            26.451963
          ],
          [
            91.414336,
            26.451824
          ],
          [
            91.414577,
            26.45174
          ],
          [
            91.414817,
            26.451671
          ],
          [
            91.415258,
            26.451589
          ],
          [
            91.415543,
            26.451561
          ],
          [
            91.415835,
            26.451554
          ],
          [
            91.416117,
            26.451567
          ],
          [
            91.416391,
            26.4516
          ],
          [
            91.416662,
            26.451654
          ],
          [
            91.41692,
            26.451723
          ],
          [
            91.417241,
            26.451831
          ],
          [
            91.417476,
            26.451944
          ],
          [
            91.417722,
            26.452078
          ],
          [
            91.417962,
            26.45223
          ],
          [
            91.418172,
            26.452386
          ],
          [
            91.41844,
            26.452607
          ],
          [
            91.41854,
            26.45269
          ],
          [
            91.419967,
            26.453916
          ],
          [
            91.424483,
            26.45757
          ],
          [
            91.425557,
            26.458389
          ],
          [
            91.42588,
            26.458626
          ],
          [
            91.426227,
            26.458836
          ],
          [
            91.42662,
            26.459039
          ],
          [
            91.426872,
            26.459135
          ],
          [
            91.427151,
            26.459224
          ],
          [
            91.427402,
            26.459283
          ],
          [
            91.427676,
            26.459332
          ],
          [
            91.42793,
            26.45936
          ],
          [
            91.428222,
            26.459377
          ],
          [
            91.428708,
            26.459378
          ],
          [
            91.430104,
            26.459382
          ],
          [
            91.430714,
            26.459373
          ],
          [
            91.432726,
            26.459228
          ],
          [
            91.433354,
            26.459211
          ],
          [
            91.434944,
            26.459178
          ],
          [
            91.435888,
            26.459159
          ],
          [
            91.436767,
            26.459145
          ],
          [
            91.43884,
            26.459052
          ],
          [
            91.439649,
            26.459042
          ],
          [
            91.441079,
            26.459022
          ],
          [
            91.441319,
            26.459033
          ],
          [
            91.44153,
            26.459048
          ],
          [
            91.441725,
            26.459075
          ],
          [
            91.441921,
            26.459118
          ],
          [
            91.442118,
            26.459168
          ],
          [
            91.442325,
            26.459227
          ],
          [
            91.442744,
            26.459384
          ],
          [
            91.445573,
            26.460527
          ],
          [
            91.445882,
            26.460652
          ],
          [
            91.446462,
            26.460877
          ],
          [
            91.446939,
            26.461036
          ],
          [
            91.447384,
            26.46116
          ],
          [
            91.447741,
            26.461245
          ],
          [
            91.448162,
            26.461329
          ],
          [
            91.449051,
            26.461479
          ],
          [
            91.449576,
            26.461555
          ],
          [
            91.449865,
            26.461574
          ],
          [
            91.45012,
            26.461576
          ],
          [
            91.450394,
            26.461567
          ],
          [
            91.450615,
            26.461544
          ],
          [
            91.450857,
            26.461507
          ],
          [
            91.450796,
            26.461415
          ],
          [
            91.449548,
            26.459
          ],
          [
            91.448563,
            26.457185
          ],
          [
            91.448502,
            26.457074
          ],
          [
            91.448292,
            26.456673
          ],
          [
            91.44809,
            26.456433
          ],
          [
            91.447799,
            26.456174
          ],
          [
            91.446155,
            26.454927
          ],
          [
            91.445045,
            26.454031
          ],
          [
            91.444917,
            26.453904
          ],
          [
            91.444806,
            26.453718
          ],
          [
            91.444746,
            26.453537
          ],
          [
            91.444741,
            26.453358
          ],
          [
            91.444763,
            26.451986
          ],
          [
            91.444772,
            26.450283
          ],
          [
            91.444775,
            26.449327
          ],
          [
            91.444752,
            26.449226
          ],
          [
            91.444659,
            26.449168
          ],
          [
            91.44431,
            26.449051
          ],
          [
            91.442714,
            26.448628
          ],
          [
            91.442494,
            26.448569
          ],
          [
            91.442162,
            26.448457
          ],
          [
            91.441878,
            26.448291
          ],
          [
            91.441824,
            26.448259
          ],
          [
            91.441687,
            26.448167
          ],
          [
            91.440191,
            26.447163
          ],
          [
            91.440029,
            26.447056
          ],
          [
            91.440108,
            26.446749
          ],
          [
            91.440143,
            26.446379
          ],
          [
            91.440172,
            26.446071
          ],
          [
            91.44014,
            26.44597
          ],
          [
            91.439901,
            26.44524
          ],
          [
            91.439756,
            26.444975
          ],
          [
            91.439665,
            26.444821
          ],
          [
            91.439379,
            26.444602
          ],
          [
            91.439289,
            26.444534
          ],
          [
            91.438638,
            26.444093
          ],
          [
            91.438374,
            26.44392
          ],
          [
            91.438267,
            26.443858
          ],
          [
            91.438209,
            26.443827
          ],
          [
            91.438102,
            26.44376
          ],
          [
            91.438005,
            26.443695
          ],
          [
            91.437887,
            26.443234
          ],
          [
            91.437531,
            26.441716
          ],
          [
            91.43748,
            26.441491
          ],
          [
            91.437471,
            26.441392
          ],
          [
            91.437444,
            26.44108
          ],
          [
            91.437428,
            26.440768
          ],
          [
            91.437428,
            26.440234
          ],
          [
            91.437416,
            26.439933
          ],
          [
            91.437396,
            26.439711
          ],
          [
            91.437366,
            26.439578
          ],
          [
            91.437347,
            26.439464
          ],
          [
            91.437218,
            26.439184
          ],
          [
            91.436905,
            26.438582
          ],
          [
            91.436856,
            26.438455
          ],
          [
            91.436806,
            26.438249
          ],
          [
            91.436781,
            26.438097
          ],
          [
            91.436778,
            26.437757
          ],
          [
            91.436817,
            26.437495
          ],
          [
            91.436835,
            26.437361
          ],
          [
            91.436842,
            26.437211
          ],
          [
            91.436838,
            26.436951
          ],
          [
            91.436822,
            26.436821
          ],
          [
            91.43672,
            26.436395
          ],
          [
            91.436559,
            26.436078
          ],
          [
            91.436457,
            26.435856
          ],
          [
            91.436193,
            26.435319
          ],
          [
            91.436123,
            26.435106
          ],
          [
            91.436093,
            26.434892
          ],
          [
            91.436081,
            26.434711
          ],
          [
            91.436046,
            26.434119
          ],
          [
            91.436038,
            26.433427
          ],
          [
            91.436055,
            26.433091
          ],
          [
            91.436134,
            26.432677
          ],
          [
            91.436201,
            26.432392
          ],
          [
            91.436285,
            26.432078
          ],
          [
            91.436439,
            26.431571
          ],
          [
            91.436753,
            26.430068
          ],
          [
            91.43696,
            26.429077
          ],
          [
            91.437051,
            26.428639
          ],
          [
            91.437293,
            26.42748
          ],
          [
            91.437491,
            26.426914
          ],
          [
            91.437521,
            26.426802
          ],
          [
            91.437796,
            26.426183
          ],
          [
            91.437954,
            26.425879
          ],
          [
            91.438188,
            26.425467
          ],
          [
            91.438253,
            26.425379
          ],
          [
            91.438441,
            26.425122
          ],
          [
            91.438754,
            26.42473
          ],
          [
            91.438984,
            26.42441
          ],
          [
            91.439158,
            26.424106
          ],
          [
            91.439294,
            26.423863
          ],
          [
            91.439687,
            26.422521
          ],
          [
            91.439736,
            26.422318
          ],
          [
            91.439852,
            26.421836
          ],
          [
            91.440292,
            26.420006
          ],
          [
            91.44036,
            26.419722
          ],
          [
            91.440534,
            26.419
          ],
          [
            91.440648,
            26.418526
          ],
          [
            91.440948,
            26.417281
          ],
          [
            91.441154,
            26.416425
          ],
          [
            91.441466,
            26.415124
          ],
          [
            91.44151,
            26.414942
          ],
          [
            91.441615,
            26.413724
          ],
          [
            91.441619,
            26.413679
          ],
          [
            91.441641,
            26.412637
          ],
          [
            91.441649,
            26.411672
          ],
          [
            91.441639,
            26.410719
          ],
          [
            91.441637,
            26.410308
          ],
          [
            91.441637,
            26.409918
          ],
          [
            91.441616,
            26.409476
          ],
          [
            91.441595,
            26.409054
          ],
          [
            91.44158,
            26.408813
          ],
          [
            91.441551,
            26.408512
          ],
          [
            91.441506,
            26.408193
          ],
          [
            91.441487,
            26.408022
          ],
          [
            91.441459,
            26.407803
          ],
          [
            91.441444,
            26.407617
          ],
          [
            91.441443,
            26.407319
          ],
          [
            91.441455,
            26.407056
          ],
          [
            91.441459,
            26.406788
          ],
          [
            91.441487,
            26.405693
          ],
          [
            91.44149,
            26.405202
          ],
          [
            91.441498,
            26.404657
          ],
          [
            91.44154,
            26.403402
          ],
          [
            91.441599,
            26.402727
          ],
          [
            91.441673,
            26.402025
          ],
          [
            91.441685,
            26.401934
          ],
          [
            91.441715,
            26.401726
          ],
          [
            91.441742,
            26.401417
          ],
          [
            91.441759,
            26.401233
          ],
          [
            91.441778,
            26.401043
          ],
          [
            91.441805,
            26.400831
          ],
          [
            91.442008,
            26.399133
          ],
          [
            91.442061,
            26.398724
          ],
          [
            91.442088,
            26.39854
          ],
          [
            91.442118,
            26.398332
          ],
          [
            91.442152,
            26.398139
          ],
          [
            91.442222,
            26.397768
          ],
          [
            91.442306,
            26.397415
          ],
          [
            91.442369,
            26.397203
          ],
          [
            91.442426,
            26.396982
          ],
          [
            91.442493,
            26.39678
          ],
          [
            91.442637,
            26.396375
          ],
          [
            91.44278,
            26.39602
          ],
          [
            91.442856,
            26.395835
          ],
          [
            91.443528,
            26.393933
          ],
          [
            91.443612,
            26.393676
          ],
          [
            91.443649,
            26.393548
          ],
          [
            91.443674,
            26.393435
          ],
          [
            91.443771,
            26.392865
          ],
          [
            91.443831,
            26.392494
          ],
          [
            91.443936,
            26.391853
          ],
          [
            91.444116,
            26.39088
          ],
          [
            91.444218,
            26.390267
          ],
          [
            91.444224,
            26.390225
          ],
          [
            91.444267,
            26.390101
          ],
          [
            91.444756,
            26.388848
          ],
          [
            91.444797,
            26.388721
          ],
          [
            91.444804,
            26.388609
          ],
          [
            91.444779,
            26.388256
          ],
          [
            91.444802,
            26.388141
          ],
          [
            91.444822,
            26.388069
          ],
          [
            91.444913,
            26.387873
          ],
          [
            91.445297,
            26.387143
          ],
          [
            91.445535,
            26.38671
          ],
          [
            91.445598,
            26.386545
          ],
          [
            91.445661,
            26.386302
          ],
          [
            91.445723,
            26.386026
          ],
          [
            91.445762,
            26.385852
          ],
          [
            91.445922,
            26.384738
          ],
          [
            91.446004,
            26.384161
          ],
          [
            91.446107,
            26.383681
          ],
          [
            91.446141,
            26.383442
          ],
          [
            91.446151,
            26.382851
          ],
          [
            91.446163,
            26.382685
          ],
          [
            91.446211,
            26.381966
          ],
          [
            91.446274,
            26.380159
          ],
          [
            91.446296,
            26.378957
          ],
          [
            91.446309,
            26.378304
          ],
          [
            91.446325,
            26.37741
          ],
          [
            91.446439,
            26.37615
          ],
          [
            91.44645,
            26.375677
          ],
          [
            91.446415,
            26.375039
          ],
          [
            91.446412,
            26.374864
          ],
          [
            91.446408,
            26.374663
          ],
          [
            91.446383,
            26.373184
          ],
          [
            91.446382,
            26.373145
          ],
          [
            91.446376,
            26.372914
          ],
          [
            91.446363,
            26.372369
          ],
          [
            91.44634,
            26.371473
          ],
          [
            91.446317,
            26.371231
          ],
          [
            91.446295,
            26.371101
          ],
          [
            91.446245,
            26.370906
          ],
          [
            91.446188,
            26.370769
          ],
          [
            91.446145,
            26.37069
          ],
          [
            91.446119,
            26.370644
          ],
          [
            91.446041,
            26.37053
          ],
          [
            91.445723,
            26.370093
          ],
          [
            91.445698,
            26.370056
          ],
          [
            91.445613,
            26.369927
          ],
          [
            91.445573,
            26.369851
          ],
          [
            91.445555,
            26.369785
          ],
          [
            91.445544,
            26.36972
          ],
          [
            91.445486,
            26.369346
          ],
          [
            91.445431,
            26.369062
          ],
          [
            91.445373,
            26.368837
          ],
          [
            91.445298,
            26.368624
          ],
          [
            91.445151,
            26.368265
          ],
          [
            91.44511,
            26.368169
          ],
          [
            91.444967,
            26.367828
          ],
          [
            91.444927,
            26.367713
          ],
          [
            91.444865,
            26.367497
          ],
          [
            91.444765,
            26.367097
          ],
          [
            91.444675,
            26.366712
          ],
          [
            91.444604,
            26.366332
          ],
          [
            91.444595,
            26.366236
          ],
          [
            91.44459,
            26.366159
          ],
          [
            91.444591,
            26.366059
          ],
          [
            91.444603,
            26.365949
          ],
          [
            91.444634,
            26.36577
          ],
          [
            91.444724,
            26.365427
          ],
          [
            91.444825,
            26.365091
          ],
          [
            91.445026,
            26.36445
          ],
          [
            91.445174,
            26.363845
          ],
          [
            91.445219,
            26.363632
          ],
          [
            91.445314,
            26.363177
          ],
          [
            91.445362,
            26.362898
          ],
          [
            91.445391,
            26.362385
          ],
          [
            91.445418,
            26.361772
          ],
          [
            91.445408,
            26.361232
          ],
          [
            91.445427,
            26.360734
          ],
          [
            91.445445,
            26.360279
          ],
          [
            91.445454,
            26.359952
          ],
          [
            91.445453,
            26.359679
          ],
          [
            91.445461,
            26.359533
          ],
          [
            91.445474,
            26.359391
          ],
          [
            91.445491,
            26.359248
          ],
          [
            91.445513,
            26.359148
          ],
          [
            91.44555,
            26.35903
          ],
          [
            91.445631,
            26.358795
          ],
          [
            91.44569,
            26.358623
          ],
          [
            91.445819,
            26.358327
          ],
          [
            91.446028,
            26.357892
          ],
          [
            91.446335,
            26.357237
          ],
          [
            91.446669,
            26.356611
          ],
          [
            91.446954,
            26.356125
          ],
          [
            91.447052,
            26.355975
          ],
          [
            91.447249,
            26.355726
          ],
          [
            91.447377,
            26.355578
          ],
          [
            91.447443,
            26.355512
          ],
          [
            91.447514,
            26.355435
          ],
          [
            91.447836,
            26.355106
          ],
          [
            91.447923,
            26.355008
          ],
          [
            91.447983,
            26.354939
          ],
          [
            91.448283,
            26.354551
          ],
          [
            91.448499,
            26.354247
          ],
          [
            91.449007,
            26.353572
          ],
          [
            91.449334,
            26.353147
          ],
          [
            91.449446,
            26.353
          ],
          [
            91.449535,
            26.352882
          ],
          [
            91.449665,
            26.352727
          ],
          [
            91.450047,
            26.352308
          ],
          [
            91.450519,
            26.351816
          ],
          [
            91.450734,
            26.351579
          ],
          [
            91.450922,
            26.351363
          ],
          [
            91.45098,
            26.351297
          ],
          [
            91.451285,
            26.350986
          ],
          [
            91.451673,
            26.35056
          ],
          [
            91.451896,
            26.3503
          ],
          [
            91.452131,
            26.350024
          ],
          [
            91.452874,
            26.349208
          ],
          [
            91.45359,
            26.348467
          ],
          [
            91.453852,
            26.348201
          ],
          [
            91.454042,
            26.34799
          ],
          [
            91.454093,
            26.347919
          ],
          [
            91.45426,
            26.347642
          ],
          [
            91.454353,
            26.347444
          ],
          [
            91.454409,
            26.347311
          ],
          [
            91.454467,
            26.34714
          ],
          [
            91.45451,
            26.346986
          ],
          [
            91.454585,
            26.346696
          ],
          [
            91.454707,
            26.346138
          ],
          [
            91.454905,
            26.345171
          ],
          [
            91.455021,
            26.344696
          ],
          [
            91.455094,
            26.344393
          ],
          [
            91.455205,
            26.343799
          ],
          [
            91.455271,
            26.343497
          ],
          [
            91.455355,
            26.343175
          ],
          [
            91.455467,
            26.342837
          ],
          [
            91.455492,
            26.342761
          ],
          [
            91.455584,
            26.34248
          ],
          [
            91.455633,
            26.342359
          ],
          [
            91.455828,
            26.341894
          ],
          [
            91.455975,
            26.341541
          ],
          [
            91.456026,
            26.341417
          ],
          [
            91.456221,
            26.340944
          ],
          [
            91.456496,
            26.340279
          ],
          [
            91.456623,
            26.34001
          ],
          [
            91.456703,
            26.339858
          ],
          [
            91.456958,
            26.339449
          ],
          [
            91.457366,
            26.338836
          ],
          [
            91.457391,
            26.338799
          ],
          [
            91.45773,
            26.338262
          ],
          [
            91.458074,
            26.337718
          ],
          [
            91.458266,
            26.337419
          ],
          [
            91.458423,
            26.337174
          ],
          [
            91.458707,
            26.336705
          ],
          [
            91.458909,
            26.33638
          ],
          [
            91.459125,
            26.335908
          ],
          [
            91.459513,
            26.334953
          ],
          [
            91.459617,
            26.33466
          ],
          [
            91.459885,
            26.333953
          ],
          [
            91.459968,
            26.333745
          ],
          [
            91.460242,
            26.333054
          ],
          [
            91.460659,
            26.331881
          ],
          [
            91.460732,
            26.331677
          ],
          [
            91.460837,
            26.331383
          ],
          [
            91.460915,
            26.331183
          ],
          [
            91.461053,
            26.33087
          ],
          [
            91.461108,
            26.330745
          ],
          [
            91.461274,
            26.330371
          ],
          [
            91.461312,
            26.330285
          ],
          [
            91.461724,
            26.329235
          ],
          [
            91.462064,
            26.328475
          ],
          [
            91.462346,
            26.327982
          ],
          [
            91.462512,
            26.327702
          ],
          [
            91.462831,
            26.327253
          ],
          [
            91.462932,
            26.327108
          ],
          [
            91.463345,
            26.326521
          ],
          [
            91.464008,
            26.325606
          ],
          [
            91.464107,
            26.325482
          ],
          [
            91.464765,
            26.324659
          ],
          [
            91.464877,
            26.324519
          ],
          [
            91.465321,
            26.323967
          ],
          [
            91.465753,
            26.323518
          ],
          [
            91.465939,
            26.323361
          ],
          [
            91.466312,
            26.323085
          ],
          [
            91.466712,
            26.322784
          ],
          [
            91.466868,
            26.322659
          ],
          [
            91.466941,
            26.32259
          ],
          [
            91.46706,
            26.322478
          ],
          [
            91.467208,
            26.322328
          ],
          [
            91.467372,
            26.322159
          ],
          [
            91.468026,
            26.321383
          ],
          [
            91.468233,
            26.321096
          ],
          [
            91.468661,
            26.320471
          ],
          [
            91.469255,
            26.319553
          ],
          [
            91.469344,
            26.319415
          ],
          [
            91.469771,
            26.31878
          ],
          [
            91.469917,
            26.318528
          ],
          [
            91.470067,
            26.318249
          ],
          [
            91.470472,
            26.317361
          ],
          [
            91.470565,
            26.317142
          ],
          [
            91.470693,
            26.316761
          ],
          [
            91.470759,
            26.31651
          ],
          [
            91.470854,
            26.316314
          ],
          [
            91.47143,
            26.315408
          ],
          [
            91.472217,
            26.314165
          ],
          [
            91.472326,
            26.313998
          ],
          [
            91.472384,
            26.313906
          ],
          [
            91.472469,
            26.313793
          ],
          [
            91.472642,
            26.313594
          ],
          [
            91.472796,
            26.313442
          ],
          [
            91.47302,
            26.313239
          ],
          [
            91.473368,
            26.31293
          ],
          [
            91.473719,
            26.312627
          ],
          [
            91.473968,
            26.312412
          ],
          [
            91.474385,
            26.312028
          ],
          [
            91.475144,
            26.31128
          ],
          [
            91.475409,
            26.311019
          ],
          [
            91.475715,
            26.310744
          ],
          [
            91.475926,
            26.310544
          ],
          [
            91.477573,
            26.308969
          ],
          [
            91.47762,
            26.308925
          ],
          [
            91.478128,
            26.30838
          ],
          [
            91.478572,
            26.307937
          ],
          [
            91.478834,
            26.307759
          ],
          [
            91.47944,
            26.307344
          ],
          [
            91.479829,
            26.30711
          ],
          [
            91.480475,
            26.306722
          ],
          [
            91.480589,
            26.306653
          ],
          [
            91.481144,
            26.306261
          ],
          [
            91.483176,
            26.304931
          ],
          [
            91.485102,
            26.303695
          ],
          [
            91.485744,
            26.303337
          ],
          [
            91.486133,
            26.303107
          ],
          [
            91.48709,
            26.302553
          ],
          [
            91.487623,
            26.302244
          ],
          [
            91.488047,
            26.30201
          ],
          [
            91.488811,
            26.301606
          ],
          [
            91.489777,
            26.301095
          ],
          [
            91.490849,
            26.300458
          ],
          [
            91.492002,
            26.299773
          ],
          [
            91.492525,
            26.299447
          ],
          [
            91.492563,
            26.299423
          ],
          [
            91.492992,
            26.299151
          ],
          [
            91.49362,
            26.2988
          ],
          [
            91.494456,
            26.298344
          ],
          [
            91.494875,
            26.298097
          ],
          [
            91.494936,
            26.298061
          ],
          [
            91.495349,
            26.297746
          ],
          [
            91.495762,
            26.297367
          ],
          [
            91.495826,
            26.297305
          ],
          [
            91.496035,
            26.297076
          ],
          [
            91.496218,
            26.296875
          ],
          [
            91.496445,
            26.296597
          ],
          [
            91.496607,
            26.29642
          ],
          [
            91.49674,
            26.296275
          ],
          [
            91.497008,
            26.296034
          ],
          [
            91.497451,
            26.295642
          ],
          [
            91.498124,
            26.294965
          ],
          [
            91.498199,
            26.294888
          ],
          [
            91.499209,
            26.293938
          ],
          [
            91.499492,
            26.293653
          ],
          [
            91.500085,
            26.293056
          ],
          [
            91.500663,
            26.292515
          ],
          [
            91.500762,
            26.292422
          ],
          [
            91.501376,
            26.291837
          ],
          [
            91.501664,
            26.291588
          ],
          [
            91.502305,
            26.29114
          ],
          [
            91.502736,
            26.290819
          ],
          [
            91.50334,
            26.290308
          ],
          [
            91.503469,
            26.290185
          ],
          [
            91.503557,
            26.2901
          ],
          [
            91.503726,
            26.289904
          ],
          [
            91.503763,
            26.289863
          ],
          [
            91.503945,
            26.289642
          ],
          [
            91.504167,
            26.289333
          ],
          [
            91.50423,
            26.289219
          ],
          [
            91.504281,
            26.28912
          ],
          [
            91.50435,
            26.288928
          ],
          [
            91.504364,
            26.288844
          ],
          [
            91.504381,
            26.288737
          ],
          [
            91.504398,
            26.288275
          ],
          [
            91.504417,
            26.287702
          ],
          [
            91.504461,
            26.287297
          ],
          [
            91.504528,
            26.287045
          ],
          [
            91.504602,
            26.286865
          ],
          [
            91.504774,
            26.286485
          ],
          [
            91.505112,
            26.285952
          ],
          [
            91.505386,
            26.285518
          ],
          [
            91.505426,
            26.285455
          ],
          [
            91.506569,
            26.283952
          ],
          [
            91.506779,
            26.283676
          ],
          [
            91.506919,
            26.283558
          ],
          [
            91.507252,
            26.283278
          ],
          [
            91.507684,
            26.282974
          ],
          [
            91.507837,
            26.282864
          ],
          [
            91.508139,
            26.282648
          ],
          [
            91.508664,
            26.282217
          ],
          [
            91.508918,
            26.282023
          ],
          [
            91.509057,
            26.281905
          ],
          [
            91.5093,
            26.28164
          ],
          [
            91.509508,
            26.2814
          ],
          [
            91.509702,
            26.281133
          ],
          [
            91.509847,
            26.28089
          ],
          [
            91.510005,
            26.280587
          ],
          [
            91.510233,
            26.280098
          ],
          [
            91.510594,
            26.279207
          ],
          [
            91.510996,
            26.278194
          ],
          [
            91.511724,
            26.276606
          ],
          [
            91.51193,
            26.276093
          ],
          [
            91.512015,
            26.275857
          ],
          [
            91.512208,
            26.275188
          ],
          [
            91.512218,
            26.275104
          ],
          [
            91.512293,
            26.274605
          ],
          [
            91.512328,
            26.273939
          ],
          [
            91.512356,
            26.273601
          ],
          [
            91.512368,
            26.273474
          ],
          [
            91.512385,
            26.273345
          ],
          [
            91.512412,
            26.273219
          ],
          [
            91.51244,
            26.273071
          ],
          [
            91.51246,
            26.272961
          ],
          [
            91.512474,
            26.272819
          ],
          [
            91.512487,
            26.272588
          ],
          [
            91.512514,
            26.272317
          ],
          [
            91.512551,
            26.271999
          ],
          [
            91.512608,
            26.271672
          ],
          [
            91.51264,
            26.271525
          ],
          [
            91.512667,
            26.271374
          ],
          [
            91.512745,
            26.270994
          ],
          [
            91.512771,
            26.270864
          ],
          [
            91.512811,
            26.270643
          ],
          [
            91.512852,
            26.270444
          ],
          [
            91.512924,
            26.27007
          ],
          [
            91.512936,
            26.269976
          ],
          [
            91.512948,
            26.269884
          ],
          [
            91.51297,
            26.269702
          ],
          [
            91.512997,
            26.269425
          ],
          [
            91.513021,
            26.269215
          ],
          [
            91.513041,
            26.268998
          ],
          [
            91.51305,
            26.268785
          ],
          [
            91.513057,
            26.268635
          ],
          [
            91.513061,
            26.268549
          ],
          [
            91.513072,
            26.268276
          ],
          [
            91.513085,
            26.268114
          ],
          [
            91.513111,
            26.267968
          ],
          [
            91.51314,
            26.267817
          ],
          [
            91.513186,
            26.26764
          ],
          [
            91.513237,
            26.267505
          ],
          [
            91.513297,
            26.267362
          ],
          [
            91.513357,
            26.267245
          ],
          [
            91.513426,
            26.267143
          ],
          [
            91.5135,
            26.26706
          ],
          [
            91.513599,
            26.266959
          ],
          [
            91.513714,
            26.266858
          ],
          [
            91.513825,
            26.26677
          ],
          [
            91.513981,
            26.266651
          ],
          [
            91.514133,
            26.26655
          ],
          [
            91.514247,
            26.266484
          ],
          [
            91.514402,
            26.266406
          ],
          [
            91.514568,
            26.266329
          ],
          [
            91.514696,
            26.26627
          ],
          [
            91.514787,
            26.266224
          ],
          [
            91.514869,
            26.266174
          ],
          [
            91.514956,
            26.266109
          ],
          [
            91.515016,
            26.266051
          ],
          [
            91.515067,
            26.265985
          ],
          [
            91.515109,
            26.265904
          ],
          [
            91.515175,
            26.265689
          ],
          [
            91.515377,
            26.26485
          ],
          [
            91.515451,
            26.264603
          ],
          [
            91.515499,
            26.264485
          ],
          [
            91.515557,
            26.264388
          ],
          [
            91.515625,
            26.264292
          ],
          [
            91.515757,
            26.264146
          ],
          [
            91.515901,
            26.264026
          ],
          [
            91.516132,
            26.263867
          ],
          [
            91.516363,
            26.263728
          ],
          [
            91.516524,
            26.263617
          ],
          [
            91.516666,
            26.26349
          ],
          [
            91.516797,
            26.26336
          ],
          [
            91.516891,
            26.263227
          ],
          [
            91.516993,
            26.263049
          ],
          [
            91.517068,
            26.262915
          ],
          [
            91.517157,
            26.262715
          ],
          [
            91.5172,
            26.262612
          ],
          [
            91.517222,
            26.262432
          ],
          [
            91.51723,
            26.262307
          ],
          [
            91.517213,
            26.262109
          ],
          [
            91.517165,
            26.26176
          ],
          [
            91.517076,
            26.261089
          ],
          [
            91.51699,
            26.260432
          ],
          [
            91.516675,
            26.258241
          ],
          [
            91.51662,
            26.257753
          ],
          [
            91.516588,
            26.25744
          ],
          [
            91.516575,
            26.257233
          ],
          [
            91.516575,
            26.257109
          ],
          [
            91.516585,
            26.257008
          ],
          [
            91.516606,
            26.256929
          ],
          [
            91.516632,
            26.256863
          ],
          [
            91.516687,
            26.256789
          ],
          [
            91.51678,
            26.256703
          ],
          [
            91.516907,
            26.256587
          ],
          [
            91.517048,
            26.256481
          ],
          [
            91.517129,
            26.256431
          ],
          [
            91.517244,
            26.256366
          ],
          [
            91.51739,
            26.256315
          ],
          [
            91.517589,
            26.256264
          ],
          [
            91.517741,
            26.256229
          ],
          [
            91.517886,
            26.256212
          ],
          [
            91.518003,
            26.256206
          ],
          [
            91.518134,
            26.256211
          ],
          [
            91.518262,
            26.256223
          ],
          [
            91.518387,
            26.256258
          ],
          [
            91.518476,
            26.2563
          ],
          [
            91.518686,
            26.256444
          ],
          [
            91.518857,
            26.256576
          ],
          [
            91.519056,
            26.256764
          ],
          [
            91.519386,
            26.257077
          ],
          [
            91.519595,
            26.257267
          ],
          [
            91.519753,
            26.257395
          ],
          [
            91.51991,
            26.257498
          ],
          [
            91.520043,
            26.257559
          ],
          [
            91.520224,
            26.257628
          ],
          [
            91.520437,
            26.257694
          ],
          [
            91.52068,
            26.257757
          ],
          [
            91.520894,
            26.257806
          ],
          [
            91.521134,
            26.257861
          ],
          [
            91.521385,
            26.257905
          ],
          [
            91.521552,
            26.257921
          ],
          [
            91.521737,
            26.257927
          ],
          [
            91.52191,
            26.257924
          ],
          [
            91.522019,
            26.257891
          ],
          [
            91.522075,
            26.257821
          ],
          [
            91.52213,
            26.257589
          ],
          [
            91.52218,
            26.257347
          ],
          [
            91.522206,
            26.257199
          ],
          [
            91.522223,
            26.257061
          ],
          [
            91.522239,
            26.256905
          ],
          [
            91.522257,
            26.256723
          ],
          [
            91.522273,
            26.256497
          ],
          [
            91.522296,
            26.256081
          ],
          [
            91.522296,
            26.25592
          ],
          [
            91.5223,
            26.255785
          ],
          [
            91.522306,
            26.255672
          ],
          [
            91.522324,
            26.255528
          ],
          [
            91.522353,
            26.255398
          ],
          [
            91.522395,
            26.255243
          ],
          [
            91.522446,
            26.255084
          ],
          [
            91.522549,
            26.25478
          ],
          [
            91.522594,
            26.254614
          ],
          [
            91.522636,
            26.254428
          ],
          [
            91.522675,
            26.254296
          ],
          [
            91.522724,
            26.25416
          ],
          [
            91.522792,
            26.254029
          ],
          [
            91.52289,
            26.253863
          ],
          [
            91.522993,
            26.253714
          ],
          [
            91.523111,
            26.253548
          ],
          [
            91.523216,
            26.253428
          ],
          [
            91.523247,
            26.253395
          ],
          [
            91.523322,
            26.253317
          ],
          [
            91.523542,
            26.253093
          ],
          [
            91.523677,
            26.252947
          ],
          [
            91.523771,
            26.252839
          ],
          [
            91.52389,
            26.252688
          ],
          [
            91.523979,
            26.252557
          ],
          [
            91.524047,
            26.252439
          ],
          [
            91.524081,
            26.252387
          ],
          [
            91.524104,
            26.252358
          ],
          [
            91.524134,
            26.252336
          ],
          [
            91.524176,
            26.252325
          ],
          [
            91.524226,
            26.252322
          ],
          [
            91.524411,
            26.252311
          ],
          [
            91.525113,
            26.252287
          ],
          [
            91.525206,
            26.252269
          ],
          [
            91.525321,
            26.25224
          ],
          [
            91.525505,
            26.252176
          ],
          [
            91.525766,
            26.252082
          ],
          [
            91.525844,
            26.252054
          ],
          [
            91.526007,
            26.251997
          ],
          [
            91.526123,
            26.251955
          ],
          [
            91.526463,
            26.251833
          ],
          [
            91.526746,
            26.251731
          ],
          [
            91.526907,
            26.251684
          ],
          [
            91.527053,
            26.25165
          ],
          [
            91.527232,
            26.251628
          ],
          [
            91.527452,
            26.251609
          ],
          [
            91.527723,
            26.251586
          ],
          [
            91.527938,
            26.251571
          ],
          [
            91.528136,
            26.251562
          ],
          [
            91.528378,
            26.251555
          ],
          [
            91.528603,
            26.251549
          ],
          [
            91.52887,
            26.251552
          ],
          [
            91.52915,
            26.251563
          ],
          [
            91.529425,
            26.251574
          ],
          [
            91.529668,
            26.251581
          ],
          [
            91.530194,
            26.251595
          ],
          [
            91.530621,
            26.251601
          ],
          [
            91.530923,
            26.251614
          ],
          [
            91.531383,
            26.251632
          ],
          [
            91.531903,
            26.25166
          ],
          [
            91.53211,
            26.251674
          ],
          [
            91.532284,
            26.251686
          ],
          [
            91.532552,
            26.251707
          ],
          [
            91.532673,
            26.251717
          ],
          [
            91.533098,
            26.251753
          ],
          [
            91.533432,
            26.251783
          ],
          [
            91.533659,
            26.251804
          ],
          [
            91.534242,
            26.25185
          ],
          [
            91.534659,
            26.251874
          ],
          [
            91.535465,
            26.251957
          ],
          [
            91.536231,
            26.252035
          ],
          [
            91.537107,
            26.2521
          ],
          [
            91.537609,
            26.252124
          ],
          [
            91.53803,
            26.252153
          ],
          [
            91.538427,
            26.252203
          ],
          [
            91.538809,
            26.252274
          ],
          [
            91.539286,
            26.252375
          ],
          [
            91.539798,
            26.252477
          ],
          [
            91.540256,
            26.252578
          ],
          [
            91.540609,
            26.25266
          ],
          [
            91.540886,
            26.252726
          ],
          [
            91.541356,
            26.252858
          ],
          [
            91.541683,
            26.25294
          ],
          [
            91.541935,
            26.253003
          ],
          [
            91.542335,
            26.253105
          ],
          [
            91.542659,
            26.253189
          ],
          [
            91.542816,
            26.253232
          ],
          [
            91.542958,
            26.25327
          ],
          [
            91.54331,
            26.253373
          ],
          [
            91.54376,
            26.253515
          ],
          [
            91.544032,
            26.253586
          ],
          [
            91.544407,
            26.253695
          ],
          [
            91.544614,
            26.253746
          ],
          [
            91.544743,
            26.253772
          ],
          [
            91.544987,
            26.253822
          ],
          [
            91.545481,
            26.253926
          ],
          [
            91.545902,
            26.254006
          ],
          [
            91.546326,
            26.254084
          ],
          [
            91.547188,
            26.254223
          ],
          [
            91.547238,
            26.254231
          ],
          [
            91.547573,
            26.254282
          ],
          [
            91.547942,
            26.254336
          ],
          [
            91.548323,
            26.254392
          ],
          [
            91.548645,
            26.254439
          ],
          [
            91.548934,
            26.254479
          ],
          [
            91.549224,
            26.254515
          ],
          [
            91.549467,
            26.254532
          ],
          [
            91.549658,
            26.254537
          ],
          [
            91.549983,
            26.254532
          ],
          [
            91.550351,
            26.254521
          ],
          [
            91.550478,
            26.254517
          ],
          [
            91.551253,
            26.254493
          ],
          [
            91.552337,
            26.254445
          ],
          [
            91.553731,
            26.25439
          ],
          [
            91.553954,
            26.254377
          ],
          [
            91.554938,
            26.254322
          ],
          [
            91.555071,
            26.254315
          ],
          [
            91.555345,
            26.254292
          ],
          [
            91.555759,
            26.254261
          ],
          [
            91.555861,
            26.254254
          ],
          [
            91.556123,
            26.254236
          ],
          [
            91.556392,
            26.254218
          ],
          [
            91.556747,
            26.254199
          ],
          [
            91.55701,
            26.254187
          ],
          [
            91.55732,
            26.254171
          ],
          [
            91.557647,
            26.254166
          ],
          [
            91.558388,
            26.254142
          ],
          [
            91.559624,
            26.254092
          ],
          [
            91.560407,
            26.254074
          ],
          [
            91.560798,
            26.254065
          ],
          [
            91.561448,
            26.254036
          ],
          [
            91.561874,
            26.254003
          ],
          [
            91.562398,
            26.253952
          ],
          [
            91.562827,
            26.253906
          ],
          [
            91.563006,
            26.25388
          ],
          [
            91.563135,
            26.253852
          ],
          [
            91.563257,
            26.253819
          ],
          [
            91.563423,
            26.253766
          ],
          [
            91.563665,
            26.253674
          ],
          [
            91.563889,
            26.253586
          ],
          [
            91.564271,
            26.253443
          ],
          [
            91.564622,
            26.25331
          ],
          [
            91.56506,
            26.253137
          ],
          [
            91.565329,
            26.253021
          ],
          [
            91.565615,
            26.252901
          ],
          [
            91.566032,
            26.252724
          ],
          [
            91.5661,
            26.252693
          ],
          [
            91.566784,
            26.252421
          ],
          [
            91.567185,
            26.252258
          ],
          [
            91.567377,
            26.25218
          ],
          [
            91.567646,
            26.252054
          ],
          [
            91.568368,
            26.251755
          ],
          [
            91.568662,
            26.251629
          ],
          [
            91.568852,
            26.251556
          ],
          [
            91.569016,
            26.251491
          ],
          [
            91.569232,
            26.251394
          ],
          [
            91.569736,
            26.251158
          ],
          [
            91.569902,
            26.25107
          ],
          [
            91.570113,
            26.250955
          ],
          [
            91.57042,
            26.250774
          ],
          [
            91.570627,
            26.250648
          ],
          [
            91.571022,
            26.250407
          ],
          [
            91.571265,
            26.250252
          ],
          [
            91.571449,
            26.25014
          ],
          [
            91.571623,
            26.250032
          ],
          [
            91.57178,
            26.24995
          ],
          [
            91.572011,
            26.249828
          ],
          [
            91.572363,
            26.249657
          ],
          [
            91.572822,
            26.249442
          ],
          [
            91.573185,
            26.249261
          ],
          [
            91.573542,
            26.249086
          ],
          [
            91.573947,
            26.248888
          ],
          [
            91.574602,
            26.248576
          ],
          [
            91.575031,
            26.248367
          ],
          [
            91.575396,
            26.2482
          ],
          [
            91.575657,
            26.24808
          ],
          [
            91.575774,
            26.248034
          ],
          [
            91.575877,
            26.247999
          ],
          [
            91.575995,
            26.247972
          ],
          [
            91.576121,
            26.247951
          ],
          [
            91.576281,
            26.247925
          ],
          [
            91.576668,
            26.247871
          ],
          [
            91.577095,
            26.247802
          ],
          [
            91.577386,
            26.247753
          ],
          [
            91.577606,
            26.247701
          ],
          [
            91.577913,
            26.247628
          ],
          [
            91.578227,
            26.24755
          ],
          [
            91.579223,
            26.247291
          ],
          [
            91.579947,
            26.247077
          ],
          [
            91.580242,
            26.246971
          ],
          [
            91.580543,
            26.246865
          ],
          [
            91.581229,
            26.246598
          ],
          [
            91.582007,
            26.246297
          ],
          [
            91.582356,
            26.24618
          ],
          [
            91.582683,
            26.246091
          ],
          [
            91.583018,
            26.246004
          ],
          [
            91.583397,
            26.245941
          ],
          [
            91.583721,
            26.245905
          ],
          [
            91.584118,
            26.245876
          ],
          [
            91.58444,
            26.245862
          ],
          [
            91.584939,
            26.245828
          ],
          [
            91.585424,
            26.245799
          ],
          [
            91.585945,
            26.245797
          ],
          [
            91.586339,
            26.245807
          ],
          [
            91.586594,
            26.245828
          ],
          [
            91.586819,
            26.245843
          ],
          [
            91.586921,
            26.245847
          ],
          [
            91.58703,
            26.245852
          ],
          [
            91.587113,
            26.24585
          ],
          [
            91.587164,
            26.245842
          ],
          [
            91.587233,
            26.245822
          ],
          [
            91.587309,
            26.245779
          ],
          [
            91.587373,
            26.245724
          ],
          [
            91.587527,
            26.245571
          ],
          [
            91.588041,
            26.245058
          ],
          [
            91.5881,
            26.245016
          ],
          [
            91.588164,
            26.245001
          ],
          [
            91.588263,
            26.245001
          ],
          [
            91.58836,
            26.245016
          ],
          [
            91.588469,
            26.245045
          ],
          [
            91.588585,
            26.245067
          ],
          [
            91.588714,
            26.245078
          ],
          [
            91.588837,
            26.245081
          ],
          [
            91.588972,
            26.245073
          ],
          [
            91.589099,
            26.245052
          ],
          [
            91.589205,
            26.24502
          ],
          [
            91.589319,
            26.244968
          ],
          [
            91.589389,
            26.244919
          ],
          [
            91.589491,
            26.244824
          ],
          [
            91.589694,
            26.244582
          ],
          [
            91.589831,
            26.244416
          ],
          [
            91.590046,
            26.244156
          ],
          [
            91.59033,
            26.243824
          ],
          [
            91.590727,
            26.243358
          ],
          [
            91.590876,
            26.243156
          ],
          [
            91.591023,
            26.242946
          ],
          [
            91.591124,
            26.242797
          ],
          [
            91.591186,
            26.242688
          ],
          [
            91.591241,
            26.242575
          ],
          [
            91.591309,
            26.242419
          ],
          [
            91.591376,
            26.242245
          ],
          [
            91.591455,
            26.242016
          ],
          [
            91.591565,
            26.241702
          ],
          [
            91.591732,
            26.241247
          ],
          [
            91.591793,
            26.241061
          ],
          [
            91.591849,
            26.240886
          ],
          [
            91.591918,
            26.240648
          ],
          [
            91.591976,
            26.240456
          ],
          [
            91.592099,
            26.240079
          ],
          [
            91.592414,
            26.239162
          ],
          [
            91.592532,
            26.23885
          ],
          [
            91.592643,
            26.238528
          ],
          [
            91.592814,
            26.238049
          ],
          [
            91.592926,
            26.237741
          ],
          [
            91.593039,
            26.237439
          ],
          [
            91.593207,
            26.237
          ],
          [
            91.593279,
            26.236832
          ],
          [
            91.59336,
            26.236657
          ],
          [
            91.593468,
            26.236457
          ],
          [
            91.593592,
            26.236241
          ],
          [
            91.593692,
            26.236087
          ],
          [
            91.593804,
            26.235931
          ],
          [
            91.593904,
            26.235791
          ],
          [
            91.594029,
            26.23563
          ],
          [
            91.594136,
            26.235501
          ],
          [
            91.594262,
            26.235355
          ],
          [
            91.594378,
            26.235224
          ],
          [
            91.594494,
            26.235104
          ],
          [
            91.594675,
            26.234949
          ],
          [
            91.594906,
            26.234774
          ],
          [
            91.595102,
            26.234626
          ],
          [
            91.595285,
            26.234491
          ],
          [
            91.59553,
            26.234312
          ],
          [
            91.595825,
            26.234107
          ],
          [
            91.595984,
            26.234006
          ],
          [
            91.596201,
            26.233877
          ],
          [
            91.596433,
            26.233774
          ],
          [
            91.596762,
            26.233624
          ],
          [
            91.597109,
            26.233486
          ],
          [
            91.59743,
            26.233357
          ],
          [
            91.59765,
            26.233269
          ],
          [
            91.59789,
            26.233163
          ],
          [
            91.598202,
            26.233027
          ],
          [
            91.598534,
            26.232884
          ],
          [
            91.598728,
            26.232803
          ],
          [
            91.598885,
            26.232743
          ],
          [
            91.599038,
            26.232689
          ],
          [
            91.599185,
            26.232642
          ],
          [
            91.599306,
            26.232614
          ],
          [
            91.599422,
            26.232591
          ],
          [
            91.599543,
            26.232566
          ],
          [
            91.599639,
            26.232541
          ],
          [
            91.599781,
            26.232501
          ],
          [
            91.599935,
            26.232457
          ],
          [
            91.600087,
            26.232412
          ],
          [
            91.60029,
            26.23235
          ],
          [
            91.600705,
            26.232207
          ],
          [
            91.601815,
            26.231837
          ],
          [
            91.602497,
            26.23161
          ],
          [
            91.602904,
            26.231477
          ],
          [
            91.603481,
            26.231309
          ],
          [
            91.604098,
            26.231119
          ],
          [
            91.604924,
            26.230864
          ],
          [
            91.606174,
            26.230465
          ],
          [
            91.606831,
            26.23025
          ],
          [
            91.607097,
            26.230166
          ],
          [
            91.607346,
            26.230082
          ],
          [
            91.607612,
            26.229976
          ],
          [
            91.607805,
            26.22989
          ],
          [
            91.608051,
            26.229764
          ],
          [
            91.608279,
            26.229639
          ],
          [
            91.608502,
            26.229495
          ],
          [
            91.608749,
            26.229327
          ],
          [
            91.608993,
            26.229158
          ],
          [
            91.609256,
            26.228973
          ],
          [
            91.609516,
            26.228802
          ],
          [
            91.609851,
            26.228597
          ],
          [
            91.610194,
            26.228393
          ],
          [
            91.610587,
            26.228164
          ],
          [
            91.611029,
            26.227896
          ],
          [
            91.611125,
            26.227844
          ],
          [
            91.611715,
            26.227488
          ],
          [
            91.612252,
            26.227163
          ],
          [
            91.612595,
            26.226949
          ],
          [
            91.612954,
            26.226728
          ],
          [
            91.613309,
            26.226511
          ],
          [
            91.613732,
            26.226235
          ],
          [
            91.614033,
            26.226059
          ],
          [
            91.614314,
            26.225883
          ],
          [
            91.614623,
            26.225698
          ],
          [
            91.614947,
            26.225494
          ],
          [
            91.615151,
            26.225361
          ],
          [
            91.615476,
            26.225135
          ],
          [
            91.615897,
            26.22483
          ],
          [
            91.616433,
            26.224425
          ],
          [
            91.616903,
            26.224079
          ],
          [
            91.617302,
            26.223776
          ],
          [
            91.617525,
            26.2236
          ],
          [
            91.617656,
            26.223499
          ],
          [
            91.617777,
            26.22342
          ],
          [
            91.61787,
            26.223371
          ],
          [
            91.617992,
            26.223333
          ],
          [
            91.618104,
            26.223317
          ],
          [
            91.618241,
            26.223309
          ],
          [
            91.618493,
            26.223302
          ],
          [
            91.618692,
            26.223305
          ],
          [
            91.618909,
            26.223322
          ],
          [
            91.61911,
            26.223352
          ],
          [
            91.619496,
            26.223417
          ],
          [
            91.619899,
            26.22348
          ],
          [
            91.620203,
            26.223524
          ],
          [
            91.620438,
            26.223553
          ],
          [
            91.62061,
            26.223575
          ],
          [
            91.620752,
            26.223587
          ],
          [
            91.620902,
            26.223588
          ],
          [
            91.621079,
            26.223577
          ],
          [
            91.621264,
            26.223545
          ],
          [
            91.621554,
            26.223475
          ],
          [
            91.621763,
            26.223434
          ],
          [
            91.622015,
            26.223383
          ],
          [
            91.622216,
            26.223331
          ],
          [
            91.622436,
            26.223249
          ],
          [
            91.622584,
            26.223162
          ],
          [
            91.622742,
            26.223042
          ],
          [
            91.622948,
            26.222881
          ],
          [
            91.623168,
            26.222688
          ],
          [
            91.623294,
            26.222551
          ],
          [
            91.623356,
            26.222467
          ],
          [
            91.623392,
            26.222396
          ],
          [
            91.623415,
            26.222316
          ],
          [
            91.623426,
            26.222227
          ],
          [
            91.62343,
            26.222125
          ],
          [
            91.623429,
            26.221963
          ],
          [
            91.62342,
            26.221828
          ],
          [
            91.623422,
            26.221721
          ],
          [
            91.623424,
            26.221626
          ],
          [
            91.623451,
            26.221468
          ],
          [
            91.623479,
            26.22137
          ],
          [
            91.623522,
            26.221267
          ],
          [
            91.623571,
            26.221176
          ],
          [
            91.62364,
            26.221081
          ],
          [
            91.623737,
            26.220971
          ],
          [
            91.623882,
            26.220823
          ],
          [
            91.624082,
            26.220619
          ],
          [
            91.624163,
            26.220531
          ],
          [
            91.624235,
            26.220452
          ],
          [
            91.624312,
            26.220357
          ],
          [
            91.624379,
            26.220251
          ],
          [
            91.624495,
            26.220045
          ],
          [
            91.624602,
            26.219821
          ],
          [
            91.624729,
            26.219531
          ],
          [
            91.624809,
            26.219328
          ],
          [
            91.624865,
            26.219182
          ],
          [
            91.62492,
            26.219023
          ],
          [
            91.624971,
            26.218862
          ],
          [
            91.625024,
            26.218679
          ],
          [
            91.62507,
            26.218525
          ],
          [
            91.625126,
            26.218297
          ],
          [
            91.625168,
            26.218131
          ],
          [
            91.625224,
            26.217874
          ],
          [
            91.625285,
            26.217585
          ],
          [
            91.625319,
            26.217451
          ],
          [
            91.625358,
            26.217354
          ],
          [
            91.625404,
            26.217275
          ],
          [
            91.625459,
            26.217195
          ],
          [
            91.625577,
            26.21706
          ],
          [
            91.625802,
            26.216846
          ],
          [
            91.62603,
            26.216636
          ],
          [
            91.626366,
            26.216319
          ],
          [
            91.626585,
            26.216095
          ],
          [
            91.62691,
            26.215765
          ],
          [
            91.627044,
            26.215626
          ],
          [
            91.627237,
            26.215419
          ],
          [
            91.627426,
            26.215217
          ],
          [
            91.627585,
            26.215059
          ],
          [
            91.627744,
            26.214905
          ],
          [
            91.627866,
            26.214779
          ],
          [
            91.628007,
            26.214636
          ],
          [
            91.628187,
            26.214441
          ],
          [
            91.628525,
            26.214085
          ],
          [
            91.628621,
            26.213982
          ],
          [
            91.628695,
            26.213914
          ],
          [
            91.628751,
            26.213872
          ],
          [
            91.628832,
            26.213824
          ],
          [
            91.628914,
            26.21379
          ],
          [
            91.62901,
            26.213766
          ],
          [
            91.629132,
            26.213744
          ],
          [
            91.62927,
            26.213733
          ],
          [
            91.62941,
            26.213733
          ],
          [
            91.629564,
            26.213748
          ],
          [
            91.6297,
            26.213773
          ],
          [
            91.630019,
            26.213846
          ],
          [
            91.630543,
            26.213971
          ],
          [
            91.630894,
            26.214052
          ],
          [
            91.63114,
            26.214112
          ],
          [
            91.631436,
            26.21419
          ],
          [
            91.631911,
            26.21432
          ],
          [
            91.632337,
            26.214439
          ],
          [
            91.632742,
            26.214554
          ],
          [
            91.632992,
            26.214625
          ],
          [
            91.633306,
            26.214717
          ],
          [
            91.633618,
            26.214812
          ],
          [
            91.633821,
            26.21487
          ],
          [
            91.633971,
            26.214903
          ],
          [
            91.634128,
            26.214929
          ],
          [
            91.634254,
            26.214944
          ],
          [
            91.634365,
            26.214944
          ],
          [
            91.634464,
            26.214936
          ],
          [
            91.634589,
            26.214912
          ],
          [
            91.634735,
            26.214864
          ],
          [
            91.634845,
            26.214821
          ],
          [
            91.63492,
            26.214784
          ],
          [
            91.634989,
            26.214739
          ],
          [
            91.635075,
            26.214673
          ],
          [
            91.635138,
            26.214587
          ],
          [
            91.635193,
            26.214495
          ],
          [
            91.635262,
            26.21436
          ],
          [
            91.635409,
            26.214109
          ],
          [
            91.635485,
            26.213988
          ],
          [
            91.635572,
            26.213863
          ],
          [
            91.635649,
            26.213756
          ],
          [
            91.635709,
            26.213644
          ],
          [
            91.635929,
            26.213396
          ],
          [
            91.636013,
            26.213284
          ],
          [
            91.636056,
            26.213225
          ],
          [
            91.636096,
            26.213163
          ],
          [
            91.636148,
            26.213047
          ],
          [
            91.636174,
            26.212961
          ],
          [
            91.636203,
            26.212865
          ],
          [
            91.636238,
            26.212706
          ],
          [
            91.636266,
            26.212565
          ],
          [
            91.636304,
            26.212395
          ],
          [
            91.636347,
            26.212103
          ],
          [
            91.636366,
            26.211936
          ],
          [
            91.636393,
            26.211711
          ],
          [
            91.636409,
            26.211538
          ],
          [
            91.636421,
            26.211416
          ],
          [
            91.636444,
            26.211172
          ],
          [
            91.636473,
            26.210989
          ],
          [
            91.636495,
            26.210853
          ],
          [
            91.636547,
            26.21061
          ],
          [
            91.636577,
            26.21043
          ],
          [
            91.63665,
            26.210106
          ],
          [
            91.636673,
            26.209992
          ],
          [
            91.636713,
            26.209808
          ],
          [
            91.636762,
            26.209557
          ],
          [
            91.636821,
            26.209308
          ],
          [
            91.63686,
            26.209153
          ],
          [
            91.636893,
            26.209023
          ],
          [
            91.636917,
            26.208925
          ],
          [
            91.636922,
            26.208891
          ],
          [
            91.636946,
            26.20871
          ],
          [
            91.636954,
            26.208537
          ],
          [
            91.636962,
            26.208357
          ],
          [
            91.636975,
            26.20812
          ],
          [
            91.636979,
            26.207972
          ],
          [
            91.636994,
            26.207842
          ],
          [
            91.637014,
            26.207702
          ],
          [
            91.637047,
            26.207484
          ],
          [
            91.637097,
            26.207289
          ],
          [
            91.637221,
            26.206838
          ],
          [
            91.637293,
            26.20659
          ],
          [
            91.637342,
            26.206414
          ],
          [
            91.637403,
            26.206176
          ],
          [
            91.637414,
            26.206129
          ],
          [
            91.637444,
            26.205985
          ],
          [
            91.637489,
            26.205752
          ],
          [
            91.637533,
            26.205571
          ],
          [
            91.637579,
            26.205401
          ],
          [
            91.637617,
            26.205267
          ],
          [
            91.637658,
            26.205128
          ],
          [
            91.637753,
            26.204816
          ],
          [
            91.637939,
            26.204254
          ],
          [
            91.638147,
            26.203645
          ],
          [
            91.638198,
            26.203489
          ],
          [
            91.638343,
            26.203106
          ],
          [
            91.638379,
            26.203008
          ],
          [
            91.638465,
            26.202768
          ],
          [
            91.63857,
            26.202465
          ],
          [
            91.63865,
            26.202228
          ],
          [
            91.638799,
            26.201774
          ],
          [
            91.638898,
            26.201475
          ],
          [
            91.638924,
            26.201381
          ],
          [
            91.63895,
            26.201284
          ],
          [
            91.639007,
            26.201079
          ],
          [
            91.639067,
            26.200893
          ],
          [
            91.639125,
            26.200736
          ],
          [
            91.639184,
            26.200582
          ],
          [
            91.639254,
            26.200425
          ],
          [
            91.639327,
            26.20027
          ],
          [
            91.639381,
            26.200153
          ],
          [
            91.639421,
            26.200068
          ],
          [
            91.639464,
            26.199978
          ],
          [
            91.639538,
            26.199857
          ],
          [
            91.639622,
            26.199719
          ],
          [
            91.639787,
            26.199501
          ],
          [
            91.640019,
            26.199215
          ],
          [
            91.64012,
            26.199087
          ],
          [
            91.640203,
            26.198973
          ],
          [
            91.640258,
            26.198886
          ],
          [
            91.640294,
            26.198806
          ],
          [
            91.640405,
            26.198555
          ],
          [
            91.640542,
            26.198196
          ],
          [
            91.640607,
            26.198034
          ],
          [
            91.640652,
            26.197919
          ],
          [
            91.640772,
            26.197608
          ],
          [
            91.64084,
            26.197421
          ],
          [
            91.640879,
            26.197336
          ],
          [
            91.640973,
            26.197076
          ],
          [
            91.641004,
            26.196999
          ],
          [
            91.641102,
            26.19676
          ],
          [
            91.641115,
            26.196727
          ],
          [
            91.641254,
            26.196381
          ],
          [
            91.641421,
            26.195954
          ],
          [
            91.641579,
            26.195559
          ],
          [
            91.641634,
            26.195419
          ],
          [
            91.641733,
            26.195164
          ],
          [
            91.641853,
            26.194854
          ],
          [
            91.641905,
            26.194711
          ],
          [
            91.641984,
            26.194496
          ],
          [
            91.642078,
            26.194234
          ],
          [
            91.642207,
            26.193884
          ],
          [
            91.642297,
            26.193644
          ],
          [
            91.642431,
            26.193286
          ],
          [
            91.642514,
            26.193074
          ],
          [
            91.642612,
            26.19282
          ],
          [
            91.642663,
            26.192702
          ],
          [
            91.642715,
            26.192592
          ],
          [
            91.642786,
            26.192466
          ],
          [
            91.642828,
            26.192395
          ],
          [
            91.643035,
            26.192027
          ],
          [
            91.643101,
            26.191895
          ],
          [
            91.643167,
            26.19176
          ],
          [
            91.643222,
            26.191625
          ],
          [
            91.643265,
            26.191501
          ],
          [
            91.64332,
            26.191299
          ],
          [
            91.643375,
            26.191061
          ],
          [
            91.643457,
            26.190715
          ],
          [
            91.643541,
            26.190413
          ],
          [
            91.643576,
            26.190307
          ],
          [
            91.643612,
            26.190242
          ],
          [
            91.643677,
            26.190176
          ],
          [
            91.643746,
            26.190121
          ],
          [
            91.64382,
            26.190082
          ],
          [
            91.643913,
            26.190066
          ],
          [
            91.644023,
            26.190062
          ],
          [
            91.644342,
            26.190082
          ],
          [
            91.644626,
            26.190133
          ],
          [
            91.644814,
            26.190196
          ],
          [
            91.645055,
            26.190309
          ],
          [
            91.645299,
            26.190422
          ],
          [
            91.645715,
            26.190646
          ],
          [
            91.646015,
            26.190809
          ],
          [
            91.646139,
            26.190868
          ],
          [
            91.646237,
            26.190904
          ],
          [
            91.646324,
            26.190925
          ],
          [
            91.646416,
            26.190931
          ],
          [
            91.646534,
            26.19092
          ],
          [
            91.646648,
            26.190897
          ],
          [
            91.646748,
            26.190861
          ],
          [
            91.646863,
            26.190786
          ],
          [
            91.646982,
            26.190705
          ],
          [
            91.647213,
            26.190537
          ],
          [
            91.647416,
            26.190407
          ],
          [
            91.647619,
            26.19028
          ],
          [
            91.647654,
            26.190258
          ],
          [
            91.647681,
            26.190242
          ],
          [
            91.647739,
            26.190206
          ],
          [
            91.647981,
            26.190056
          ],
          [
            91.648531,
            26.189712
          ],
          [
            91.648724,
            26.189596
          ],
          [
            91.649298,
            26.18925
          ],
          [
            91.64933,
            26.189231
          ],
          [
            91.649575,
            26.189084
          ],
          [
            91.649593,
            26.189074
          ],
          [
            91.649764,
            26.188969
          ],
          [
            91.649833,
            26.188929
          ],
          [
            91.649934,
            26.18887
          ],
          [
            91.65011,
            26.188768
          ],
          [
            91.650251,
            26.188689
          ],
          [
            91.650436,
            26.188587
          ],
          [
            91.650672,
            26.188455
          ],
          [
            91.650894,
            26.18833
          ],
          [
            91.65135,
            26.188102
          ],
          [
            91.651965,
            26.18781
          ],
          [
            91.652028,
            26.187783
          ],
          [
            91.652675,
            26.187505
          ],
          [
            91.652932,
            26.187383
          ],
          [
            91.653225,
            26.187235
          ],
          [
            91.653531,
            26.187079
          ],
          [
            91.653931,
            26.186874
          ],
          [
            91.654309,
            26.186706
          ],
          [
            91.654816,
            26.186478
          ],
          [
            91.655316,
            26.186274
          ],
          [
            91.655607,
            26.186162
          ],
          [
            91.656025,
            26.18602
          ],
          [
            91.656755,
            26.185786
          ],
          [
            91.657098,
            26.185678
          ],
          [
            91.657645,
            26.185505
          ],
          [
            91.658327,
            26.185295
          ],
          [
            91.65874,
            26.185165
          ],
          [
            91.659196,
            26.185021
          ],
          [
            91.660022,
            26.184761
          ],
          [
            91.660497,
            26.184599
          ],
          [
            91.660886,
            26.184465
          ],
          [
            91.661159,
            26.184366
          ],
          [
            91.661452,
            26.184241
          ],
          [
            91.661916,
            26.184034
          ],
          [
            91.662369,
            26.183846
          ],
          [
            91.662809,
            26.18367
          ],
          [
            91.662966,
            26.183619
          ],
          [
            91.663102,
            26.183584
          ],
          [
            91.663267,
            26.183544
          ],
          [
            91.663348,
            26.183533
          ],
          [
            91.66349,
            26.183527
          ],
          [
            91.663651,
            26.183525
          ],
          [
            91.663815,
            26.183532
          ],
          [
            91.664044,
            26.183542
          ],
          [
            91.66425,
            26.183562
          ],
          [
            91.664435,
            26.183593
          ],
          [
            91.664666,
            26.18365
          ],
          [
            91.664954,
            26.183738
          ],
          [
            91.665276,
            26.18384
          ],
          [
            91.665498,
            26.183927
          ],
          [
            91.665697,
            26.184003
          ],
          [
            91.665936,
            26.184095
          ],
          [
            91.666147,
            26.184176
          ],
          [
            91.666424,
            26.184297
          ],
          [
            91.666698,
            26.184423
          ],
          [
            91.666768,
            26.184459
          ],
          [
            91.666807,
            26.18448
          ],
          [
            91.666871,
            26.18455
          ],
          [
            91.667108,
            26.184684
          ],
          [
            91.66724,
            26.184768
          ],
          [
            91.66733,
            26.184839
          ],
          [
            91.667378,
            26.184898
          ],
          [
            91.667398,
            26.184959
          ],
          [
            91.667409,
            26.185028
          ],
          [
            91.667409,
            26.185135
          ],
          [
            91.667363,
            26.185591
          ],
          [
            91.66732,
            26.186057
          ],
          [
            91.667281,
            26.186355
          ],
          [
            91.667237,
            26.186966
          ],
          [
            91.667208,
            26.187287
          ],
          [
            91.667201,
            26.187412
          ],
          [
            91.667199,
            26.187525
          ],
          [
            91.667205,
            26.187633
          ],
          [
            91.667217,
            26.187714
          ],
          [
            91.667244,
            26.187789
          ],
          [
            91.667277,
            26.187869
          ],
          [
            91.66743,
            26.188039
          ],
          [
            91.6676,
            26.188213
          ],
          [
            91.667771,
            26.188376
          ],
          [
            91.668039,
            26.188648
          ],
          [
            91.668313,
            26.188934
          ],
          [
            91.668598,
            26.189215
          ],
          [
            91.668884,
            26.189483
          ],
          [
            91.669007,
            26.189589
          ],
          [
            91.669112,
            26.189665
          ],
          [
            91.669212,
            26.189715
          ],
          [
            91.669321,
            26.18975
          ],
          [
            91.669549,
            26.189788
          ],
          [
            91.669839,
            26.189824
          ],
          [
            91.670028,
            26.189841
          ],
          [
            91.670269,
            26.18985
          ],
          [
            91.670372,
            26.189855
          ],
          [
            91.670513,
            26.189862
          ],
          [
            91.670678,
            26.189873
          ],
          [
            91.670821,
            26.189891
          ],
          [
            91.670894,
            26.189914
          ],
          [
            91.670952,
            26.189947
          ],
          [
            91.670999,
            26.189981
          ],
          [
            91.671042,
            26.190025
          ],
          [
            91.67115,
            26.189774
          ],
          [
            91.671201,
            26.189603
          ],
          [
            91.671244,
            26.18938
          ],
          [
            91.671276,
            26.189067
          ],
          [
            91.671303,
            26.188648
          ],
          [
            91.671333,
            26.188188
          ],
          [
            91.671346,
            26.187846
          ],
          [
            91.671343,
            26.187526
          ],
          [
            91.67133,
            26.187257
          ],
          [
            91.67133,
            26.186831
          ],
          [
            91.671362,
            26.185974
          ],
          [
            91.671435,
            26.18477
          ],
          [
            91.671488,
            26.183983
          ],
          [
            91.671496,
            26.183792
          ],
          [
            91.671513,
            26.183385
          ],
          [
            91.671526,
            26.183086
          ],
          [
            91.671539,
            26.182787
          ],
          [
            91.671596,
            26.181911
          ],
          [
            91.671606,
            26.181747
          ],
          [
            91.67162,
            26.181644
          ],
          [
            91.671644,
            26.181574
          ],
          [
            91.671702,
            26.181471
          ],
          [
            91.671844,
            26.18131
          ],
          [
            91.671892,
            26.181187
          ],
          [
            91.67192,
            26.180987
          ],
          [
            91.672585,
            26.169828
          ],
          [
            91.672612,
            26.169621
          ],
          [
            91.672612,
            26.169491
          ],
          [
            91.672593,
            26.169401
          ],
          [
            91.672559,
            26.169332
          ],
          [
            91.672497,
            26.169231
          ],
          [
            91.672446,
            26.169142
          ],
          [
            91.672419,
            26.169081
          ],
          [
            91.672402,
            26.169007
          ],
          [
            91.672404,
            26.168924
          ],
          [
            91.672406,
            26.168696
          ],
          [
            91.672432,
            26.167929
          ],
          [
            91.67243,
            26.167593
          ],
          [
            91.672405,
            26.167238
          ],
          [
            91.672319,
            26.166857
          ],
          [
            91.672274,
            26.166705
          ],
          [
            91.672192,
            26.166466
          ],
          [
            91.672065,
            26.166214
          ],
          [
            91.671892,
            26.165915
          ],
          [
            91.671314,
            26.16499
          ],
          [
            91.671164,
            26.164757
          ],
          [
            91.670979,
            26.164466
          ],
          [
            91.670873,
            26.164193
          ],
          [
            91.670786,
            26.163883
          ],
          [
            91.67074,
            26.163674
          ],
          [
            91.670697,
            26.163426
          ],
          [
            91.670692,
            26.163205
          ],
          [
            91.670702,
            26.163017
          ],
          [
            91.670729,
            26.162793
          ],
          [
            91.670786,
            26.162574
          ],
          [
            91.670901,
            26.162232
          ],
          [
            91.671046,
            26.161902
          ],
          [
            91.671169,
            26.161669
          ],
          [
            91.671293,
            26.161442
          ],
          [
            91.671464,
            26.161096
          ],
          [
            91.671813,
            26.160402
          ],
          [
            91.67232,
            26.159569
          ],
          [
            91.6725,
            26.159262
          ],
          [
            91.67269,
            26.158939
          ],
          [
            91.673141,
            26.158192
          ],
          [
            91.67342,
            26.157831
          ],
          [
            91.673661,
            26.157547
          ],
          [
            91.673897,
            26.157335
          ],
          [
            91.674176,
            26.157099
          ],
          [
            91.674989,
            26.156493
          ],
          [
            91.675681,
            26.156023
          ],
          [
            91.675968,
            26.15578
          ],
          [
            91.676236,
            26.155494
          ],
          [
            91.676331,
            26.155304
          ],
          [
            91.676378,
            26.155139
          ],
          [
            91.676434,
            26.15494
          ],
          [
            91.676526,
            26.154566
          ],
          [
            91.676713,
            26.153642
          ],
          [
            91.676788,
            26.15331
          ],
          [
            91.676896,
            26.152898
          ],
          [
            91.67703,
            26.152429
          ],
          [
            91.677159,
            26.151949
          ],
          [
            91.677333,
            26.151319
          ],
          [
            91.677539,
            26.15063
          ],
          [
            91.677684,
            26.150156
          ],
          [
            91.677781,
            26.149848
          ],
          [
            91.677856,
            26.149626
          ],
          [
            91.677939,
            26.149295
          ],
          [
            91.677979,
            26.149075
          ],
          [
            91.678003,
            26.148906
          ],
          [
            91.678021,
            26.148706
          ],
          [
            91.678025,
            26.148514
          ],
          [
            91.678024,
            26.148392
          ],
          [
            91.678018,
            26.148212
          ],
          [
            91.678002,
            26.148048
          ],
          [
            91.677979,
            26.147897
          ],
          [
            91.677943,
            26.147755
          ],
          [
            91.677906,
            26.1476
          ],
          [
            91.677852,
            26.147412
          ],
          [
            91.677576,
            26.146624
          ],
          [
            91.676469,
            26.143469
          ],
          [
            91.676175,
            26.142631
          ],
          [
            91.675775,
            26.141472
          ],
          [
            91.674522,
            26.137848
          ],
          [
            91.674345,
            26.137429
          ],
          [
            91.674167,
            26.137007
          ],
          [
            91.673963,
            26.136533
          ],
          [
            91.673597,
            26.13581
          ],
          [
            91.673508,
            26.135581
          ],
          [
            91.673446,
            26.135381
          ],
          [
            91.673406,
            26.13522
          ],
          [
            91.673377,
            26.135076
          ],
          [
            91.673336,
            26.134881
          ],
          [
            91.673326,
            26.134613
          ],
          [
            91.673336,
            26.13438
          ],
          [
            91.673358,
            26.134134
          ],
          [
            91.673409,
            26.133857
          ],
          [
            91.673497,
            26.133489
          ],
          [
            91.673709,
            26.132699
          ],
          [
            91.674136,
            26.13117
          ],
          [
            91.674278,
            26.130727
          ],
          [
            91.674374,
            26.130455
          ],
          [
            91.67453,
            26.130134
          ],
          [
            91.674624,
            26.129992
          ],
          [
            91.674777,
            26.129775
          ],
          [
            91.674932,
            26.129573
          ],
          [
            91.675099,
            26.129393
          ],
          [
            91.675217,
            26.129282
          ],
          [
            91.675935,
            26.12868
          ],
          [
            91.676526,
            26.12821
          ],
          [
            91.676861,
            26.127972
          ],
          [
            91.67733,
            26.127666
          ],
          [
            91.680686,
            26.125699
          ],
          [
            91.682929,
            26.124395
          ],
          [
            91.684545,
            26.123406
          ],
          [
            91.685699,
            26.122751
          ],
          [
            91.685956,
            26.122611
          ],
          [
            91.686203,
            26.122484
          ],
          [
            91.68645,
            26.122368
          ],
          [
            91.68671,
            26.122269
          ],
          [
            91.687008,
            26.122158
          ],
          [
            91.687383,
            26.122036
          ],
          [
            91.689481,
            26.121424
          ],
          [
            91.691686,
            26.120846
          ],
          [
            91.695594,
            26.119718
          ],
          [
            91.696648,
            26.119426
          ],
          [
            91.700221,
            26.118329
          ],
          [
            91.702254,
            26.117719
          ],
          [
            91.703207,
            26.117401
          ],
          [
            91.703416,
            26.117492
          ],
          [
            91.705859,
            26.116751
          ],
          [
            91.706811,
            26.116462
          ],
          [
            91.708343,
            26.115997
          ],
          [
            91.708567,
            26.115965
          ],
          [
            91.708559,
            26.116004
          ],
          [
            91.708478,
            26.1163
          ],
          [
            91.708289,
            26.117121
          ],
          [
            91.70829,
            26.117437
          ],
          [
            91.70829,
            26.11755
          ],
          [
            91.708403,
            26.118034
          ],
          [
            91.708627,
            26.118236
          ],
          [
            91.708682,
            26.118285
          ],
          [
            91.709025,
            26.118439
          ],
          [
            91.709216,
            26.11843
          ],
          [
            91.709379,
            26.118362
          ],
          [
            91.709475,
            26.118208
          ],
          [
            91.709615,
            26.118111
          ],
          [
            91.709819,
            26.118073
          ],
          [
            91.710219,
            26.118126
          ],
          [
            91.710323,
            26.11814
          ],
          [
            91.711578,
            26.118208
          ],
          [
            91.712091,
            26.118066
          ],
          [
            91.712383,
            26.117986
          ],
          [
            91.712445,
            26.117936
          ],
          [
            91.712924,
            26.117555
          ],
          [
            91.713085,
            26.117482
          ],
          [
            91.713284,
            26.117391
          ],
          [
            91.713609,
            26.117343
          ],
          [
            91.714261,
            26.117321
          ],
          [
            91.714723,
            26.117387
          ],
          [
            91.715193,
            26.117495
          ],
          [
            91.715559,
            26.117755
          ],
          [
            91.715635,
            26.117835
          ],
          [
            91.715747,
            26.117954
          ],
          [
            91.716224,
            26.118458
          ],
          [
            91.716534,
            26.118828
          ],
          [
            91.71659,
            26.118895
          ],
          [
            91.716872,
            26.119231
          ],
          [
            91.717104,
            26.119508
          ],
          [
            91.717427,
            26.120031
          ],
          [
            91.71764,
            26.120375
          ],
          [
            91.717725,
            26.12063
          ],
          [
            91.717821,
            26.120848
          ],
          [
            91.718112,
            26.121329
          ],
          [
            91.718296,
            26.121897
          ],
          [
            91.718327,
            26.121993
          ],
          [
            91.718323,
            26.122444
          ],
          [
            91.718321,
            26.122581
          ],
          [
            91.718541,
            26.122909
          ],
          [
            91.718971,
            26.123477
          ],
          [
            91.719502,
            26.12406
          ],
          [
            91.719544,
            26.124207
          ],
          [
            91.719636,
            26.124527
          ],
          [
            91.719715,
            26.12497
          ],
          [
            91.719807,
            26.125481
          ],
          [
            91.719786,
            26.125597
          ],
          [
            91.719711,
            26.12602
          ],
          [
            91.719528,
            26.126396
          ],
          [
            91.719539,
            26.126675
          ],
          [
            91.71961,
            26.126827
          ],
          [
            91.719819,
            26.127274
          ],
          [
            91.719872,
            26.127388
          ],
          [
            91.720026,
            26.127672
          ],
          [
            91.720087,
            26.1278
          ],
          [
            91.720258,
            26.128161
          ],
          [
            91.720373,
            26.128403
          ],
          [
            91.720517,
            26.128732
          ],
          [
            91.720687,
            26.12917
          ],
          [
            91.720751,
            26.129512
          ],
          [
            91.720825,
            26.129905
          ],
          [
            91.720902,
            26.130316
          ],
          [
            91.720944,
            26.130553
          ],
          [
            91.720964,
            26.130666
          ],
          [
            91.721034,
            26.131042
          ],
          [
            91.721052,
            26.131154
          ],
          [
            91.72117,
            26.131626
          ],
          [
            91.721395,
            26.13206
          ],
          [
            91.721506,
            26.132165
          ],
          [
            91.721763,
            26.132411
          ],
          [
            91.72191,
            26.132551
          ],
          [
            91.722241,
            26.132861
          ],
          [
            91.722393,
            26.133003
          ],
          [
            91.722565,
            26.133389
          ],
          [
            91.722653,
            26.133644
          ],
          [
            91.722919,
            26.134256
          ],
          [
            91.723101,
            26.134542
          ],
          [
            91.723224,
            26.134657
          ],
          [
            91.723343,
            26.134753
          ],
          [
            91.723496,
            26.13479
          ],
          [
            91.723854,
            26.134883
          ],
          [
            91.724002,
            26.134966
          ],
          [
            91.724149,
            26.13509
          ],
          [
            91.724195,
            26.135133
          ],
          [
            91.724273,
            26.135206
          ],
          [
            91.724383,
            26.135426
          ],
          [
            91.724433,
            26.135625
          ],
          [
            91.724548,
            26.136084
          ],
          [
            91.724705,
            26.136824
          ],
          [
            91.724922,
            26.137848
          ],
          [
            91.724966,
            26.137982
          ],
          [
            91.725129,
            26.138455
          ],
          [
            91.7254,
            26.140124
          ],
          [
            91.725547,
            26.140678
          ],
          [
            91.725679,
            26.140924
          ],
          [
            91.725762,
            26.14108
          ],
          [
            91.725897,
            26.141342
          ],
          [
            91.725976,
            26.141495
          ],
          [
            91.726116,
            26.141768
          ],
          [
            91.726225,
            26.142021
          ],
          [
            91.726344,
            26.142296
          ],
          [
            91.726504,
            26.142559
          ],
          [
            91.726674,
            26.142837
          ],
          [
            91.727003,
            26.143259
          ],
          [
            91.727103,
            26.143386
          ],
          [
            91.727446,
            26.144532
          ],
          [
            91.72746,
            26.144588
          ],
          [
            91.727486,
            26.144689
          ],
          [
            91.727554,
            26.144956
          ],
          [
            91.727875,
            26.14544
          ],
          [
            91.727918,
            26.145505
          ],
          [
            91.727948,
            26.145643
          ],
          [
            91.728008,
            26.145918
          ],
          [
            91.72853,
            26.145869
          ],
          [
            91.728674,
            26.14586
          ],
          [
            91.729015,
            26.145844
          ],
          [
            91.72947,
            26.145817
          ],
          [
            91.729706,
            26.145797
          ],
          [
            91.730003,
            26.145747
          ],
          [
            91.730637,
            26.145611
          ],
          [
            91.730942,
            26.145545
          ],
          [
            91.731154,
            26.145624
          ],
          [
            91.732133,
            26.145403
          ],
          [
            91.732889,
            26.145251
          ],
          [
            91.733807,
            26.145083
          ],
          [
            91.733894,
            26.145066
          ],
          [
            91.733889,
            26.144974
          ],
          [
            91.733893,
            26.144947
          ],
          [
            91.733918,
            26.144926
          ],
          [
            91.734278,
            26.14485
          ],
          [
            91.734307,
            26.144856
          ],
          [
            91.73432,
            26.144889
          ],
          [
            91.734338,
            26.144907
          ],
          [
            91.734374,
            26.144911
          ],
          [
            91.734972,
            26.144783
          ],
          [
            91.734953,
            26.144731
          ],
          [
            91.735035,
            26.144708
          ],
          [
            91.735283,
            26.144628
          ],
          [
            91.735485,
            26.144677
          ],
          [
            91.735729,
            26.144447
          ],
          [
            91.73604,
            26.144295
          ],
          [
            91.736153,
            26.144276
          ]
        ]
      },
      "leaflet_coordinates": [
        [
          26.726911,
          88.395306
        ],
        [
          26.7269,
          88.394875
        ],
        [
          26.726598,
          88.394879
        ],
        [
          26.726281,
          88.394884
        ],
        [
          26.725941,
          88.394889
        ],
        [
          26.725682,
          88.394893
        ],
        [
          26.725639,
          88.394893
        ],
        [
          26.725321,
          88.394893
        ],
        [
          26.725368,
          88.396656
        ],
        [
          26.725371,
          88.396758
        ],
        [
          26.725326,
          88.39676
        ],
        [
          26.724911,
          88.396771
        ],
        [
          26.724883,
          88.396879
        ],
        [
          26.724824,
          88.396998
        ],
        [
          26.724745,
          88.397143
        ],
        [
          26.724554,
          88.397439
        ],
        [
          26.724736,
          88.397774
        ],
        [
          26.72492,
          88.398127
        ],
        [
          26.725106,
          88.398471
        ],
        [
          26.725451,
          88.399124
        ],
        [
          26.725961,
          88.400094
        ],
        [
          26.726194,
          88.400541
        ],
        [
          26.726266,
          88.400681
        ],
        [
          26.726333,
          88.400797
        ],
        [
          26.726423,
          88.400935
        ],
        [
          26.726534,
          88.401067
        ],
        [
          26.726968,
          88.401565
        ],
        [
          26.727294,
          88.401936
        ],
        [
          26.727434,
          88.402095
        ],
        [
          26.727551,
          88.402207
        ],
        [
          26.727625,
          88.402272
        ],
        [
          26.727744,
          88.402366
        ],
        [
          26.727917,
          88.402476
        ],
        [
          26.728009,
          88.402517
        ],
        [
          26.728107,
          88.402568
        ],
        [
          26.728252,
          88.402616
        ],
        [
          26.728391,
          88.402646
        ],
        [
          26.728516,
          88.402669
        ],
        [
          26.72879,
          88.402706
        ],
        [
          26.729115,
          88.402748
        ],
        [
          26.729367,
          88.40281
        ],
        [
          26.729602,
          88.402905
        ],
        [
          26.72981,
          88.403048
        ],
        [
          26.73004,
          88.403233
        ],
        [
          26.730246,
          88.403418
        ],
        [
          26.730333,
          88.40351
        ],
        [
          26.730583,
          88.403801
        ],
        [
          26.73104,
          88.404357
        ],
        [
          26.73117,
          88.404511
        ],
        [
          26.731225,
          88.404575
        ],
        [
          26.731288,
          88.404661
        ],
        [
          26.731382,
          88.404806
        ],
        [
          26.731447,
          88.404934
        ],
        [
          26.731497,
          88.405053
        ],
        [
          26.731523,
          88.405124
        ],
        [
          26.731564,
          88.405268
        ],
        [
          26.73158,
          88.405334
        ],
        [
          26.731711,
          88.405792
        ],
        [
          26.731753,
          88.405942
        ],
        [
          26.731879,
          88.406407
        ],
        [
          26.732043,
          88.406976
        ],
        [
          26.732126,
          88.407133
        ],
        [
          26.732224,
          88.407385
        ],
        [
          26.732291,
          88.407594
        ],
        [
          26.732346,
          88.407862
        ],
        [
          26.732372,
          88.408035
        ],
        [
          26.732424,
          88.408389
        ],
        [
          26.732453,
          88.40868
        ],
        [
          26.732478,
          88.408889
        ],
        [
          26.732517,
          88.409169
        ],
        [
          26.732521,
          88.409253
        ],
        [
          26.732677,
          88.409425
        ],
        [
          26.732771,
          88.409616
        ],
        [
          26.732944,
          88.410014
        ],
        [
          26.732933,
          88.410349
        ],
        [
          26.732953,
          88.410517
        ],
        [
          26.732975,
          88.410742
        ],
        [
          26.733054,
          88.411115
        ],
        [
          26.733182,
          88.411519
        ],
        [
          26.733287,
          88.41175
        ],
        [
          26.733419,
          88.412043
        ],
        [
          26.733587,
          88.412406
        ],
        [
          26.733618,
          88.412587
        ],
        [
          26.733598,
          88.412657
        ],
        [
          26.733545,
          88.412712
        ],
        [
          26.733486,
          88.412733
        ],
        [
          26.733408,
          88.412714
        ],
        [
          26.733331,
          88.412665
        ],
        [
          26.733273,
          88.412566
        ],
        [
          26.733174,
          88.412347
        ],
        [
          26.733124,
          88.412248
        ],
        [
          26.73306,
          88.412107
        ],
        [
          26.73302,
          88.412022
        ],
        [
          26.732965,
          88.411884
        ],
        [
          26.732845,
          88.411817
        ],
        [
          26.732607,
          88.411159
        ],
        [
          26.732467,
          88.410803
        ],
        [
          26.732403,
          88.410694
        ],
        [
          26.732334,
          88.410639
        ],
        [
          26.732226,
          88.410622
        ],
        [
          26.732077,
          88.410641
        ],
        [
          26.731674,
          88.41098
        ],
        [
          26.730577,
          88.411806
        ],
        [
          26.729112,
          88.412909
        ],
        [
          26.728493,
          88.413354
        ],
        [
          26.727673,
          88.413945
        ],
        [
          26.727,
          88.41443
        ],
        [
          26.726525,
          88.414773
        ],
        [
          26.726502,
          88.414786
        ],
        [
          26.725981,
          88.415158
        ],
        [
          26.725919,
          88.415202
        ],
        [
          26.725701,
          88.415359
        ],
        [
          26.72519,
          88.415744
        ],
        [
          26.724978,
          88.415903
        ],
        [
          26.724844,
          88.416001
        ],
        [
          26.724727,
          88.416087
        ],
        [
          26.724319,
          88.416384
        ],
        [
          26.7231,
          88.417275
        ],
        [
          26.722542,
          88.417697
        ],
        [
          26.722326,
          88.417868
        ],
        [
          26.722264,
          88.417924
        ],
        [
          26.72216,
          88.418012
        ],
        [
          26.722011,
          88.418149
        ],
        [
          26.721838,
          88.418317
        ],
        [
          26.721682,
          88.418476
        ],
        [
          26.721581,
          88.418574
        ],
        [
          26.72144,
          88.418698
        ],
        [
          26.719505,
          88.420127
        ],
        [
          26.718993,
          88.420408
        ],
        [
          26.718886,
          88.420412
        ],
        [
          26.718706,
          88.420434
        ],
        [
          26.718619,
          88.42044
        ],
        [
          26.718542,
          88.420446
        ],
        [
          26.71846,
          88.420449
        ],
        [
          26.718325,
          88.420389
        ],
        [
          26.718047,
          88.420446
        ],
        [
          26.717786,
          88.420485
        ],
        [
          26.717577,
          88.420501
        ],
        [
          26.717373,
          88.420501
        ],
        [
          26.717022,
          88.420475
        ],
        [
          26.716781,
          88.420439
        ],
        [
          26.71655,
          88.420384
        ],
        [
          26.716285,
          88.420297
        ],
        [
          26.715896,
          88.420162
        ],
        [
          26.714516,
          88.419584
        ],
        [
          26.714216,
          88.419465
        ],
        [
          26.712994,
          88.41898
        ],
        [
          26.712173,
          88.418701
        ],
        [
          26.711528,
          88.418523
        ],
        [
          26.711162,
          88.418397
        ],
        [
          26.710893,
          88.418288
        ],
        [
          26.709821,
          88.417839
        ],
        [
          26.709132,
          88.417572
        ],
        [
          26.70867,
          88.417392
        ],
        [
          26.708211,
          88.417261
        ],
        [
          26.708028,
          88.417241
        ],
        [
          26.707679,
          88.417093
        ],
        [
          26.707385,
          88.416971
        ],
        [
          26.707054,
          88.416842
        ],
        [
          26.706764,
          88.416727
        ],
        [
          26.706104,
          88.416467
        ],
        [
          26.705673,
          88.416287
        ],
        [
          26.705315,
          88.416137
        ],
        [
          26.70498,
          88.415997
        ],
        [
          26.70459,
          88.415808
        ],
        [
          26.704469,
          88.415746
        ],
        [
          26.704281,
          88.415649
        ],
        [
          26.704019,
          88.415501
        ],
        [
          26.70371,
          88.415316
        ],
        [
          26.703667,
          88.415288
        ],
        [
          26.703195,
          88.414973
        ],
        [
          26.703027,
          88.414853
        ],
        [
          26.702833,
          88.414706
        ],
        [
          26.702665,
          88.414581
        ],
        [
          26.702222,
          88.414227
        ],
        [
          26.702109,
          88.414131
        ],
        [
          26.702023,
          88.414058
        ],
        [
          26.701912,
          88.413971
        ],
        [
          26.701843,
          88.413913
        ],
        [
          26.701572,
          88.41369
        ],
        [
          26.70128,
          88.413469
        ],
        [
          26.700966,
          88.413217
        ],
        [
          26.700783,
          88.413067
        ],
        [
          26.700474,
          88.412815
        ],
        [
          26.700131,
          88.412527
        ],
        [
          26.700026,
          88.412441
        ],
        [
          26.699792,
          88.412252
        ],
        [
          26.699735,
          88.412205
        ],
        [
          26.699536,
          88.412057
        ],
        [
          26.699356,
          88.41193
        ],
        [
          26.699242,
          88.411852
        ],
        [
          26.699109,
          88.411762
        ],
        [
          26.699048,
          88.411726
        ],
        [
          26.698914,
          88.411647
        ],
        [
          26.698747,
          88.411553
        ],
        [
          26.698541,
          88.411459
        ],
        [
          26.6983,
          88.411353
        ],
        [
          26.698089,
          88.411281
        ],
        [
          26.697928,
          88.411234
        ],
        [
          26.697584,
          88.411143
        ],
        [
          26.69732,
          88.411106
        ],
        [
          26.697036,
          88.411071
        ],
        [
          26.696779,
          88.411062
        ],
        [
          26.696634,
          88.41106
        ],
        [
          26.696212,
          88.411077
        ],
        [
          26.69543,
          88.411139
        ],
        [
          26.695222,
          88.411156
        ],
        [
          26.694934,
          88.411174
        ],
        [
          26.693644,
          88.411276
        ],
        [
          26.693202,
          88.411317
        ],
        [
          26.692703,
          88.411346
        ],
        [
          26.692092,
          88.411385
        ],
        [
          26.691867,
          88.411393
        ],
        [
          26.691833,
          88.411395
        ],
        [
          26.691687,
          88.411413
        ],
        [
          26.691574,
          88.411439
        ],
        [
          26.691538,
          88.411451
        ],
        [
          26.691446,
          88.411483
        ],
        [
          26.691332,
          88.411546
        ],
        [
          26.691206,
          88.411625
        ],
        [
          26.691134,
          88.411678
        ],
        [
          26.691097,
          88.411704
        ],
        [
          26.691014,
          88.411773
        ],
        [
          26.690895,
          88.41189
        ],
        [
          26.690828,
          88.411956
        ],
        [
          26.690747,
          88.411997
        ],
        [
          26.690658,
          88.412134
        ],
        [
          26.69065,
          88.412147
        ],
        [
          26.690587,
          88.412254
        ],
        [
          26.690528,
          88.412353
        ],
        [
          26.690452,
          88.412476
        ],
        [
          26.690383,
          88.412603
        ],
        [
          26.689974,
          88.413345
        ],
        [
          26.689423,
          88.414294
        ],
        [
          26.689169,
          88.414727
        ],
        [
          26.688968,
          88.415097
        ],
        [
          26.688807,
          88.415327
        ],
        [
          26.688715,
          88.415456
        ],
        [
          26.68862,
          88.415583
        ],
        [
          26.688521,
          88.415698
        ],
        [
          26.688423,
          88.4158
        ],
        [
          26.688286,
          88.415922
        ],
        [
          26.68813,
          88.416048
        ],
        [
          26.687989,
          88.416146
        ],
        [
          26.687967,
          88.416161
        ],
        [
          26.6879,
          88.416204
        ],
        [
          26.687819,
          88.416252
        ],
        [
          26.687764,
          88.416278
        ],
        [
          26.687593,
          88.416358
        ],
        [
          26.687459,
          88.416406
        ],
        [
          26.687327,
          88.416445
        ],
        [
          26.687166,
          88.416487
        ],
        [
          26.687006,
          88.416518
        ],
        [
          26.686881,
          88.416538
        ],
        [
          26.686754,
          88.416546
        ],
        [
          26.686069,
          88.416613
        ],
        [
          26.684778,
          88.41674
        ],
        [
          26.684536,
          88.416764
        ],
        [
          26.683737,
          88.416836
        ],
        [
          26.683333,
          88.416876
        ],
        [
          26.68254,
          88.416965
        ],
        [
          26.681885,
          88.417038
        ],
        [
          26.681768,
          88.417051
        ],
        [
          26.681513,
          88.417075
        ],
        [
          26.680982,
          88.417116
        ],
        [
          26.680791,
          88.417138
        ],
        [
          26.680495,
          88.417178
        ],
        [
          26.6802,
          88.417219
        ],
        [
          26.679011,
          88.417374
        ],
        [
          26.678518,
          88.417438
        ],
        [
          26.678169,
          88.417491
        ],
        [
          26.677995,
          88.417512
        ],
        [
          26.677819,
          88.417526
        ],
        [
          26.677504,
          88.417539
        ],
        [
          26.676849,
          88.417561
        ],
        [
          26.676375,
          88.41758
        ],
        [
          26.675916,
          88.417589
        ],
        [
          26.675681,
          88.417569
        ],
        [
          26.675552,
          88.417551
        ],
        [
          26.675422,
          88.417524
        ],
        [
          26.675177,
          88.41747
        ],
        [
          26.675051,
          88.417426
        ],
        [
          26.674926,
          88.417373
        ],
        [
          26.6747,
          88.417279
        ],
        [
          26.674519,
          88.417178
        ],
        [
          26.674381,
          88.417096
        ],
        [
          26.674199,
          88.416962
        ],
        [
          26.674051,
          88.41684
        ],
        [
          26.673957,
          88.416747
        ],
        [
          26.673848,
          88.416637
        ],
        [
          26.673716,
          88.416482
        ],
        [
          26.673619,
          88.41635
        ],
        [
          26.673316,
          88.41587
        ],
        [
          26.673263,
          88.415784
        ],
        [
          26.673154,
          88.415607
        ],
        [
          26.67305,
          88.415433
        ],
        [
          26.672978,
          88.415313
        ],
        [
          26.672802,
          88.415033
        ],
        [
          26.672707,
          88.414896
        ],
        [
          26.672609,
          88.414772
        ],
        [
          26.672522,
          88.414676
        ],
        [
          26.67241,
          88.414583
        ],
        [
          26.672301,
          88.414505
        ],
        [
          26.672216,
          88.414456
        ],
        [
          26.672092,
          88.414397
        ],
        [
          26.671923,
          88.41433
        ],
        [
          26.671765,
          88.414304
        ],
        [
          26.671625,
          88.414293
        ],
        [
          26.671463,
          88.414294
        ],
        [
          26.671329,
          88.414308
        ],
        [
          26.671118,
          88.414336
        ],
        [
          26.670689,
          88.41441
        ],
        [
          26.670345,
          88.41447
        ],
        [
          26.669276,
          88.41465
        ],
        [
          26.668394,
          88.414798
        ],
        [
          26.667689,
          88.414912
        ],
        [
          26.667604,
          88.414925
        ],
        [
          26.666636,
          88.415082
        ],
        [
          26.666131,
          88.415159
        ],
        [
          26.664999,
          88.415342
        ],
        [
          26.664829,
          88.415369
        ],
        [
          26.664167,
          88.415472
        ],
        [
          26.663892,
          88.415515
        ],
        [
          26.663857,
          88.415521
        ],
        [
          26.663456,
          88.415584
        ],
        [
          26.663377,
          88.415596
        ],
        [
          26.663229,
          88.415619
        ],
        [
          26.661982,
          88.415818
        ],
        [
          26.661799,
          88.415848
        ],
        [
          26.659895,
          88.416159
        ],
        [
          26.659629,
          88.416204
        ],
        [
          26.659322,
          88.416258
        ],
        [
          26.659143,
          88.416286
        ],
        [
          26.65892,
          88.416326
        ],
        [
          26.658858,
          88.416338
        ],
        [
          26.658291,
          88.41645
        ],
        [
          26.658231,
          88.416456
        ],
        [
          26.658068,
          88.41648
        ],
        [
          26.657846,
          88.416496
        ],
        [
          26.65756,
          88.416532
        ],
        [
          26.657247,
          88.416579
        ],
        [
          26.65717,
          88.416592
        ],
        [
          26.657016,
          88.416619
        ],
        [
          26.656884,
          88.41664
        ],
        [
          26.656771,
          88.416656
        ],
        [
          26.656386,
          88.416711
        ],
        [
          26.655748,
          88.416808
        ],
        [
          26.654935,
          88.416932
        ],
        [
          26.654355,
          88.417019
        ],
        [
          26.653673,
          88.417129
        ],
        [
          26.653561,
          88.417147
        ],
        [
          26.652985,
          88.417216
        ],
        [
          26.652654,
          88.41725
        ],
        [
          26.652491,
          88.417261
        ],
        [
          26.652335,
          88.417265
        ],
        [
          26.652154,
          88.417271
        ],
        [
          26.652017,
          88.417369
        ],
        [
          26.651677,
          88.417571
        ],
        [
          26.651468,
          88.417682
        ],
        [
          26.651365,
          88.417705
        ],
        [
          26.650758,
          88.418044
        ],
        [
          26.650137,
          88.418381
        ],
        [
          26.649812,
          88.418549
        ],
        [
          26.649271,
          88.418831
        ],
        [
          26.648842,
          88.419052
        ],
        [
          26.648612,
          88.419184
        ],
        [
          26.648444,
          88.419287
        ],
        [
          26.64827,
          88.419409
        ],
        [
          26.6481,
          88.419545
        ],
        [
          26.647913,
          88.419711
        ],
        [
          26.647573,
          88.420023
        ],
        [
          26.64717,
          88.420402
        ],
        [
          26.646971,
          88.420576
        ],
        [
          26.646727,
          88.420807
        ],
        [
          26.64662,
          88.420923
        ],
        [
          26.646473,
          88.421079
        ],
        [
          26.646285,
          88.421289
        ],
        [
          26.646067,
          88.421552
        ],
        [
          26.645939,
          88.421729
        ],
        [
          26.645844,
          88.421869
        ],
        [
          26.645718,
          88.422057
        ],
        [
          26.645602,
          88.422231
        ],
        [
          26.645146,
          88.422958
        ],
        [
          26.644975,
          88.423238
        ],
        [
          26.644861,
          88.423419
        ],
        [
          26.644763,
          88.423564
        ],
        [
          26.644689,
          88.423664
        ],
        [
          26.644607,
          88.423754
        ],
        [
          26.644464,
          88.423896
        ],
        [
          26.644324,
          88.424021
        ],
        [
          26.644152,
          88.424173
        ],
        [
          26.643605,
          88.424652
        ],
        [
          26.643537,
          88.424709
        ],
        [
          26.642985,
          88.425196
        ],
        [
          26.642729,
          88.425417
        ],
        [
          26.642519,
          88.425598
        ],
        [
          26.642373,
          88.425726
        ],
        [
          26.641961,
          88.426085
        ],
        [
          26.641832,
          88.426196
        ],
        [
          26.641323,
          88.426642
        ],
        [
          26.641001,
          88.426919
        ],
        [
          26.640692,
          88.427221
        ],
        [
          26.640296,
          88.4276
        ],
        [
          26.639466,
          88.428421
        ],
        [
          26.639398,
          88.428488
        ],
        [
          26.638653,
          88.429274
        ],
        [
          26.638345,
          88.429614
        ],
        [
          26.637795,
          88.430214
        ],
        [
          26.63776,
          88.430251
        ],
        [
          26.637647,
          88.430369
        ],
        [
          26.637309,
          88.430734
        ],
        [
          26.637026,
          88.431029
        ],
        [
          26.636644,
          88.431435
        ],
        [
          26.636366,
          88.431716
        ],
        [
          26.636039,
          88.43205
        ],
        [
          26.635681,
          88.432402
        ],
        [
          26.635457,
          88.432624
        ],
        [
          26.635191,
          88.43289
        ],
        [
          26.63495,
          88.433127
        ],
        [
          26.634509,
          88.433558
        ],
        [
          26.633462,
          88.43458
        ],
        [
          26.633137,
          88.434876
        ],
        [
          26.633108,
          88.434899
        ],
        [
          26.632723,
          88.435205
        ],
        [
          26.632699,
          88.435221
        ],
        [
          26.632535,
          88.435336
        ],
        [
          26.632511,
          88.435352
        ],
        [
          26.632442,
          88.435399
        ],
        [
          26.632327,
          88.435474
        ],
        [
          26.632041,
          88.435643
        ],
        [
          26.631892,
          88.435736
        ],
        [
          26.631815,
          88.435792
        ],
        [
          26.631746,
          88.435856
        ],
        [
          26.631665,
          88.435937
        ],
        [
          26.631579,
          88.436024
        ],
        [
          26.631501,
          88.436091
        ],
        [
          26.631406,
          88.436164
        ],
        [
          26.631381,
          88.436179
        ],
        [
          26.631296,
          88.436222
        ],
        [
          26.631257,
          88.436237
        ],
        [
          26.631034,
          88.43633
        ],
        [
          26.630962,
          88.436375
        ],
        [
          26.630812,
          88.43648
        ],
        [
          26.630663,
          88.436585
        ],
        [
          26.630406,
          88.436743
        ],
        [
          26.63024,
          88.436839
        ],
        [
          26.630022,
          88.436915
        ],
        [
          26.629886,
          88.436948
        ],
        [
          26.629744,
          88.436992
        ],
        [
          26.629527,
          88.437074
        ],
        [
          26.629085,
          88.437297
        ],
        [
          26.628948,
          88.437384
        ],
        [
          26.628837,
          88.437471
        ],
        [
          26.628762,
          88.437541
        ],
        [
          26.628663,
          88.437647
        ],
        [
          26.628574,
          88.437785
        ],
        [
          26.628508,
          88.438044
        ],
        [
          26.628252,
          88.438568
        ],
        [
          26.628057,
          88.439034
        ],
        [
          26.62793,
          88.439409
        ],
        [
          26.627538,
          88.440635
        ],
        [
          26.62746,
          88.440868
        ],
        [
          26.627172,
          88.441746
        ],
        [
          26.627059,
          88.442091
        ],
        [
          26.627022,
          88.442204
        ],
        [
          26.626987,
          88.442312
        ],
        [
          26.626918,
          88.442524
        ],
        [
          26.626865,
          88.442687
        ],
        [
          26.626757,
          88.443019
        ],
        [
          26.626465,
          88.443915
        ],
        [
          26.626009,
          88.44533
        ],
        [
          26.625944,
          88.445526
        ],
        [
          26.625025,
          88.448421
        ],
        [
          26.624822,
          88.449078
        ],
        [
          26.624743,
          88.449359
        ],
        [
          26.624675,
          88.449661
        ],
        [
          26.624557,
          88.450296
        ],
        [
          26.624452,
          88.450975
        ],
        [
          26.624357,
          88.451557
        ],
        [
          26.624044,
          88.453506
        ],
        [
          26.623875,
          88.454482
        ],
        [
          26.6237,
          88.455434
        ],
        [
          26.623558,
          88.456143
        ],
        [
          26.623476,
          88.45665
        ],
        [
          26.62343,
          88.456971
        ],
        [
          26.623375,
          88.457468
        ],
        [
          26.623271,
          88.458328
        ],
        [
          26.623196,
          88.45896
        ],
        [
          26.623145,
          88.459384
        ],
        [
          26.623109,
          88.459709
        ],
        [
          26.623091,
          88.459878
        ],
        [
          26.623011,
          88.460509
        ],
        [
          26.622744,
          88.462956
        ],
        [
          26.622702,
          88.463444
        ],
        [
          26.622661,
          88.463933
        ],
        [
          26.622562,
          88.465273
        ],
        [
          26.622509,
          88.466018
        ],
        [
          26.622477,
          88.466355
        ],
        [
          26.622428,
          88.466684
        ],
        [
          26.622358,
          88.467049
        ],
        [
          26.622319,
          88.467205
        ],
        [
          26.62227,
          88.467401
        ],
        [
          26.62223,
          88.467546
        ],
        [
          26.622201,
          88.467666
        ],
        [
          26.622181,
          88.467747
        ],
        [
          26.622068,
          88.468022
        ],
        [
          26.621944,
          88.468299
        ],
        [
          26.621829,
          88.468542
        ],
        [
          26.62169,
          88.468815
        ],
        [
          26.621517,
          88.469104
        ],
        [
          26.621334,
          88.46937
        ],
        [
          26.621158,
          88.469613
        ],
        [
          26.620965,
          88.469856
        ],
        [
          26.620721,
          88.470135
        ],
        [
          26.619673,
          88.47117
        ],
        [
          26.619658,
          88.471182
        ],
        [
          26.619288,
          88.471536
        ],
        [
          26.618557,
          88.472257
        ],
        [
          26.618126,
          88.47267
        ],
        [
          26.617407,
          88.473362
        ],
        [
          26.615916,
          88.474801
        ],
        [
          26.615732,
          88.474977
        ],
        [
          26.615629,
          88.475079
        ],
        [
          26.614628,
          88.476045
        ],
        [
          26.614351,
          88.476313
        ],
        [
          26.61391,
          88.47674
        ],
        [
          26.613655,
          88.476986
        ],
        [
          26.613464,
          88.47717
        ],
        [
          26.613217,
          88.477406
        ],
        [
          26.613039,
          88.477576
        ],
        [
          26.612949,
          88.477661
        ],
        [
          26.612574,
          88.478019
        ],
        [
          26.611827,
          88.47873
        ],
        [
          26.611739,
          88.478813
        ],
        [
          26.611046,
          88.479475
        ],
        [
          26.610964,
          88.479555
        ],
        [
          26.610806,
          88.479708
        ],
        [
          26.610427,
          88.480081
        ],
        [
          26.610366,
          88.48014
        ],
        [
          26.609525,
          88.480944
        ],
        [
          26.609347,
          88.481113
        ],
        [
          26.609062,
          88.481382
        ],
        [
          26.60857,
          88.48185
        ],
        [
          26.608179,
          88.482223
        ],
        [
          26.6079,
          88.482489
        ],
        [
          26.607353,
          88.483015
        ],
        [
          26.606374,
          88.483959
        ],
        [
          26.606034,
          88.484285
        ],
        [
          26.605899,
          88.484415
        ],
        [
          26.605482,
          88.484815
        ],
        [
          26.604819,
          88.485451
        ],
        [
          26.603659,
          88.486558
        ],
        [
          26.603379,
          88.486835
        ],
        [
          26.602905,
          88.487287
        ],
        [
          26.602874,
          88.487318
        ],
        [
          26.60215,
          88.488017
        ],
        [
          26.601466,
          88.488662
        ],
        [
          26.601158,
          88.48896
        ],
        [
          26.600842,
          88.489263
        ],
        [
          26.600313,
          88.489781
        ],
        [
          26.600198,
          88.48989
        ],
        [
          26.599186,
          88.490855
        ],
        [
          26.598937,
          88.491089
        ],
        [
          26.598114,
          88.491893
        ],
        [
          26.597473,
          88.492494
        ],
        [
          26.596965,
          88.492996
        ],
        [
          26.596881,
          88.493079
        ],
        [
          26.59659,
          88.493403
        ],
        [
          26.596422,
          88.493595
        ],
        [
          26.596274,
          88.493779
        ],
        [
          26.596066,
          88.494052
        ],
        [
          26.595862,
          88.494341
        ],
        [
          26.595674,
          88.494626
        ],
        [
          26.595353,
          88.495157
        ],
        [
          26.594859,
          88.496048
        ],
        [
          26.594396,
          88.496882
        ],
        [
          26.594053,
          88.497494
        ],
        [
          26.593554,
          88.498427
        ],
        [
          26.593384,
          88.498744
        ],
        [
          26.592909,
          88.499583
        ],
        [
          26.592621,
          88.500111
        ],
        [
          26.592439,
          88.500428
        ],
        [
          26.592217,
          88.50083
        ],
        [
          26.592052,
          88.5011
        ],
        [
          26.59183,
          88.501431
        ],
        [
          26.591632,
          88.501705
        ],
        [
          26.591339,
          88.502057
        ],
        [
          26.591108,
          88.502343
        ],
        [
          26.590905,
          88.502583
        ],
        [
          26.590319,
          88.503297
        ],
        [
          26.589869,
          88.503836
        ],
        [
          26.589279,
          88.504541
        ],
        [
          26.588623,
          88.505334
        ],
        [
          26.588271,
          88.505782
        ],
        [
          26.587936,
          88.506188
        ],
        [
          26.587721,
          88.50645
        ],
        [
          26.587198,
          88.507066
        ],
        [
          26.586704,
          88.507658
        ],
        [
          26.586648,
          88.507724
        ],
        [
          26.586577,
          88.507805
        ],
        [
          26.585825,
          88.508711
        ],
        [
          26.585157,
          88.509503
        ],
        [
          26.584505,
          88.510281
        ],
        [
          26.584423,
          88.510379
        ],
        [
          26.583858,
          88.511049
        ],
        [
          26.583557,
          88.511406
        ],
        [
          26.583418,
          88.511575
        ],
        [
          26.583263,
          88.511756
        ],
        [
          26.582967,
          88.512098
        ],
        [
          26.582669,
          88.512444
        ],
        [
          26.582521,
          88.512616
        ],
        [
          26.582385,
          88.512778
        ],
        [
          26.582329,
          88.512845
        ],
        [
          26.582186,
          88.513015
        ],
        [
          26.582139,
          88.513071
        ],
        [
          26.581737,
          88.513551
        ],
        [
          26.581247,
          88.514143
        ],
        [
          26.580739,
          88.514742
        ],
        [
          26.580253,
          88.515322
        ],
        [
          26.579392,
          88.51634
        ],
        [
          26.578722,
          88.517137
        ],
        [
          26.578467,
          88.517467
        ],
        [
          26.578225,
          88.517728
        ],
        [
          26.577652,
          88.518353
        ],
        [
          26.577165,
          88.518928
        ],
        [
          26.576801,
          88.519354
        ],
        [
          26.575939,
          88.520327
        ],
        [
          26.57559,
          88.520736
        ],
        [
          26.574735,
          88.521785
        ],
        [
          26.57396,
          88.522664
        ],
        [
          26.573638,
          88.523099
        ],
        [
          26.573488,
          88.523321
        ],
        [
          26.573271,
          88.523675
        ],
        [
          26.573135,
          88.523905
        ],
        [
          26.57286,
          88.524388
        ],
        [
          26.572666,
          88.524742
        ],
        [
          26.572355,
          88.525378
        ],
        [
          26.57217,
          88.525741
        ],
        [
          26.572019,
          88.526034
        ],
        [
          26.571813,
          88.526467
        ],
        [
          26.571647,
          88.526802
        ],
        [
          26.571359,
          88.52734
        ],
        [
          26.571237,
          88.527577
        ],
        [
          26.571126,
          88.527825
        ],
        [
          26.571057,
          88.528008
        ],
        [
          26.571012,
          88.528138
        ],
        [
          26.570958,
          88.528293
        ],
        [
          26.570913,
          88.528476
        ],
        [
          26.570905,
          88.528516
        ],
        [
          26.57087,
          88.528684
        ],
        [
          26.570831,
          88.528894
        ],
        [
          26.570805,
          88.52914
        ],
        [
          26.570779,
          88.529435
        ],
        [
          26.570762,
          88.529794
        ],
        [
          26.57075,
          88.530119
        ],
        [
          26.570745,
          88.530263
        ],
        [
          26.570742,
          88.530343
        ],
        [
          26.570729,
          88.530705
        ],
        [
          26.570708,
          88.531291
        ],
        [
          26.570684,
          88.532396
        ],
        [
          26.570678,
          88.532786
        ],
        [
          26.570673,
          88.533054
        ],
        [
          26.570659,
          88.533734
        ],
        [
          26.570657,
          88.533819
        ],
        [
          26.570648,
          88.534157
        ],
        [
          26.570635,
          88.53491
        ],
        [
          26.570628,
          88.535506
        ],
        [
          26.570631,
          88.535664
        ],
        [
          26.570645,
          88.535963
        ],
        [
          26.570676,
          88.53626
        ],
        [
          26.570717,
          88.536537
        ],
        [
          26.570791,
          88.536925
        ],
        [
          26.570877,
          88.537355
        ],
        [
          26.570946,
          88.537708
        ],
        [
          26.571008,
          88.53805
        ],
        [
          26.571087,
          88.538537
        ],
        [
          26.571155,
          88.538905
        ],
        [
          26.571182,
          88.53905
        ],
        [
          26.571221,
          88.539255
        ],
        [
          26.571273,
          88.539525
        ],
        [
          26.571337,
          88.53991
        ],
        [
          26.571351,
          88.540017
        ],
        [
          26.571362,
          88.540095
        ],
        [
          26.571371,
          88.540164
        ],
        [
          26.571394,
          88.5404
        ],
        [
          26.571419,
          88.540723
        ],
        [
          26.57144,
          88.541098
        ],
        [
          26.571457,
          88.541521
        ],
        [
          26.571458,
          88.541543
        ],
        [
          26.571467,
          88.541773
        ],
        [
          26.571481,
          88.542268
        ],
        [
          26.571476,
          88.542708
        ],
        [
          26.571454,
          88.543084
        ],
        [
          26.571416,
          88.543335
        ],
        [
          26.571391,
          88.543487
        ],
        [
          26.571357,
          88.543632
        ],
        [
          26.571326,
          88.543758
        ],
        [
          26.571283,
          88.543904
        ],
        [
          26.571223,
          88.54408
        ],
        [
          26.571162,
          88.544254
        ],
        [
          26.571072,
          88.544478
        ],
        [
          26.570958,
          88.544739
        ],
        [
          26.570724,
          88.545265
        ],
        [
          26.570387,
          88.545999
        ],
        [
          26.570259,
          88.546268
        ],
        [
          26.570005,
          88.546849
        ],
        [
          26.569548,
          88.547859
        ],
        [
          26.569133,
          88.548705
        ],
        [
          26.569089,
          88.548794
        ],
        [
          26.569042,
          88.548889
        ],
        [
          26.568643,
          88.549606
        ],
        [
          26.568436,
          88.549997
        ],
        [
          26.568219,
          88.550387
        ],
        [
          26.568008,
          88.550757
        ],
        [
          26.567841,
          88.551028
        ],
        [
          26.567672,
          88.551289
        ],
        [
          26.56745,
          88.551598
        ],
        [
          26.567243,
          88.551902
        ],
        [
          26.566911,
          88.552287
        ],
        [
          26.566827,
          88.552379
        ],
        [
          26.566536,
          88.552698
        ],
        [
          26.566065,
          88.553198
        ],
        [
          26.565748,
          88.55353
        ],
        [
          26.565518,
          88.553785
        ],
        [
          26.565354,
          88.553989
        ],
        [
          26.565182,
          88.554205
        ],
        [
          26.565041,
          88.554433
        ],
        [
          26.56491,
          88.554681
        ],
        [
          26.564795,
          88.554912
        ],
        [
          26.564652,
          88.555251
        ],
        [
          26.564568,
          88.55546
        ],
        [
          26.564442,
          88.555826
        ],
        [
          26.564281,
          88.556282
        ],
        [
          26.564172,
          88.556609
        ],
        [
          26.564043,
          88.556974
        ],
        [
          26.563925,
          88.557352
        ],
        [
          26.563774,
          88.557851
        ],
        [
          26.563464,
          88.559053
        ],
        [
          26.563453,
          88.559099
        ],
        [
          26.563279,
          88.559819
        ],
        [
          26.563177,
          88.560244
        ],
        [
          26.563023,
          88.560845
        ],
        [
          26.562764,
          88.561813
        ],
        [
          26.562537,
          88.562603
        ],
        [
          26.562376,
          88.563177
        ],
        [
          26.562135,
          88.564033
        ],
        [
          26.561814,
          88.565163
        ],
        [
          26.56164,
          88.565785
        ],
        [
          26.561516,
          88.566217
        ],
        [
          26.561352,
          88.566792
        ],
        [
          26.561243,
          88.567176
        ],
        [
          26.561161,
          88.567465
        ],
        [
          26.561049,
          88.567855
        ],
        [
          26.560849,
          88.568488
        ],
        [
          26.560786,
          88.568675
        ],
        [
          26.560481,
          88.569633
        ],
        [
          26.560162,
          88.570628
        ],
        [
          26.560054,
          88.570954
        ],
        [
          26.559937,
          88.571308
        ],
        [
          26.559817,
          88.571697
        ],
        [
          26.559701,
          88.572022
        ],
        [
          26.559643,
          88.572188
        ],
        [
          26.559457,
          88.572657
        ],
        [
          26.559274,
          88.57306
        ],
        [
          26.559067,
          88.573419
        ],
        [
          26.558702,
          88.574001
        ],
        [
          26.558481,
          88.574352
        ],
        [
          26.558311,
          88.574626
        ],
        [
          26.55817,
          88.574863
        ],
        [
          26.558042,
          88.575109
        ],
        [
          26.557943,
          88.575311
        ],
        [
          26.557834,
          88.575579
        ],
        [
          26.557735,
          88.575864
        ],
        [
          26.557661,
          88.576172
        ],
        [
          26.557623,
          88.576399
        ],
        [
          26.557595,
          88.576624
        ],
        [
          26.557566,
          88.576961
        ],
        [
          26.557537,
          88.577479
        ],
        [
          26.557521,
          88.578204
        ],
        [
          26.557517,
          88.578534
        ],
        [
          26.557517,
          88.57884
        ],
        [
          26.557512,
          88.579076
        ],
        [
          26.557498,
          88.579352
        ],
        [
          26.557467,
          88.579647
        ],
        [
          26.557409,
          88.579996
        ],
        [
          26.557323,
          88.580328
        ],
        [
          26.557236,
          88.580588
        ],
        [
          26.557151,
          88.580795
        ],
        [
          26.55707,
          88.580957
        ],
        [
          26.556953,
          88.58117
        ],
        [
          26.556822,
          88.581381
        ],
        [
          26.556699,
          88.581558
        ],
        [
          26.556612,
          88.581669
        ],
        [
          26.556498,
          88.581795
        ],
        [
          26.556359,
          88.581932
        ],
        [
          26.556161,
          88.58212
        ],
        [
          26.555883,
          88.582368
        ],
        [
          26.555475,
          88.582717
        ],
        [
          26.555329,
          88.582843
        ],
        [
          26.555168,
          88.582993
        ],
        [
          26.555057,
          88.583102
        ],
        [
          26.554897,
          88.583256
        ],
        [
          26.554785,
          88.583381
        ],
        [
          26.554673,
          88.583532
        ],
        [
          26.554568,
          88.58367
        ],
        [
          26.554475,
          88.583814
        ],
        [
          26.554375,
          88.58398
        ],
        [
          26.55428,
          88.584154
        ],
        [
          26.554208,
          88.584305
        ],
        [
          26.554133,
          88.584476
        ],
        [
          26.55402,
          88.58477
        ],
        [
          26.553958,
          88.584995
        ],
        [
          26.553899,
          88.58523
        ],
        [
          26.553855,
          88.585504
        ],
        [
          26.553811,
          88.585907
        ],
        [
          26.553773,
          88.586363
        ],
        [
          26.553727,
          88.58696
        ],
        [
          26.55369,
          88.58751
        ],
        [
          26.553664,
          88.587901
        ],
        [
          26.553641,
          88.588187
        ],
        [
          26.553604,
          88.588494
        ],
        [
          26.553561,
          88.588734
        ],
        [
          26.553511,
          88.588961
        ],
        [
          26.553454,
          88.589173
        ],
        [
          26.553382,
          88.589393
        ],
        [
          26.553295,
          88.589658
        ],
        [
          26.553104,
          88.590173
        ],
        [
          26.552949,
          88.59059
        ],
        [
          26.55281,
          88.590963
        ],
        [
          26.552597,
          88.591545
        ],
        [
          26.552293,
          88.592402
        ],
        [
          26.551638,
          88.594183
        ],
        [
          26.55138,
          88.594887
        ],
        [
          26.55107,
          88.595751
        ],
        [
          26.550875,
          88.596299
        ],
        [
          26.550695,
          88.596837
        ],
        [
          26.550539,
          88.597297
        ],
        [
          26.550468,
          88.597508
        ],
        [
          26.550437,
          88.5976
        ],
        [
          26.550169,
          88.598392
        ],
        [
          26.549794,
          88.599434
        ],
        [
          26.54936,
          88.600622
        ],
        [
          26.549277,
          88.600851
        ],
        [
          26.548911,
          88.601853
        ],
        [
          26.548592,
          88.602722
        ],
        [
          26.548085,
          88.604051
        ],
        [
          26.547734,
          88.60495
        ],
        [
          26.547481,
          88.605608
        ],
        [
          26.547217,
          88.606293
        ],
        [
          26.547129,
          88.606523
        ],
        [
          26.547097,
          88.606606
        ],
        [
          26.547076,
          88.60666
        ],
        [
          26.54686,
          88.60722
        ],
        [
          26.546717,
          88.607592
        ],
        [
          26.54661,
          88.60787
        ],
        [
          26.54644,
          88.60831
        ],
        [
          26.546236,
          88.608841
        ],
        [
          26.546023,
          88.609394
        ],
        [
          26.54589,
          88.609771
        ],
        [
          26.54581,
          88.609999
        ],
        [
          26.545739,
          88.610203
        ],
        [
          26.545577,
          88.610675
        ],
        [
          26.54542,
          88.611115
        ],
        [
          26.544961,
          88.612429
        ],
        [
          26.544713,
          88.613149
        ],
        [
          26.544548,
          88.613617
        ],
        [
          26.544263,
          88.614423
        ],
        [
          26.543909,
          88.615438
        ],
        [
          26.543586,
          88.616358
        ],
        [
          26.543385,
          88.616948
        ],
        [
          26.543207,
          88.617436
        ],
        [
          26.543128,
          88.617651
        ],
        [
          26.542847,
          88.618438
        ],
        [
          26.542475,
          88.619556
        ],
        [
          26.542429,
          88.619704
        ],
        [
          26.542419,
          88.619735
        ],
        [
          26.542221,
          88.62039
        ],
        [
          26.542093,
          88.620787
        ],
        [
          26.541892,
          88.62143
        ],
        [
          26.541853,
          88.62158
        ],
        [
          26.541819,
          88.621707
        ],
        [
          26.541762,
          88.621947
        ],
        [
          26.541705,
          88.622231
        ],
        [
          26.54166,
          88.622498
        ],
        [
          26.541626,
          88.622742
        ],
        [
          26.541589,
          88.623088
        ],
        [
          26.54156,
          88.623493
        ],
        [
          26.541524,
          88.624084
        ],
        [
          26.541482,
          88.62464
        ],
        [
          26.541429,
          88.62527
        ],
        [
          26.541415,
          88.625556
        ],
        [
          26.54141,
          88.625646
        ],
        [
          26.541394,
          88.626134
        ],
        [
          26.541399,
          88.62647
        ],
        [
          26.541402,
          88.62667
        ],
        [
          26.54142,
          88.627032
        ],
        [
          26.541452,
          88.627444
        ],
        [
          26.54149,
          88.6279
        ],
        [
          26.541526,
          88.628293
        ],
        [
          26.541549,
          88.628589
        ],
        [
          26.541556,
          88.62872
        ],
        [
          26.541571,
          88.629009
        ],
        [
          26.541586,
          88.629304
        ],
        [
          26.541595,
          88.629499
        ],
        [
          26.541598,
          88.629694
        ],
        [
          26.541579,
          88.63015
        ],
        [
          26.54156,
          88.630443
        ],
        [
          26.541504,
          88.630829
        ],
        [
          26.54141,
          88.631371
        ],
        [
          26.541232,
          88.632293
        ],
        [
          26.541108,
          88.632913
        ],
        [
          26.540772,
          88.634659
        ],
        [
          26.540456,
          88.63627
        ],
        [
          26.54034,
          88.636743
        ],
        [
          26.540203,
          88.637237
        ],
        [
          26.540016,
          88.637824
        ],
        [
          26.53986,
          88.63824
        ],
        [
          26.539607,
          88.638948
        ],
        [
          26.539523,
          88.639172
        ],
        [
          26.539187,
          88.640159
        ],
        [
          26.538918,
          88.640946
        ],
        [
          26.538739,
          88.641517
        ],
        [
          26.538708,
          88.641618
        ],
        [
          26.538677,
          88.64172
        ],
        [
          26.538575,
          88.642047
        ],
        [
          26.538533,
          88.642181
        ],
        [
          26.538298,
          88.642934
        ],
        [
          26.537532,
          88.645272
        ],
        [
          26.537491,
          88.645389
        ],
        [
          26.537362,
          88.645782
        ],
        [
          26.537144,
          88.646437
        ],
        [
          26.536764,
          88.647515
        ],
        [
          26.536601,
          88.647979
        ],
        [
          26.536402,
          88.648515
        ],
        [
          26.536123,
          88.649198
        ],
        [
          26.53586,
          88.649907
        ],
        [
          26.535735,
          88.650267
        ],
        [
          26.53562,
          88.650645
        ],
        [
          26.535434,
          88.651298
        ],
        [
          26.535332,
          88.651632
        ],
        [
          26.535231,
          88.651923
        ],
        [
          26.535216,
          88.651968
        ],
        [
          26.535062,
          88.652431
        ],
        [
          26.534864,
          88.653039
        ],
        [
          26.53469,
          88.653589
        ],
        [
          26.53452,
          88.654146
        ],
        [
          26.534305,
          88.654853
        ],
        [
          26.534166,
          88.655291
        ],
        [
          26.534025,
          88.655713
        ],
        [
          26.533771,
          88.656431
        ],
        [
          26.533636,
          88.656804
        ],
        [
          26.533571,
          88.656983
        ],
        [
          26.533538,
          88.657075
        ],
        [
          26.533504,
          88.657167
        ],
        [
          26.533119,
          88.658225
        ],
        [
          26.532898,
          88.65884
        ],
        [
          26.532757,
          88.65924
        ],
        [
          26.531897,
          88.661627
        ],
        [
          26.531441,
          88.66292
        ],
        [
          26.531377,
          88.663127
        ],
        [
          26.531304,
          88.663408
        ],
        [
          26.531246,
          88.663674
        ],
        [
          26.531206,
          88.66389
        ],
        [
          26.531171,
          88.664167
        ],
        [
          26.531155,
          88.664393
        ],
        [
          26.531148,
          88.664621
        ],
        [
          26.531157,
          88.664855
        ],
        [
          26.531187,
          88.665281
        ],
        [
          26.531266,
          88.666066
        ],
        [
          26.531307,
          88.66656
        ],
        [
          26.531321,
          88.667026
        ],
        [
          26.531295,
          88.66748
        ],
        [
          26.531228,
          88.667922
        ],
        [
          26.531113,
          88.668452
        ],
        [
          26.530977,
          88.669056
        ],
        [
          26.530905,
          88.669413
        ],
        [
          26.530848,
          88.669823
        ],
        [
          26.530827,
          88.670102
        ],
        [
          26.530815,
          88.670295
        ],
        [
          26.53082,
          88.670397
        ],
        [
          26.530851,
          88.670939
        ],
        [
          26.530953,
          88.671883
        ],
        [
          26.53097,
          88.672005
        ],
        [
          26.531228,
          88.674117
        ],
        [
          26.531291,
          88.674578
        ],
        [
          26.53136,
          88.674959
        ],
        [
          26.531454,
          88.675324
        ],
        [
          26.531579,
          88.675692
        ],
        [
          26.531695,
          88.675983
        ],
        [
          26.531791,
          88.676188
        ],
        [
          26.531935,
          88.676485
        ],
        [
          26.532447,
          88.677447
        ],
        [
          26.532661,
          88.677844
        ],
        [
          26.533357,
          88.679145
        ],
        [
          26.533368,
          88.679167
        ],
        [
          26.533475,
          88.679376
        ],
        [
          26.53377,
          88.679954
        ],
        [
          26.533879,
          88.680229
        ],
        [
          26.533965,
          88.680504
        ],
        [
          26.534084,
          88.680954
        ],
        [
          26.534184,
          88.681426
        ],
        [
          26.534624,
          88.683662
        ],
        [
          26.535078,
          88.686032
        ],
        [
          26.535139,
          88.686347
        ],
        [
          26.535194,
          88.686691
        ],
        [
          26.535244,
          88.687159
        ],
        [
          26.535314,
          88.687806
        ],
        [
          26.535353,
          88.688162
        ],
        [
          26.535367,
          88.688294
        ],
        [
          26.535411,
          88.688628
        ],
        [
          26.535441,
          88.688855
        ],
        [
          26.535464,
          88.688996
        ],
        [
          26.53548,
          88.689072
        ],
        [
          26.535561,
          88.689452
        ],
        [
          26.535582,
          88.689518
        ],
        [
          26.535483,
          88.689571
        ],
        [
          26.53541,
          88.689612
        ],
        [
          26.535345,
          88.689647
        ],
        [
          26.535244,
          88.68971
        ],
        [
          26.535187,
          88.689749
        ],
        [
          26.535148,
          88.689787
        ],
        [
          26.535126,
          88.689821
        ],
        [
          26.535103,
          88.68987
        ],
        [
          26.535091,
          88.689916
        ],
        [
          26.535092,
          88.689967
        ],
        [
          26.535103,
          88.690029
        ],
        [
          26.535124,
          88.690086
        ],
        [
          26.535139,
          88.690117
        ],
        [
          26.53515,
          88.690139
        ],
        [
          26.535213,
          88.690242
        ],
        [
          26.53522,
          88.690274
        ],
        [
          26.53534,
          88.690373
        ],
        [
          26.535394,
          88.690423
        ],
        [
          26.535418,
          88.690451
        ],
        [
          26.53546,
          88.690551
        ],
        [
          26.535487,
          88.690637
        ],
        [
          26.535531,
          88.690897
        ],
        [
          26.535551,
          88.691032
        ],
        [
          26.535641,
          88.691545
        ],
        [
          26.535702,
          88.691966
        ],
        [
          26.535738,
          88.692316
        ],
        [
          26.535748,
          88.692434
        ],
        [
          26.535755,
          88.692543
        ],
        [
          26.535756,
          88.692578
        ],
        [
          26.535757,
          88.692633
        ],
        [
          26.535757,
          88.692656
        ],
        [
          26.535757,
          88.692749
        ],
        [
          26.53575,
          88.692871
        ],
        [
          26.535741,
          88.692986
        ],
        [
          26.53573,
          88.693106
        ],
        [
          26.535715,
          88.693212
        ],
        [
          26.5357,
          88.693306
        ],
        [
          26.535682,
          88.693401
        ],
        [
          26.535658,
          88.693506
        ],
        [
          26.535482,
          88.694069
        ],
        [
          26.535411,
          88.694298
        ],
        [
          26.535188,
          88.695006
        ],
        [
          26.535176,
          88.695044
        ],
        [
          26.535091,
          88.695513
        ],
        [
          26.535077,
          88.695582
        ],
        [
          26.535066,
          88.695658
        ],
        [
          26.535058,
          88.695721
        ],
        [
          26.535058,
          88.695782
        ],
        [
          26.535055,
          88.695915
        ],
        [
          26.535058,
          88.696031
        ],
        [
          26.535067,
          88.696287
        ],
        [
          26.535072,
          88.696375
        ],
        [
          26.535081,
          88.6965
        ],
        [
          26.535094,
          88.69662
        ],
        [
          26.53511,
          88.696759
        ],
        [
          26.535126,
          88.69691
        ],
        [
          26.535153,
          88.697121
        ],
        [
          26.535177,
          88.697315
        ],
        [
          26.535203,
          88.697483
        ],
        [
          26.535224,
          88.697632
        ],
        [
          26.535242,
          88.697808
        ],
        [
          26.535252,
          88.6979
        ],
        [
          26.535313,
          88.698374
        ],
        [
          26.535338,
          88.698588
        ],
        [
          26.535424,
          88.699224
        ],
        [
          26.535491,
          88.699689
        ],
        [
          26.53552,
          88.699894
        ],
        [
          26.535568,
          88.700219
        ],
        [
          26.53561,
          88.700499
        ],
        [
          26.535626,
          88.700616
        ],
        [
          26.535695,
          88.701125
        ],
        [
          26.535726,
          88.70135
        ],
        [
          26.53579,
          88.701812
        ],
        [
          26.535822,
          88.702065
        ],
        [
          26.535879,
          88.702515
        ],
        [
          26.535946,
          88.703073
        ],
        [
          26.535994,
          88.703422
        ],
        [
          26.536049,
          88.703858
        ],
        [
          26.536136,
          88.704555
        ],
        [
          26.536178,
          88.704864
        ],
        [
          26.536235,
          88.705264
        ],
        [
          26.536278,
          88.70563
        ],
        [
          26.536306,
          88.705972
        ],
        [
          26.536293,
          88.70662
        ],
        [
          26.53629,
          88.706704
        ],
        [
          26.536269,
          88.707236
        ],
        [
          26.536262,
          88.707476
        ],
        [
          26.536257,
          88.707788
        ],
        [
          26.536246,
          88.708048
        ],
        [
          26.53624,
          88.708191
        ],
        [
          26.536232,
          88.708402
        ],
        [
          26.536213,
          88.708654
        ],
        [
          26.536195,
          88.708889
        ],
        [
          26.536172,
          88.709232
        ],
        [
          26.536155,
          88.70957
        ],
        [
          26.536139,
          88.709948
        ],
        [
          26.536133,
          88.710172
        ],
        [
          26.536116,
          88.710705
        ],
        [
          26.536092,
          88.711116
        ],
        [
          26.536063,
          88.71148
        ],
        [
          26.536029,
          88.711856
        ],
        [
          26.536024,
          88.711918
        ],
        [
          26.536012,
          88.71205
        ],
        [
          26.535986,
          88.71218
        ],
        [
          26.535961,
          88.712272
        ],
        [
          26.535926,
          88.712352
        ],
        [
          26.536033,
          88.712355
        ],
        [
          26.536166,
          88.71236
        ],
        [
          26.53653,
          88.712371
        ],
        [
          26.536707,
          88.712395
        ],
        [
          26.536771,
          88.712419
        ],
        [
          26.536868,
          88.712452
        ],
        [
          26.53692,
          88.712471
        ],
        [
          26.537048,
          88.712478
        ],
        [
          26.537182,
          88.712481
        ],
        [
          26.537299,
          88.712483
        ],
        [
          26.537438,
          88.712484
        ],
        [
          26.537634,
          88.712477
        ],
        [
          26.537842,
          88.712469
        ],
        [
          26.537951,
          88.712463
        ],
        [
          26.538058,
          88.712458
        ],
        [
          26.538103,
          88.712458
        ],
        [
          26.538353,
          88.712457
        ],
        [
          26.538383,
          88.712457
        ],
        [
          26.538465,
          88.712452
        ],
        [
          26.538676,
          88.712439
        ],
        [
          26.538694,
          88.712438
        ],
        [
          26.539334,
          88.712309
        ],
        [
          26.539566,
          88.712255
        ],
        [
          26.539651,
          88.712235
        ],
        [
          26.539811,
          88.712186
        ],
        [
          26.539965,
          88.71213
        ],
        [
          26.540418,
          88.711945
        ],
        [
          26.540481,
          88.71192
        ],
        [
          26.540543,
          88.711903
        ],
        [
          26.540572,
          88.711897
        ],
        [
          26.541103,
          88.711774
        ],
        [
          26.54119,
          88.711754
        ],
        [
          26.54149,
          88.711685
        ],
        [
          26.542058,
          88.711552
        ],
        [
          26.542156,
          88.711529
        ],
        [
          26.542634,
          88.711432
        ],
        [
          26.543936,
          88.711133
        ],
        [
          26.544053,
          88.711106
        ],
        [
          26.544178,
          88.71108
        ],
        [
          26.54486,
          88.710927
        ],
        [
          26.54517,
          88.710846
        ],
        [
          26.545284,
          88.710806
        ],
        [
          26.545394,
          88.710737
        ],
        [
          26.545496,
          88.710658
        ],
        [
          26.545564,
          88.710603
        ],
        [
          26.545901,
          88.71026
        ],
        [
          26.545943,
          88.710229
        ],
        [
          26.545991,
          88.710202
        ],
        [
          26.546065,
          88.710179
        ],
        [
          26.546473,
          88.709758
        ],
        [
          26.546597,
          88.709626
        ],
        [
          26.54679,
          88.709414
        ],
        [
          26.546884,
          88.709219
        ],
        [
          26.546922,
          88.709142
        ],
        [
          26.547084,
          88.708946
        ],
        [
          26.5471,
          88.708982
        ],
        [
          26.547155,
          88.7091
        ],
        [
          26.547392,
          88.709611
        ],
        [
          26.547584,
          88.709989
        ],
        [
          26.547763,
          88.710299
        ],
        [
          26.547919,
          88.710539
        ],
        [
          26.548112,
          88.710842
        ],
        [
          26.54832,
          88.711142
        ],
        [
          26.548552,
          88.711445
        ],
        [
          26.548875,
          88.711839
        ],
        [
          26.549046,
          88.712031
        ],
        [
          26.54921,
          88.712201
        ],
        [
          26.549803,
          88.712819
        ],
        [
          26.550477,
          88.713478
        ],
        [
          26.550708,
          88.713715
        ],
        [
          26.550953,
          88.713951
        ],
        [
          26.551468,
          88.714463
        ],
        [
          26.551882,
          88.714868
        ],
        [
          26.552461,
          88.715438
        ],
        [
          26.552801,
          88.715773
        ],
        [
          26.553014,
          88.715993
        ],
        [
          26.553268,
          88.716267
        ],
        [
          26.553474,
          88.716517
        ],
        [
          26.55364,
          88.716737
        ],
        [
          26.554055,
          88.717336
        ],
        [
          26.554374,
          88.717816
        ],
        [
          26.554827,
          88.71847
        ],
        [
          26.555415,
          88.719326
        ],
        [
          26.555992,
          88.720168
        ],
        [
          26.557349,
          88.72215
        ],
        [
          26.55791,
          88.722959
        ],
        [
          26.558,
          88.723095
        ],
        [
          26.558054,
          88.723177
        ],
        [
          26.558087,
          88.723227
        ],
        [
          26.558251,
          88.723486
        ],
        [
          26.558267,
          88.723514
        ],
        [
          26.558387,
          88.723726
        ],
        [
          26.558424,
          88.723792
        ],
        [
          26.558567,
          88.724079
        ],
        [
          26.558664,
          88.724269
        ],
        [
          26.558681,
          88.724309
        ],
        [
          26.558789,
          88.724565
        ],
        [
          26.558872,
          88.724795
        ],
        [
          26.558942,
          88.724991
        ],
        [
          26.559013,
          88.725225
        ],
        [
          26.559082,
          88.725499
        ],
        [
          26.559136,
          88.725772
        ],
        [
          26.559177,
          88.72604
        ],
        [
          26.559261,
          88.726633
        ],
        [
          26.559388,
          88.727685
        ],
        [
          26.559698,
          88.730202
        ],
        [
          26.559757,
          88.730704
        ],
        [
          26.559841,
          88.731405
        ],
        [
          26.55985,
          88.731486
        ],
        [
          26.559921,
          88.732086
        ],
        [
          26.559992,
          88.73273
        ],
        [
          26.56009,
          88.734004
        ],
        [
          26.560137,
          88.734553
        ],
        [
          26.560214,
          88.735279
        ],
        [
          26.560404,
          88.736803
        ],
        [
          26.560531,
          88.737834
        ],
        [
          26.560576,
          88.738192
        ],
        [
          26.560893,
          88.74074
        ],
        [
          26.561036,
          88.741856
        ],
        [
          26.561111,
          88.742447
        ],
        [
          26.561161,
          88.742843
        ],
        [
          26.561173,
          88.742935
        ],
        [
          26.561198,
          88.743134
        ],
        [
          26.561266,
          88.743677
        ],
        [
          26.561339,
          88.744261
        ],
        [
          26.561527,
          88.74577
        ],
        [
          26.561868,
          88.748605
        ],
        [
          26.562171,
          88.750864
        ],
        [
          26.563503,
          88.760973
        ],
        [
          26.5637,
          88.762547
        ],
        [
          26.563883,
          88.763974
        ],
        [
          26.563957,
          88.764645
        ],
        [
          26.56397,
          88.764759
        ],
        [
          26.564019,
          88.76536
        ],
        [
          26.564032,
          88.76596
        ],
        [
          26.564019,
          88.766378
        ],
        [
          26.563992,
          88.766822
        ],
        [
          26.563966,
          88.767274
        ],
        [
          26.563925,
          88.767614
        ],
        [
          26.563903,
          88.767803
        ],
        [
          26.563867,
          88.76804
        ],
        [
          26.563797,
          88.768438
        ],
        [
          26.56369,
          88.768964
        ],
        [
          26.563561,
          88.769454
        ],
        [
          26.56333,
          88.770209
        ],
        [
          26.56306,
          88.770929
        ],
        [
          26.563039,
          88.770985
        ],
        [
          26.563013,
          88.771051
        ],
        [
          26.562565,
          88.77218
        ],
        [
          26.562294,
          88.772879
        ],
        [
          26.562071,
          88.773429
        ],
        [
          26.56204,
          88.773502
        ],
        [
          26.561852,
          88.77396
        ],
        [
          26.561581,
          88.77455
        ],
        [
          26.561452,
          88.774786
        ],
        [
          26.561318,
          88.775029
        ],
        [
          26.561189,
          88.77524
        ],
        [
          26.56107,
          88.775434
        ],
        [
          26.560806,
          88.775814
        ],
        [
          26.560514,
          88.776198
        ],
        [
          26.560463,
          88.77626
        ],
        [
          26.560212,
          88.776564
        ],
        [
          26.558145,
          88.778981
        ],
        [
          26.557854,
          88.779315
        ],
        [
          26.557556,
          88.779645
        ],
        [
          26.557248,
          88.779939
        ],
        [
          26.556921,
          88.780223
        ],
        [
          26.556496,
          88.780568
        ],
        [
          26.555488,
          88.781387
        ],
        [
          26.553293,
          88.783168
        ],
        [
          26.552317,
          88.78395
        ],
        [
          26.549682,
          88.786089
        ],
        [
          26.545906,
          88.789142
        ],
        [
          26.542707,
          88.791842
        ],
        [
          26.542397,
          88.792112
        ],
        [
          26.542132,
          88.792405
        ],
        [
          26.541871,
          88.792708
        ],
        [
          26.541657,
          88.793046
        ],
        [
          26.541547,
          88.793288
        ],
        [
          26.541416,
          88.793633
        ],
        [
          26.541332,
          88.793901
        ],
        [
          26.541213,
          88.794356
        ],
        [
          26.541166,
          88.794935
        ],
        [
          26.541161,
          88.795292
        ],
        [
          26.5412,
          88.795681
        ],
        [
          26.541278,
          88.796021
        ],
        [
          26.541371,
          88.796343
        ],
        [
          26.54147,
          88.796705
        ],
        [
          26.54164,
          88.797072
        ],
        [
          26.541722,
          88.797243
        ],
        [
          26.541826,
          88.797397
        ],
        [
          26.54197,
          88.797609
        ],
        [
          26.542173,
          88.797886
        ],
        [
          26.54262,
          88.798399
        ],
        [
          26.542858,
          88.798623
        ],
        [
          26.543313,
          88.799188
        ],
        [
          26.543755,
          88.799635
        ],
        [
          26.545184,
          88.800979
        ],
        [
          26.546644,
          88.802453
        ],
        [
          26.547559,
          88.803484
        ],
        [
          26.547707,
          88.803668
        ],
        [
          26.547869,
          88.803882
        ],
        [
          26.548015,
          88.804132
        ],
        [
          26.548046,
          88.804194
        ],
        [
          26.54808,
          88.804262
        ],
        [
          26.548129,
          88.80436
        ],
        [
          26.548212,
          88.804574
        ],
        [
          26.548306,
          88.80484
        ],
        [
          26.548366,
          88.805057
        ],
        [
          26.548394,
          88.805187
        ],
        [
          26.54842,
          88.805309
        ],
        [
          26.548448,
          88.80551
        ],
        [
          26.548476,
          88.805807
        ],
        [
          26.548486,
          88.806027
        ],
        [
          26.548484,
          88.806339
        ],
        [
          26.54846,
          88.806603
        ],
        [
          26.548451,
          88.806659
        ],
        [
          26.548418,
          88.806884
        ],
        [
          26.548366,
          88.807121
        ],
        [
          26.548316,
          88.807329
        ],
        [
          26.548301,
          88.807391
        ],
        [
          26.548155,
          88.807989
        ],
        [
          26.548083,
          88.808284
        ],
        [
          26.547766,
          88.809582
        ],
        [
          26.547754,
          88.809632
        ],
        [
          26.547527,
          88.810576
        ],
        [
          26.547342,
          88.811342
        ],
        [
          26.547171,
          88.812032
        ],
        [
          26.546985,
          88.812803
        ],
        [
          26.546722,
          88.813882
        ],
        [
          26.546586,
          88.814429
        ],
        [
          26.546507,
          88.814804
        ],
        [
          26.546461,
          88.81506
        ],
        [
          26.546435,
          88.815263
        ],
        [
          26.54642,
          88.815376
        ],
        [
          26.546403,
          88.815712
        ],
        [
          26.546409,
          88.815995
        ],
        [
          26.546411,
          88.816096
        ],
        [
          26.546437,
          88.816385
        ],
        [
          26.546484,
          88.81667
        ],
        [
          26.546547,
          88.81693
        ],
        [
          26.54663,
          88.817208
        ],
        [
          26.546764,
          88.817555
        ],
        [
          26.546815,
          88.817669
        ],
        [
          26.546856,
          88.817761
        ],
        [
          26.546978,
          88.817992
        ],
        [
          26.547092,
          88.818177
        ],
        [
          26.547254,
          88.818409
        ],
        [
          26.547389,
          88.818588
        ],
        [
          26.547514,
          88.818736
        ],
        [
          26.547707,
          88.818954
        ],
        [
          26.548005,
          88.819282
        ],
        [
          26.548677,
          88.820037
        ],
        [
          26.549175,
          88.820587
        ],
        [
          26.549688,
          88.821171
        ],
        [
          26.550098,
          88.821627
        ],
        [
          26.550589,
          88.822174
        ],
        [
          26.55084,
          88.822451
        ],
        [
          26.551115,
          88.822758
        ],
        [
          26.551327,
          88.823003
        ],
        [
          26.551513,
          88.823217
        ],
        [
          26.551646,
          88.823371
        ],
        [
          26.551767,
          88.823512
        ],
        [
          26.551943,
          88.823717
        ],
        [
          26.552077,
          88.823881
        ],
        [
          26.552254,
          88.824087
        ],
        [
          26.552301,
          88.824141
        ],
        [
          26.55248,
          88.824327
        ],
        [
          26.552634,
          88.824484
        ],
        [
          26.552976,
          88.824859
        ],
        [
          26.553263,
          88.825174
        ],
        [
          26.553949,
          88.825935
        ],
        [
          26.554811,
          88.82689
        ],
        [
          26.554966,
          88.827087
        ],
        [
          26.555132,
          88.827297
        ],
        [
          26.555211,
          88.827397
        ],
        [
          26.555545,
          88.827816
        ],
        [
          26.555949,
          88.828313
        ],
        [
          26.556027,
          88.828408
        ],
        [
          26.556107,
          88.828507
        ],
        [
          26.556447,
          88.828905
        ],
        [
          26.556935,
          88.829451
        ],
        [
          26.55697,
          88.829486
        ],
        [
          26.557168,
          88.829702
        ],
        [
          26.557407,
          88.829964
        ],
        [
          26.557687,
          88.830271
        ],
        [
          26.558196,
          88.830828
        ],
        [
          26.558628,
          88.831324
        ],
        [
          26.559084,
          88.831844
        ],
        [
          26.559563,
          88.832374
        ],
        [
          26.559674,
          88.832496
        ],
        [
          26.560109,
          88.832982
        ],
        [
          26.560257,
          88.833148
        ],
        [
          26.56083,
          88.833797
        ],
        [
          26.561545,
          88.834537
        ],
        [
          26.562092,
          88.835071
        ],
        [
          26.5625,
          88.835506
        ],
        [
          26.56274,
          88.835771
        ],
        [
          26.563023,
          88.836085
        ],
        [
          26.563352,
          88.83646
        ],
        [
          26.563748,
          88.836906
        ],
        [
          26.564189,
          88.837399
        ],
        [
          26.564412,
          88.837678
        ],
        [
          26.564647,
          88.838011
        ],
        [
          26.564871,
          88.838409
        ],
        [
          26.564998,
          88.838689
        ],
        [
          26.565127,
          88.838989
        ],
        [
          26.565151,
          88.839062
        ],
        [
          26.565237,
          88.839412
        ],
        [
          26.565286,
          88.83965
        ],
        [
          26.565318,
          88.839847
        ],
        [
          26.565344,
          88.840085
        ],
        [
          26.565351,
          88.840256
        ],
        [
          26.565356,
          88.840391
        ],
        [
          26.565349,
          88.840654
        ],
        [
          26.565321,
          88.841014
        ],
        [
          26.565275,
          88.841344
        ],
        [
          26.565261,
          88.84144
        ],
        [
          26.565194,
          88.841868
        ],
        [
          26.565153,
          88.842124
        ],
        [
          26.565077,
          88.842607
        ],
        [
          26.565024,
          88.842939
        ],
        [
          26.564977,
          88.843234
        ],
        [
          26.564912,
          88.843712
        ],
        [
          26.564862,
          88.84404
        ],
        [
          26.564852,
          88.8441
        ],
        [
          26.564776,
          88.84458
        ],
        [
          26.56469,
          88.845116
        ],
        [
          26.564552,
          88.846013
        ],
        [
          26.564502,
          88.846325
        ],
        [
          26.564404,
          88.846939
        ],
        [
          26.564112,
          88.84882
        ],
        [
          26.563899,
          88.850199
        ],
        [
          26.563782,
          88.850863
        ],
        [
          26.563772,
          88.850913
        ],
        [
          26.563701,
          88.851253
        ],
        [
          26.563648,
          88.851475
        ],
        [
          26.563584,
          88.851702
        ],
        [
          26.563554,
          88.851804
        ],
        [
          26.563496,
          88.852004
        ],
        [
          26.5634,
          88.8523
        ],
        [
          26.563301,
          88.852626
        ],
        [
          26.563172,
          88.853031
        ],
        [
          26.563043,
          88.85344
        ],
        [
          26.562945,
          88.853762
        ],
        [
          26.562858,
          88.854037
        ],
        [
          26.562821,
          88.854154
        ],
        [
          26.562714,
          88.854504
        ],
        [
          26.562598,
          88.854867
        ],
        [
          26.562467,
          88.855289
        ],
        [
          26.562432,
          88.855404
        ],
        [
          26.562397,
          88.855518
        ],
        [
          26.562304,
          88.855822
        ],
        [
          26.562227,
          88.856095
        ],
        [
          26.562216,
          88.856137
        ],
        [
          26.562155,
          88.856395
        ],
        [
          26.562113,
          88.856628
        ],
        [
          26.562085,
          88.856841
        ],
        [
          26.56206,
          88.857075
        ],
        [
          26.562035,
          88.857308
        ],
        [
          26.562024,
          88.857514
        ],
        [
          26.562022,
          88.857565
        ],
        [
          26.562014,
          88.857773
        ],
        [
          26.562012,
          88.858011
        ],
        [
          26.562014,
          88.858294
        ],
        [
          26.562015,
          88.85857
        ],
        [
          26.562015,
          88.85888
        ],
        [
          26.562018,
          88.859424
        ],
        [
          26.562027,
          88.859983
        ],
        [
          26.562042,
          88.860383
        ],
        [
          26.562071,
          88.860716
        ],
        [
          26.562102,
          88.861072
        ],
        [
          26.562135,
          88.861475
        ],
        [
          26.562157,
          88.861778
        ],
        [
          26.562193,
          88.862231
        ],
        [
          26.562226,
          88.862631
        ],
        [
          26.56226,
          88.863055
        ],
        [
          26.562294,
          88.863427
        ],
        [
          26.562325,
          88.863824
        ],
        [
          26.562356,
          88.864256
        ],
        [
          26.562392,
          88.864648
        ],
        [
          26.562428,
          88.865026
        ],
        [
          26.562442,
          88.865262
        ],
        [
          26.562454,
          88.86551
        ],
        [
          26.562465,
          88.865807
        ],
        [
          26.562474,
          88.866174
        ],
        [
          26.562483,
          88.86649
        ],
        [
          26.56249,
          88.866809
        ],
        [
          26.562494,
          88.867244
        ],
        [
          26.562506,
          88.867748
        ],
        [
          26.562507,
          88.867803
        ],
        [
          26.562517,
          88.868262
        ],
        [
          26.562518,
          88.868314
        ],
        [
          26.562528,
          88.868935
        ],
        [
          26.562535,
          88.869205
        ],
        [
          26.562538,
          88.869468
        ],
        [
          26.562537,
          88.869712
        ],
        [
          26.562531,
          88.86996
        ],
        [
          26.562524,
          88.870153
        ],
        [
          26.562518,
          88.870335
        ],
        [
          26.562501,
          88.870715
        ],
        [
          26.562476,
          88.871068
        ],
        [
          26.562468,
          88.871184
        ],
        [
          26.56245,
          88.871442
        ],
        [
          26.562412,
          88.871925
        ],
        [
          26.56241,
          88.871973
        ],
        [
          26.56239,
          88.872292
        ],
        [
          26.56238,
          88.872456
        ],
        [
          26.562349,
          88.872936
        ],
        [
          26.562327,
          88.873561
        ],
        [
          26.562316,
          88.874203
        ],
        [
          26.56231,
          88.874714
        ],
        [
          26.562316,
          88.875315
        ],
        [
          26.562318,
          88.875552
        ],
        [
          26.562324,
          88.876282
        ],
        [
          26.562332,
          88.876783
        ],
        [
          26.562349,
          88.877298
        ],
        [
          26.56238,
          88.878221
        ],
        [
          26.562415,
          88.879243
        ],
        [
          26.562412,
          88.88047
        ],
        [
          26.562372,
          88.881479
        ],
        [
          26.56233,
          88.882412
        ],
        [
          26.562236,
          88.884493
        ],
        [
          26.562216,
          88.884952
        ],
        [
          26.562183,
          88.885676
        ],
        [
          26.562176,
          88.885901
        ],
        [
          26.562164,
          88.886126
        ],
        [
          26.562145,
          88.88635
        ],
        [
          26.562121,
          88.886574
        ],
        [
          26.562085,
          88.886838
        ],
        [
          26.562041,
          88.887102
        ],
        [
          26.561919,
          88.88772
        ],
        [
          26.561669,
          88.889018
        ],
        [
          26.561401,
          88.890367
        ],
        [
          26.561103,
          88.891831
        ],
        [
          26.561004,
          88.892303
        ],
        [
          26.560919,
          88.892908
        ],
        [
          26.560914,
          88.892931
        ],
        [
          26.560789,
          88.893535
        ],
        [
          26.560583,
          88.894423
        ],
        [
          26.560544,
          88.894578
        ],
        [
          26.560434,
          88.895017
        ],
        [
          26.560374,
          88.895254
        ],
        [
          26.560168,
          88.896062
        ],
        [
          26.560041,
          88.896555
        ],
        [
          26.560011,
          88.896686
        ],
        [
          26.559964,
          88.896893
        ],
        [
          26.559907,
          88.897143
        ],
        [
          26.559819,
          88.897487
        ],
        [
          26.559719,
          88.897877
        ],
        [
          26.5597,
          88.89795
        ],
        [
          26.559612,
          88.898317
        ],
        [
          26.559511,
          88.898739
        ],
        [
          26.559386,
          88.899256
        ],
        [
          26.559309,
          88.899584
        ],
        [
          26.559172,
          88.90012
        ],
        [
          26.559063,
          88.900572
        ],
        [
          26.55905,
          88.900627
        ],
        [
          26.558961,
          88.901083
        ],
        [
          26.558908,
          88.901373
        ],
        [
          26.558872,
          88.901609
        ],
        [
          26.55882,
          88.90199
        ],
        [
          26.558765,
          88.902427
        ],
        [
          26.558681,
          88.903178
        ],
        [
          26.558616,
          88.903674
        ],
        [
          26.558496,
          88.904562
        ],
        [
          26.558482,
          88.904669
        ],
        [
          26.558436,
          88.905032
        ],
        [
          26.55839,
          88.905399
        ],
        [
          26.558361,
          88.905619
        ],
        [
          26.558258,
          88.906383
        ],
        [
          26.558236,
          88.906546
        ],
        [
          26.558114,
          88.907437
        ],
        [
          26.55811,
          88.907587
        ],
        [
          26.557999,
          88.908322
        ],
        [
          26.557882,
          88.909237
        ],
        [
          26.557865,
          88.909363
        ],
        [
          26.557747,
          88.910269
        ],
        [
          26.557642,
          88.911047
        ],
        [
          26.557567,
          88.911629
        ],
        [
          26.557511,
          88.912084
        ],
        [
          26.557498,
          88.912195
        ],
        [
          26.557455,
          88.912638
        ],
        [
          26.557454,
          88.912681
        ],
        [
          26.557449,
          88.91289
        ],
        [
          26.557457,
          88.913255
        ],
        [
          26.557493,
          88.913547
        ],
        [
          26.55753,
          88.91371
        ],
        [
          26.557579,
          88.913923
        ],
        [
          26.557663,
          88.914234
        ],
        [
          26.557771,
          88.914507
        ],
        [
          26.557882,
          88.914738
        ],
        [
          26.558005,
          88.914977
        ],
        [
          26.558125,
          88.915191
        ],
        [
          26.558589,
          88.916039
        ],
        [
          26.55904,
          88.916886
        ],
        [
          26.560029,
          88.918689
        ],
        [
          26.560326,
          88.919231
        ],
        [
          26.560903,
          88.920306
        ],
        [
          26.560923,
          88.920345
        ],
        [
          26.560972,
          88.920435
        ],
        [
          26.561507,
          88.921446
        ],
        [
          26.56164,
          88.921686
        ],
        [
          26.562143,
          88.922586
        ],
        [
          26.562423,
          88.923103
        ],
        [
          26.56309,
          88.924327
        ],
        [
          26.563628,
          88.925335
        ],
        [
          26.564115,
          88.926204
        ],
        [
          26.564426,
          88.926773
        ],
        [
          26.564585,
          88.927063
        ],
        [
          26.565081,
          88.928004
        ],
        [
          26.56551,
          88.928833
        ],
        [
          26.565856,
          88.929447
        ],
        [
          26.56624,
          88.930147
        ],
        [
          26.566658,
          88.930947
        ],
        [
          26.566947,
          88.931484
        ],
        [
          26.567293,
          88.932108
        ],
        [
          26.567886,
          88.933135
        ],
        [
          26.568598,
          88.934407
        ],
        [
          26.569004,
          88.935125
        ],
        [
          26.569181,
          88.93541
        ],
        [
          26.569503,
          88.935952
        ],
        [
          26.570064,
          88.936966
        ],
        [
          26.570606,
          88.937985
        ],
        [
          26.571417,
          88.939562
        ],
        [
          26.57188,
          88.940471
        ],
        [
          26.57219,
          88.941067
        ],
        [
          26.572236,
          88.941158
        ],
        [
          26.572482,
          88.941643
        ],
        [
          26.572696,
          88.942137
        ],
        [
          26.572871,
          88.942606
        ],
        [
          26.572996,
          88.943006
        ],
        [
          26.573108,
          88.943416
        ],
        [
          26.57325,
          88.943977
        ],
        [
          26.573299,
          88.94417
        ],
        [
          26.573461,
          88.9448
        ],
        [
          26.57372,
          88.945844
        ],
        [
          26.573974,
          88.946857
        ],
        [
          26.574224,
          88.947837
        ],
        [
          26.574388,
          88.948501
        ],
        [
          26.574476,
          88.948889
        ],
        [
          26.574521,
          88.949034
        ],
        [
          26.574543,
          88.949119
        ],
        [
          26.57478,
          88.950052
        ],
        [
          26.574951,
          88.950736
        ],
        [
          26.575454,
          88.952705
        ],
        [
          26.575704,
          88.95372
        ],
        [
          26.575836,
          88.954285
        ],
        [
          26.575907,
          88.954663
        ],
        [
          26.575945,
          88.954986
        ],
        [
          26.57598,
          88.955327
        ],
        [
          26.576023,
          88.955807
        ],
        [
          26.576068,
          88.956249
        ],
        [
          26.57609,
          88.956468
        ],
        [
          26.576152,
          88.957205
        ],
        [
          26.576246,
          88.958155
        ],
        [
          26.576258,
          88.958276
        ],
        [
          26.576349,
          88.959193
        ],
        [
          26.576365,
          88.959367
        ],
        [
          26.576426,
          88.960024
        ],
        [
          26.576562,
          88.961541
        ],
        [
          26.576649,
          88.962479
        ],
        [
          26.576762,
          88.963629
        ],
        [
          26.576846,
          88.964528
        ],
        [
          26.576908,
          88.965231
        ],
        [
          26.576933,
          88.965512
        ],
        [
          26.576975,
          88.965979
        ],
        [
          26.57699,
          88.966481
        ],
        [
          26.576982,
          88.966928
        ],
        [
          26.576958,
          88.967395
        ],
        [
          26.576828,
          88.968823
        ],
        [
          26.576722,
          88.970206
        ],
        [
          26.576702,
          88.970484
        ],
        [
          26.576679,
          88.970813
        ],
        [
          26.57651,
          88.973223
        ],
        [
          26.576483,
          88.973606
        ],
        [
          26.576482,
          88.97363
        ],
        [
          26.576395,
          88.975433
        ],
        [
          26.576313,
          88.977697
        ],
        [
          26.576299,
          88.978921
        ],
        [
          26.576272,
          88.979707
        ],
        [
          26.576262,
          88.980324
        ],
        [
          26.576198,
          88.981514
        ],
        [
          26.576175,
          88.981913
        ],
        [
          26.576168,
          88.982195
        ],
        [
          26.576181,
          88.982381
        ],
        [
          26.576196,
          88.982684
        ],
        [
          26.576212,
          88.982965
        ],
        [
          26.576248,
          88.983252
        ],
        [
          26.576299,
          88.983547
        ],
        [
          26.576428,
          88.98399
        ],
        [
          26.576709,
          88.984937
        ],
        [
          26.577086,
          88.985877
        ],
        [
          26.577231,
          88.986263
        ],
        [
          26.577432,
          88.986828
        ],
        [
          26.577789,
          88.987873
        ],
        [
          26.577907,
          88.988233
        ],
        [
          26.578472,
          88.989832
        ],
        [
          26.578843,
          88.990836
        ],
        [
          26.579003,
          88.99127
        ],
        [
          26.579052,
          88.991403
        ],
        [
          26.579376,
          88.992281
        ],
        [
          26.579711,
          88.993179
        ],
        [
          26.579748,
          88.993266
        ],
        [
          26.579934,
          88.993707
        ],
        [
          26.580068,
          88.994085
        ],
        [
          26.580339,
          88.9949
        ],
        [
          26.580543,
          88.995433
        ],
        [
          26.581015,
          88.996724
        ],
        [
          26.581326,
          88.997531
        ],
        [
          26.58137,
          88.997654
        ],
        [
          26.581397,
          88.997722
        ],
        [
          26.581535,
          88.998066
        ],
        [
          26.581569,
          88.998156
        ],
        [
          26.581705,
          88.998523
        ],
        [
          26.581758,
          88.998667
        ],
        [
          26.581785,
          88.99874
        ],
        [
          26.581938,
          88.999153
        ],
        [
          26.58205,
          88.999451
        ],
        [
          26.582149,
          88.999715
        ],
        [
          26.582201,
          88.999854
        ],
        [
          26.582288,
          89.00009
        ],
        [
          26.58238,
          89.000339
        ],
        [
          26.582576,
          89.000873
        ],
        [
          26.582677,
          89.001147
        ],
        [
          26.582732,
          89.001282
        ],
        [
          26.582799,
          89.001428
        ],
        [
          26.582874,
          89.001567
        ],
        [
          26.582958,
          89.001706
        ],
        [
          26.583021,
          89.001786
        ],
        [
          26.583061,
          89.001836
        ],
        [
          26.583103,
          89.001884
        ],
        [
          26.58318,
          89.001969
        ],
        [
          26.583304,
          89.002087
        ],
        [
          26.583525,
          89.002273
        ],
        [
          26.583556,
          89.002299
        ],
        [
          26.583668,
          89.002378
        ],
        [
          26.58389,
          89.002554
        ],
        [
          26.584849,
          89.003235
        ],
        [
          26.585664,
          89.003807
        ],
        [
          26.586258,
          89.004207
        ],
        [
          26.586443,
          89.004251
        ],
        [
          26.586668,
          89.004456
        ],
        [
          26.58686,
          89.004618
        ],
        [
          26.586961,
          89.004716
        ],
        [
          26.587001,
          89.004754
        ],
        [
          26.58707,
          89.004825
        ],
        [
          26.58731,
          89.005095
        ],
        [
          26.587491,
          89.005323
        ],
        [
          26.587543,
          89.005391
        ],
        [
          26.587657,
          89.005539
        ],
        [
          26.587943,
          89.005906
        ],
        [
          26.587968,
          89.005942
        ],
        [
          26.588212,
          89.006287
        ],
        [
          26.588315,
          89.006411
        ],
        [
          26.58842,
          89.006521
        ],
        [
          26.588443,
          89.006542
        ],
        [
          26.588583,
          89.006674
        ],
        [
          26.588729,
          89.006781
        ],
        [
          26.588903,
          89.006909
        ],
        [
          26.588965,
          89.006954
        ],
        [
          26.589139,
          89.007041
        ],
        [
          26.589272,
          89.007089
        ],
        [
          26.589419,
          89.007139
        ],
        [
          26.589561,
          89.007217
        ],
        [
          26.589978,
          89.007269
        ],
        [
          26.590333,
          89.007301
        ],
        [
          26.590741,
          89.007357
        ],
        [
          26.590983,
          89.007387
        ],
        [
          26.591485,
          89.007449
        ],
        [
          26.591531,
          89.007455
        ],
        [
          26.591565,
          89.007461
        ],
        [
          26.592165,
          89.00755
        ],
        [
          26.592281,
          89.007567
        ],
        [
          26.592609,
          89.007618
        ],
        [
          26.592715,
          89.007636
        ],
        [
          26.593372,
          89.007717
        ],
        [
          26.593416,
          89.007722
        ],
        [
          26.594042,
          89.007799
        ],
        [
          26.59412,
          89.007808
        ],
        [
          26.594466,
          89.00785
        ],
        [
          26.594653,
          89.007873
        ],
        [
          26.594871,
          89.007899
        ],
        [
          26.595052,
          89.007922
        ],
        [
          26.595586,
          89.007988
        ],
        [
          26.596265,
          89.008071
        ],
        [
          26.596448,
          89.008094
        ],
        [
          26.596486,
          89.008099
        ],
        [
          26.597049,
          89.008171
        ],
        [
          26.597569,
          89.008237
        ],
        [
          26.597744,
          89.008259
        ],
        [
          26.597826,
          89.008269
        ],
        [
          26.598087,
          89.008304
        ],
        [
          26.598366,
          89.008329
        ],
        [
          26.598421,
          89.008334
        ],
        [
          26.598675,
          89.008334
        ],
        [
          26.598905,
          89.00831
        ],
        [
          26.599029,
          89.008278
        ],
        [
          26.599157,
          89.008245
        ],
        [
          26.59938,
          89.008186
        ],
        [
          26.599598,
          89.0081
        ],
        [
          26.599678,
          89.008164
        ],
        [
          26.59971,
          89.008205
        ],
        [
          26.59973,
          89.008266
        ],
        [
          26.599739,
          89.008358
        ],
        [
          26.599744,
          89.008521
        ],
        [
          26.599723,
          89.008914
        ],
        [
          26.599723,
          89.009154
        ],
        [
          26.599735,
          89.009399
        ],
        [
          26.599751,
          89.009591
        ],
        [
          26.599794,
          89.009892
        ],
        [
          26.599817,
          89.010091
        ],
        [
          26.599822,
          89.010313
        ],
        [
          26.599803,
          89.010818
        ],
        [
          26.599774,
          89.011267
        ],
        [
          26.599753,
          89.011305
        ],
        [
          26.599712,
          89.011331
        ],
        [
          26.59965,
          89.011334
        ],
        [
          26.598997,
          89.011228
        ],
        [
          26.598555,
          89.011191
        ],
        [
          26.598555,
          89.011191
        ],
        [
          26.598997,
          89.011228
        ],
        [
          26.59965,
          89.011334
        ],
        [
          26.599712,
          89.011331
        ],
        [
          26.599753,
          89.011305
        ],
        [
          26.599774,
          89.011267
        ],
        [
          26.599803,
          89.010818
        ],
        [
          26.599822,
          89.010313
        ],
        [
          26.599817,
          89.010091
        ],
        [
          26.599794,
          89.009892
        ],
        [
          26.599751,
          89.009591
        ],
        [
          26.599735,
          89.009399
        ],
        [
          26.599723,
          89.009154
        ],
        [
          26.599723,
          89.008914
        ],
        [
          26.599744,
          89.008521
        ],
        [
          26.599739,
          89.008358
        ],
        [
          26.59973,
          89.008266
        ],
        [
          26.59971,
          89.008205
        ],
        [
          26.599678,
          89.008164
        ],
        [
          26.599598,
          89.0081
        ],
        [
          26.59938,
          89.008186
        ],
        [
          26.599157,
          89.008245
        ],
        [
          26.599029,
          89.008278
        ],
        [
          26.598905,
          89.00831
        ],
        [
          26.598675,
          89.008334
        ],
        [
          26.598421,
          89.008334
        ],
        [
          26.598366,
          89.008329
        ],
        [
          26.598087,
          89.008304
        ],
        [
          26.597826,
          89.008269
        ],
        [
          26.597744,
          89.008259
        ],
        [
          26.597569,
          89.008237
        ],
        [
          26.597049,
          89.008171
        ],
        [
          26.596486,
          89.008099
        ],
        [
          26.596448,
          89.008094
        ],
        [
          26.596265,
          89.008071
        ],
        [
          26.595586,
          89.007988
        ],
        [
          26.595052,
          89.007922
        ],
        [
          26.594871,
          89.007899
        ],
        [
          26.594653,
          89.007873
        ],
        [
          26.594466,
          89.00785
        ],
        [
          26.59412,
          89.007808
        ],
        [
          26.594042,
          89.007799
        ],
        [
          26.593416,
          89.007722
        ],
        [
          26.593372,
          89.007717
        ],
        [
          26.592715,
          89.007636
        ],
        [
          26.592609,
          89.007618
        ],
        [
          26.592281,
          89.007567
        ],
        [
          26.592165,
          89.00755
        ],
        [
          26.591565,
          89.007461
        ],
        [
          26.591531,
          89.007455
        ],
        [
          26.591485,
          89.007449
        ],
        [
          26.590983,
          89.007387
        ],
        [
          26.590741,
          89.007357
        ],
        [
          26.590333,
          89.007301
        ],
        [
          26.589978,
          89.007269
        ],
        [
          26.589561,
          89.007217
        ],
        [
          26.589417,
          89.007209
        ],
        [
          26.58939,
          89.0072
        ],
        [
          26.589244,
          89.007158
        ],
        [
          26.589213,
          89.007146
        ],
        [
          26.589113,
          89.007141
        ],
        [
          26.589036,
          89.007143
        ],
        [
          26.588998,
          89.007146
        ],
        [
          26.588958,
          89.007152
        ],
        [
          26.588917,
          89.007164
        ],
        [
          26.588873,
          89.007183
        ],
        [
          26.588824,
          89.007213
        ],
        [
          26.588765,
          89.007254
        ],
        [
          26.588706,
          89.007349
        ],
        [
          26.5887,
          89.007359
        ],
        [
          26.588465,
          89.007778
        ],
        [
          26.588342,
          89.008016
        ],
        [
          26.588123,
          89.008438
        ],
        [
          26.588114,
          89.008457
        ],
        [
          26.587827,
          89.009036
        ],
        [
          26.587792,
          89.009106
        ],
        [
          26.587623,
          89.00947
        ],
        [
          26.587279,
          89.01021
        ],
        [
          26.587054,
          89.010681
        ],
        [
          26.586584,
          89.011686
        ],
        [
          26.586385,
          89.012117
        ],
        [
          26.586009,
          89.012919
        ],
        [
          26.585957,
          89.013035
        ],
        [
          26.585866,
          89.013238
        ],
        [
          26.585808,
          89.013367
        ],
        [
          26.585679,
          89.013635
        ],
        [
          26.585436,
          89.014158
        ],
        [
          26.58524,
          89.014582
        ],
        [
          26.585186,
          89.014699
        ],
        [
          26.584881,
          89.015346
        ],
        [
          26.584736,
          89.015651
        ],
        [
          26.584483,
          89.016193
        ],
        [
          26.584321,
          89.016551
        ],
        [
          26.584043,
          89.017133
        ],
        [
          26.583852,
          89.017558
        ],
        [
          26.583663,
          89.017965
        ],
        [
          26.583476,
          89.018368
        ],
        [
          26.58345,
          89.018423
        ],
        [
          26.583169,
          89.019029
        ],
        [
          26.583012,
          89.019368
        ],
        [
          26.582727,
          89.019987
        ],
        [
          26.582561,
          89.020349
        ],
        [
          26.582122,
          89.021282
        ],
        [
          26.582024,
          89.021496
        ],
        [
          26.581891,
          89.021785
        ],
        [
          26.581656,
          89.022297
        ],
        [
          26.581413,
          89.022812
        ],
        [
          26.581228,
          89.023203
        ],
        [
          26.580852,
          89.024006
        ],
        [
          26.580752,
          89.024219
        ],
        [
          26.580373,
          89.025033
        ],
        [
          26.580014,
          89.025802
        ],
        [
          26.579891,
          89.026065
        ],
        [
          26.579759,
          89.026346
        ],
        [
          26.579586,
          89.026729
        ],
        [
          26.579525,
          89.026865
        ],
        [
          26.579234,
          89.027467
        ],
        [
          26.578888,
          89.028224
        ],
        [
          26.578797,
          89.028411
        ],
        [
          26.57865,
          89.028698
        ],
        [
          26.578533,
          89.028909
        ],
        [
          26.578404,
          89.029122
        ],
        [
          26.578266,
          89.029329
        ],
        [
          26.578115,
          89.029518
        ],
        [
          26.57791,
          89.029746
        ],
        [
          26.577752,
          89.029903
        ],
        [
          26.57761,
          89.030025
        ],
        [
          26.577054,
          89.030476
        ],
        [
          26.576975,
          89.030542
        ],
        [
          26.576718,
          89.030749
        ],
        [
          26.576547,
          89.030886
        ],
        [
          26.57594,
          89.031359
        ],
        [
          26.575781,
          89.031484
        ],
        [
          26.575419,
          89.031766
        ],
        [
          26.575265,
          89.031886
        ],
        [
          26.574768,
          89.03228
        ],
        [
          26.574236,
          89.032712
        ],
        [
          26.573812,
          89.033048
        ],
        [
          26.573493,
          89.033296
        ],
        [
          26.573291,
          89.033454
        ],
        [
          26.573174,
          89.033559
        ],
        [
          26.573085,
          89.033619
        ],
        [
          26.573031,
          89.033726
        ],
        [
          26.572996,
          89.033805
        ],
        [
          26.572959,
          89.033905
        ],
        [
          26.572917,
          89.03405
        ],
        [
          26.572872,
          89.034241
        ],
        [
          26.572802,
          89.03454
        ],
        [
          26.572753,
          89.03474
        ],
        [
          26.57269,
          89.034932
        ],
        [
          26.572678,
          89.034964
        ],
        [
          26.572638,
          89.035067
        ],
        [
          26.572575,
          89.035207
        ],
        [
          26.572446,
          89.035432
        ],
        [
          26.572407,
          89.035496
        ],
        [
          26.572285,
          89.035695
        ],
        [
          26.571848,
          89.036363
        ],
        [
          26.571618,
          89.036702
        ],
        [
          26.57155,
          89.03682
        ],
        [
          26.571047,
          89.037606
        ],
        [
          26.570988,
          89.037699
        ],
        [
          26.570237,
          89.038822
        ],
        [
          26.569632,
          89.039761
        ],
        [
          26.569439,
          89.040063
        ],
        [
          26.569146,
          89.040522
        ],
        [
          26.569095,
          89.040601
        ],
        [
          26.568596,
          89.041346
        ],
        [
          26.567972,
          89.042258
        ],
        [
          26.567731,
          89.042634
        ],
        [
          26.567152,
          89.043535
        ],
        [
          26.566574,
          89.044385
        ],
        [
          26.565938,
          89.045354
        ],
        [
          26.565478,
          89.046078
        ],
        [
          26.565365,
          89.046254
        ],
        [
          26.56534,
          89.046292
        ],
        [
          26.564919,
          89.046943
        ],
        [
          26.564712,
          89.047257
        ],
        [
          26.564536,
          89.047526
        ],
        [
          26.564215,
          89.04802
        ],
        [
          26.56389,
          89.04855
        ],
        [
          26.563869,
          89.048584
        ],
        [
          26.563675,
          89.048877
        ],
        [
          26.563594,
          89.049
        ],
        [
          26.563543,
          89.049077
        ],
        [
          26.563275,
          89.049486
        ],
        [
          26.56312,
          89.049728
        ],
        [
          26.562974,
          89.049948
        ],
        [
          26.562609,
          89.050498
        ],
        [
          26.562158,
          89.051208
        ],
        [
          26.56193,
          89.051547
        ],
        [
          26.56156,
          89.05209
        ],
        [
          26.561474,
          89.052215
        ],
        [
          26.561291,
          89.052484
        ],
        [
          26.560833,
          89.053092
        ],
        [
          26.560525,
          89.053491
        ],
        [
          26.560434,
          89.053609
        ],
        [
          26.560112,
          89.05404
        ],
        [
          26.559833,
          89.054414
        ],
        [
          26.559673,
          89.054615
        ],
        [
          26.559542,
          89.054772
        ],
        [
          26.559421,
          89.054944
        ],
        [
          26.559328,
          89.055082
        ],
        [
          26.559252,
          89.055211
        ],
        [
          26.559236,
          89.055242
        ],
        [
          26.559194,
          89.055327
        ],
        [
          26.559136,
          89.055476
        ],
        [
          26.559028,
          89.055801
        ],
        [
          26.558862,
          89.056324
        ],
        [
          26.55873,
          89.05674
        ],
        [
          26.55846,
          89.057649
        ],
        [
          26.558246,
          89.058306
        ],
        [
          26.558075,
          89.058827
        ],
        [
          26.558071,
          89.05884
        ],
        [
          26.557739,
          89.05991
        ],
        [
          26.557584,
          89.060386
        ],
        [
          26.55751,
          89.060609
        ],
        [
          26.55748,
          89.0607
        ],
        [
          26.557437,
          89.060831
        ],
        [
          26.557252,
          89.061389
        ],
        [
          26.55711,
          89.06187
        ],
        [
          26.557045,
          89.062077
        ],
        [
          26.556971,
          89.062316
        ],
        [
          26.556782,
          89.062929
        ],
        [
          26.556557,
          89.063591
        ],
        [
          26.556457,
          89.063906
        ],
        [
          26.556397,
          89.064094
        ],
        [
          26.556143,
          89.064899
        ],
        [
          26.555943,
          89.065508
        ],
        [
          26.555906,
          89.065631
        ],
        [
          26.555796,
          89.065995
        ],
        [
          26.555656,
          89.066431
        ],
        [
          26.555583,
          89.066658
        ],
        [
          26.555491,
          89.066964
        ],
        [
          26.55541,
          89.06722
        ],
        [
          26.555379,
          89.067318
        ],
        [
          26.555196,
          89.06788
        ],
        [
          26.555074,
          89.068255
        ],
        [
          26.55504,
          89.06836
        ],
        [
          26.554923,
          89.068718
        ],
        [
          26.554844,
          89.068954
        ],
        [
          26.554819,
          89.069028
        ],
        [
          26.554748,
          89.069231
        ],
        [
          26.554695,
          89.069414
        ],
        [
          26.554632,
          89.069641
        ],
        [
          26.554566,
          89.069904
        ],
        [
          26.554554,
          89.06996
        ],
        [
          26.55451,
          89.070172
        ],
        [
          26.5545,
          89.070238
        ],
        [
          26.55447,
          89.070443
        ],
        [
          26.554421,
          89.070785
        ],
        [
          26.554407,
          89.070896
        ],
        [
          26.554387,
          89.071063
        ],
        [
          26.554348,
          89.071297
        ],
        [
          26.554318,
          89.07143
        ],
        [
          26.55426,
          89.071607
        ],
        [
          26.554226,
          89.071685
        ],
        [
          26.554182,
          89.071788
        ],
        [
          26.554096,
          89.071965
        ],
        [
          26.554002,
          89.072153
        ],
        [
          26.553906,
          89.072347
        ],
        [
          26.553458,
          89.073328
        ],
        [
          26.553353,
          89.07357
        ],
        [
          26.55323,
          89.073868
        ],
        [
          26.553045,
          89.074356
        ],
        [
          26.552964,
          89.074574
        ],
        [
          26.552795,
          89.075032
        ],
        [
          26.552734,
          89.075205
        ],
        [
          26.552651,
          89.075437
        ],
        [
          26.552615,
          89.075537
        ],
        [
          26.552573,
          89.075653
        ],
        [
          26.552549,
          89.075712
        ],
        [
          26.552471,
          89.075903
        ],
        [
          26.552367,
          89.07617
        ],
        [
          26.552294,
          89.076356
        ],
        [
          26.552101,
          89.07689
        ],
        [
          26.551922,
          89.077363
        ],
        [
          26.551868,
          89.077503
        ],
        [
          26.551602,
          89.078204
        ],
        [
          26.551315,
          89.078986
        ],
        [
          26.551206,
          89.079301
        ],
        [
          26.551137,
          89.079494
        ],
        [
          26.551053,
          89.07973
        ],
        [
          26.550822,
          89.080344
        ],
        [
          26.550673,
          89.080764
        ],
        [
          26.550548,
          89.081117
        ],
        [
          26.550394,
          89.081541
        ],
        [
          26.550376,
          89.081592
        ],
        [
          26.550221,
          89.082056
        ],
        [
          26.550146,
          89.082278
        ],
        [
          26.549999,
          89.082726
        ],
        [
          26.549975,
          89.082796
        ],
        [
          26.549867,
          89.083115
        ],
        [
          26.549747,
          89.083466
        ],
        [
          26.549662,
          89.083715
        ],
        [
          26.549637,
          89.08379
        ],
        [
          26.549489,
          89.084225
        ],
        [
          26.549303,
          89.084753
        ],
        [
          26.549087,
          89.085402
        ],
        [
          26.548883,
          89.086009
        ],
        [
          26.548836,
          89.086151
        ],
        [
          26.548731,
          89.086466
        ],
        [
          26.548713,
          89.08652
        ],
        [
          26.548695,
          89.086574
        ],
        [
          26.548665,
          89.086659
        ],
        [
          26.548486,
          89.087173
        ],
        [
          26.548271,
          89.087791
        ],
        [
          26.547932,
          89.088773
        ],
        [
          26.547877,
          89.088938
        ],
        [
          26.547582,
          89.08983
        ],
        [
          26.547382,
          89.090389
        ],
        [
          26.547255,
          89.090746
        ],
        [
          26.547196,
          89.09088
        ],
        [
          26.547152,
          89.090983
        ],
        [
          26.547048,
          89.091156
        ],
        [
          26.546944,
          89.091325
        ],
        [
          26.546827,
          89.091481
        ],
        [
          26.546682,
          89.091663
        ],
        [
          26.546431,
          89.091914
        ],
        [
          26.54609,
          89.092204
        ],
        [
          26.54575,
          89.092426
        ],
        [
          26.545409,
          89.092645
        ],
        [
          26.545105,
          89.09285
        ],
        [
          26.544289,
          89.093365
        ],
        [
          26.544141,
          89.093462
        ],
        [
          26.543586,
          89.093865
        ],
        [
          26.54335,
          89.094117
        ],
        [
          26.543226,
          89.094274
        ],
        [
          26.543147,
          89.094404
        ],
        [
          26.543022,
          89.094591
        ],
        [
          26.54281,
          89.095111
        ],
        [
          26.542754,
          89.095334
        ],
        [
          26.542688,
          89.095798
        ],
        [
          26.54264,
          89.096325
        ],
        [
          26.54266,
          89.096558
        ],
        [
          26.542695,
          89.096957
        ],
        [
          26.542773,
          89.09783
        ],
        [
          26.542827,
          89.098634
        ],
        [
          26.542863,
          89.099306
        ],
        [
          26.542912,
          89.100006
        ],
        [
          26.542962,
          89.100587
        ],
        [
          26.542983,
          89.100828
        ],
        [
          26.54301,
          89.101221
        ],
        [
          26.543046,
          89.101661
        ],
        [
          26.54313,
          89.102548
        ],
        [
          26.543163,
          89.103163
        ],
        [
          26.543206,
          89.103601
        ],
        [
          26.543229,
          89.103945
        ],
        [
          26.54326,
          89.104466
        ],
        [
          26.543312,
          89.105052
        ],
        [
          26.543339,
          89.105287
        ],
        [
          26.543358,
          89.105668
        ],
        [
          26.543367,
          89.105789
        ],
        [
          26.54339,
          89.106383
        ],
        [
          26.543422,
          89.106987
        ],
        [
          26.543427,
          89.107157
        ],
        [
          26.543432,
          89.1072
        ],
        [
          26.543489,
          89.108375
        ],
        [
          26.543496,
          89.108832
        ],
        [
          26.543501,
          89.109039
        ],
        [
          26.543513,
          89.109181
        ],
        [
          26.543543,
          89.109319
        ],
        [
          26.543577,
          89.109417
        ],
        [
          26.54364,
          89.109552
        ],
        [
          26.54371,
          89.109682
        ],
        [
          26.543829,
          89.109839
        ],
        [
          26.543949,
          89.109981
        ],
        [
          26.544036,
          89.110081
        ],
        [
          26.544105,
          89.11016
        ],
        [
          26.54421,
          89.110271
        ],
        [
          26.544389,
          89.110455
        ],
        [
          26.544621,
          89.110717
        ],
        [
          26.544875,
          89.110981
        ],
        [
          26.54511,
          89.111266
        ],
        [
          26.545362,
          89.111534
        ],
        [
          26.545452,
          89.111643
        ],
        [
          26.54552,
          89.111738
        ],
        [
          26.545584,
          89.111858
        ],
        [
          26.545636,
          89.11201
        ],
        [
          26.54568,
          89.112222
        ],
        [
          26.54579,
          89.113007
        ],
        [
          26.545872,
          89.114032
        ],
        [
          26.545921,
          89.114914
        ],
        [
          26.545952,
          89.115383
        ],
        [
          26.545959,
          89.115598
        ],
        [
          26.545955,
          89.115783
        ],
        [
          26.545938,
          89.115922
        ],
        [
          26.545889,
          89.116148
        ],
        [
          26.545734,
          89.116738
        ],
        [
          26.54559,
          89.117282
        ],
        [
          26.545321,
          89.118176
        ],
        [
          26.545156,
          89.118648
        ],
        [
          26.544976,
          89.119058
        ],
        [
          26.544839,
          89.119399
        ],
        [
          26.544671,
          89.119796
        ],
        [
          26.544505,
          89.120158
        ],
        [
          26.544335,
          89.120514
        ],
        [
          26.544129,
          89.120919
        ],
        [
          26.543915,
          89.121362
        ],
        [
          26.543658,
          89.121893
        ],
        [
          26.54343,
          89.122387
        ],
        [
          26.543332,
          89.122574
        ],
        [
          26.543218,
          89.122755
        ],
        [
          26.543025,
          89.123046
        ],
        [
          26.542912,
          89.123219
        ],
        [
          26.542805,
          89.123383
        ],
        [
          26.542592,
          89.123728
        ],
        [
          26.542252,
          89.124248
        ],
        [
          26.54184,
          89.12486
        ],
        [
          26.541811,
          89.124903
        ],
        [
          26.541615,
          89.125192
        ],
        [
          26.541513,
          89.125316
        ],
        [
          26.541415,
          89.125409
        ],
        [
          26.541286,
          89.12551
        ],
        [
          26.541081,
          89.125647
        ],
        [
          26.540676,
          89.125888
        ],
        [
          26.540214,
          89.12617
        ],
        [
          26.539512,
          89.126591
        ],
        [
          26.53915,
          89.126802
        ],
        [
          26.538664,
          89.127062
        ],
        [
          26.538294,
          89.127247
        ],
        [
          26.537796,
          89.127479
        ],
        [
          26.537399,
          89.127656
        ],
        [
          26.536923,
          89.127877
        ],
        [
          26.536574,
          89.128035
        ],
        [
          26.536534,
          89.128055
        ],
        [
          26.535758,
          89.12841
        ],
        [
          26.535543,
          89.12851
        ],
        [
          26.535307,
          89.128612
        ],
        [
          26.534772,
          89.128862
        ],
        [
          26.534252,
          89.129099
        ],
        [
          26.5341,
          89.129169
        ],
        [
          26.533978,
          89.129222
        ],
        [
          26.53386,
          89.129308
        ],
        [
          26.533748,
          89.12939
        ],
        [
          26.533635,
          89.129505
        ],
        [
          26.53346,
          89.129684
        ],
        [
          26.533315,
          89.129855
        ],
        [
          26.533194,
          89.130013
        ],
        [
          26.533129,
          89.1301
        ],
        [
          26.533093,
          89.130157
        ],
        [
          26.533033,
          89.130255
        ],
        [
          26.532997,
          89.130341
        ],
        [
          26.532956,
          89.130468
        ],
        [
          26.532876,
          89.13079
        ],
        [
          26.532779,
          89.13123
        ],
        [
          26.532755,
          89.131329
        ],
        [
          26.532599,
          89.131992
        ],
        [
          26.532468,
          89.132469
        ],
        [
          26.532288,
          89.133165
        ],
        [
          26.53217,
          89.133651
        ],
        [
          26.532124,
          89.133845
        ],
        [
          26.53202,
          89.134288
        ],
        [
          26.532002,
          89.134341
        ],
        [
          26.531703,
          89.13547
        ],
        [
          26.531425,
          89.136565
        ],
        [
          26.531167,
          89.137658
        ],
        [
          26.530932,
          89.138538
        ],
        [
          26.530652,
          89.139718
        ],
        [
          26.530373,
          89.14077
        ],
        [
          26.530137,
          89.141778
        ],
        [
          26.529858,
          89.142767
        ],
        [
          26.529537,
          89.143925
        ],
        [
          26.529237,
          89.144955
        ],
        [
          26.528957,
          89.146007
        ],
        [
          26.528657,
          89.147037
        ],
        [
          26.528522,
          89.147498
        ],
        [
          26.528357,
          89.148067
        ],
        [
          26.528055,
          89.149075
        ],
        [
          26.527798,
          89.150018
        ],
        [
          26.527498,
          89.151005
        ],
        [
          26.52724,
          89.151972
        ],
        [
          26.52694,
          89.153023
        ],
        [
          26.526618,
          89.154075
        ],
        [
          26.526338,
          89.155103
        ],
        [
          26.526017,
          89.156198
        ],
        [
          26.525717,
          89.157228
        ],
        [
          26.525395,
          89.158173
        ],
        [
          26.524987,
          89.15916
        ],
        [
          26.524622,
          89.160125
        ],
        [
          26.524237,
          89.161048
        ],
        [
          26.52385,
          89.162035
        ],
        [
          26.52342,
          89.163043
        ],
        [
          26.523035,
          89.163988
        ],
        [
          26.522648,
          89.164888
        ],
        [
          26.522262,
          89.165855
        ],
        [
          26.522005,
          89.166842
        ],
        [
          26.521962,
          89.16785
        ],
        [
          26.52179,
          89.16888
        ],
        [
          26.521487,
          89.169712
        ],
        [
          26.521322,
          89.169927
        ],
        [
          26.521091,
          89.170072
        ],
        [
          26.520513,
          89.170252
        ],
        [
          26.519424,
          89.170591
        ],
        [
          26.518975,
          89.170812
        ],
        [
          26.518811,
          89.170968
        ],
        [
          26.518765,
          89.171197
        ],
        [
          26.518691,
          89.171794
        ],
        [
          26.518712,
          89.172313
        ],
        [
          26.519108,
          89.173237
        ],
        [
          26.519371,
          89.173792
        ],
        [
          26.51958,
          89.174267
        ],
        [
          26.519728,
          89.174792
        ],
        [
          26.519795,
          89.175338
        ],
        [
          26.519902,
          89.176412
        ],
        [
          26.52003,
          89.177463
        ],
        [
          26.52016,
          89.178665
        ],
        [
          26.520267,
          89.179695
        ],
        [
          26.520417,
          89.180832
        ],
        [
          26.520567,
          89.181968
        ],
        [
          26.520695,
          89.183107
        ],
        [
          26.52091,
          89.184115
        ],
        [
          26.521297,
          89.185188
        ],
        [
          26.521791,
          89.185986
        ],
        [
          26.521855,
          89.186088
        ],
        [
          26.522412,
          89.187055
        ],
        [
          26.523013,
          89.187998
        ],
        [
          26.52355,
          89.188922
        ],
        [
          26.524043,
          89.189823
        ],
        [
          26.524602,
          89.190767
        ],
        [
          26.525052,
          89.191775
        ],
        [
          26.52548,
          89.192762
        ],
        [
          26.52591,
          89.193728
        ],
        [
          26.526297,
          89.19465
        ],
        [
          26.526475,
          89.194953
        ],
        [
          26.525224,
          89.19646
        ],
        [
          26.524522,
          89.19721
        ],
        [
          26.523084,
          89.199025
        ],
        [
          26.522678,
          89.19943
        ],
        [
          26.520224,
          89.201464
        ],
        [
          26.51987,
          89.202042
        ],
        [
          26.520588,
          89.202053
        ],
        [
          26.521575,
          89.20199
        ],
        [
          26.522477,
          89.201925
        ],
        [
          26.523485,
          89.20186
        ],
        [
          26.524408,
          89.201775
        ],
        [
          26.525352,
          89.20171
        ],
        [
          26.526275,
          89.201625
        ],
        [
          26.527218,
          89.201538
        ],
        [
          26.527816,
          89.201531
        ],
        [
          26.528032,
          89.201514
        ],
        [
          26.528286,
          89.201494
        ],
        [
          26.528852,
          89.201469
        ],
        [
          26.529421,
          89.201364
        ],
        [
          26.530117,
          89.201286
        ],
        [
          26.53262,
          89.201083
        ],
        [
          26.530117,
          89.201286
        ],
        [
          26.529421,
          89.201364
        ],
        [
          26.528852,
          89.201469
        ],
        [
          26.528286,
          89.201494
        ],
        [
          26.527816,
          89.201531
        ],
        [
          26.527218,
          89.201538
        ],
        [
          26.526275,
          89.201625
        ],
        [
          26.525352,
          89.20171
        ],
        [
          26.524408,
          89.201775
        ],
        [
          26.523485,
          89.20186
        ],
        [
          26.522477,
          89.201925
        ],
        [
          26.521575,
          89.20199
        ],
        [
          26.520588,
          89.202053
        ],
        [
          26.51987,
          89.202042
        ],
        [
          26.519515,
          89.202687
        ],
        [
          26.519152,
          89.203308
        ],
        [
          26.518483,
          89.204468
        ],
        [
          26.517704,
          89.205974
        ],
        [
          26.516851,
          89.207473
        ],
        [
          26.516633,
          89.207883
        ],
        [
          26.516037,
          89.208944
        ],
        [
          26.515726,
          89.209572
        ],
        [
          26.515524,
          89.209999
        ],
        [
          26.515437,
          89.210252
        ],
        [
          26.515394,
          89.210464
        ],
        [
          26.515299,
          89.210946
        ],
        [
          26.51523,
          89.211327
        ],
        [
          26.51499,
          89.212183
        ],
        [
          26.514705,
          89.213308
        ],
        [
          26.51444,
          89.214437
        ],
        [
          26.514204,
          89.215525
        ],
        [
          26.514094,
          89.216021
        ],
        [
          26.513892,
          89.216909
        ],
        [
          26.513822,
          89.217259
        ],
        [
          26.513726,
          89.21772
        ],
        [
          26.513626,
          89.218147
        ],
        [
          26.51347,
          89.218742
        ],
        [
          26.513357,
          89.219092
        ],
        [
          26.513231,
          89.219429
        ],
        [
          26.512995,
          89.220007
        ],
        [
          26.512891,
          89.220335
        ],
        [
          26.5128,
          89.220693
        ],
        [
          26.512404,
          89.222231
        ],
        [
          26.512176,
          89.223235
        ],
        [
          26.511904,
          89.224208
        ],
        [
          26.511815,
          89.224538
        ],
        [
          26.511675,
          89.225184
        ],
        [
          26.511489,
          89.225925
        ],
        [
          26.511184,
          89.227142
        ],
        [
          26.510897,
          89.228378
        ],
        [
          26.509103,
          89.235536
        ],
        [
          26.508942,
          89.23635
        ],
        [
          26.50863,
          89.239436
        ],
        [
          26.508033,
          89.244997
        ],
        [
          26.507899,
          89.246074
        ],
        [
          26.507771,
          89.247171
        ],
        [
          26.50759,
          89.248935
        ],
        [
          26.507554,
          89.24959
        ],
        [
          26.507551,
          89.249961
        ],
        [
          26.507552,
          89.250257
        ],
        [
          26.507573,
          89.250431
        ],
        [
          26.507616,
          89.250551
        ],
        [
          26.508017,
          89.251252
        ],
        [
          26.509062,
          89.253248
        ],
        [
          26.509425,
          89.254007
        ],
        [
          26.509597,
          89.25467
        ],
        [
          26.509863,
          89.255306
        ],
        [
          26.510662,
          89.256865
        ],
        [
          26.510761,
          89.257164
        ],
        [
          26.511151,
          89.258112
        ],
        [
          26.51145,
          89.258574
        ],
        [
          26.511664,
          89.258967
        ],
        [
          26.511775,
          89.25944
        ],
        [
          26.512055,
          89.26013
        ],
        [
          26.511988,
          89.260241
        ],
        [
          26.511802,
          89.26044
        ],
        [
          26.511653,
          89.260723
        ],
        [
          26.511407,
          89.261084
        ],
        [
          26.511138,
          89.261546
        ],
        [
          26.510311,
          89.262985
        ],
        [
          26.5095,
          89.264396
        ],
        [
          26.509204,
          89.264986
        ],
        [
          26.508927,
          89.26557
        ],
        [
          26.508426,
          89.266688
        ],
        [
          26.508322,
          89.267041
        ],
        [
          26.508266,
          89.267561
        ],
        [
          26.508252,
          89.26772
        ],
        [
          26.508192,
          89.267851
        ],
        [
          26.508036,
          89.268014
        ],
        [
          26.507806,
          89.268144
        ],
        [
          26.507653,
          89.268219
        ],
        [
          26.507178,
          89.268471
        ],
        [
          26.507063,
          89.268537
        ],
        [
          26.507002,
          89.268657
        ],
        [
          26.506975,
          89.268811
        ],
        [
          26.506993,
          89.269109
        ],
        [
          26.507099,
          89.271926
        ],
        [
          26.507099,
          89.272921
        ],
        [
          26.50715,
          89.273349
        ],
        [
          26.507175,
          89.273712
        ],
        [
          26.507172,
          89.274117
        ],
        [
          26.507119,
          89.274326
        ],
        [
          26.507048,
          89.274496
        ],
        [
          26.506939,
          89.27466
        ],
        [
          26.506723,
          89.274867
        ],
        [
          26.506515,
          89.275008
        ],
        [
          26.506369,
          89.275092
        ],
        [
          26.505319,
          89.275743
        ],
        [
          26.505032,
          89.275935
        ],
        [
          26.50488,
          89.276037
        ],
        [
          26.50478,
          89.276152
        ],
        [
          26.504714,
          89.276284
        ],
        [
          26.504659,
          89.276577
        ],
        [
          26.504581,
          89.277233
        ],
        [
          26.504498,
          89.277848
        ],
        [
          26.504452,
          89.278096
        ],
        [
          26.504379,
          89.278322
        ],
        [
          26.504282,
          89.278515
        ],
        [
          26.504164,
          89.278688
        ],
        [
          26.50223,
          89.281233
        ],
        [
          26.501859,
          89.281873
        ],
        [
          26.501534,
          89.282564
        ],
        [
          26.501406,
          89.282869
        ],
        [
          26.501329,
          89.283116
        ],
        [
          26.501257,
          89.283469
        ],
        [
          26.501218,
          89.284234
        ],
        [
          26.501175,
          89.285945
        ],
        [
          26.501145,
          89.287619
        ],
        [
          26.501156,
          89.288507
        ],
        [
          26.501215,
          89.290231
        ],
        [
          26.501071,
          89.292376
        ],
        [
          26.501093,
          89.295112
        ],
        [
          26.500823,
          89.299573
        ],
        [
          26.500666,
          89.302414
        ],
        [
          26.50065,
          89.302753
        ],
        [
          26.500632,
          89.30323
        ],
        [
          26.50069,
          89.303601
        ],
        [
          26.500829,
          89.304253
        ],
        [
          26.501011,
          89.305379
        ],
        [
          26.501126,
          89.306054
        ],
        [
          26.501138,
          89.306162
        ],
        [
          26.501232,
          89.307016
        ],
        [
          26.501454,
          89.310612
        ],
        [
          26.501568,
          89.313298
        ],
        [
          26.501514,
          89.313939
        ],
        [
          26.501494,
          89.314346
        ],
        [
          26.50158,
          89.314807
        ],
        [
          26.501701,
          89.31512
        ],
        [
          26.501864,
          89.315644
        ],
        [
          26.502187,
          89.31639
        ],
        [
          26.502766,
          89.317731
        ],
        [
          26.503067,
          89.31858
        ],
        [
          26.503329,
          89.319779
        ],
        [
          26.503338,
          89.320401
        ],
        [
          26.503211,
          89.321175
        ],
        [
          26.503057,
          89.321831
        ],
        [
          26.501288,
          89.327611
        ],
        [
          26.501175,
          89.327963
        ],
        [
          26.501082,
          89.328335
        ],
        [
          26.501032,
          89.328722
        ],
        [
          26.501019,
          89.329083
        ],
        [
          26.501046,
          89.329428
        ],
        [
          26.501207,
          89.330543
        ],
        [
          26.501259,
          89.331041
        ],
        [
          26.501277,
          89.33165
        ],
        [
          26.501237,
          89.332498
        ],
        [
          26.499448,
          89.348452
        ],
        [
          26.499448,
          89.348616
        ],
        [
          26.499454,
          89.348938
        ],
        [
          26.499527,
          89.352651
        ],
        [
          26.499493,
          89.353304
        ],
        [
          26.499506,
          89.355113
        ],
        [
          26.499378,
          89.355666
        ],
        [
          26.498902,
          89.356852
        ],
        [
          26.4985,
          89.357688
        ],
        [
          26.498383,
          89.358044
        ],
        [
          26.498321,
          89.358499
        ],
        [
          26.498303,
          89.359288
        ],
        [
          26.498214,
          89.359889
        ],
        [
          26.497803,
          89.361328
        ],
        [
          26.497586,
          89.361926
        ],
        [
          26.497093,
          89.362885
        ],
        [
          26.496249,
          89.364105
        ],
        [
          26.495439,
          89.365396
        ],
        [
          26.494577,
          89.366768
        ],
        [
          26.494401,
          89.367189
        ],
        [
          26.494272,
          89.367487
        ],
        [
          26.493932,
          89.36824
        ],
        [
          26.493866,
          89.368388
        ],
        [
          26.49373,
          89.368689
        ],
        [
          26.4936,
          89.368979
        ],
        [
          26.492883,
          89.370594
        ],
        [
          26.491967,
          89.37271
        ],
        [
          26.491472,
          89.373813
        ],
        [
          26.491023,
          89.374809
        ],
        [
          26.490184,
          89.37675
        ],
        [
          26.490068,
          89.377017
        ],
        [
          26.490056,
          89.377041
        ],
        [
          26.489288,
          89.378846
        ],
        [
          26.48853,
          89.380565
        ],
        [
          26.487684,
          89.382457
        ],
        [
          26.48677,
          89.38447
        ],
        [
          26.48587,
          89.38655
        ],
        [
          26.48503,
          89.3885
        ],
        [
          26.484321,
          89.390196
        ],
        [
          26.48424,
          89.39039
        ],
        [
          26.48304,
          89.39326
        ],
        [
          26.48237,
          89.39519
        ],
        [
          26.48205,
          89.39618
        ],
        [
          26.48136,
          89.39813
        ],
        [
          26.48102,
          89.39914
        ],
        [
          26.4807,
          89.39998
        ],
        [
          26.48042,
          89.40086
        ],
        [
          26.47973,
          89.40279
        ],
        [
          26.479423,
          89.40367
        ],
        [
          26.47905,
          89.40474
        ],
        [
          26.47806,
          89.40762
        ],
        [
          26.47709,
          89.41064
        ],
        [
          26.47645,
          89.41266
        ],
        [
          26.47546,
          89.41573
        ],
        [
          26.4748,
          89.41781
        ],
        [
          26.4742,
          89.41972
        ],
        [
          26.47321,
          89.42268
        ],
        [
          26.472242,
          89.425695
        ],
        [
          26.47205,
          89.426278
        ],
        [
          26.471688,
          89.427335
        ],
        [
          26.471532,
          89.427808
        ],
        [
          26.471344,
          89.428367
        ],
        [
          26.471267,
          89.428601
        ],
        [
          26.471203,
          89.428825
        ],
        [
          26.471174,
          89.428956
        ],
        [
          26.471171,
          89.429048
        ],
        [
          26.471205,
          89.429307
        ],
        [
          26.471244,
          89.429525
        ],
        [
          26.471279,
          89.429738
        ],
        [
          26.471328,
          89.42992
        ],
        [
          26.471336,
          89.430084
        ],
        [
          26.471319,
          89.430234
        ],
        [
          26.471248,
          89.430449
        ],
        [
          26.471134,
          89.430635
        ],
        [
          26.470959,
          89.431012
        ],
        [
          26.470851,
          89.431256
        ],
        [
          26.470782,
          89.431467
        ],
        [
          26.470716,
          89.431754
        ],
        [
          26.470688,
          89.432026
        ],
        [
          26.470676,
          89.432364
        ],
        [
          26.470673,
          89.432662
        ],
        [
          26.470684,
          89.432791
        ],
        [
          26.4707,
          89.43297
        ],
        [
          26.470733,
          89.433229
        ],
        [
          26.470793,
          89.433516
        ],
        [
          26.470871,
          89.433773
        ],
        [
          26.470948,
          89.433981
        ],
        [
          26.471056,
          89.434192
        ],
        [
          26.471185,
          89.434409
        ],
        [
          26.471388,
          89.434727
        ],
        [
          26.471933,
          89.435549
        ],
        [
          26.47246,
          89.436339
        ],
        [
          26.473031,
          89.437203
        ],
        [
          26.473717,
          89.438262
        ],
        [
          26.474441,
          89.439366
        ],
        [
          26.474887,
          89.440055
        ],
        [
          26.475336,
          89.440735
        ],
        [
          26.47614,
          89.441982
        ],
        [
          26.476378,
          89.442303
        ],
        [
          26.476513,
          89.44246
        ],
        [
          26.476658,
          89.44261
        ],
        [
          26.477873,
          89.443713
        ],
        [
          26.47933,
          89.44506
        ],
        [
          26.48158,
          89.44714
        ],
        [
          26.48308,
          89.44849
        ],
        [
          26.48385,
          89.4492
        ],
        [
          26.48465,
          89.4498
        ],
        [
          26.4863,
          89.45088
        ],
        [
          26.48795,
          89.45193
        ],
        [
          26.4904,
          89.45349
        ],
        [
          26.49211,
          89.45459
        ],
        [
          26.493015,
          89.455179
        ],
        [
          26.493414,
          89.455471
        ],
        [
          26.4937,
          89.45581
        ],
        [
          26.49432,
          89.45663
        ],
        [
          26.49559,
          89.45826
        ],
        [
          26.495804,
          89.458542
        ],
        [
          26.496863,
          89.459942
        ],
        [
          26.497263,
          89.46047
        ],
        [
          26.497573,
          89.46087
        ],
        [
          26.497761,
          89.461114
        ],
        [
          26.497875,
          89.461293
        ],
        [
          26.497952,
          89.461458
        ],
        [
          26.498,
          89.461639
        ],
        [
          26.498057,
          89.46203
        ],
        [
          26.498158,
          89.462806
        ],
        [
          26.498236,
          89.463493
        ],
        [
          26.498284,
          89.463797
        ],
        [
          26.498341,
          89.464316
        ],
        [
          26.498381,
          89.464768
        ],
        [
          26.49849,
          89.465585
        ],
        [
          26.498522,
          89.466019
        ],
        [
          26.498651,
          89.466983
        ],
        [
          26.498759,
          89.467784
        ],
        [
          26.498781,
          89.46825
        ],
        [
          26.498778,
          89.468646
        ],
        [
          26.498724,
          89.469359
        ],
        [
          26.49866,
          89.47012
        ],
        [
          26.498618,
          89.470812
        ],
        [
          26.498571,
          89.471475
        ],
        [
          26.498515,
          89.471897
        ],
        [
          26.498452,
          89.472141
        ],
        [
          26.498389,
          89.472309
        ],
        [
          26.498346,
          89.472423
        ],
        [
          26.498252,
          89.472635
        ],
        [
          26.49813,
          89.472838
        ],
        [
          26.497983,
          89.473021
        ],
        [
          26.497728,
          89.473277
        ],
        [
          26.497515,
          89.473508
        ],
        [
          26.497384,
          89.473677
        ],
        [
          26.497304,
          89.473813
        ],
        [
          26.497194,
          89.474005
        ],
        [
          26.497075,
          89.474277
        ],
        [
          26.497009,
          89.474474
        ],
        [
          26.49692,
          89.47493
        ],
        [
          26.496851,
          89.475307
        ],
        [
          26.496778,
          89.475761
        ],
        [
          26.49668,
          89.476279
        ],
        [
          26.496575,
          89.476907
        ],
        [
          26.49636,
          89.47802
        ],
        [
          26.49598,
          89.48023
        ],
        [
          26.4954,
          89.48334
        ],
        [
          26.4952,
          89.48446
        ],
        [
          26.49509,
          89.48504
        ],
        [
          26.495044,
          89.48526
        ],
        [
          26.495003,
          89.485454
        ],
        [
          26.49458,
          89.4865
        ],
        [
          26.494495,
          89.48671
        ],
        [
          26.49374,
          89.48858
        ],
        [
          26.49336,
          89.48952
        ],
        [
          26.49259,
          89.49139
        ],
        [
          26.492564,
          89.491456
        ],
        [
          26.492533,
          89.491536
        ],
        [
          26.492029,
          89.492821
        ],
        [
          26.49143,
          89.49422
        ],
        [
          26.49057,
          89.49624
        ],
        [
          26.489469,
          89.498812
        ],
        [
          26.4889,
          89.50014
        ],
        [
          26.48827,
          89.50102
        ],
        [
          26.48709,
          89.5027
        ],
        [
          26.48525,
          89.50529
        ],
        [
          26.48465,
          89.50611
        ],
        [
          26.484,
          89.50688
        ],
        [
          26.4834,
          89.50774
        ],
        [
          26.482832,
          89.508936
        ],
        [
          26.482659,
          89.509273
        ],
        [
          26.482096,
          89.510522
        ],
        [
          26.481735,
          89.511376
        ],
        [
          26.48128,
          89.5124
        ],
        [
          26.480921,
          89.513466
        ],
        [
          26.48063,
          89.51433
        ],
        [
          26.480344,
          89.515175
        ],
        [
          26.480318,
          89.51529
        ],
        [
          26.479956,
          89.516391
        ],
        [
          26.479646,
          89.517259
        ],
        [
          26.479519,
          89.517787
        ],
        [
          26.47954,
          89.51832
        ],
        [
          26.479574,
          89.518752
        ],
        [
          26.479684,
          89.519365
        ],
        [
          26.4799,
          89.5204
        ],
        [
          26.479995,
          89.521002
        ],
        [
          26.480026,
          89.5212
        ],
        [
          26.48005,
          89.52139
        ],
        [
          26.480261,
          89.522582
        ],
        [
          26.480409,
          89.523362
        ],
        [
          26.48063,
          89.52433
        ],
        [
          26.48065,
          89.524499
        ],
        [
          26.480778,
          89.525185
        ],
        [
          26.48081,
          89.52536
        ],
        [
          26.480811,
          89.525762
        ],
        [
          26.480814,
          89.526628
        ],
        [
          26.480823,
          89.526858
        ],
        [
          26.480983,
          89.526858
        ],
        [
          26.481842,
          89.52706
        ],
        [
          26.48208,
          89.527071
        ],
        [
          26.482317,
          89.527039
        ],
        [
          26.482954,
          89.526943
        ],
        [
          26.483593,
          89.526844
        ],
        [
          26.484134,
          89.52676
        ],
        [
          26.484263,
          89.526744
        ],
        [
          26.484349,
          89.526732
        ],
        [
          26.485077,
          89.526624
        ],
        [
          26.48533,
          89.526578
        ],
        [
          26.486573,
          89.52638
        ],
        [
          26.487229,
          89.526328
        ],
        [
          26.487369,
          89.526321
        ],
        [
          26.487626,
          89.526328
        ],
        [
          26.488157,
          89.526361
        ],
        [
          26.488693,
          89.526408
        ],
        [
          26.488882,
          89.526426
        ],
        [
          26.4893,
          89.526459
        ],
        [
          26.489557,
          89.52648
        ],
        [
          26.490309,
          89.526532
        ],
        [
          26.490301,
          89.526602
        ],
        [
          26.490196,
          89.527727
        ],
        [
          26.490181,
          89.52777
        ],
        [
          26.490167,
          89.528478
        ],
        [
          26.490114,
          89.529015
        ],
        [
          26.489802,
          89.531039
        ],
        [
          26.489788,
          89.531128
        ],
        [
          26.490293,
          89.531292
        ],
        [
          26.49034,
          89.531213
        ],
        [
          26.490556,
          89.530056
        ],
        [
          26.4907,
          89.529128
        ],
        [
          26.490772,
          89.528489
        ],
        [
          26.490843,
          89.527973
        ],
        [
          26.490946,
          89.527223
        ],
        [
          26.490975,
          89.526652
        ],
        [
          26.490301,
          89.526602
        ],
        [
          26.490246,
          89.526598
        ],
        [
          26.489553,
          89.526543
        ],
        [
          26.489269,
          89.52652
        ],
        [
          26.488666,
          89.526471
        ],
        [
          26.487625,
          89.526392
        ],
        [
          26.487279,
          89.526394
        ],
        [
          26.487232,
          89.526398
        ],
        [
          26.486568,
          89.526451
        ],
        [
          26.486167,
          89.526508
        ],
        [
          26.486006,
          89.526531
        ],
        [
          26.485232,
          89.526653
        ],
        [
          26.484354,
          89.526791
        ],
        [
          26.483597,
          89.52691
        ],
        [
          26.48229,
          89.527119
        ],
        [
          26.48206,
          89.527156
        ],
        [
          26.4818,
          89.527124
        ],
        [
          26.48096,
          89.526923
        ],
        [
          26.480823,
          89.526858
        ],
        [
          26.480822,
          89.527334
        ],
        [
          26.480774,
          89.528398
        ],
        [
          26.480766,
          89.528764
        ],
        [
          26.480734,
          89.530197
        ],
        [
          26.48072,
          89.530864
        ],
        [
          26.480716,
          89.531031
        ],
        [
          26.48072,
          89.531934
        ],
        [
          26.480721,
          89.532281
        ],
        [
          26.480724,
          89.532887
        ],
        [
          26.480725,
          89.533245
        ],
        [
          26.480726,
          89.533349
        ],
        [
          26.480728,
          89.533769
        ],
        [
          26.48073,
          89.534351
        ],
        [
          26.480736,
          89.535679
        ],
        [
          26.480736,
          89.535768
        ],
        [
          26.480738,
          89.536123
        ],
        [
          26.480737,
          89.536172
        ],
        [
          26.480741,
          89.53685
        ],
        [
          26.480742,
          89.537145
        ],
        [
          26.48058,
          89.537619
        ],
        [
          26.480395,
          89.537992
        ],
        [
          26.480084,
          89.538331
        ],
        [
          26.479768,
          89.538495
        ],
        [
          26.478715,
          89.539008
        ],
        [
          26.476582,
          89.539965
        ],
        [
          26.475972,
          89.540299
        ],
        [
          26.475135,
          89.540756
        ],
        [
          26.474544,
          89.541128
        ],
        [
          26.474213,
          89.541461
        ],
        [
          26.473894,
          89.541936
        ],
        [
          26.473741,
          89.542231
        ],
        [
          26.473678,
          89.542408
        ],
        [
          26.473588,
          89.542708
        ],
        [
          26.473495,
          89.542941
        ],
        [
          26.473432,
          89.543098
        ],
        [
          26.473205,
          89.543839
        ],
        [
          26.473139,
          89.54418
        ],
        [
          26.473092,
          89.544508
        ],
        [
          26.473085,
          89.544698
        ],
        [
          26.473006,
          89.545481
        ],
        [
          26.472991,
          89.545675
        ],
        [
          26.472782,
          89.548123
        ],
        [
          26.472734,
          89.548681
        ],
        [
          26.471909,
          89.554095
        ],
        [
          26.471861,
          89.554766
        ],
        [
          26.471859,
          89.555021
        ],
        [
          26.47207,
          89.556879
        ],
        [
          26.472092,
          89.55718
        ],
        [
          26.474364,
          89.559322
        ],
        [
          26.481832,
          89.566328
        ],
        [
          26.487448,
          89.571502
        ],
        [
          26.487737,
          89.571793
        ],
        [
          26.487948,
          89.572099
        ],
        [
          26.488064,
          89.572319
        ],
        [
          26.488198,
          89.572656
        ],
        [
          26.488259,
          89.572994
        ],
        [
          26.488145,
          89.580557
        ],
        [
          26.488185,
          89.581947
        ],
        [
          26.48816,
          89.582521
        ],
        [
          26.487864,
          89.583308
        ],
        [
          26.487436,
          89.583871
        ],
        [
          26.487144,
          89.584083
        ],
        [
          26.48663,
          89.584353
        ],
        [
          26.48634,
          89.584598
        ],
        [
          26.48603,
          89.58501
        ],
        [
          26.485819,
          89.585513
        ],
        [
          26.48571,
          89.586172
        ],
        [
          26.485821,
          89.587013
        ],
        [
          26.486135,
          89.587545
        ],
        [
          26.486228,
          89.587664
        ],
        [
          26.486385,
          89.587864
        ],
        [
          26.486691,
          89.588143
        ],
        [
          26.486914,
          89.588314
        ],
        [
          26.487449,
          89.588725
        ],
        [
          26.489012,
          89.589924
        ],
        [
          26.489393,
          89.590315
        ],
        [
          26.490164,
          89.591305
        ],
        [
          26.490681,
          89.591997
        ],
        [
          26.491232,
          89.592688
        ],
        [
          26.491333,
          89.592843
        ],
        [
          26.491479,
          89.592947
        ],
        [
          26.491579,
          89.59297
        ],
        [
          26.491717,
          89.592886
        ],
        [
          26.491842,
          89.592802
        ],
        [
          26.492076,
          89.592834
        ],
        [
          26.492264,
          89.592925
        ],
        [
          26.492903,
          89.593179
        ],
        [
          26.493575,
          89.593471
        ],
        [
          26.493978,
          89.593646
        ],
        [
          26.49349,
          89.594304
        ],
        [
          26.492881,
          89.595041
        ],
        [
          26.491842,
          89.596285
        ],
        [
          26.491019,
          89.597279
        ],
        [
          26.488876,
          89.599951
        ],
        [
          26.488488,
          89.600523
        ],
        [
          26.488133,
          89.601138
        ],
        [
          26.487927,
          89.601556
        ],
        [
          26.487812,
          89.60179
        ],
        [
          26.487553,
          89.60249
        ],
        [
          26.487338,
          89.603197
        ],
        [
          26.487165,
          89.603953
        ],
        [
          26.487052,
          89.604709
        ],
        [
          26.487003,
          89.605484
        ],
        [
          26.487001,
          89.606064
        ],
        [
          26.486987,
          89.607113
        ],
        [
          26.486932,
          89.609119
        ],
        [
          26.486883,
          89.611762
        ],
        [
          26.48685,
          89.613905
        ],
        [
          26.486841,
          89.614536
        ],
        [
          26.486842,
          89.614694
        ],
        [
          26.486813,
          89.616374
        ],
        [
          26.486803,
          89.616985
        ],
        [
          26.486794,
          89.617358
        ],
        [
          26.486534,
          89.620826
        ],
        [
          26.48647,
          89.621716
        ],
        [
          26.486419,
          89.622251
        ],
        [
          26.486381,
          89.622542
        ],
        [
          26.48633,
          89.622859
        ],
        [
          26.486126,
          89.623908
        ],
        [
          26.486059,
          89.6243
        ],
        [
          26.486003,
          89.624751
        ],
        [
          26.485972,
          89.625183
        ],
        [
          26.485961,
          89.625678
        ],
        [
          26.486215,
          89.631556
        ],
        [
          26.486375,
          89.636464
        ],
        [
          26.486408,
          89.63711
        ],
        [
          26.486461,
          89.637753
        ],
        [
          26.486654,
          89.639784
        ],
        [
          26.486664,
          89.642022
        ],
        [
          26.486664,
          89.64424
        ],
        [
          26.486695,
          89.645758
        ],
        [
          26.486787,
          89.647905
        ],
        [
          26.486839,
          89.649403
        ],
        [
          26.486869,
          89.649606
        ],
        [
          26.487,
          89.650401
        ],
        [
          26.487203,
          89.651324
        ],
        [
          26.487332,
          89.651849
        ],
        [
          26.487391,
          89.652132
        ],
        [
          26.487443,
          89.652438
        ],
        [
          26.487501,
          89.652968
        ],
        [
          26.487518,
          89.653267
        ],
        [
          26.48753,
          89.653581
        ],
        [
          26.487536,
          89.653978
        ],
        [
          26.487537,
          89.654406
        ],
        [
          26.487512,
          89.65583
        ],
        [
          26.487525,
          89.65617
        ],
        [
          26.487561,
          89.656537
        ],
        [
          26.489287,
          89.669431
        ],
        [
          26.489347,
          89.669945
        ],
        [
          26.4894,
          89.670496
        ],
        [
          26.489511,
          89.671678
        ],
        [
          26.489717,
          89.674117
        ],
        [
          26.489789,
          89.675209
        ],
        [
          26.489984,
          89.676955
        ],
        [
          26.490031,
          89.67739
        ],
        [
          26.490087,
          89.677778
        ],
        [
          26.49016,
          89.67816
        ],
        [
          26.490203,
          89.678339
        ],
        [
          26.490257,
          89.678525
        ],
        [
          26.490375,
          89.678905
        ],
        [
          26.491991,
          89.683385
        ],
        [
          26.492116,
          89.683774
        ],
        [
          26.494547,
          89.690622
        ],
        [
          26.494653,
          89.690943
        ],
        [
          26.494749,
          89.691305
        ],
        [
          26.494818,
          89.691631
        ],
        [
          26.494851,
          89.691849
        ],
        [
          26.494869,
          89.691951
        ],
        [
          26.494886,
          89.692053
        ],
        [
          26.494934,
          89.69242
        ],
        [
          26.494961,
          89.6928
        ],
        [
          26.494965,
          89.693178
        ],
        [
          26.494955,
          89.693571
        ],
        [
          26.494922,
          89.693953
        ],
        [
          26.494874,
          89.694326
        ],
        [
          26.494808,
          89.694687
        ],
        [
          26.494716,
          89.695074
        ],
        [
          26.494619,
          89.695423
        ],
        [
          26.494496,
          89.695793
        ],
        [
          26.494367,
          89.696111
        ],
        [
          26.494215,
          89.696465
        ],
        [
          26.492728,
          89.699002
        ],
        [
          26.491614,
          89.700879
        ],
        [
          26.490682,
          89.702503
        ],
        [
          26.490239,
          89.703255
        ],
        [
          26.490018,
          89.703631
        ],
        [
          26.489961,
          89.703728
        ],
        [
          26.489747,
          89.704093
        ],
        [
          26.488481,
          89.706244
        ],
        [
          26.488284,
          89.706593
        ],
        [
          26.488093,
          89.706962
        ],
        [
          26.487916,
          89.707332
        ],
        [
          26.487743,
          89.70774
        ],
        [
          26.487585,
          89.708139
        ],
        [
          26.487433,
          89.708559
        ],
        [
          26.487303,
          89.708971
        ],
        [
          26.487168,
          89.709422
        ],
        [
          26.487089,
          89.709708
        ],
        [
          26.482256,
          89.726871
        ],
        [
          26.481185,
          89.73075
        ],
        [
          26.481164,
          89.730822
        ],
        [
          26.481128,
          89.730946
        ],
        [
          26.480428,
          89.733359
        ],
        [
          26.479731,
          89.735966
        ],
        [
          26.479553,
          89.736579
        ],
        [
          26.47935,
          89.73722
        ],
        [
          26.479156,
          89.737787
        ],
        [
          26.478093,
          89.740437
        ],
        [
          26.477985,
          89.740751
        ],
        [
          26.477701,
          89.74158
        ],
        [
          26.477457,
          89.742405
        ],
        [
          26.4771,
          89.743754
        ],
        [
          26.476957,
          89.744285
        ],
        [
          26.476776,
          89.745024
        ],
        [
          26.4767,
          89.745391
        ],
        [
          26.476665,
          89.745591
        ],
        [
          26.476639,
          89.74581
        ],
        [
          26.47662,
          89.745988
        ],
        [
          26.476603,
          89.746196
        ],
        [
          26.476592,
          89.746382
        ],
        [
          26.476589,
          89.746582
        ],
        [
          26.476586,
          89.746771
        ],
        [
          26.476596,
          89.746974
        ],
        [
          26.476632,
          89.747393
        ],
        [
          26.477051,
          89.750901
        ],
        [
          26.477087,
          89.751232
        ],
        [
          26.477104,
          89.751571
        ],
        [
          26.477099,
          89.751897
        ],
        [
          26.477086,
          89.752289
        ],
        [
          26.477055,
          89.752692
        ],
        [
          26.476962,
          89.753665
        ],
        [
          26.476682,
          89.756582
        ],
        [
          26.476512,
          89.75836
        ],
        [
          26.476463,
          89.758873
        ],
        [
          26.47607,
          89.762972
        ],
        [
          26.474397,
          89.780445
        ],
        [
          26.474215,
          89.782331
        ],
        [
          26.474023,
          89.78424
        ],
        [
          26.473801,
          89.786576
        ],
        [
          26.473728,
          89.787291
        ],
        [
          26.473672,
          89.788012
        ],
        [
          26.47359,
          89.789207
        ],
        [
          26.473537,
          89.789832
        ],
        [
          26.473468,
          89.790493
        ],
        [
          26.473449,
          89.790677
        ],
        [
          26.472034,
          89.804694
        ],
        [
          26.472019,
          89.804845
        ],
        [
          26.471817,
          89.806994
        ],
        [
          26.471571,
          89.809208
        ],
        [
          26.471512,
          89.810051
        ],
        [
          26.471313,
          89.813042
        ],
        [
          26.471185,
          89.814411
        ],
        [
          26.471055,
          89.816454
        ],
        [
          26.470994,
          89.817295
        ],
        [
          26.47076,
          89.821199
        ],
        [
          26.470644,
          89.822616
        ],
        [
          26.47055,
          89.823554
        ],
        [
          26.470518,
          89.823801
        ],
        [
          26.470431,
          89.824536
        ],
        [
          26.47033,
          89.82556
        ],
        [
          26.470268,
          89.826217
        ],
        [
          26.470252,
          89.826888
        ],
        [
          26.4702,
          89.829012
        ],
        [
          26.470114,
          89.83016
        ],
        [
          26.469682,
          89.834379
        ],
        [
          26.469584,
          89.835153
        ],
        [
          26.469529,
          89.83546
        ],
        [
          26.469482,
          89.835664
        ],
        [
          26.469423,
          89.835878
        ],
        [
          26.469359,
          89.836071
        ],
        [
          26.469279,
          89.83629
        ],
        [
          26.469184,
          89.836514
        ],
        [
          26.469136,
          89.83661
        ],
        [
          26.469065,
          89.836742
        ],
        [
          26.468889,
          89.837043
        ],
        [
          26.468237,
          89.838156
        ],
        [
          26.466549,
          89.840953
        ],
        [
          26.461257,
          89.848868
        ],
        [
          26.460919,
          89.849421
        ],
        [
          26.460751,
          89.849729
        ],
        [
          26.460571,
          89.85009
        ],
        [
          26.460382,
          89.850527
        ],
        [
          26.460193,
          89.851033
        ],
        [
          26.459651,
          89.852959
        ],
        [
          26.459115,
          89.85467
        ],
        [
          26.459016,
          89.855067
        ],
        [
          26.458013,
          89.858523
        ],
        [
          26.457749,
          89.859454
        ],
        [
          26.457249,
          89.861137
        ],
        [
          26.456441,
          89.863958
        ],
        [
          26.455371,
          89.867551
        ],
        [
          26.454662,
          89.870037
        ],
        [
          26.454572,
          89.870361
        ],
        [
          26.454375,
          89.870956
        ],
        [
          26.454293,
          89.871155
        ],
        [
          26.454136,
          89.871549
        ],
        [
          26.453791,
          89.872209
        ],
        [
          26.453539,
          89.8726
        ],
        [
          26.453254,
          89.872976
        ],
        [
          26.452666,
          89.873703
        ],
        [
          26.451633,
          89.874979
        ],
        [
          26.450641,
          89.876208
        ],
        [
          26.446434,
          89.881822
        ],
        [
          26.446143,
          89.882215
        ],
        [
          26.44585,
          89.882557
        ],
        [
          26.445537,
          89.882881
        ],
        [
          26.445117,
          89.883222
        ],
        [
          26.443718,
          89.884097
        ],
        [
          26.44299,
          89.884509
        ],
        [
          26.442347,
          89.88489
        ],
        [
          26.441935,
          89.885174
        ],
        [
          26.441655,
          89.885427
        ],
        [
          26.441366,
          89.88573
        ],
        [
          26.441147,
          89.886001
        ],
        [
          26.44096,
          89.886261
        ],
        [
          26.440777,
          89.886553
        ],
        [
          26.440559,
          89.886993
        ],
        [
          26.440386,
          89.887398
        ],
        [
          26.440232,
          89.887878
        ],
        [
          26.440114,
          89.888399
        ],
        [
          26.438676,
          89.895489
        ],
        [
          26.437842,
          89.899596
        ],
        [
          26.437492,
          89.90139
        ],
        [
          26.437436,
          89.901982
        ],
        [
          26.437419,
          89.902515
        ],
        [
          26.437439,
          89.902909
        ],
        [
          26.437474,
          89.903304
        ],
        [
          26.437595,
          89.90402
        ],
        [
          26.437701,
          89.904444
        ],
        [
          26.437833,
          89.90487
        ],
        [
          26.437933,
          89.905161
        ],
        [
          26.438046,
          89.905454
        ],
        [
          26.438179,
          89.905743
        ],
        [
          26.43833,
          89.906033
        ],
        [
          26.438627,
          89.906513
        ],
        [
          26.438939,
          89.906953
        ],
        [
          26.439112,
          89.907173
        ],
        [
          26.439298,
          89.907378
        ],
        [
          26.43968,
          89.907751
        ],
        [
          26.439939,
          89.907968
        ],
        [
          26.440461,
          89.908374
        ],
        [
          26.445282,
          89.911785
        ],
        [
          26.445482,
          89.911941
        ],
        [
          26.445821,
          89.912193
        ],
        [
          26.446016,
          89.912365
        ],
        [
          26.446297,
          89.912628
        ],
        [
          26.446473,
          89.912836
        ],
        [
          26.446688,
          89.913114
        ],
        [
          26.446887,
          89.913451
        ],
        [
          26.447046,
          89.913772
        ],
        [
          26.44726,
          89.914287
        ],
        [
          26.447373,
          89.914687
        ],
        [
          26.447459,
          89.91519
        ],
        [
          26.447482,
          89.915322
        ],
        [
          26.447492,
          89.915448
        ],
        [
          26.447524,
          89.915838
        ],
        [
          26.447486,
          89.916603
        ],
        [
          26.447393,
          89.917313
        ],
        [
          26.447299,
          89.918145
        ],
        [
          26.447147,
          89.919452
        ],
        [
          26.447066,
          89.920128
        ],
        [
          26.447002,
          89.920666
        ],
        [
          26.44695,
          89.921093
        ],
        [
          26.446881,
          89.921662
        ],
        [
          26.446859,
          89.921843
        ],
        [
          26.446687,
          89.923301
        ],
        [
          26.446666,
          89.923476
        ],
        [
          26.44655,
          89.924439
        ],
        [
          26.446404,
          89.925681
        ],
        [
          26.44628,
          89.926726
        ],
        [
          26.446089,
          89.928335
        ],
        [
          26.445915,
          89.929643
        ],
        [
          26.445831,
          89.93028
        ],
        [
          26.445733,
          89.93102
        ],
        [
          26.445518,
          89.932686
        ],
        [
          26.445496,
          89.932862
        ],
        [
          26.445445,
          89.933266
        ],
        [
          26.445338,
          89.9341
        ],
        [
          26.44515,
          89.935461
        ],
        [
          26.444945,
          89.936906
        ],
        [
          26.444752,
          89.938301
        ],
        [
          26.444641,
          89.939144
        ],
        [
          26.44454,
          89.939915
        ],
        [
          26.444362,
          89.941121
        ],
        [
          26.444207,
          89.942208
        ],
        [
          26.444145,
          89.942714
        ],
        [
          26.44403,
          89.943413
        ],
        [
          26.443915,
          89.944195
        ],
        [
          26.443844,
          89.944647
        ],
        [
          26.443704,
          89.945674
        ],
        [
          26.443652,
          89.946076
        ],
        [
          26.443621,
          89.946756
        ],
        [
          26.443631,
          89.947336
        ],
        [
          26.443677,
          89.948166
        ],
        [
          26.443709,
          89.948508
        ],
        [
          26.443803,
          89.949507
        ],
        [
          26.443857,
          89.950196
        ],
        [
          26.443892,
          89.950744
        ],
        [
          26.44392,
          89.95115
        ],
        [
          26.443946,
          89.951705
        ],
        [
          26.443962,
          89.951918
        ],
        [
          26.443974,
          89.952077
        ],
        [
          26.444004,
          89.952708
        ],
        [
          26.444027,
          89.953094
        ],
        [
          26.444074,
          89.953832
        ],
        [
          26.444176,
          89.955366
        ],
        [
          26.444259,
          89.956766
        ],
        [
          26.444302,
          89.957389
        ],
        [
          26.444371,
          89.958421
        ],
        [
          26.444434,
          89.959282
        ],
        [
          26.444487,
          89.960115
        ],
        [
          26.444542,
          89.960968
        ],
        [
          26.44464,
          89.962601
        ],
        [
          26.444714,
          89.963698
        ],
        [
          26.444943,
          89.966919
        ],
        [
          26.444993,
          89.967658
        ],
        [
          26.445036,
          89.968212
        ],
        [
          26.445074,
          89.968756
        ],
        [
          26.445122,
          89.969455
        ],
        [
          26.44517,
          89.970265
        ],
        [
          26.445244,
          89.971196
        ],
        [
          26.445308,
          89.972113
        ],
        [
          26.445318,
          89.972285
        ],
        [
          26.445439,
          89.974097
        ],
        [
          26.445468,
          89.974472
        ],
        [
          26.445515,
          89.974844
        ],
        [
          26.445563,
          89.975216
        ],
        [
          26.445631,
          89.975588
        ],
        [
          26.445734,
          89.976102
        ],
        [
          26.445859,
          89.976645
        ],
        [
          26.445971,
          89.977131
        ],
        [
          26.44603,
          89.977391
        ],
        [
          26.446521,
          89.97966
        ],
        [
          26.447347,
          89.983476
        ],
        [
          26.447386,
          89.983648
        ],
        [
          26.447534,
          89.984326
        ],
        [
          26.44784,
          89.985613
        ],
        [
          26.44793,
          89.98599
        ],
        [
          26.448035,
          89.986326
        ],
        [
          26.448107,
          89.986543
        ],
        [
          26.448255,
          89.986918
        ],
        [
          26.448417,
          89.987266
        ],
        [
          26.448662,
          89.987737
        ],
        [
          26.448897,
          89.988103
        ],
        [
          26.449176,
          89.988471
        ],
        [
          26.449476,
          89.988822
        ],
        [
          26.44968,
          89.989045
        ],
        [
          26.449784,
          89.989136
        ],
        [
          26.4505,
          89.989779
        ],
        [
          26.450823,
          89.990076
        ],
        [
          26.451098,
          89.990337
        ],
        [
          26.451379,
          89.990589
        ],
        [
          26.451895,
          89.99107
        ],
        [
          26.452442,
          89.991527
        ],
        [
          26.456267,
          89.994582
        ],
        [
          26.459245,
          89.996942
        ],
        [
          26.46021,
          89.997688
        ],
        [
          26.460971,
          89.998214
        ],
        [
          26.46148,
          89.998581
        ],
        [
          26.462921,
          89.999715
        ],
        [
          26.466787,
          90.00278
        ],
        [
          26.469914,
          90.005261
        ],
        [
          26.474797,
          90.009135
        ],
        [
          26.47517,
          90.009444
        ],
        [
          26.478477,
          90.012051
        ],
        [
          26.482098,
          90.01486
        ],
        [
          26.485042,
          90.017242
        ],
        [
          26.486703,
          90.018602
        ],
        [
          26.486901,
          90.018743
        ],
        [
          26.487098,
          90.018867
        ],
        [
          26.487257,
          90.018969
        ],
        [
          26.487429,
          90.019063
        ],
        [
          26.487778,
          90.019256
        ],
        [
          26.48837,
          90.01955
        ],
        [
          26.490905,
          90.020811
        ],
        [
          26.492512,
          90.021611
        ],
        [
          26.494313,
          90.022504
        ],
        [
          26.49485,
          90.022694
        ],
        [
          26.495243,
          90.022748
        ],
        [
          26.495671,
          90.022767
        ],
        [
          26.502565,
          90.022606
        ],
        [
          26.503097,
          90.022563
        ],
        [
          26.503616,
          90.022472
        ],
        [
          26.504211,
          90.022329
        ],
        [
          26.50463,
          90.022193
        ],
        [
          26.507426,
          90.021107
        ],
        [
          26.507622,
          90.021034
        ],
        [
          26.507818,
          90.020979
        ],
        [
          26.508149,
          90.020915
        ],
        [
          26.508355,
          90.020894
        ],
        [
          26.50856,
          90.020893
        ],
        [
          26.508834,
          90.020901
        ],
        [
          26.509093,
          90.020936
        ],
        [
          26.509329,
          90.020988
        ],
        [
          26.509595,
          90.021071
        ],
        [
          26.509944,
          90.021215
        ],
        [
          26.510287,
          90.021376
        ],
        [
          26.512039,
          90.022229
        ],
        [
          26.512518,
          90.022549
        ],
        [
          26.512745,
          90.022737
        ],
        [
          26.51296,
          90.022952
        ],
        [
          26.513158,
          90.023185
        ],
        [
          26.513336,
          90.023443
        ],
        [
          26.513654,
          90.024008
        ],
        [
          26.514824,
          90.02639
        ],
        [
          26.515155,
          90.027057
        ],
        [
          26.515407,
          90.027604
        ],
        [
          26.515576,
          90.027997
        ],
        [
          26.515828,
          90.028713
        ],
        [
          26.51611,
          90.029705
        ],
        [
          26.517526,
          90.034173
        ],
        [
          26.518272,
          90.036236
        ],
        [
          26.518753,
          90.037519
        ],
        [
          26.519078,
          90.038374
        ],
        [
          26.519211,
          90.038678
        ],
        [
          26.519359,
          90.038962
        ],
        [
          26.519565,
          90.03929
        ],
        [
          26.519797,
          90.039589
        ],
        [
          26.520043,
          90.039871
        ],
        [
          26.520314,
          90.040126
        ],
        [
          26.520587,
          90.040335
        ],
        [
          26.520875,
          90.040517
        ],
        [
          26.521179,
          90.040674
        ],
        [
          26.521492,
          90.040804
        ],
        [
          26.52182,
          90.040905
        ],
        [
          26.522147,
          90.040976
        ],
        [
          26.522479,
          90.041019
        ],
        [
          26.522822,
          90.04103
        ],
        [
          26.523174,
          90.041008
        ],
        [
          26.523534,
          90.040941
        ],
        [
          26.523863,
          90.040864
        ],
        [
          26.524206,
          90.040756
        ],
        [
          26.526122,
          90.040052
        ],
        [
          26.526467,
          90.039938
        ],
        [
          26.526813,
          90.039844
        ],
        [
          26.52717,
          90.039776
        ],
        [
          26.527525,
          90.039726
        ],
        [
          26.527888,
          90.039705
        ],
        [
          26.528248,
          90.039699
        ],
        [
          26.528604,
          90.039717
        ],
        [
          26.528953,
          90.039756
        ],
        [
          26.529316,
          90.039839
        ],
        [
          26.529672,
          90.039939
        ],
        [
          26.53002,
          90.040056
        ],
        [
          26.53036,
          90.04019
        ],
        [
          26.530693,
          90.040353
        ],
        [
          26.531016,
          90.04054
        ],
        [
          26.531633,
          90.040944
        ],
        [
          26.536928,
          90.044715
        ],
        [
          26.539925,
          90.046879
        ],
        [
          26.547122,
          90.052075
        ],
        [
          26.548992,
          90.053579
        ],
        [
          26.549443,
          90.053961
        ],
        [
          26.550897,
          90.055155
        ],
        [
          26.551438,
          90.055571
        ],
        [
          26.551707,
          90.055772
        ],
        [
          26.552485,
          90.056326
        ],
        [
          26.553056,
          90.056685
        ],
        [
          26.553732,
          90.05706
        ],
        [
          26.556296,
          90.058311
        ],
        [
          26.556634,
          90.058467
        ],
        [
          26.559072,
          90.059592
        ],
        [
          26.559412,
          90.05977
        ],
        [
          26.559744,
          90.059969
        ],
        [
          26.559959,
          90.060139
        ],
        [
          26.560166,
          90.060326
        ],
        [
          26.560354,
          90.060524
        ],
        [
          26.560538,
          90.060743
        ],
        [
          26.560713,
          90.060973
        ],
        [
          26.560865,
          90.06122
        ],
        [
          26.561007,
          90.061492
        ],
        [
          26.561124,
          90.061781
        ],
        [
          26.561232,
          90.062086
        ],
        [
          26.561416,
          90.062723
        ],
        [
          26.56309,
          90.069757
        ],
        [
          26.563217,
          90.070334
        ],
        [
          26.563263,
          90.070635
        ],
        [
          26.563305,
          90.070946
        ],
        [
          26.563334,
          90.071262
        ],
        [
          26.563358,
          90.071587
        ],
        [
          26.563371,
          90.07191
        ],
        [
          26.563378,
          90.072231
        ],
        [
          26.563371,
          90.072559
        ],
        [
          26.563361,
          90.072874
        ],
        [
          26.56334,
          90.073196
        ],
        [
          26.563312,
          90.073487
        ],
        [
          26.563272,
          90.073801
        ],
        [
          26.563228,
          90.074105
        ],
        [
          26.563169,
          90.074422
        ],
        [
          26.563106,
          90.074726
        ],
        [
          26.563028,
          90.075054
        ],
        [
          26.562837,
          90.075684
        ],
        [
          26.561375,
          90.080499
        ],
        [
          26.561217,
          90.081021
        ],
        [
          26.560997,
          90.08175
        ],
        [
          26.560944,
          90.081971
        ],
        [
          26.560844,
          90.082393
        ],
        [
          26.560677,
          90.083055
        ],
        [
          26.560485,
          90.083739
        ],
        [
          26.560394,
          90.084026
        ],
        [
          26.560266,
          90.08431
        ],
        [
          26.560144,
          90.084608
        ],
        [
          26.559981,
          90.084908
        ],
        [
          26.559787,
          90.085206
        ],
        [
          26.559563,
          90.085509
        ],
        [
          26.559372,
          90.085734
        ],
        [
          26.559168,
          90.085935
        ],
        [
          26.558924,
          90.086139
        ],
        [
          26.55867,
          90.08633
        ],
        [
          26.558147,
          90.086643
        ],
        [
          26.5536,
          90.089174
        ],
        [
          26.553348,
          90.089326
        ],
        [
          26.553101,
          90.089493
        ],
        [
          26.552862,
          90.089669
        ],
        [
          26.55263,
          90.08987
        ],
        [
          26.552506,
          90.089983
        ],
        [
          26.552398,
          90.090101
        ],
        [
          26.552288,
          90.090224
        ],
        [
          26.552191,
          90.090348
        ],
        [
          26.552095,
          90.090478
        ],
        [
          26.552005,
          90.090617
        ],
        [
          26.551905,
          90.090763
        ],
        [
          26.551806,
          90.090944
        ],
        [
          26.551722,
          90.091097
        ],
        [
          26.551645,
          90.09127
        ],
        [
          26.55158,
          90.091419
        ],
        [
          26.551508,
          90.0916
        ],
        [
          26.551447,
          90.091776
        ],
        [
          26.55139,
          90.091961
        ],
        [
          26.551336,
          90.092166
        ],
        [
          26.551293,
          90.092394
        ],
        [
          26.551264,
          90.092572
        ],
        [
          26.551239,
          90.092768
        ],
        [
          26.551221,
          90.092968
        ],
        [
          26.551219,
          90.093176
        ],
        [
          26.551215,
          90.093352
        ],
        [
          26.551224,
          90.093525
        ],
        [
          26.551271,
          90.093971
        ],
        [
          26.551661,
          90.095892
        ],
        [
          26.551754,
          90.09638
        ],
        [
          26.551788,
          90.096632
        ],
        [
          26.551804,
          90.09688
        ],
        [
          26.551813,
          90.097113
        ],
        [
          26.551808,
          90.097351
        ],
        [
          26.551792,
          90.097612
        ],
        [
          26.551772,
          90.097824
        ],
        [
          26.551766,
          90.097893
        ],
        [
          26.551725,
          90.098134
        ],
        [
          26.551659,
          90.098382
        ],
        [
          26.551594,
          90.098615
        ],
        [
          26.551516,
          90.098858
        ],
        [
          26.551321,
          90.099294
        ],
        [
          26.551212,
          90.099509
        ],
        [
          26.551085,
          90.099714
        ],
        [
          26.550601,
          90.100396
        ],
        [
          26.550312,
          90.100717
        ],
        [
          26.549935,
          90.100902
        ],
        [
          26.549671,
          90.10106
        ],
        [
          26.549457,
          90.101166
        ],
        [
          26.549225,
          90.101267
        ],
        [
          26.549053,
          90.101337
        ],
        [
          26.548869,
          90.101396
        ],
        [
          26.548474,
          90.1015
        ],
        [
          26.544616,
          90.102273
        ],
        [
          26.544311,
          90.102342
        ],
        [
          26.543711,
          90.102546
        ],
        [
          26.543397,
          90.102694
        ],
        [
          26.543152,
          90.102879
        ],
        [
          26.542915,
          90.103085
        ],
        [
          26.542694,
          90.103346
        ],
        [
          26.542264,
          90.103903
        ],
        [
          26.541768,
          90.104762
        ],
        [
          26.540713,
          90.106408
        ],
        [
          26.540367,
          90.106909
        ],
        [
          26.540187,
          90.107146
        ],
        [
          26.54009,
          90.107258
        ],
        [
          26.539994,
          90.107353
        ],
        [
          26.539762,
          90.107571
        ],
        [
          26.539517,
          90.107766
        ],
        [
          26.539316,
          90.107905
        ],
        [
          26.539127,
          90.108028
        ],
        [
          26.536814,
          90.10949
        ],
        [
          26.536576,
          90.10966
        ],
        [
          26.536398,
          90.109781
        ],
        [
          26.536214,
          90.109926
        ],
        [
          26.536105,
          90.110018
        ],
        [
          26.536008,
          90.11012
        ],
        [
          26.535906,
          90.110222
        ],
        [
          26.535787,
          90.110356
        ],
        [
          26.535674,
          90.110511
        ],
        [
          26.535458,
          90.110817
        ],
        [
          26.53445,
          90.112441
        ],
        [
          26.534243,
          90.112781
        ],
        [
          26.533986,
          90.113275
        ],
        [
          26.533783,
          90.113709
        ],
        [
          26.53332,
          90.114768
        ],
        [
          26.533146,
          90.115197
        ],
        [
          26.533051,
          90.115481
        ],
        [
          26.532994,
          90.115698
        ],
        [
          26.532943,
          90.115942
        ],
        [
          26.532908,
          90.116195
        ],
        [
          26.532903,
          90.116447
        ],
        [
          26.532906,
          90.116685
        ],
        [
          26.532928,
          90.116968
        ],
        [
          26.532961,
          90.117164
        ],
        [
          26.532978,
          90.117347
        ],
        [
          26.533019,
          90.117612
        ],
        [
          26.533101,
          90.117851
        ],
        [
          26.533199,
          90.118082
        ],
        [
          26.533299,
          90.118299
        ],
        [
          26.533416,
          90.11852
        ],
        [
          26.534317,
          90.120023
        ],
        [
          26.534499,
          90.120304
        ],
        [
          26.53468,
          90.120567
        ],
        [
          26.534827,
          90.120765
        ],
        [
          26.534983,
          90.120948
        ],
        [
          26.535183,
          90.121155
        ],
        [
          26.535401,
          90.121361
        ],
        [
          26.535604,
          90.121536
        ],
        [
          26.535813,
          90.121698
        ],
        [
          26.544062,
          90.127955
        ],
        [
          26.54461,
          90.128408
        ],
        [
          26.545138,
          90.128882
        ],
        [
          26.545803,
          90.129568
        ],
        [
          26.546452,
          90.130277
        ],
        [
          26.5468,
          90.130664
        ],
        [
          26.547145,
          90.131064
        ],
        [
          26.548484,
          90.132667
        ],
        [
          26.548944,
          90.133216
        ],
        [
          26.549384,
          90.133784
        ],
        [
          26.550043,
          90.134678
        ],
        [
          26.550667,
          90.135642
        ],
        [
          26.551075,
          90.136334
        ],
        [
          26.551513,
          90.13714
        ],
        [
          26.551565,
          90.137208
        ],
        [
          26.553029,
          90.140035
        ],
        [
          26.553213,
          90.140415
        ],
        [
          26.553378,
          90.140805
        ],
        [
          26.553514,
          90.14123
        ],
        [
          26.553625,
          90.141673
        ],
        [
          26.553697,
          90.142099
        ],
        [
          26.553732,
          90.142559
        ],
        [
          26.553744,
          90.143464
        ],
        [
          26.553707,
          90.147876
        ],
        [
          26.553696,
          90.148252
        ],
        [
          26.553692,
          90.148491
        ],
        [
          26.55362,
          90.152729
        ],
        [
          26.553555,
          90.154234
        ],
        [
          26.553521,
          90.154622
        ],
        [
          26.55348,
          90.154933
        ],
        [
          26.553419,
          90.155257
        ],
        [
          26.553337,
          90.155539
        ],
        [
          26.553275,
          90.155745
        ],
        [
          26.553187,
          90.155989
        ],
        [
          26.552953,
          90.156546
        ],
        [
          26.552325,
          90.158101
        ],
        [
          26.552279,
          90.158216
        ],
        [
          26.551707,
          90.159653
        ],
        [
          26.551539,
          90.160097
        ],
        [
          26.551474,
          90.160291
        ],
        [
          26.55142,
          90.160485
        ],
        [
          26.551365,
          90.160745
        ],
        [
          26.551321,
          90.160972
        ],
        [
          26.551272,
          90.161251
        ],
        [
          26.551248,
          90.161529
        ],
        [
          26.551195,
          90.162284
        ],
        [
          26.55117,
          90.163187
        ],
        [
          26.551118,
          90.164111
        ],
        [
          26.551066,
          90.164665
        ],
        [
          26.55105,
          90.165127
        ],
        [
          26.551045,
          90.165433
        ],
        [
          26.551083,
          90.165735
        ],
        [
          26.551121,
          90.165983
        ],
        [
          26.551172,
          90.166225
        ],
        [
          26.551234,
          90.166463
        ],
        [
          26.551315,
          90.166703
        ],
        [
          26.5514,
          90.166951
        ],
        [
          26.551502,
          90.16719
        ],
        [
          26.551609,
          90.16742
        ],
        [
          26.551735,
          90.167643
        ],
        [
          26.551859,
          90.167851
        ],
        [
          26.551987,
          90.168048
        ],
        [
          26.552122,
          90.168236
        ],
        [
          26.552271,
          90.168416
        ],
        [
          26.552887,
          90.169121
        ],
        [
          26.555461,
          90.172024
        ],
        [
          26.555714,
          90.172327
        ],
        [
          26.555819,
          90.172463
        ],
        [
          26.555918,
          90.172607
        ],
        [
          26.556018,
          90.172755
        ],
        [
          26.556118,
          90.172913
        ],
        [
          26.556197,
          90.173056
        ],
        [
          26.556271,
          90.173208
        ],
        [
          26.556609,
          90.173925
        ],
        [
          26.55837,
          90.177705
        ],
        [
          26.558647,
          90.178252
        ],
        [
          26.558793,
          90.178496
        ],
        [
          26.559071,
          90.178901
        ],
        [
          26.559495,
          90.179412
        ],
        [
          26.565546,
          90.186504
        ],
        [
          26.566011,
          90.187111
        ],
        [
          26.567163,
          90.188485
        ],
        [
          26.567586,
          90.188984
        ],
        [
          26.567924,
          90.18942
        ],
        [
          26.568161,
          90.189777
        ],
        [
          26.568283,
          90.189962
        ],
        [
          26.568397,
          90.190161
        ],
        [
          26.568493,
          90.190334
        ],
        [
          26.568576,
          90.190517
        ],
        [
          26.568659,
          90.190704
        ],
        [
          26.568734,
          90.1909
        ],
        [
          26.568806,
          90.191089
        ],
        [
          26.568877,
          90.191287
        ],
        [
          26.568939,
          90.191487
        ],
        [
          26.568992,
          90.191692
        ],
        [
          26.569045,
          90.191896
        ],
        [
          26.569085,
          90.192086
        ],
        [
          26.569125,
          90.192288
        ],
        [
          26.569152,
          90.192486
        ],
        [
          26.569205,
          90.192907
        ],
        [
          26.569227,
          90.193344
        ],
        [
          26.569234,
          90.1939
        ],
        [
          26.569227,
          90.194498
        ],
        [
          26.569166,
          90.195016
        ],
        [
          26.568943,
          90.195934
        ],
        [
          26.568809,
          90.196265
        ],
        [
          26.568574,
          90.196748
        ],
        [
          26.568398,
          90.197083
        ],
        [
          26.56773,
          90.198166
        ],
        [
          26.567267,
          90.19894
        ],
        [
          26.566765,
          90.199708
        ],
        [
          26.566646,
          90.199941
        ],
        [
          26.566535,
          90.200188
        ],
        [
          26.566436,
          90.200452
        ],
        [
          26.566356,
          90.200733
        ],
        [
          26.566299,
          90.201016
        ],
        [
          26.566278,
          90.201155
        ],
        [
          26.566267,
          90.201307
        ],
        [
          26.566257,
          90.20145
        ],
        [
          26.566257,
          90.201596
        ],
        [
          26.566256,
          90.201744
        ],
        [
          26.566264,
          90.201898
        ],
        [
          26.566274,
          90.202047
        ],
        [
          26.566294,
          90.202194
        ],
        [
          26.56632,
          90.202338
        ],
        [
          26.56635,
          90.202483
        ],
        [
          26.566383,
          90.202625
        ],
        [
          26.566424,
          90.202759
        ],
        [
          26.566518,
          90.203038
        ],
        [
          26.566631,
          90.203299
        ],
        [
          26.566759,
          90.203541
        ],
        [
          26.566908,
          90.203786
        ],
        [
          26.567073,
          90.204019
        ],
        [
          26.568099,
          90.205389
        ],
        [
          26.568277,
          90.205628
        ],
        [
          26.568445,
          90.205881
        ],
        [
          26.568597,
          90.206149
        ],
        [
          26.56874,
          90.206431
        ],
        [
          26.568854,
          90.206727
        ],
        [
          26.568952,
          90.207036
        ],
        [
          26.56903,
          90.207347
        ],
        [
          26.569083,
          90.207678
        ],
        [
          26.569118,
          90.207996
        ],
        [
          26.569126,
          90.208316
        ],
        [
          26.569122,
          90.208587
        ],
        [
          26.569114,
          90.208759
        ],
        [
          26.569095,
          90.208966
        ],
        [
          26.569049,
          90.209251
        ],
        [
          26.568984,
          90.209534
        ],
        [
          26.568814,
          90.210265
        ],
        [
          26.568187,
          90.212447
        ],
        [
          26.567268,
          90.215359
        ],
        [
          26.566877,
          90.216688
        ],
        [
          26.56677,
          90.217113
        ],
        [
          26.566721,
          90.217347
        ],
        [
          26.566671,
          90.217609
        ],
        [
          26.566636,
          90.217872
        ],
        [
          26.566612,
          90.218128
        ],
        [
          26.566607,
          90.218404
        ],
        [
          26.566608,
          90.218668
        ],
        [
          26.566628,
          90.218937
        ],
        [
          26.566656,
          90.219204
        ],
        [
          26.5667,
          90.219461
        ],
        [
          26.56708,
          90.221429
        ],
        [
          26.567123,
          90.221753
        ],
        [
          26.56716,
          90.22212
        ],
        [
          26.567148,
          90.222594
        ],
        [
          26.567137,
          90.222778
        ],
        [
          26.567113,
          90.222977
        ],
        [
          26.566998,
          90.223719
        ],
        [
          26.566947,
          90.224089
        ],
        [
          26.56661,
          90.226175
        ],
        [
          26.566383,
          90.228186
        ],
        [
          26.566253,
          90.228705
        ],
        [
          26.566088,
          90.230238
        ],
        [
          26.565897,
          90.231357
        ],
        [
          26.565674,
          90.233265
        ],
        [
          26.565121,
          90.238216
        ],
        [
          26.56319,
          90.255521
        ],
        [
          26.562945,
          90.257823
        ],
        [
          26.562833,
          90.258704
        ],
        [
          26.562676,
          90.259619
        ],
        [
          26.562487,
          90.260664
        ],
        [
          26.562429,
          90.261023
        ],
        [
          26.562388,
          90.261384
        ],
        [
          26.562362,
          90.261772
        ],
        [
          26.562364,
          90.261955
        ],
        [
          26.562369,
          90.262156
        ],
        [
          26.562386,
          90.262363
        ],
        [
          26.562493,
          90.263137
        ],
        [
          26.56264,
          90.264159
        ],
        [
          26.562697,
          90.264611
        ],
        [
          26.562746,
          90.265063
        ],
        [
          26.562769,
          90.265515
        ],
        [
          26.562776,
          90.265756
        ],
        [
          26.562773,
          90.265997
        ],
        [
          26.562763,
          90.266216
        ],
        [
          26.562737,
          90.26644
        ],
        [
          26.562709,
          90.266656
        ],
        [
          26.562668,
          90.266883
        ],
        [
          26.562572,
          90.267301
        ],
        [
          26.562448,
          90.267739
        ],
        [
          26.561902,
          90.269237
        ],
        [
          26.561831,
          90.269455
        ],
        [
          26.561769,
          90.269673
        ],
        [
          26.561712,
          90.269899
        ],
        [
          26.56166,
          90.270135
        ],
        [
          26.561603,
          90.270486
        ],
        [
          26.561396,
          90.272073
        ],
        [
          26.560895,
          90.275144
        ],
        [
          26.560846,
          90.275543
        ],
        [
          26.560803,
          90.275948
        ],
        [
          26.560743,
          90.276802
        ],
        [
          26.560721,
          90.277271
        ],
        [
          26.560013,
          90.28401
        ],
        [
          26.559981,
          90.284417
        ],
        [
          26.559938,
          90.284767
        ],
        [
          26.559891,
          90.285119
        ],
        [
          26.55982,
          90.285473
        ],
        [
          26.559728,
          90.285806
        ],
        [
          26.559609,
          90.286138
        ],
        [
          26.559476,
          90.286453
        ],
        [
          26.55932,
          90.28677
        ],
        [
          26.558404,
          90.288402
        ],
        [
          26.558315,
          90.288566
        ],
        [
          26.558226,
          90.288744
        ],
        [
          26.558162,
          90.288912
        ],
        [
          26.558083,
          90.289118
        ],
        [
          26.558014,
          90.289306
        ],
        [
          26.55795,
          90.289498
        ],
        [
          26.557896,
          90.289703
        ],
        [
          26.557846,
          90.289915
        ],
        [
          26.557805,
          90.290124
        ],
        [
          26.557771,
          90.290349
        ],
        [
          26.557742,
          90.290565
        ],
        [
          26.557724,
          90.290794
        ],
        [
          26.557714,
          90.291013
        ],
        [
          26.557711,
          90.291232
        ],
        [
          26.557717,
          90.291453
        ],
        [
          26.557731,
          90.291749
        ],
        [
          26.557758,
          90.291882
        ],
        [
          26.557795,
          90.29209
        ],
        [
          26.55783,
          90.292288
        ],
        [
          26.557882,
          90.29248
        ],
        [
          26.558103,
          90.293301
        ],
        [
          26.558242,
          90.293751
        ],
        [
          26.558473,
          90.294606
        ],
        [
          26.55854,
          90.294869
        ],
        [
          26.558597,
          90.295138
        ],
        [
          26.558639,
          90.295408
        ],
        [
          26.558664,
          90.295695
        ],
        [
          26.558659,
          90.296103
        ],
        [
          26.558635,
          90.296454
        ],
        [
          26.558598,
          90.296829
        ],
        [
          26.55816,
          90.300437
        ],
        [
          26.557193,
          90.308159
        ],
        [
          26.55678,
          90.311466
        ],
        [
          26.556657,
          90.312451
        ],
        [
          26.555006,
          90.324832
        ],
        [
          26.554759,
          90.326287
        ],
        [
          26.554701,
          90.326792
        ],
        [
          26.554685,
          90.32731
        ],
        [
          26.55475,
          90.32829
        ],
        [
          26.554846,
          90.329308
        ],
        [
          26.554906,
          90.330287
        ],
        [
          26.554904,
          90.330845
        ],
        [
          26.554845,
          90.331418
        ],
        [
          26.554743,
          90.331985
        ],
        [
          26.554585,
          90.332534
        ],
        [
          26.553956,
          90.334092
        ],
        [
          26.553834,
          90.334407
        ],
        [
          26.553724,
          90.334742
        ],
        [
          26.553627,
          90.335096
        ],
        [
          26.553551,
          90.335468
        ],
        [
          26.552756,
          90.341777
        ],
        [
          26.552723,
          90.342131
        ],
        [
          26.552688,
          90.342486
        ],
        [
          26.552612,
          90.34328
        ],
        [
          26.552515,
          90.343927
        ],
        [
          26.552433,
          90.344321
        ],
        [
          26.552293,
          90.344814
        ],
        [
          26.552125,
          90.345297
        ],
        [
          26.551924,
          90.345761
        ],
        [
          26.551696,
          90.346215
        ],
        [
          26.545202,
          90.3574
        ],
        [
          26.544964,
          90.357952
        ],
        [
          26.544793,
          90.358504
        ],
        [
          26.544697,
          90.359067
        ],
        [
          26.544673,
          90.35966
        ],
        [
          26.544733,
          90.360231
        ],
        [
          26.544877,
          90.360789
        ],
        [
          26.545079,
          90.361323
        ],
        [
          26.545373,
          90.361832
        ],
        [
          26.545612,
          90.362149
        ],
        [
          26.547493,
          90.364277
        ],
        [
          26.547964,
          90.364843
        ],
        [
          26.548161,
          90.365135
        ],
        [
          26.548341,
          90.365449
        ],
        [
          26.548461,
          90.365702
        ],
        [
          26.548564,
          90.365967
        ],
        [
          26.54867,
          90.366273
        ],
        [
          26.548756,
          90.366588
        ],
        [
          26.548881,
          90.367238
        ],
        [
          26.549075,
          90.368358
        ],
        [
          26.549256,
          90.36922
        ],
        [
          26.549392,
          90.369657
        ],
        [
          26.549544,
          90.37007
        ],
        [
          26.550678,
          90.372842
        ],
        [
          26.550723,
          90.372951
        ],
        [
          26.551065,
          90.373908
        ],
        [
          26.551116,
          90.374055
        ],
        [
          26.551663,
          90.376316
        ],
        [
          26.552222,
          90.378607
        ],
        [
          26.552591,
          90.380157
        ],
        [
          26.554279,
          90.390524
        ],
        [
          26.554387,
          90.391146
        ],
        [
          26.554483,
          90.391931
        ],
        [
          26.554504,
          90.392614
        ],
        [
          26.55446,
          90.3933
        ],
        [
          26.554357,
          90.393974
        ],
        [
          26.554203,
          90.394632
        ],
        [
          26.554105,
          90.39511
        ],
        [
          26.553757,
          90.395746
        ],
        [
          26.552797,
          90.39751
        ],
        [
          26.552589,
          90.397984
        ],
        [
          26.552456,
          90.398395
        ],
        [
          26.552332,
          90.398988
        ],
        [
          26.552301,
          90.399757
        ],
        [
          26.552236,
          90.402231
        ],
        [
          26.552237,
          90.403159
        ],
        [
          26.552139,
          90.405034
        ],
        [
          26.552123,
          90.405918
        ],
        [
          26.552189,
          90.415384
        ],
        [
          26.552159,
          90.416134
        ],
        [
          26.552039,
          90.416869
        ],
        [
          26.551852,
          90.417584
        ],
        [
          26.551585,
          90.418269
        ],
        [
          26.551238,
          90.418934
        ],
        [
          26.550864,
          90.419535
        ],
        [
          26.550408,
          90.420069
        ],
        [
          26.549926,
          90.420496
        ],
        [
          26.549454,
          90.420906
        ],
        [
          26.545156,
          90.424795
        ],
        [
          26.54403,
          90.42601
        ],
        [
          26.543707,
          90.426423
        ],
        [
          26.543538,
          90.426664
        ],
        [
          26.54337,
          90.426965
        ],
        [
          26.543094,
          90.427469
        ],
        [
          26.541232,
          90.431272
        ],
        [
          26.540375,
          90.433138
        ],
        [
          26.539738,
          90.434504
        ],
        [
          26.539617,
          90.434876
        ],
        [
          26.539517,
          90.435215
        ],
        [
          26.539438,
          90.435584
        ],
        [
          26.538363,
          90.443446
        ],
        [
          26.538195,
          90.44419
        ],
        [
          26.538034,
          90.444678
        ],
        [
          26.537811,
          90.445129
        ],
        [
          26.537472,
          90.445579
        ],
        [
          26.536967,
          90.446076
        ],
        [
          26.535273,
          90.44732
        ],
        [
          26.534861,
          90.447677
        ],
        [
          26.534586,
          90.448004
        ],
        [
          26.534372,
          90.448315
        ],
        [
          26.534185,
          90.448659
        ],
        [
          26.534024,
          90.449082
        ],
        [
          26.533901,
          90.449531
        ],
        [
          26.533663,
          90.450573
        ],
        [
          26.533373,
          90.45178
        ],
        [
          26.532037,
          90.456664
        ],
        [
          26.531939,
          90.456965
        ],
        [
          26.531817,
          90.457262
        ],
        [
          26.531643,
          90.457593
        ],
        [
          26.531366,
          90.45802
        ],
        [
          26.529993,
          90.459783
        ],
        [
          26.529668,
          90.46031
        ],
        [
          26.529467,
          90.460769
        ],
        [
          26.529335,
          90.461201
        ],
        [
          26.52922,
          90.461701
        ],
        [
          26.52867,
          90.464723
        ],
        [
          26.528606,
          90.465081
        ],
        [
          26.528171,
          90.467531
        ],
        [
          26.528075,
          90.468007
        ],
        [
          26.527954,
          90.468491
        ],
        [
          26.527827,
          90.468917
        ],
        [
          26.527135,
          90.471096
        ],
        [
          26.526226,
          90.473883
        ],
        [
          26.526071,
          90.474374
        ],
        [
          26.525178,
          90.477256
        ],
        [
          26.525014,
          90.477766
        ],
        [
          26.524957,
          90.47794
        ],
        [
          26.522963,
          90.485399
        ],
        [
          26.522839,
          90.485863
        ],
        [
          26.522204,
          90.488387
        ],
        [
          26.520821,
          90.493718
        ],
        [
          26.519676,
          90.498202
        ],
        [
          26.51882,
          90.501329
        ],
        [
          26.5185,
          90.50259
        ],
        [
          26.51839,
          90.50299
        ],
        [
          26.518275,
          90.503388
        ],
        [
          26.518109,
          90.503912
        ],
        [
          26.517848,
          90.504646
        ],
        [
          26.517806,
          90.504764
        ],
        [
          26.517372,
          90.505919
        ],
        [
          26.516772,
          90.507501
        ],
        [
          26.516637,
          90.507859
        ],
        [
          26.515992,
          90.509682
        ],
        [
          26.515619,
          90.51082
        ],
        [
          26.51541,
          90.511649
        ],
        [
          26.515336,
          90.511968
        ],
        [
          26.515163,
          90.512642
        ],
        [
          26.515083,
          90.512974
        ],
        [
          26.514856,
          90.513911
        ],
        [
          26.51474,
          90.51436
        ],
        [
          26.513368,
          90.51921
        ],
        [
          26.513201,
          90.519879
        ],
        [
          26.512353,
          90.522964
        ],
        [
          26.511336,
          90.526776
        ],
        [
          26.510737,
          90.529171
        ],
        [
          26.510432,
          90.530337
        ],
        [
          26.509658,
          90.533293
        ],
        [
          26.508556,
          90.537366
        ],
        [
          26.508302,
          90.538269
        ],
        [
          26.508094,
          90.539062
        ],
        [
          26.507532,
          90.541182
        ],
        [
          26.50726,
          90.542198
        ],
        [
          26.506595,
          90.544473
        ],
        [
          26.506327,
          90.545264
        ],
        [
          26.505815,
          90.546666
        ],
        [
          26.505407,
          90.547904
        ],
        [
          26.505216,
          90.548434
        ],
        [
          26.504185,
          90.551296
        ],
        [
          26.503984,
          90.551876
        ],
        [
          26.503839,
          90.552295
        ],
        [
          26.503671,
          90.552712
        ],
        [
          26.503247,
          90.55377
        ],
        [
          26.503116,
          90.553733
        ],
        [
          26.502057,
          90.553256
        ],
        [
          26.501741,
          90.553117
        ],
        [
          26.501575,
          90.553041
        ],
        [
          26.501412,
          90.552966
        ],
        [
          26.501225,
          90.552881
        ],
        [
          26.500453,
          90.552446
        ],
        [
          26.499942,
          90.552173
        ],
        [
          26.499793,
          90.552119
        ],
        [
          26.499662,
          90.552135
        ],
        [
          26.499284,
          90.552007
        ],
        [
          26.498497,
          90.551787
        ],
        [
          26.498452,
          90.551775
        ],
        [
          26.497801,
          90.55165
        ],
        [
          26.497058,
          90.55153
        ],
        [
          26.495986,
          90.55138
        ],
        [
          26.495734,
          90.551351
        ],
        [
          26.49518,
          90.551315
        ],
        [
          26.494933,
          90.551301
        ],
        [
          26.494609,
          90.551267
        ],
        [
          26.494259,
          90.55127
        ],
        [
          26.493664,
          90.551212
        ],
        [
          26.493304,
          90.551194
        ],
        [
          26.492701,
          90.551165
        ],
        [
          26.49196,
          90.55117
        ],
        [
          26.491191,
          90.55122
        ],
        [
          26.491152,
          90.551223
        ],
        [
          26.490922,
          90.551238
        ],
        [
          26.490045,
          90.551306
        ],
        [
          26.489309,
          90.551355
        ],
        [
          26.488922,
          90.551383
        ],
        [
          26.488543,
          90.551446
        ],
        [
          26.488289,
          90.55151
        ],
        [
          26.487671,
          90.551696
        ],
        [
          26.487555,
          90.55173
        ],
        [
          26.48685,
          90.551978
        ],
        [
          26.486437,
          90.552148
        ],
        [
          26.485511,
          90.552546
        ],
        [
          26.485433,
          90.552583
        ],
        [
          26.484965,
          90.552801
        ],
        [
          26.484232,
          90.553176
        ],
        [
          26.483585,
          90.553502
        ],
        [
          26.482921,
          90.553843
        ],
        [
          26.482558,
          90.554042
        ],
        [
          26.482106,
          90.554308
        ],
        [
          26.48176,
          90.554506
        ],
        [
          26.481784,
          90.554574
        ],
        [
          26.481818,
          90.554738
        ],
        [
          26.481868,
          90.554948
        ],
        [
          26.481895,
          90.555067
        ],
        [
          26.48196,
          90.555384
        ],
        [
          26.481991,
          90.555609
        ],
        [
          26.482037,
          90.555842
        ],
        [
          26.482186,
          90.556578
        ],
        [
          26.482204,
          90.556687
        ],
        [
          26.482225,
          90.55679
        ],
        [
          26.482257,
          90.556895
        ],
        [
          26.482286,
          90.55704
        ],
        [
          26.482357,
          90.557374
        ],
        [
          26.482382,
          90.557473
        ],
        [
          26.482396,
          90.557621
        ],
        [
          26.482437,
          90.557768
        ],
        [
          26.482459,
          90.557895
        ],
        [
          26.482492,
          90.558219
        ],
        [
          26.482548,
          90.558616
        ],
        [
          26.482569,
          90.558844
        ],
        [
          26.4826,
          90.559037
        ],
        [
          26.482606,
          90.559101
        ],
        [
          26.482634,
          90.559397
        ],
        [
          26.482684,
          90.559772
        ],
        [
          26.48271,
          90.55997
        ],
        [
          26.482723,
          90.56007
        ],
        [
          26.482759,
          90.560325
        ],
        [
          26.48279,
          90.560579
        ],
        [
          26.482867,
          90.561076
        ],
        [
          26.482905,
          90.561363
        ],
        [
          26.482944,
          90.561668
        ],
        [
          26.482968,
          90.561921
        ],
        [
          26.482994,
          90.562057
        ],
        [
          26.483009,
          90.56225
        ],
        [
          26.483035,
          90.562414
        ],
        [
          26.483061,
          90.56254
        ],
        [
          26.483083,
          90.562725
        ],
        [
          26.483093,
          90.562815
        ],
        [
          26.483105,
          90.562918
        ],
        [
          26.483133,
          90.5632
        ],
        [
          26.483167,
          90.563364
        ],
        [
          26.483215,
          90.563651
        ],
        [
          26.483255,
          90.563921
        ],
        [
          26.482269,
          90.564122
        ],
        [
          26.482053,
          90.564181
        ],
        [
          26.481931,
          90.564208
        ],
        [
          26.481419,
          90.564299
        ],
        [
          26.480234,
          90.564494
        ],
        [
          26.481205,
          90.564334
        ],
        [
          26.481419,
          90.564299
        ],
        [
          26.481931,
          90.564208
        ],
        [
          26.482053,
          90.564181
        ],
        [
          26.482269,
          90.564122
        ],
        [
          26.483255,
          90.563921
        ],
        [
          26.48327,
          90.563962
        ],
        [
          26.48334,
          90.564018
        ],
        [
          26.483465,
          90.564066
        ],
        [
          26.483666,
          90.564131
        ],
        [
          26.483815,
          90.564168
        ],
        [
          26.483983,
          90.564219
        ],
        [
          26.484137,
          90.564289
        ],
        [
          26.484264,
          90.564324
        ],
        [
          26.484367,
          90.564364
        ],
        [
          26.48442,
          90.564394
        ],
        [
          26.484473,
          90.564474
        ],
        [
          26.484495,
          90.564597
        ],
        [
          26.484516,
          90.564697
        ],
        [
          26.48454,
          90.564793
        ],
        [
          26.484591,
          90.565048
        ],
        [
          26.484627,
          90.565263
        ],
        [
          26.484655,
          90.565466
        ],
        [
          26.484689,
          90.565668
        ],
        [
          26.484704,
          90.565783
        ],
        [
          26.48472,
          90.565973
        ],
        [
          26.484742,
          90.566199
        ],
        [
          26.484752,
          90.566319
        ],
        [
          26.484759,
          90.566427
        ],
        [
          26.484761,
          90.566577
        ],
        [
          26.484761,
          90.566738
        ],
        [
          26.484773,
          90.567394
        ],
        [
          26.484791,
          90.567981
        ],
        [
          26.484759,
          90.568691
        ],
        [
          26.48485,
          90.569201
        ],
        [
          26.485147,
          90.569691
        ],
        [
          26.485531,
          90.569972
        ],
        [
          26.485916,
          90.570175
        ],
        [
          26.486705,
          90.570288
        ],
        [
          26.487151,
          90.5703
        ],
        [
          26.487988,
          90.570324
        ],
        [
          26.488806,
          90.57037
        ],
        [
          26.489359,
          90.570461
        ],
        [
          26.489553,
          90.570503
        ],
        [
          26.490126,
          90.570625
        ],
        [
          26.490542,
          90.570763
        ],
        [
          26.491058,
          90.571492
        ],
        [
          26.491853,
          90.572585
        ],
        [
          26.492424,
          90.573345
        ],
        [
          26.492844,
          90.574156
        ],
        [
          26.493237,
          90.574784
        ],
        [
          26.493506,
          90.575056
        ],
        [
          26.493678,
          90.575111
        ],
        [
          26.493802,
          90.575139
        ],
        [
          26.493097,
          90.577304
        ],
        [
          26.492238,
          90.580269
        ],
        [
          26.491996,
          90.581214
        ],
        [
          26.491778,
          90.581761
        ],
        [
          26.491034,
          90.583031
        ],
        [
          26.490604,
          90.583598
        ],
        [
          26.490024,
          90.584828
        ],
        [
          26.489862,
          90.585528
        ],
        [
          26.489885,
          90.586309
        ],
        [
          26.489948,
          90.587269
        ],
        [
          26.490008,
          90.588325
        ],
        [
          26.48995,
          90.5892
        ],
        [
          26.489748,
          90.590517
        ],
        [
          26.489655,
          90.591126
        ],
        [
          26.48927,
          90.593427
        ],
        [
          26.488638,
          90.596907
        ],
        [
          26.488483,
          90.597704
        ],
        [
          26.488138,
          90.599844
        ],
        [
          26.487958,
          90.601017
        ],
        [
          26.487907,
          90.601979
        ],
        [
          26.487967,
          90.603112
        ],
        [
          26.487985,
          90.603358
        ],
        [
          26.488085,
          90.604745
        ],
        [
          26.48822,
          90.606966
        ],
        [
          26.488436,
          90.609431
        ],
        [
          26.488479,
          90.610088
        ],
        [
          26.488605,
          90.610818
        ],
        [
          26.488829,
          90.611525
        ],
        [
          26.489169,
          90.612407
        ],
        [
          26.489572,
          90.613552
        ],
        [
          26.489679,
          90.613834
        ],
        [
          26.489772,
          90.614129
        ],
        [
          26.489847,
          90.614486
        ],
        [
          26.489883,
          90.614846
        ],
        [
          26.489878,
          90.615154
        ],
        [
          26.48983,
          90.615516
        ],
        [
          26.489789,
          90.615827
        ],
        [
          26.489708,
          90.616208
        ],
        [
          26.489318,
          90.617621
        ],
        [
          26.489166,
          90.618173
        ],
        [
          26.488976,
          90.618861
        ],
        [
          26.488788,
          90.619673
        ],
        [
          26.488346,
          90.622098
        ],
        [
          26.487886,
          90.624765
        ],
        [
          26.487789,
          90.625341
        ],
        [
          26.48772,
          90.625918
        ],
        [
          26.487665,
          90.626508
        ],
        [
          26.487626,
          90.627098
        ],
        [
          26.487602,
          90.627675
        ],
        [
          26.487597,
          90.628246
        ],
        [
          26.487612,
          90.629407
        ],
        [
          26.487722,
          90.631977
        ],
        [
          26.487725,
          90.632532
        ],
        [
          26.487712,
          90.633112
        ],
        [
          26.487209,
          90.642233
        ],
        [
          26.487209,
          90.642506
        ],
        [
          26.48723,
          90.642776
        ],
        [
          26.487284,
          90.64297
        ],
        [
          26.487372,
          90.643148
        ],
        [
          26.48747,
          90.64329
        ],
        [
          26.487629,
          90.643475
        ],
        [
          26.488945,
          90.644406
        ],
        [
          26.489719,
          90.644976
        ],
        [
          26.489998,
          90.645167
        ],
        [
          26.490296,
          90.645341
        ],
        [
          26.490613,
          90.645507
        ],
        [
          26.490908,
          90.645635
        ],
        [
          26.492788,
          90.646404
        ],
        [
          26.493165,
          90.64656
        ],
        [
          26.494364,
          90.647025
        ],
        [
          26.494974,
          90.647257
        ],
        [
          26.495284,
          90.647394
        ],
        [
          26.495594,
          90.647547
        ],
        [
          26.495889,
          90.647729
        ],
        [
          26.496167,
          90.647947
        ],
        [
          26.496403,
          90.648175
        ],
        [
          26.496639,
          90.648454
        ],
        [
          26.496847,
          90.648766
        ],
        [
          26.497053,
          90.649105
        ],
        [
          26.497206,
          90.649488
        ],
        [
          26.497329,
          90.649899
        ],
        [
          26.497396,
          90.6503
        ],
        [
          26.49743,
          90.650747
        ],
        [
          26.497428,
          90.651171
        ],
        [
          26.497407,
          90.651625
        ],
        [
          26.497207,
          90.655105
        ],
        [
          26.497125,
          90.656202
        ],
        [
          26.497048,
          90.657908
        ],
        [
          26.496957,
          90.658846
        ],
        [
          26.496775,
          90.659627
        ],
        [
          26.496499,
          90.660284
        ],
        [
          26.496268,
          90.660658
        ],
        [
          26.496024,
          90.660963
        ],
        [
          26.495681,
          90.661292
        ],
        [
          26.495317,
          90.661599
        ],
        [
          26.494368,
          90.66231
        ],
        [
          26.492991,
          90.66336
        ],
        [
          26.492183,
          90.663976
        ],
        [
          26.49177,
          90.664242
        ],
        [
          26.491323,
          90.664464
        ],
        [
          26.491009,
          90.664641
        ],
        [
          26.49001,
          90.66515
        ],
        [
          26.489151,
          90.665547
        ],
        [
          26.487177,
          90.666529
        ],
        [
          26.485079,
          90.667586
        ],
        [
          26.483245,
          90.668546
        ],
        [
          26.480959,
          90.669673
        ],
        [
          26.479475,
          90.670369
        ],
        [
          26.479135,
          90.670536
        ],
        [
          26.478808,
          90.670727
        ],
        [
          26.478549,
          90.670922
        ],
        [
          26.478249,
          90.671201
        ],
        [
          26.47791,
          90.671546
        ],
        [
          26.477435,
          90.672377
        ],
        [
          26.477162,
          90.673387
        ],
        [
          26.476697,
          90.67641
        ],
        [
          26.476145,
          90.679613
        ],
        [
          26.475991,
          90.680503
        ],
        [
          26.475866,
          90.681677
        ],
        [
          26.475833,
          90.682944
        ],
        [
          26.475894,
          90.684503
        ],
        [
          26.475957,
          90.685465
        ],
        [
          26.476182,
          90.686539
        ],
        [
          26.476741,
          90.688818
        ],
        [
          26.476927,
          90.68965
        ],
        [
          26.477073,
          90.690738
        ],
        [
          26.477172,
          90.692649
        ],
        [
          26.477263,
          90.693517
        ],
        [
          26.477487,
          90.694657
        ],
        [
          26.477748,
          90.695593
        ],
        [
          26.478154,
          90.696803
        ],
        [
          26.478279,
          90.697148
        ],
        [
          26.479599,
          90.700494
        ],
        [
          26.479747,
          90.700936
        ],
        [
          26.479855,
          90.701422
        ],
        [
          26.47991,
          90.701907
        ],
        [
          26.479932,
          90.702428
        ],
        [
          26.479879,
          90.702927
        ],
        [
          26.479752,
          90.703409
        ],
        [
          26.479596,
          90.70386
        ],
        [
          26.479407,
          90.704322
        ],
        [
          26.477626,
          90.707663
        ],
        [
          26.477431,
          90.708106
        ],
        [
          26.477247,
          90.708583
        ],
        [
          26.477101,
          90.709045
        ],
        [
          26.476977,
          90.709526
        ],
        [
          26.476314,
          90.712143
        ],
        [
          26.475829,
          90.714106
        ],
        [
          26.475744,
          90.714546
        ],
        [
          26.475669,
          90.714997
        ],
        [
          26.47561,
          90.71545
        ],
        [
          26.475572,
          90.715911
        ],
        [
          26.475541,
          90.71636
        ],
        [
          26.475533,
          90.716828
        ],
        [
          26.475538,
          90.717286
        ],
        [
          26.475552,
          90.717735
        ],
        [
          26.475693,
          90.719792
        ],
        [
          26.475693,
          90.721112
        ],
        [
          26.475657,
          90.723266
        ],
        [
          26.475617,
          90.723781
        ],
        [
          26.475565,
          90.724135
        ],
        [
          26.475478,
          90.724508
        ],
        [
          26.475333,
          90.724976
        ],
        [
          26.474674,
          90.726763
        ],
        [
          26.474477,
          90.72723
        ],
        [
          26.474333,
          90.727549
        ],
        [
          26.474147,
          90.727875
        ],
        [
          26.47395,
          90.728188
        ],
        [
          26.472953,
          90.729555
        ],
        [
          26.472722,
          90.729883
        ],
        [
          26.472463,
          90.730323
        ],
        [
          26.472309,
          90.730645
        ],
        [
          26.472171,
          90.730985
        ],
        [
          26.47146,
          90.732772
        ],
        [
          26.471339,
          90.733077
        ],
        [
          26.469932,
          90.736383
        ],
        [
          26.469529,
          90.737444
        ],
        [
          26.469219,
          90.738426
        ],
        [
          26.468996,
          90.739104
        ],
        [
          26.468755,
          90.739759
        ],
        [
          26.468419,
          90.74052
        ],
        [
          26.468063,
          90.741234
        ],
        [
          26.467756,
          90.741784
        ],
        [
          26.466142,
          90.744674
        ],
        [
          26.465937,
          90.745088
        ],
        [
          26.465752,
          90.745547
        ],
        [
          26.465644,
          90.745936
        ],
        [
          26.465567,
          90.746341
        ],
        [
          26.465533,
          90.746746
        ],
        [
          26.465543,
          90.747148
        ],
        [
          26.465588,
          90.747577
        ],
        [
          26.465699,
          90.748387
        ],
        [
          26.466075,
          90.750885
        ],
        [
          26.466187,
          90.751528
        ],
        [
          26.466332,
          90.751975
        ],
        [
          26.466404,
          90.752168
        ],
        [
          26.466488,
          90.752361
        ],
        [
          26.466731,
          90.752808
        ],
        [
          26.466964,
          90.753215
        ],
        [
          26.467204,
          90.75362
        ],
        [
          26.468081,
          90.755146
        ],
        [
          26.468658,
          90.756148
        ],
        [
          26.470138,
          90.758778
        ],
        [
          26.470333,
          90.759194
        ],
        [
          26.470453,
          90.759561
        ],
        [
          26.470518,
          90.75982
        ],
        [
          26.470571,
          90.76009
        ],
        [
          26.470626,
          90.760683
        ],
        [
          26.470638,
          90.761251
        ],
        [
          26.470672,
          90.763316
        ],
        [
          26.470724,
          90.765155
        ],
        [
          26.470725,
          90.76522
        ],
        [
          26.470758,
          90.766451
        ],
        [
          26.470771,
          90.767059
        ],
        [
          26.470782,
          90.768135
        ],
        [
          26.470773,
          90.769254
        ],
        [
          26.470656,
          90.772345
        ],
        [
          26.470603,
          90.774734
        ],
        [
          26.470583,
          90.776241
        ],
        [
          26.470578,
          90.777252
        ],
        [
          26.470549,
          90.778522
        ],
        [
          26.470506,
          90.779013
        ],
        [
          26.470442,
          90.779418
        ],
        [
          26.470373,
          90.779758
        ],
        [
          26.470297,
          90.78009
        ],
        [
          26.469902,
          90.781621
        ],
        [
          26.469818,
          90.781929
        ],
        [
          26.469723,
          90.782273
        ],
        [
          26.469664,
          90.78246
        ],
        [
          26.469604,
          90.782667
        ],
        [
          26.468506,
          90.786593
        ],
        [
          26.467212,
          90.791223
        ],
        [
          26.46714,
          90.791544
        ],
        [
          26.467076,
          90.791874
        ],
        [
          26.46705,
          90.792117
        ],
        [
          26.467034,
          90.792349
        ],
        [
          26.467034,
          90.792591
        ],
        [
          26.467063,
          90.792952
        ],
        [
          26.467114,
          90.793298
        ],
        [
          26.46719,
          90.793635
        ],
        [
          26.467294,
          90.793976
        ],
        [
          26.468902,
          90.798629
        ],
        [
          26.469036,
          90.798932
        ],
        [
          26.469182,
          90.799217
        ],
        [
          26.469353,
          90.799491
        ],
        [
          26.469535,
          90.799732
        ],
        [
          26.469744,
          90.799957
        ],
        [
          26.469966,
          90.800159
        ],
        [
          26.470088,
          90.800264
        ],
        [
          26.470208,
          90.800347
        ],
        [
          26.470464,
          90.800504
        ],
        [
          26.470724,
          90.800634
        ],
        [
          26.470992,
          90.800743
        ],
        [
          26.471261,
          90.800827
        ],
        [
          26.471526,
          90.800886
        ],
        [
          26.471792,
          90.800908
        ],
        [
          26.472089,
          90.80091
        ],
        [
          26.472662,
          90.800881
        ],
        [
          26.475839,
          90.8005
        ],
        [
          26.477718,
          90.800275
        ],
        [
          26.477975,
          90.800268
        ],
        [
          26.478232,
          90.800275
        ],
        [
          26.478439,
          90.800292
        ],
        [
          26.478643,
          90.800317
        ],
        [
          26.479012,
          90.800398
        ],
        [
          26.481655,
          90.801009
        ],
        [
          26.482377,
          90.801086
        ],
        [
          26.484973,
          90.801242
        ],
        [
          26.485757,
          90.801289
        ],
        [
          26.486121,
          90.801346
        ],
        [
          26.486477,
          90.801422
        ],
        [
          26.486786,
          90.801543
        ],
        [
          26.486794,
          90.801546
        ],
        [
          26.487097,
          90.801699
        ],
        [
          26.487344,
          90.801857
        ],
        [
          26.487588,
          90.802049
        ],
        [
          26.487779,
          90.802221
        ],
        [
          26.48796,
          90.802413
        ],
        [
          26.488094,
          90.802571
        ],
        [
          26.488229,
          90.802751
        ],
        [
          26.488409,
          90.803033
        ],
        [
          26.488562,
          90.80334
        ],
        [
          26.488695,
          90.803676
        ],
        [
          26.488786,
          90.804004
        ],
        [
          26.488861,
          90.804395
        ],
        [
          26.488895,
          90.804724
        ],
        [
          26.488914,
          90.805087
        ],
        [
          26.488888,
          90.805415
        ],
        [
          26.488845,
          90.80575
        ],
        [
          26.488735,
          90.806397
        ],
        [
          26.487602,
          90.812481
        ],
        [
          26.48609,
          90.819815
        ],
        [
          26.484207,
          90.829145
        ],
        [
          26.484119,
          90.8295
        ],
        [
          26.484017,
          90.829867
        ],
        [
          26.482928,
          90.832487
        ],
        [
          26.482783,
          90.833055
        ],
        [
          26.482734,
          90.833371
        ],
        [
          26.482691,
          90.83371
        ],
        [
          26.482668,
          90.834064
        ],
        [
          26.482684,
          90.83474
        ],
        [
          26.482783,
          90.837354
        ],
        [
          26.482869,
          90.839563
        ],
        [
          26.482935,
          90.840596
        ],
        [
          26.482957,
          90.841381
        ],
        [
          26.482939,
          90.841801
        ],
        [
          26.482923,
          90.842013
        ],
        [
          26.482906,
          90.842127
        ],
        [
          26.482892,
          90.842219
        ],
        [
          26.482856,
          90.842419
        ],
        [
          26.482808,
          90.842616
        ],
        [
          26.482691,
          90.843013
        ],
        [
          26.473509,
          90.867508
        ],
        [
          26.470843,
          90.874509
        ],
        [
          26.470579,
          90.875202
        ],
        [
          26.470445,
          90.875582
        ],
        [
          26.470327,
          90.875971
        ],
        [
          26.470284,
          90.876169
        ],
        [
          26.470245,
          90.876364
        ],
        [
          26.470218,
          90.876559
        ],
        [
          26.470203,
          90.876774
        ],
        [
          26.470202,
          90.876983
        ],
        [
          26.470212,
          90.877206
        ],
        [
          26.470226,
          90.877422
        ],
        [
          26.47026,
          90.877628
        ],
        [
          26.470298,
          90.877829
        ],
        [
          26.470349,
          90.878039
        ],
        [
          26.470412,
          90.87824
        ],
        [
          26.470484,
          90.878437
        ],
        [
          26.470572,
          90.878629
        ],
        [
          26.470667,
          90.87881
        ],
        [
          26.470765,
          90.878983
        ],
        [
          26.47088,
          90.87915
        ],
        [
          26.471,
          90.879315
        ],
        [
          26.471127,
          90.879467
        ],
        [
          26.471406,
          90.879746
        ],
        [
          26.471627,
          90.879929
        ],
        [
          26.47185,
          90.880086
        ],
        [
          26.472229,
          90.880293
        ],
        [
          26.473914,
          90.881008
        ],
        [
          26.475438,
          90.881575
        ],
        [
          26.478387,
          90.882454
        ],
        [
          26.47858,
          90.882521
        ],
        [
          26.478769,
          90.882605
        ],
        [
          26.478995,
          90.882724
        ],
        [
          26.479244,
          90.882899
        ],
        [
          26.479467,
          90.883073
        ],
        [
          26.479694,
          90.88328
        ],
        [
          26.4798,
          90.883395
        ],
        [
          26.480551,
          90.884186
        ],
        [
          26.482804,
          90.886635
        ],
        [
          26.483056,
          90.886945
        ],
        [
          26.483289,
          90.887286
        ],
        [
          26.483492,
          90.887657
        ],
        [
          26.483654,
          90.888069
        ],
        [
          26.48376,
          90.888482
        ],
        [
          26.483836,
          90.888915
        ],
        [
          26.483857,
          90.88936
        ],
        [
          26.483845,
          90.889812
        ],
        [
          26.483776,
          90.890343
        ],
        [
          26.482615,
          90.898754
        ],
        [
          26.482568,
          90.899168
        ],
        [
          26.482566,
          90.899566
        ],
        [
          26.482586,
          90.89983
        ],
        [
          26.482597,
          90.899962
        ],
        [
          26.482627,
          90.900167
        ],
        [
          26.482665,
          90.900361
        ],
        [
          26.482713,
          90.900552
        ],
        [
          26.482768,
          90.900737
        ],
        [
          26.482834,
          90.900926
        ],
        [
          26.482908,
          90.901108
        ],
        [
          26.482986,
          90.901281
        ],
        [
          26.483074,
          90.901456
        ],
        [
          26.483166,
          90.901618
        ],
        [
          26.483269,
          90.901786
        ],
        [
          26.483375,
          90.901932
        ],
        [
          26.483487,
          90.902082
        ],
        [
          26.483605,
          90.902224
        ],
        [
          26.48373,
          90.902353
        ],
        [
          26.483864,
          90.902479
        ],
        [
          26.483995,
          90.902592
        ],
        [
          26.484136,
          90.9027
        ],
        [
          26.484278,
          90.902798
        ],
        [
          26.48458,
          90.902978
        ],
        [
          26.484895,
          90.903123
        ],
        [
          26.485229,
          90.903241
        ],
        [
          26.485573,
          90.90333
        ],
        [
          26.488877,
          90.903955
        ],
        [
          26.489214,
          90.904031
        ],
        [
          26.489542,
          90.904127
        ],
        [
          26.489862,
          90.904249
        ],
        [
          26.490018,
          90.904322
        ],
        [
          26.490165,
          90.904404
        ],
        [
          26.49031,
          90.904495
        ],
        [
          26.490451,
          90.904594
        ],
        [
          26.490717,
          90.904814
        ],
        [
          26.49085,
          90.904934
        ],
        [
          26.490952,
          90.905061
        ],
        [
          26.491176,
          90.905323
        ],
        [
          26.492409,
          90.906921
        ],
        [
          26.493653,
          90.908559
        ],
        [
          26.493885,
          90.908873
        ],
        [
          26.494087,
          90.909211
        ],
        [
          26.494255,
          90.909573
        ],
        [
          26.494374,
          90.909912
        ],
        [
          26.494454,
          90.910203
        ],
        [
          26.494499,
          90.910471
        ],
        [
          26.494537,
          90.910756
        ],
        [
          26.494563,
          90.910989
        ],
        [
          26.494847,
          90.915662
        ],
        [
          26.495112,
          90.919919
        ],
        [
          26.495259,
          90.92224
        ],
        [
          26.49543,
          90.924962
        ],
        [
          26.495437,
          90.925363
        ],
        [
          26.495412,
          90.925771
        ],
        [
          26.495366,
          90.926137
        ],
        [
          26.495288,
          90.926604
        ],
        [
          26.495212,
          90.927028
        ],
        [
          26.49491,
          90.928693
        ],
        [
          26.493821,
          90.934667
        ],
        [
          26.493753,
          90.935124
        ],
        [
          26.493724,
          90.935604
        ],
        [
          26.49373,
          90.936185
        ],
        [
          26.493792,
          90.937749
        ],
        [
          26.493867,
          90.939647
        ],
        [
          26.49387,
          90.939889
        ],
        [
          26.493863,
          90.940157
        ],
        [
          26.493839,
          90.940439
        ],
        [
          26.493809,
          90.940687
        ],
        [
          26.493764,
          90.940933
        ],
        [
          26.49255,
          90.946336
        ],
        [
          26.492057,
          90.949052
        ],
        [
          26.492,
          90.949321
        ],
        [
          26.491931,
          90.9496
        ],
        [
          26.491838,
          90.949896
        ],
        [
          26.491771,
          90.950079
        ],
        [
          26.491048,
          90.952062
        ],
        [
          26.490945,
          90.952405
        ],
        [
          26.490732,
          90.953238
        ],
        [
          26.489363,
          90.958973
        ],
        [
          26.489317,
          90.959164
        ],
        [
          26.488774,
          90.961072
        ],
        [
          26.488658,
          90.961644
        ],
        [
          26.488641,
          90.961728
        ],
        [
          26.488112,
          90.964689
        ],
        [
          26.488002,
          90.965222
        ],
        [
          26.487931,
          90.965481
        ],
        [
          26.487794,
          90.965881
        ],
        [
          26.487643,
          90.966274
        ],
        [
          26.487552,
          90.966494
        ],
        [
          26.4874,
          90.966741
        ],
        [
          26.487266,
          90.966943
        ],
        [
          26.487098,
          90.967142
        ],
        [
          26.486958,
          90.967292
        ],
        [
          26.4868,
          90.967429
        ],
        [
          26.48662,
          90.967577
        ],
        [
          26.486397,
          90.967723
        ],
        [
          26.486219,
          90.967798
        ],
        [
          26.485984,
          90.967886
        ],
        [
          26.485744,
          90.967946
        ],
        [
          26.485199,
          90.968019
        ],
        [
          26.484778,
          90.968052
        ],
        [
          26.483375,
          90.968014
        ],
        [
          26.480438,
          90.967918
        ],
        [
          26.478758,
          90.967775
        ],
        [
          26.477791,
          90.967721
        ],
        [
          26.473932,
          90.967619
        ],
        [
          26.472017,
          90.967553
        ],
        [
          26.471014,
          90.967535
        ],
        [
          26.470596,
          90.967536
        ],
        [
          26.470055,
          90.967523
        ],
        [
          26.469704,
          90.96751
        ],
        [
          26.469395,
          90.967492
        ],
        [
          26.468427,
          90.967466
        ],
        [
          26.467327,
          90.967438
        ],
        [
          26.466765,
          90.967423
        ],
        [
          26.463449,
          90.967321
        ],
        [
          26.461723,
          90.967226
        ],
        [
          26.461629,
          90.967222
        ],
        [
          26.46158,
          90.967219
        ],
        [
          26.460905,
          90.967156
        ],
        [
          26.460227,
          90.967076
        ],
        [
          26.458956,
          90.966907
        ],
        [
          26.458475,
          90.966826
        ],
        [
          26.458051,
          90.966749
        ],
        [
          26.45742,
          90.966635
        ],
        [
          26.455907,
          90.966318
        ],
        [
          26.45541,
          90.966214
        ],
        [
          26.455081,
          90.966145
        ],
        [
          26.454634,
          90.966063
        ],
        [
          26.454185,
          90.965998
        ],
        [
          26.453529,
          90.965923
        ],
        [
          26.452363,
          90.965835
        ],
        [
          26.451627,
          90.965779
        ],
        [
          26.44594,
          90.965363
        ],
        [
          26.44553,
          90.965363
        ],
        [
          26.445326,
          90.965378
        ],
        [
          26.445126,
          90.965412
        ],
        [
          26.444961,
          90.965448
        ],
        [
          26.444764,
          90.965499
        ],
        [
          26.435777,
          90.968252
        ],
        [
          26.435582,
          90.968317
        ],
        [
          26.432524,
          90.969342
        ],
        [
          26.432219,
          90.969479
        ],
        [
          26.431911,
          90.969637
        ],
        [
          26.43162,
          90.969839
        ],
        [
          26.43134,
          90.970075
        ],
        [
          26.43099,
          90.970464
        ],
        [
          26.430821,
          90.970708
        ],
        [
          26.430655,
          90.970979
        ],
        [
          26.429445,
          90.973322
        ],
        [
          26.429321,
          90.973545
        ],
        [
          26.429195,
          90.973754
        ],
        [
          26.429057,
          90.973961
        ],
        [
          26.428908,
          90.97416
        ],
        [
          26.428746,
          90.974335
        ],
        [
          26.428577,
          90.9745
        ],
        [
          26.428396,
          90.974651
        ],
        [
          26.428211,
          90.97479
        ],
        [
          26.428018,
          90.974908
        ],
        [
          26.427822,
          90.975014
        ],
        [
          26.427605,
          90.975109
        ],
        [
          26.427381,
          90.975191
        ],
        [
          26.427162,
          90.975244
        ],
        [
          26.426944,
          90.975284
        ],
        [
          26.426734,
          90.975309
        ],
        [
          26.426506,
          90.975324
        ],
        [
          26.424423,
          90.975265
        ],
        [
          26.424018,
          90.975285
        ],
        [
          26.423644,
          90.975336
        ],
        [
          26.423351,
          90.975409
        ],
        [
          26.423104,
          90.975491
        ],
        [
          26.422853,
          90.975597
        ],
        [
          26.422612,
          90.975723
        ],
        [
          26.422371,
          90.975879
        ],
        [
          26.422163,
          90.976033
        ],
        [
          26.421952,
          90.976213
        ],
        [
          26.421766,
          90.976395
        ],
        [
          26.421579,
          90.976609
        ],
        [
          26.421184,
          90.977129
        ],
        [
          26.419705,
          90.97925
        ],
        [
          26.418749,
          90.980621
        ],
        [
          26.415513,
          90.984857
        ],
        [
          26.415305,
          90.985182
        ],
        [
          26.415101,
          90.985572
        ],
        [
          26.415001,
          90.985787
        ],
        [
          26.414923,
          90.986031
        ],
        [
          26.414815,
          90.986437
        ],
        [
          26.414748,
          90.986889
        ],
        [
          26.414735,
          90.987344
        ],
        [
          26.41476,
          90.987804
        ],
        [
          26.41566,
          90.998957
        ],
        [
          26.415718,
          90.999533
        ],
        [
          26.415774,
          90.999806
        ],
        [
          26.415843,
          91.000072
        ],
        [
          26.415951,
          91.0004
        ],
        [
          26.416248,
          91.00109
        ],
        [
          26.419156,
          91.006563
        ],
        [
          26.41937,
          91.006963
        ],
        [
          26.419654,
          91.007596
        ],
        [
          26.420569,
          91.009865
        ],
        [
          26.420912,
          91.010676
        ],
        [
          26.421094,
          91.011139
        ],
        [
          26.421239,
          91.011619
        ],
        [
          26.421294,
          91.011853
        ],
        [
          26.421321,
          91.011971
        ],
        [
          26.421386,
          91.012333
        ],
        [
          26.421433,
          91.012712
        ],
        [
          26.421462,
          91.013107
        ],
        [
          26.421447,
          91.015176
        ],
        [
          26.421411,
          91.016113
        ],
        [
          26.421411,
          91.017003
        ],
        [
          26.421538,
          91.020254
        ],
        [
          26.421588,
          91.020724
        ],
        [
          26.421664,
          91.021168
        ],
        [
          26.421755,
          91.021493
        ],
        [
          26.421851,
          91.021754
        ],
        [
          26.421969,
          91.02201
        ],
        [
          26.422226,
          91.022493
        ],
        [
          26.422996,
          91.02388
        ],
        [
          26.423215,
          91.024336
        ],
        [
          26.423403,
          91.024818
        ],
        [
          26.424312,
          91.027633
        ],
        [
          26.424481,
          91.028115
        ],
        [
          26.424681,
          91.028557
        ],
        [
          26.424799,
          91.028767
        ],
        [
          26.42491,
          91.028937
        ],
        [
          26.425227,
          91.029318
        ],
        [
          26.426883,
          91.031061
        ],
        [
          26.427103,
          91.031293
        ],
        [
          26.427566,
          91.031764
        ],
        [
          26.428463,
          91.032598
        ],
        [
          26.430629,
          91.03443
        ],
        [
          26.432323,
          91.035853
        ],
        [
          26.432571,
          91.036081
        ],
        [
          26.432803,
          91.036323
        ],
        [
          26.433129,
          91.036754
        ],
        [
          26.435912,
          91.041003
        ],
        [
          26.439114,
          91.045655
        ],
        [
          26.439485,
          91.046142
        ],
        [
          26.439774,
          91.046465
        ],
        [
          26.440504,
          91.047137
        ],
        [
          26.442896,
          91.049267
        ],
        [
          26.444473,
          91.05067
        ],
        [
          26.446164,
          91.052151
        ],
        [
          26.447406,
          91.053287
        ],
        [
          26.447701,
          91.053561
        ],
        [
          26.44822,
          91.054028
        ],
        [
          26.449134,
          91.054731
        ],
        [
          26.45171,
          91.056595
        ],
        [
          26.455585,
          91.059397
        ],
        [
          26.458762,
          91.061659
        ],
        [
          26.459759,
          91.062325
        ],
        [
          26.460363,
          91.062703
        ],
        [
          26.46121,
          91.063255
        ],
        [
          26.462145,
          91.063924
        ],
        [
          26.462415,
          91.064137
        ],
        [
          26.462648,
          91.064357
        ],
        [
          26.46282,
          91.064577
        ],
        [
          26.46298,
          91.064774
        ],
        [
          26.463129,
          91.064996
        ],
        [
          26.463353,
          91.065416
        ],
        [
          26.463556,
          91.06585
        ],
        [
          26.464921,
          91.069152
        ],
        [
          26.465835,
          91.071507
        ],
        [
          26.470455,
          91.082405
        ],
        [
          26.472425,
          91.08683
        ],
        [
          26.472507,
          91.087017
        ],
        [
          26.478267,
          91.099999
        ],
        [
          26.478571,
          91.10065
        ],
        [
          26.480866,
          91.105431
        ],
        [
          26.481112,
          91.105976
        ],
        [
          26.481434,
          91.10665
        ],
        [
          26.481752,
          91.10742
        ],
        [
          26.481876,
          91.107827
        ],
        [
          26.481977,
          91.108249
        ],
        [
          26.482054,
          91.108608
        ],
        [
          26.482104,
          91.109001
        ],
        [
          26.482155,
          91.10959
        ],
        [
          26.482165,
          91.110207
        ],
        [
          26.482135,
          91.110592
        ],
        [
          26.482099,
          91.111054
        ],
        [
          26.481957,
          91.112327
        ],
        [
          26.481842,
          91.113127
        ],
        [
          26.481732,
          91.11432
        ],
        [
          26.48167,
          91.11473
        ],
        [
          26.481633,
          91.115017
        ],
        [
          26.481615,
          91.115241
        ],
        [
          26.481573,
          91.115647
        ],
        [
          26.481545,
          91.116068
        ],
        [
          26.481542,
          91.116398
        ],
        [
          26.481569,
          91.116731
        ],
        [
          26.481605,
          91.116982
        ],
        [
          26.481661,
          91.117235
        ],
        [
          26.48176,
          91.117581
        ],
        [
          26.481908,
          91.117916
        ],
        [
          26.482119,
          91.118299
        ],
        [
          26.482354,
          91.118641
        ],
        [
          26.482592,
          91.118905
        ],
        [
          26.482764,
          91.119066
        ],
        [
          26.482941,
          91.119214
        ],
        [
          26.483396,
          91.1195
        ],
        [
          26.484745,
          91.120137
        ],
        [
          26.485033,
          91.120243
        ],
        [
          26.48549,
          91.120493
        ],
        [
          26.485767,
          91.120709
        ],
        [
          26.485924,
          91.120858
        ],
        [
          26.486385,
          91.12144
        ],
        [
          26.486668,
          91.12189
        ],
        [
          26.489098,
          91.126501
        ],
        [
          26.489676,
          91.127572
        ],
        [
          26.489823,
          91.127797
        ],
        [
          26.489976,
          91.128003
        ],
        [
          26.490134,
          91.128193
        ],
        [
          26.49031,
          91.128368
        ],
        [
          26.490511,
          91.128538
        ],
        [
          26.490721,
          91.128682
        ],
        [
          26.490931,
          91.128818
        ],
        [
          26.491154,
          91.12895
        ],
        [
          26.494144,
          91.130494
        ],
        [
          26.494456,
          91.130688
        ],
        [
          26.494756,
          91.130913
        ],
        [
          26.495025,
          91.131184
        ],
        [
          26.495272,
          91.131499
        ],
        [
          26.496838,
          91.133679
        ],
        [
          26.49934,
          91.137164
        ],
        [
          26.499552,
          91.137498
        ],
        [
          26.499689,
          91.137785
        ],
        [
          26.499888,
          91.138324
        ],
        [
          26.499989,
          91.138729
        ],
        [
          26.500051,
          91.139162
        ],
        [
          26.500613,
          91.145767
        ],
        [
          26.500654,
          91.146127
        ],
        [
          26.500716,
          91.146467
        ],
        [
          26.500786,
          91.146805
        ],
        [
          26.500871,
          91.147141
        ],
        [
          26.50181,
          91.15022
        ],
        [
          26.501945,
          91.150692
        ],
        [
          26.502393,
          91.152538
        ],
        [
          26.50254,
          91.153134
        ],
        [
          26.502821,
          91.154254
        ],
        [
          26.503208,
          91.155573
        ],
        [
          26.50337,
          91.156218
        ],
        [
          26.504265,
          91.159863
        ],
        [
          26.504552,
          91.161085
        ],
        [
          26.504677,
          91.161553
        ],
        [
          26.504836,
          91.162021
        ],
        [
          26.505128,
          91.162655
        ],
        [
          26.506354,
          91.164854
        ],
        [
          26.506604,
          91.165326
        ],
        [
          26.506772,
          91.165715
        ],
        [
          26.506918,
          91.166115
        ],
        [
          26.507014,
          91.166402
        ],
        [
          26.507996,
          91.169921
        ],
        [
          26.508273,
          91.171048
        ],
        [
          26.508426,
          91.171597
        ],
        [
          26.508618,
          91.172077
        ],
        [
          26.508714,
          91.172274
        ],
        [
          26.508841,
          91.172532
        ],
        [
          26.509941,
          91.174707
        ],
        [
          26.510229,
          91.175339
        ],
        [
          26.510313,
          91.175583
        ],
        [
          26.510373,
          91.175856
        ],
        [
          26.510421,
          91.176119
        ],
        [
          26.510459,
          91.176389
        ],
        [
          26.510478,
          91.176664
        ],
        [
          26.510483,
          91.176913
        ],
        [
          26.510291,
          91.178308
        ],
        [
          26.509917,
          91.18087
        ],
        [
          26.509872,
          91.181179
        ],
        [
          26.509852,
          91.181319
        ],
        [
          26.509776,
          91.181877
        ],
        [
          26.509642,
          91.182743
        ],
        [
          26.50957,
          91.183392
        ],
        [
          26.509501,
          91.183801
        ],
        [
          26.50941,
          91.184206
        ],
        [
          26.509261,
          91.184624
        ],
        [
          26.509096,
          91.185019
        ],
        [
          26.508962,
          91.185258
        ],
        [
          26.508762,
          91.185617
        ],
        [
          26.508025,
          91.186894
        ],
        [
          26.507716,
          91.187476
        ],
        [
          26.505391,
          91.192235
        ],
        [
          26.505276,
          91.192471
        ],
        [
          26.505179,
          91.192733
        ],
        [
          26.505087,
          91.192996
        ],
        [
          26.505027,
          91.193216
        ],
        [
          26.504984,
          91.193444
        ],
        [
          26.50495,
          91.193634
        ],
        [
          26.504931,
          91.193816
        ],
        [
          26.504899,
          91.194348
        ],
        [
          26.504789,
          91.198514
        ],
        [
          26.504706,
          91.20012
        ],
        [
          26.504412,
          91.205035
        ],
        [
          26.504386,
          91.20579
        ],
        [
          26.504358,
          91.207565
        ],
        [
          26.504383,
          91.209329
        ],
        [
          26.504377,
          91.209936
        ],
        [
          26.50436,
          91.211825
        ],
        [
          26.504477,
          91.214321
        ],
        [
          26.504917,
          91.220824
        ],
        [
          26.505092,
          91.222173
        ],
        [
          26.505144,
          91.222732
        ],
        [
          26.505485,
          91.228239
        ],
        [
          26.505769,
          91.23269
        ],
        [
          26.505786,
          91.233046
        ],
        [
          26.505965,
          91.234771
        ],
        [
          26.506019,
          91.235081
        ],
        [
          26.506153,
          91.23619
        ],
        [
          26.506244,
          91.236732
        ],
        [
          26.506391,
          91.237713
        ],
        [
          26.506454,
          91.238474
        ],
        [
          26.506611,
          91.24064
        ],
        [
          26.506872,
          91.242647
        ],
        [
          26.506938,
          91.243066
        ],
        [
          26.507272,
          91.245187
        ],
        [
          26.507394,
          91.245792
        ],
        [
          26.507557,
          91.246412
        ],
        [
          26.508303,
          91.249065
        ],
        [
          26.508518,
          91.249878
        ],
        [
          26.508695,
          91.250474
        ],
        [
          26.508891,
          91.251015
        ],
        [
          26.509486,
          91.252328
        ],
        [
          26.509581,
          91.252561
        ],
        [
          26.509671,
          91.252802
        ],
        [
          26.51036,
          91.254931
        ],
        [
          26.511028,
          91.257086
        ],
        [
          26.511397,
          91.258522
        ],
        [
          26.512068,
          91.260785
        ],
        [
          26.512264,
          91.261526
        ],
        [
          26.512445,
          91.262296
        ],
        [
          26.512641,
          91.263055
        ],
        [
          26.512842,
          91.26372
        ],
        [
          26.513103,
          91.264453
        ],
        [
          26.513289,
          91.264964
        ],
        [
          26.514221,
          91.267473
        ],
        [
          26.51445,
          91.268115
        ],
        [
          26.5146,
          91.268611
        ],
        [
          26.515014,
          91.270131
        ],
        [
          26.515107,
          91.270518
        ],
        [
          26.515185,
          91.270917
        ],
        [
          26.515287,
          91.271589
        ],
        [
          26.515976,
          91.275794
        ],
        [
          26.516031,
          91.276194
        ],
        [
          26.516074,
          91.276608
        ],
        [
          26.516279,
          91.279463
        ],
        [
          26.516344,
          91.28025
        ],
        [
          26.516762,
          91.285007
        ],
        [
          26.51722,
          91.289425
        ],
        [
          26.517664,
          91.294028
        ],
        [
          26.518138,
          91.298623
        ],
        [
          26.518225,
          91.299398
        ],
        [
          26.518241,
          91.299544
        ],
        [
          26.518255,
          91.299675
        ],
        [
          26.519505,
          91.310699
        ],
        [
          26.519851,
          91.314001
        ],
        [
          26.521015,
          91.324515
        ],
        [
          26.521038,
          91.324692
        ],
        [
          26.521248,
          91.326312
        ],
        [
          26.522153,
          91.331347
        ],
        [
          26.522485,
          91.333259
        ],
        [
          26.523028,
          91.336395
        ],
        [
          26.523335,
          91.338361
        ],
        [
          26.523592,
          91.340287
        ],
        [
          26.523693,
          91.341095
        ],
        [
          26.523927,
          91.343204
        ],
        [
          26.523988,
          91.343667
        ],
        [
          26.524259,
          91.345275
        ],
        [
          26.524312,
          91.345729
        ],
        [
          26.524342,
          91.346006
        ],
        [
          26.524505,
          91.347278
        ],
        [
          26.524915,
          91.350454
        ],
        [
          26.524976,
          91.351172
        ],
        [
          26.525044,
          91.351941
        ],
        [
          26.525049,
          91.351992
        ],
        [
          26.525088,
          91.352883
        ],
        [
          26.52508,
          91.353343
        ],
        [
          26.525001,
          91.353883
        ],
        [
          26.524842,
          91.354347
        ],
        [
          26.524692,
          91.35469
        ],
        [
          26.524624,
          91.354829
        ],
        [
          26.524362,
          91.355253
        ],
        [
          26.524067,
          91.355605
        ],
        [
          26.523719,
          91.35591
        ],
        [
          26.523271,
          91.356234
        ],
        [
          26.522885,
          91.356539
        ],
        [
          26.522183,
          91.357009
        ],
        [
          26.52167,
          91.357375
        ],
        [
          26.517933,
          91.360174
        ],
        [
          26.517523,
          91.360471
        ],
        [
          26.517101,
          91.360742
        ],
        [
          26.511928,
          91.363399
        ],
        [
          26.511606,
          91.363566
        ],
        [
          26.511476,
          91.363623
        ],
        [
          26.510883,
          91.363909
        ],
        [
          26.510476,
          91.364098
        ],
        [
          26.510072,
          91.36424
        ],
        [
          26.507576,
          91.365102
        ],
        [
          26.502087,
          91.366958
        ],
        [
          26.500864,
          91.367363
        ],
        [
          26.499635,
          91.367806
        ],
        [
          26.498511,
          91.368243
        ],
        [
          26.497721,
          91.368533
        ],
        [
          26.497361,
          91.36864
        ],
        [
          26.496771,
          91.368787
        ],
        [
          26.496013,
          91.36892
        ],
        [
          26.492668,
          91.369374
        ],
        [
          26.491023,
          91.369609
        ],
        [
          26.490034,
          91.36971
        ],
        [
          26.489093,
          91.369784
        ],
        [
          26.487755,
          91.369851
        ],
        [
          26.486975,
          91.369886
        ],
        [
          26.480543,
          91.370357
        ],
        [
          26.47985,
          91.370416
        ],
        [
          26.479387,
          91.370487
        ],
        [
          26.479153,
          91.370546
        ],
        [
          26.478909,
          91.370636
        ],
        [
          26.478685,
          91.370736
        ],
        [
          26.478459,
          91.370864
        ],
        [
          26.478248,
          91.371006
        ],
        [
          26.478054,
          91.371161
        ],
        [
          26.477844,
          91.371346
        ],
        [
          26.477638,
          91.371554
        ],
        [
          26.47573,
          91.373694
        ],
        [
          26.475009,
          91.374525
        ],
        [
          26.474314,
          91.37534
        ],
        [
          26.472997,
          91.377104
        ],
        [
          26.470533,
          91.38041
        ],
        [
          26.464967,
          91.387944
        ],
        [
          26.46448,
          91.388531
        ],
        [
          26.463915,
          91.389113
        ],
        [
          26.463517,
          91.389488
        ],
        [
          26.463173,
          91.389782
        ],
        [
          26.462533,
          91.39027
        ],
        [
          26.461733,
          91.390788
        ],
        [
          26.460957,
          91.39129
        ],
        [
          26.460736,
          91.391431
        ],
        [
          26.460329,
          91.391769
        ],
        [
          26.459977,
          91.392169
        ],
        [
          26.459701,
          91.392585
        ],
        [
          26.459551,
          91.392885
        ],
        [
          26.459393,
          91.393306
        ],
        [
          26.459254,
          91.39377
        ],
        [
          26.459081,
          91.394675
        ],
        [
          26.458902,
          91.395699
        ],
        [
          26.458747,
          91.396522
        ],
        [
          26.458623,
          91.397217
        ],
        [
          26.458532,
          91.397637
        ],
        [
          26.458314,
          91.398308
        ],
        [
          26.458137,
          91.398746
        ],
        [
          26.457746,
          91.399618
        ],
        [
          26.456321,
          91.403065
        ],
        [
          26.45605,
          91.40372
        ],
        [
          26.455504,
          91.405089
        ],
        [
          26.45247,
          91.412696
        ],
        [
          26.451963,
          91.413968
        ],
        [
          26.451824,
          91.414336
        ],
        [
          26.45174,
          91.414577
        ],
        [
          26.451671,
          91.414817
        ],
        [
          26.451589,
          91.415258
        ],
        [
          26.451561,
          91.415543
        ],
        [
          26.451554,
          91.415835
        ],
        [
          26.451567,
          91.416117
        ],
        [
          26.4516,
          91.416391
        ],
        [
          26.451654,
          91.416662
        ],
        [
          26.451723,
          91.41692
        ],
        [
          26.451831,
          91.417241
        ],
        [
          26.451944,
          91.417476
        ],
        [
          26.452078,
          91.417722
        ],
        [
          26.45223,
          91.417962
        ],
        [
          26.452386,
          91.418172
        ],
        [
          26.452607,
          91.41844
        ],
        [
          26.45269,
          91.41854
        ],
        [
          26.453916,
          91.419967
        ],
        [
          26.45757,
          91.424483
        ],
        [
          26.458389,
          91.425557
        ],
        [
          26.458626,
          91.42588
        ],
        [
          26.458836,
          91.426227
        ],
        [
          26.459039,
          91.42662
        ],
        [
          26.459135,
          91.426872
        ],
        [
          26.459224,
          91.427151
        ],
        [
          26.459283,
          91.427402
        ],
        [
          26.459332,
          91.427676
        ],
        [
          26.45936,
          91.42793
        ],
        [
          26.459377,
          91.428222
        ],
        [
          26.459378,
          91.428708
        ],
        [
          26.459382,
          91.430104
        ],
        [
          26.459373,
          91.430714
        ],
        [
          26.459228,
          91.432726
        ],
        [
          26.459211,
          91.433354
        ],
        [
          26.459178,
          91.434944
        ],
        [
          26.459159,
          91.435888
        ],
        [
          26.459145,
          91.436767
        ],
        [
          26.459052,
          91.43884
        ],
        [
          26.459042,
          91.439649
        ],
        [
          26.459022,
          91.441079
        ],
        [
          26.459033,
          91.441319
        ],
        [
          26.459048,
          91.44153
        ],
        [
          26.459075,
          91.441725
        ],
        [
          26.459118,
          91.441921
        ],
        [
          26.459168,
          91.442118
        ],
        [
          26.459227,
          91.442325
        ],
        [
          26.459384,
          91.442744
        ],
        [
          26.460527,
          91.445573
        ],
        [
          26.460652,
          91.445882
        ],
        [
          26.460877,
          91.446462
        ],
        [
          26.461036,
          91.446939
        ],
        [
          26.46116,
          91.447384
        ],
        [
          26.461245,
          91.447741
        ],
        [
          26.461329,
          91.448162
        ],
        [
          26.461479,
          91.449051
        ],
        [
          26.461555,
          91.449576
        ],
        [
          26.461574,
          91.449865
        ],
        [
          26.461576,
          91.45012
        ],
        [
          26.461567,
          91.450394
        ],
        [
          26.461544,
          91.450615
        ],
        [
          26.461507,
          91.450857
        ],
        [
          26.461415,
          91.450796
        ],
        [
          26.459,
          91.449548
        ],
        [
          26.457185,
          91.448563
        ],
        [
          26.457074,
          91.448502
        ],
        [
          26.456673,
          91.448292
        ],
        [
          26.456433,
          91.44809
        ],
        [
          26.456174,
          91.447799
        ],
        [
          26.454927,
          91.446155
        ],
        [
          26.454031,
          91.445045
        ],
        [
          26.453904,
          91.444917
        ],
        [
          26.453718,
          91.444806
        ],
        [
          26.453537,
          91.444746
        ],
        [
          26.453358,
          91.444741
        ],
        [
          26.451986,
          91.444763
        ],
        [
          26.450283,
          91.444772
        ],
        [
          26.449327,
          91.444775
        ],
        [
          26.449226,
          91.444752
        ],
        [
          26.449168,
          91.444659
        ],
        [
          26.449051,
          91.44431
        ],
        [
          26.448628,
          91.442714
        ],
        [
          26.448569,
          91.442494
        ],
        [
          26.448457,
          91.442162
        ],
        [
          26.448291,
          91.441878
        ],
        [
          26.448259,
          91.441824
        ],
        [
          26.448167,
          91.441687
        ],
        [
          26.447163,
          91.440191
        ],
        [
          26.447056,
          91.440029
        ],
        [
          26.446749,
          91.440108
        ],
        [
          26.446379,
          91.440143
        ],
        [
          26.446071,
          91.440172
        ],
        [
          26.44597,
          91.44014
        ],
        [
          26.44524,
          91.439901
        ],
        [
          26.444975,
          91.439756
        ],
        [
          26.444821,
          91.439665
        ],
        [
          26.444602,
          91.439379
        ],
        [
          26.444534,
          91.439289
        ],
        [
          26.444093,
          91.438638
        ],
        [
          26.44392,
          91.438374
        ],
        [
          26.443858,
          91.438267
        ],
        [
          26.443827,
          91.438209
        ],
        [
          26.44376,
          91.438102
        ],
        [
          26.443695,
          91.438005
        ],
        [
          26.443234,
          91.437887
        ],
        [
          26.441716,
          91.437531
        ],
        [
          26.441491,
          91.43748
        ],
        [
          26.441392,
          91.437471
        ],
        [
          26.44108,
          91.437444
        ],
        [
          26.440768,
          91.437428
        ],
        [
          26.440234,
          91.437428
        ],
        [
          26.439933,
          91.437416
        ],
        [
          26.439711,
          91.437396
        ],
        [
          26.439578,
          91.437366
        ],
        [
          26.439464,
          91.437347
        ],
        [
          26.439184,
          91.437218
        ],
        [
          26.438582,
          91.436905
        ],
        [
          26.438455,
          91.436856
        ],
        [
          26.438249,
          91.436806
        ],
        [
          26.438097,
          91.436781
        ],
        [
          26.437757,
          91.436778
        ],
        [
          26.437495,
          91.436817
        ],
        [
          26.437361,
          91.436835
        ],
        [
          26.437211,
          91.436842
        ],
        [
          26.436951,
          91.436838
        ],
        [
          26.436821,
          91.436822
        ],
        [
          26.436395,
          91.43672
        ],
        [
          26.436078,
          91.436559
        ],
        [
          26.435856,
          91.436457
        ],
        [
          26.435319,
          91.436193
        ],
        [
          26.435106,
          91.436123
        ],
        [
          26.434892,
          91.436093
        ],
        [
          26.434711,
          91.436081
        ],
        [
          26.434119,
          91.436046
        ],
        [
          26.433427,
          91.436038
        ],
        [
          26.433091,
          91.436055
        ],
        [
          26.432677,
          91.436134
        ],
        [
          26.432392,
          91.436201
        ],
        [
          26.432078,
          91.436285
        ],
        [
          26.431571,
          91.436439
        ],
        [
          26.430068,
          91.436753
        ],
        [
          26.429077,
          91.43696
        ],
        [
          26.428639,
          91.437051
        ],
        [
          26.42748,
          91.437293
        ],
        [
          26.426914,
          91.437491
        ],
        [
          26.426802,
          91.437521
        ],
        [
          26.426183,
          91.437796
        ],
        [
          26.425879,
          91.437954
        ],
        [
          26.425467,
          91.438188
        ],
        [
          26.425379,
          91.438253
        ],
        [
          26.425122,
          91.438441
        ],
        [
          26.42473,
          91.438754
        ],
        [
          26.42441,
          91.438984
        ],
        [
          26.424106,
          91.439158
        ],
        [
          26.423863,
          91.439294
        ],
        [
          26.422521,
          91.439687
        ],
        [
          26.422318,
          91.439736
        ],
        [
          26.421836,
          91.439852
        ],
        [
          26.420006,
          91.440292
        ],
        [
          26.419722,
          91.44036
        ],
        [
          26.419,
          91.440534
        ],
        [
          26.418526,
          91.440648
        ],
        [
          26.417281,
          91.440948
        ],
        [
          26.416425,
          91.441154
        ],
        [
          26.415124,
          91.441466
        ],
        [
          26.414942,
          91.44151
        ],
        [
          26.413724,
          91.441615
        ],
        [
          26.413679,
          91.441619
        ],
        [
          26.412637,
          91.441641
        ],
        [
          26.411672,
          91.441649
        ],
        [
          26.410719,
          91.441639
        ],
        [
          26.410308,
          91.441637
        ],
        [
          26.409918,
          91.441637
        ],
        [
          26.409476,
          91.441616
        ],
        [
          26.409054,
          91.441595
        ],
        [
          26.408813,
          91.44158
        ],
        [
          26.408512,
          91.441551
        ],
        [
          26.408193,
          91.441506
        ],
        [
          26.408022,
          91.441487
        ],
        [
          26.407803,
          91.441459
        ],
        [
          26.407617,
          91.441444
        ],
        [
          26.407319,
          91.441443
        ],
        [
          26.407056,
          91.441455
        ],
        [
          26.406788,
          91.441459
        ],
        [
          26.405693,
          91.441487
        ],
        [
          26.405202,
          91.44149
        ],
        [
          26.404657,
          91.441498
        ],
        [
          26.403402,
          91.44154
        ],
        [
          26.402727,
          91.441599
        ],
        [
          26.402025,
          91.441673
        ],
        [
          26.401934,
          91.441685
        ],
        [
          26.401726,
          91.441715
        ],
        [
          26.401417,
          91.441742
        ],
        [
          26.401233,
          91.441759
        ],
        [
          26.401043,
          91.441778
        ],
        [
          26.400831,
          91.441805
        ],
        [
          26.399133,
          91.442008
        ],
        [
          26.398724,
          91.442061
        ],
        [
          26.39854,
          91.442088
        ],
        [
          26.398332,
          91.442118
        ],
        [
          26.398139,
          91.442152
        ],
        [
          26.397768,
          91.442222
        ],
        [
          26.397415,
          91.442306
        ],
        [
          26.397203,
          91.442369
        ],
        [
          26.396982,
          91.442426
        ],
        [
          26.39678,
          91.442493
        ],
        [
          26.396375,
          91.442637
        ],
        [
          26.39602,
          91.44278
        ],
        [
          26.395835,
          91.442856
        ],
        [
          26.393933,
          91.443528
        ],
        [
          26.393676,
          91.443612
        ],
        [
          26.393548,
          91.443649
        ],
        [
          26.393435,
          91.443674
        ],
        [
          26.392865,
          91.443771
        ],
        [
          26.392494,
          91.443831
        ],
        [
          26.391853,
          91.443936
        ],
        [
          26.39088,
          91.444116
        ],
        [
          26.390267,
          91.444218
        ],
        [
          26.390225,
          91.444224
        ],
        [
          26.390101,
          91.444267
        ],
        [
          26.388848,
          91.444756
        ],
        [
          26.388721,
          91.444797
        ],
        [
          26.388609,
          91.444804
        ],
        [
          26.388256,
          91.444779
        ],
        [
          26.388141,
          91.444802
        ],
        [
          26.388069,
          91.444822
        ],
        [
          26.387873,
          91.444913
        ],
        [
          26.387143,
          91.445297
        ],
        [
          26.38671,
          91.445535
        ],
        [
          26.386545,
          91.445598
        ],
        [
          26.386302,
          91.445661
        ],
        [
          26.386026,
          91.445723
        ],
        [
          26.385852,
          91.445762
        ],
        [
          26.384738,
          91.445922
        ],
        [
          26.384161,
          91.446004
        ],
        [
          26.383681,
          91.446107
        ],
        [
          26.383442,
          91.446141
        ],
        [
          26.382851,
          91.446151
        ],
        [
          26.382685,
          91.446163
        ],
        [
          26.381966,
          91.446211
        ],
        [
          26.380159,
          91.446274
        ],
        [
          26.378957,
          91.446296
        ],
        [
          26.378304,
          91.446309
        ],
        [
          26.37741,
          91.446325
        ],
        [
          26.37615,
          91.446439
        ],
        [
          26.375677,
          91.44645
        ],
        [
          26.375039,
          91.446415
        ],
        [
          26.374864,
          91.446412
        ],
        [
          26.374663,
          91.446408
        ],
        [
          26.373184,
          91.446383
        ],
        [
          26.373145,
          91.446382
        ],
        [
          26.372914,
          91.446376
        ],
        [
          26.372369,
          91.446363
        ],
        [
          26.371473,
          91.44634
        ],
        [
          26.371231,
          91.446317
        ],
        [
          26.371101,
          91.446295
        ],
        [
          26.370906,
          91.446245
        ],
        [
          26.370769,
          91.446188
        ],
        [
          26.37069,
          91.446145
        ],
        [
          26.370644,
          91.446119
        ],
        [
          26.37053,
          91.446041
        ],
        [
          26.370093,
          91.445723
        ],
        [
          26.370056,
          91.445698
        ],
        [
          26.369927,
          91.445613
        ],
        [
          26.369851,
          91.445573
        ],
        [
          26.369785,
          91.445555
        ],
        [
          26.36972,
          91.445544
        ],
        [
          26.369346,
          91.445486
        ],
        [
          26.369062,
          91.445431
        ],
        [
          26.368837,
          91.445373
        ],
        [
          26.368624,
          91.445298
        ],
        [
          26.368265,
          91.445151
        ],
        [
          26.368169,
          91.44511
        ],
        [
          26.367828,
          91.444967
        ],
        [
          26.367713,
          91.444927
        ],
        [
          26.367497,
          91.444865
        ],
        [
          26.367097,
          91.444765
        ],
        [
          26.366712,
          91.444675
        ],
        [
          26.366332,
          91.444604
        ],
        [
          26.366236,
          91.444595
        ],
        [
          26.366159,
          91.44459
        ],
        [
          26.366059,
          91.444591
        ],
        [
          26.365949,
          91.444603
        ],
        [
          26.36577,
          91.444634
        ],
        [
          26.365427,
          91.444724
        ],
        [
          26.365091,
          91.444825
        ],
        [
          26.36445,
          91.445026
        ],
        [
          26.363845,
          91.445174
        ],
        [
          26.363632,
          91.445219
        ],
        [
          26.363177,
          91.445314
        ],
        [
          26.362898,
          91.445362
        ],
        [
          26.362385,
          91.445391
        ],
        [
          26.361772,
          91.445418
        ],
        [
          26.361232,
          91.445408
        ],
        [
          26.360734,
          91.445427
        ],
        [
          26.360279,
          91.445445
        ],
        [
          26.359952,
          91.445454
        ],
        [
          26.359679,
          91.445453
        ],
        [
          26.359533,
          91.445461
        ],
        [
          26.359391,
          91.445474
        ],
        [
          26.359248,
          91.445491
        ],
        [
          26.359148,
          91.445513
        ],
        [
          26.35903,
          91.44555
        ],
        [
          26.358795,
          91.445631
        ],
        [
          26.358623,
          91.44569
        ],
        [
          26.358327,
          91.445819
        ],
        [
          26.357892,
          91.446028
        ],
        [
          26.357237,
          91.446335
        ],
        [
          26.356611,
          91.446669
        ],
        [
          26.356125,
          91.446954
        ],
        [
          26.355975,
          91.447052
        ],
        [
          26.355726,
          91.447249
        ],
        [
          26.355578,
          91.447377
        ],
        [
          26.355512,
          91.447443
        ],
        [
          26.355435,
          91.447514
        ],
        [
          26.355106,
          91.447836
        ],
        [
          26.355008,
          91.447923
        ],
        [
          26.354939,
          91.447983
        ],
        [
          26.354551,
          91.448283
        ],
        [
          26.354247,
          91.448499
        ],
        [
          26.353572,
          91.449007
        ],
        [
          26.353147,
          91.449334
        ],
        [
          26.353,
          91.449446
        ],
        [
          26.352882,
          91.449535
        ],
        [
          26.352727,
          91.449665
        ],
        [
          26.352308,
          91.450047
        ],
        [
          26.351816,
          91.450519
        ],
        [
          26.351579,
          91.450734
        ],
        [
          26.351363,
          91.450922
        ],
        [
          26.351297,
          91.45098
        ],
        [
          26.350986,
          91.451285
        ],
        [
          26.35056,
          91.451673
        ],
        [
          26.3503,
          91.451896
        ],
        [
          26.350024,
          91.452131
        ],
        [
          26.349208,
          91.452874
        ],
        [
          26.348467,
          91.45359
        ],
        [
          26.348201,
          91.453852
        ],
        [
          26.34799,
          91.454042
        ],
        [
          26.347919,
          91.454093
        ],
        [
          26.347642,
          91.45426
        ],
        [
          26.347444,
          91.454353
        ],
        [
          26.347311,
          91.454409
        ],
        [
          26.34714,
          91.454467
        ],
        [
          26.346986,
          91.45451
        ],
        [
          26.346696,
          91.454585
        ],
        [
          26.346138,
          91.454707
        ],
        [
          26.345171,
          91.454905
        ],
        [
          26.344696,
          91.455021
        ],
        [
          26.344393,
          91.455094
        ],
        [
          26.343799,
          91.455205
        ],
        [
          26.343497,
          91.455271
        ],
        [
          26.343175,
          91.455355
        ],
        [
          26.342837,
          91.455467
        ],
        [
          26.342761,
          91.455492
        ],
        [
          26.34248,
          91.455584
        ],
        [
          26.342359,
          91.455633
        ],
        [
          26.341894,
          91.455828
        ],
        [
          26.341541,
          91.455975
        ],
        [
          26.341417,
          91.456026
        ],
        [
          26.340944,
          91.456221
        ],
        [
          26.340279,
          91.456496
        ],
        [
          26.34001,
          91.456623
        ],
        [
          26.339858,
          91.456703
        ],
        [
          26.339449,
          91.456958
        ],
        [
          26.338836,
          91.457366
        ],
        [
          26.338799,
          91.457391
        ],
        [
          26.338262,
          91.45773
        ],
        [
          26.337718,
          91.458074
        ],
        [
          26.337419,
          91.458266
        ],
        [
          26.337174,
          91.458423
        ],
        [
          26.336705,
          91.458707
        ],
        [
          26.33638,
          91.458909
        ],
        [
          26.335908,
          91.459125
        ],
        [
          26.334953,
          91.459513
        ],
        [
          26.33466,
          91.459617
        ],
        [
          26.333953,
          91.459885
        ],
        [
          26.333745,
          91.459968
        ],
        [
          26.333054,
          91.460242
        ],
        [
          26.331881,
          91.460659
        ],
        [
          26.331677,
          91.460732
        ],
        [
          26.331383,
          91.460837
        ],
        [
          26.331183,
          91.460915
        ],
        [
          26.33087,
          91.461053
        ],
        [
          26.330745,
          91.461108
        ],
        [
          26.330371,
          91.461274
        ],
        [
          26.330285,
          91.461312
        ],
        [
          26.329235,
          91.461724
        ],
        [
          26.328475,
          91.462064
        ],
        [
          26.327982,
          91.462346
        ],
        [
          26.327702,
          91.462512
        ],
        [
          26.327253,
          91.462831
        ],
        [
          26.327108,
          91.462932
        ],
        [
          26.326521,
          91.463345
        ],
        [
          26.325606,
          91.464008
        ],
        [
          26.325482,
          91.464107
        ],
        [
          26.324659,
          91.464765
        ],
        [
          26.324519,
          91.464877
        ],
        [
          26.323967,
          91.465321
        ],
        [
          26.323518,
          91.465753
        ],
        [
          26.323361,
          91.465939
        ],
        [
          26.323085,
          91.466312
        ],
        [
          26.322784,
          91.466712
        ],
        [
          26.322659,
          91.466868
        ],
        [
          26.32259,
          91.466941
        ],
        [
          26.322478,
          91.46706
        ],
        [
          26.322328,
          91.467208
        ],
        [
          26.322159,
          91.467372
        ],
        [
          26.321383,
          91.468026
        ],
        [
          26.321096,
          91.468233
        ],
        [
          26.320471,
          91.468661
        ],
        [
          26.319553,
          91.469255
        ],
        [
          26.319415,
          91.469344
        ],
        [
          26.31878,
          91.469771
        ],
        [
          26.318528,
          91.469917
        ],
        [
          26.318249,
          91.470067
        ],
        [
          26.317361,
          91.470472
        ],
        [
          26.317142,
          91.470565
        ],
        [
          26.316761,
          91.470693
        ],
        [
          26.31651,
          91.470759
        ],
        [
          26.316314,
          91.470854
        ],
        [
          26.315408,
          91.47143
        ],
        [
          26.314165,
          91.472217
        ],
        [
          26.313998,
          91.472326
        ],
        [
          26.313906,
          91.472384
        ],
        [
          26.313793,
          91.472469
        ],
        [
          26.313594,
          91.472642
        ],
        [
          26.313442,
          91.472796
        ],
        [
          26.313239,
          91.47302
        ],
        [
          26.31293,
          91.473368
        ],
        [
          26.312627,
          91.473719
        ],
        [
          26.312412,
          91.473968
        ],
        [
          26.312028,
          91.474385
        ],
        [
          26.31128,
          91.475144
        ],
        [
          26.311019,
          91.475409
        ],
        [
          26.310744,
          91.475715
        ],
        [
          26.310544,
          91.475926
        ],
        [
          26.308969,
          91.477573
        ],
        [
          26.308925,
          91.47762
        ],
        [
          26.30838,
          91.478128
        ],
        [
          26.307937,
          91.478572
        ],
        [
          26.307759,
          91.478834
        ],
        [
          26.307344,
          91.47944
        ],
        [
          26.30711,
          91.479829
        ],
        [
          26.306722,
          91.480475
        ],
        [
          26.306653,
          91.480589
        ],
        [
          26.306261,
          91.481144
        ],
        [
          26.304931,
          91.483176
        ],
        [
          26.303695,
          91.485102
        ],
        [
          26.303337,
          91.485744
        ],
        [
          26.303107,
          91.486133
        ],
        [
          26.302553,
          91.48709
        ],
        [
          26.302244,
          91.487623
        ],
        [
          26.30201,
          91.488047
        ],
        [
          26.301606,
          91.488811
        ],
        [
          26.301095,
          91.489777
        ],
        [
          26.300458,
          91.490849
        ],
        [
          26.299773,
          91.492002
        ],
        [
          26.299447,
          91.492525
        ],
        [
          26.299423,
          91.492563
        ],
        [
          26.299151,
          91.492992
        ],
        [
          26.2988,
          91.49362
        ],
        [
          26.298344,
          91.494456
        ],
        [
          26.298097,
          91.494875
        ],
        [
          26.298061,
          91.494936
        ],
        [
          26.297746,
          91.495349
        ],
        [
          26.297367,
          91.495762
        ],
        [
          26.297305,
          91.495826
        ],
        [
          26.297076,
          91.496035
        ],
        [
          26.296875,
          91.496218
        ],
        [
          26.296597,
          91.496445
        ],
        [
          26.29642,
          91.496607
        ],
        [
          26.296275,
          91.49674
        ],
        [
          26.296034,
          91.497008
        ],
        [
          26.295642,
          91.497451
        ],
        [
          26.294965,
          91.498124
        ],
        [
          26.294888,
          91.498199
        ],
        [
          26.293938,
          91.499209
        ],
        [
          26.293653,
          91.499492
        ],
        [
          26.293056,
          91.500085
        ],
        [
          26.292515,
          91.500663
        ],
        [
          26.292422,
          91.500762
        ],
        [
          26.291837,
          91.501376
        ],
        [
          26.291588,
          91.501664
        ],
        [
          26.29114,
          91.502305
        ],
        [
          26.290819,
          91.502736
        ],
        [
          26.290308,
          91.50334
        ],
        [
          26.290185,
          91.503469
        ],
        [
          26.2901,
          91.503557
        ],
        [
          26.289904,
          91.503726
        ],
        [
          26.289863,
          91.503763
        ],
        [
          26.289642,
          91.503945
        ],
        [
          26.289333,
          91.504167
        ],
        [
          26.289219,
          91.50423
        ],
        [
          26.28912,
          91.504281
        ],
        [
          26.288928,
          91.50435
        ],
        [
          26.288844,
          91.504364
        ],
        [
          26.288737,
          91.504381
        ],
        [
          26.288275,
          91.504398
        ],
        [
          26.287702,
          91.504417
        ],
        [
          26.287297,
          91.504461
        ],
        [
          26.287045,
          91.504528
        ],
        [
          26.286865,
          91.504602
        ],
        [
          26.286485,
          91.504774
        ],
        [
          26.285952,
          91.505112
        ],
        [
          26.285518,
          91.505386
        ],
        [
          26.285455,
          91.505426
        ],
        [
          26.283952,
          91.506569
        ],
        [
          26.283676,
          91.506779
        ],
        [
          26.283558,
          91.506919
        ],
        [
          26.283278,
          91.507252
        ],
        [
          26.282974,
          91.507684
        ],
        [
          26.282864,
          91.507837
        ],
        [
          26.282648,
          91.508139
        ],
        [
          26.282217,
          91.508664
        ],
        [
          26.282023,
          91.508918
        ],
        [
          26.281905,
          91.509057
        ],
        [
          26.28164,
          91.5093
        ],
        [
          26.2814,
          91.509508
        ],
        [
          26.281133,
          91.509702
        ],
        [
          26.28089,
          91.509847
        ],
        [
          26.280587,
          91.510005
        ],
        [
          26.280098,
          91.510233
        ],
        [
          26.279207,
          91.510594
        ],
        [
          26.278194,
          91.510996
        ],
        [
          26.276606,
          91.511724
        ],
        [
          26.276093,
          91.51193
        ],
        [
          26.275857,
          91.512015
        ],
        [
          26.275188,
          91.512208
        ],
        [
          26.275104,
          91.512218
        ],
        [
          26.274605,
          91.512293
        ],
        [
          26.273939,
          91.512328
        ],
        [
          26.273601,
          91.512356
        ],
        [
          26.273474,
          91.512368
        ],
        [
          26.273345,
          91.512385
        ],
        [
          26.273219,
          91.512412
        ],
        [
          26.273071,
          91.51244
        ],
        [
          26.272961,
          91.51246
        ],
        [
          26.272819,
          91.512474
        ],
        [
          26.272588,
          91.512487
        ],
        [
          26.272317,
          91.512514
        ],
        [
          26.271999,
          91.512551
        ],
        [
          26.271672,
          91.512608
        ],
        [
          26.271525,
          91.51264
        ],
        [
          26.271374,
          91.512667
        ],
        [
          26.270994,
          91.512745
        ],
        [
          26.270864,
          91.512771
        ],
        [
          26.270643,
          91.512811
        ],
        [
          26.270444,
          91.512852
        ],
        [
          26.27007,
          91.512924
        ],
        [
          26.269976,
          91.512936
        ],
        [
          26.269884,
          91.512948
        ],
        [
          26.269702,
          91.51297
        ],
        [
          26.269425,
          91.512997
        ],
        [
          26.269215,
          91.513021
        ],
        [
          26.268998,
          91.513041
        ],
        [
          26.268785,
          91.51305
        ],
        [
          26.268635,
          91.513057
        ],
        [
          26.268549,
          91.513061
        ],
        [
          26.268276,
          91.513072
        ],
        [
          26.268114,
          91.513085
        ],
        [
          26.267968,
          91.513111
        ],
        [
          26.267817,
          91.51314
        ],
        [
          26.26764,
          91.513186
        ],
        [
          26.267505,
          91.513237
        ],
        [
          26.267362,
          91.513297
        ],
        [
          26.267245,
          91.513357
        ],
        [
          26.267143,
          91.513426
        ],
        [
          26.26706,
          91.5135
        ],
        [
          26.266959,
          91.513599
        ],
        [
          26.266858,
          91.513714
        ],
        [
          26.26677,
          91.513825
        ],
        [
          26.266651,
          91.513981
        ],
        [
          26.26655,
          91.514133
        ],
        [
          26.266484,
          91.514247
        ],
        [
          26.266406,
          91.514402
        ],
        [
          26.266329,
          91.514568
        ],
        [
          26.26627,
          91.514696
        ],
        [
          26.266224,
          91.514787
        ],
        [
          26.266174,
          91.514869
        ],
        [
          26.266109,
          91.514956
        ],
        [
          26.266051,
          91.515016
        ],
        [
          26.265985,
          91.515067
        ],
        [
          26.265904,
          91.515109
        ],
        [
          26.265689,
          91.515175
        ],
        [
          26.26485,
          91.515377
        ],
        [
          26.264603,
          91.515451
        ],
        [
          26.264485,
          91.515499
        ],
        [
          26.264388,
          91.515557
        ],
        [
          26.264292,
          91.515625
        ],
        [
          26.264146,
          91.515757
        ],
        [
          26.264026,
          91.515901
        ],
        [
          26.263867,
          91.516132
        ],
        [
          26.263728,
          91.516363
        ],
        [
          26.263617,
          91.516524
        ],
        [
          26.26349,
          91.516666
        ],
        [
          26.26336,
          91.516797
        ],
        [
          26.263227,
          91.516891
        ],
        [
          26.263049,
          91.516993
        ],
        [
          26.262915,
          91.517068
        ],
        [
          26.262715,
          91.517157
        ],
        [
          26.262612,
          91.5172
        ],
        [
          26.262432,
          91.517222
        ],
        [
          26.262307,
          91.51723
        ],
        [
          26.262109,
          91.517213
        ],
        [
          26.26176,
          91.517165
        ],
        [
          26.261089,
          91.517076
        ],
        [
          26.260432,
          91.51699
        ],
        [
          26.258241,
          91.516675
        ],
        [
          26.257753,
          91.51662
        ],
        [
          26.25744,
          91.516588
        ],
        [
          26.257233,
          91.516575
        ],
        [
          26.257109,
          91.516575
        ],
        [
          26.257008,
          91.516585
        ],
        [
          26.256929,
          91.516606
        ],
        [
          26.256863,
          91.516632
        ],
        [
          26.256789,
          91.516687
        ],
        [
          26.256703,
          91.51678
        ],
        [
          26.256587,
          91.516907
        ],
        [
          26.256481,
          91.517048
        ],
        [
          26.256431,
          91.517129
        ],
        [
          26.256366,
          91.517244
        ],
        [
          26.256315,
          91.51739
        ],
        [
          26.256264,
          91.517589
        ],
        [
          26.256229,
          91.517741
        ],
        [
          26.256212,
          91.517886
        ],
        [
          26.256206,
          91.518003
        ],
        [
          26.256211,
          91.518134
        ],
        [
          26.256223,
          91.518262
        ],
        [
          26.256258,
          91.518387
        ],
        [
          26.2563,
          91.518476
        ],
        [
          26.256444,
          91.518686
        ],
        [
          26.256576,
          91.518857
        ],
        [
          26.256764,
          91.519056
        ],
        [
          26.257077,
          91.519386
        ],
        [
          26.257267,
          91.519595
        ],
        [
          26.257395,
          91.519753
        ],
        [
          26.257498,
          91.51991
        ],
        [
          26.257559,
          91.520043
        ],
        [
          26.257628,
          91.520224
        ],
        [
          26.257694,
          91.520437
        ],
        [
          26.257757,
          91.52068
        ],
        [
          26.257806,
          91.520894
        ],
        [
          26.257861,
          91.521134
        ],
        [
          26.257905,
          91.521385
        ],
        [
          26.257921,
          91.521552
        ],
        [
          26.257927,
          91.521737
        ],
        [
          26.257924,
          91.52191
        ],
        [
          26.257891,
          91.522019
        ],
        [
          26.257821,
          91.522075
        ],
        [
          26.257589,
          91.52213
        ],
        [
          26.257347,
          91.52218
        ],
        [
          26.257199,
          91.522206
        ],
        [
          26.257061,
          91.522223
        ],
        [
          26.256905,
          91.522239
        ],
        [
          26.256723,
          91.522257
        ],
        [
          26.256497,
          91.522273
        ],
        [
          26.256081,
          91.522296
        ],
        [
          26.25592,
          91.522296
        ],
        [
          26.255785,
          91.5223
        ],
        [
          26.255672,
          91.522306
        ],
        [
          26.255528,
          91.522324
        ],
        [
          26.255398,
          91.522353
        ],
        [
          26.255243,
          91.522395
        ],
        [
          26.255084,
          91.522446
        ],
        [
          26.25478,
          91.522549
        ],
        [
          26.254614,
          91.522594
        ],
        [
          26.254428,
          91.522636
        ],
        [
          26.254296,
          91.522675
        ],
        [
          26.25416,
          91.522724
        ],
        [
          26.254029,
          91.522792
        ],
        [
          26.253863,
          91.52289
        ],
        [
          26.253714,
          91.522993
        ],
        [
          26.253548,
          91.523111
        ],
        [
          26.253428,
          91.523216
        ],
        [
          26.253395,
          91.523247
        ],
        [
          26.253317,
          91.523322
        ],
        [
          26.253093,
          91.523542
        ],
        [
          26.252947,
          91.523677
        ],
        [
          26.252839,
          91.523771
        ],
        [
          26.252688,
          91.52389
        ],
        [
          26.252557,
          91.523979
        ],
        [
          26.252439,
          91.524047
        ],
        [
          26.252387,
          91.524081
        ],
        [
          26.252358,
          91.524104
        ],
        [
          26.252336,
          91.524134
        ],
        [
          26.252325,
          91.524176
        ],
        [
          26.252322,
          91.524226
        ],
        [
          26.252311,
          91.524411
        ],
        [
          26.252287,
          91.525113
        ],
        [
          26.252269,
          91.525206
        ],
        [
          26.25224,
          91.525321
        ],
        [
          26.252176,
          91.525505
        ],
        [
          26.252082,
          91.525766
        ],
        [
          26.252054,
          91.525844
        ],
        [
          26.251997,
          91.526007
        ],
        [
          26.251955,
          91.526123
        ],
        [
          26.251833,
          91.526463
        ],
        [
          26.251731,
          91.526746
        ],
        [
          26.251684,
          91.526907
        ],
        [
          26.25165,
          91.527053
        ],
        [
          26.251628,
          91.527232
        ],
        [
          26.251609,
          91.527452
        ],
        [
          26.251586,
          91.527723
        ],
        [
          26.251571,
          91.527938
        ],
        [
          26.251562,
          91.528136
        ],
        [
          26.251555,
          91.528378
        ],
        [
          26.251549,
          91.528603
        ],
        [
          26.251552,
          91.52887
        ],
        [
          26.251563,
          91.52915
        ],
        [
          26.251574,
          91.529425
        ],
        [
          26.251581,
          91.529668
        ],
        [
          26.251595,
          91.530194
        ],
        [
          26.251601,
          91.530621
        ],
        [
          26.251614,
          91.530923
        ],
        [
          26.251632,
          91.531383
        ],
        [
          26.25166,
          91.531903
        ],
        [
          26.251674,
          91.53211
        ],
        [
          26.251686,
          91.532284
        ],
        [
          26.251707,
          91.532552
        ],
        [
          26.251717,
          91.532673
        ],
        [
          26.251753,
          91.533098
        ],
        [
          26.251783,
          91.533432
        ],
        [
          26.251804,
          91.533659
        ],
        [
          26.25185,
          91.534242
        ],
        [
          26.251874,
          91.534659
        ],
        [
          26.251957,
          91.535465
        ],
        [
          26.252035,
          91.536231
        ],
        [
          26.2521,
          91.537107
        ],
        [
          26.252124,
          91.537609
        ],
        [
          26.252153,
          91.53803
        ],
        [
          26.252203,
          91.538427
        ],
        [
          26.252274,
          91.538809
        ],
        [
          26.252375,
          91.539286
        ],
        [
          26.252477,
          91.539798
        ],
        [
          26.252578,
          91.540256
        ],
        [
          26.25266,
          91.540609
        ],
        [
          26.252726,
          91.540886
        ],
        [
          26.252858,
          91.541356
        ],
        [
          26.25294,
          91.541683
        ],
        [
          26.253003,
          91.541935
        ],
        [
          26.253105,
          91.542335
        ],
        [
          26.253189,
          91.542659
        ],
        [
          26.253232,
          91.542816
        ],
        [
          26.25327,
          91.542958
        ],
        [
          26.253373,
          91.54331
        ],
        [
          26.253515,
          91.54376
        ],
        [
          26.253586,
          91.544032
        ],
        [
          26.253695,
          91.544407
        ],
        [
          26.253746,
          91.544614
        ],
        [
          26.253772,
          91.544743
        ],
        [
          26.253822,
          91.544987
        ],
        [
          26.253926,
          91.545481
        ],
        [
          26.254006,
          91.545902
        ],
        [
          26.254084,
          91.546326
        ],
        [
          26.254223,
          91.547188
        ],
        [
          26.254231,
          91.547238
        ],
        [
          26.254282,
          91.547573
        ],
        [
          26.254336,
          91.547942
        ],
        [
          26.254392,
          91.548323
        ],
        [
          26.254439,
          91.548645
        ],
        [
          26.254479,
          91.548934
        ],
        [
          26.254515,
          91.549224
        ],
        [
          26.254532,
          91.549467
        ],
        [
          26.254537,
          91.549658
        ],
        [
          26.254532,
          91.549983
        ],
        [
          26.254521,
          91.550351
        ],
        [
          26.254517,
          91.550478
        ],
        [
          26.254493,
          91.551253
        ],
        [
          26.254445,
          91.552337
        ],
        [
          26.25439,
          91.553731
        ],
        [
          26.254377,
          91.553954
        ],
        [
          26.254322,
          91.554938
        ],
        [
          26.254315,
          91.555071
        ],
        [
          26.254292,
          91.555345
        ],
        [
          26.254261,
          91.555759
        ],
        [
          26.254254,
          91.555861
        ],
        [
          26.254236,
          91.556123
        ],
        [
          26.254218,
          91.556392
        ],
        [
          26.254199,
          91.556747
        ],
        [
          26.254187,
          91.55701
        ],
        [
          26.254171,
          91.55732
        ],
        [
          26.254166,
          91.557647
        ],
        [
          26.254142,
          91.558388
        ],
        [
          26.254092,
          91.559624
        ],
        [
          26.254074,
          91.560407
        ],
        [
          26.254065,
          91.560798
        ],
        [
          26.254036,
          91.561448
        ],
        [
          26.254003,
          91.561874
        ],
        [
          26.253952,
          91.562398
        ],
        [
          26.253906,
          91.562827
        ],
        [
          26.25388,
          91.563006
        ],
        [
          26.253852,
          91.563135
        ],
        [
          26.253819,
          91.563257
        ],
        [
          26.253766,
          91.563423
        ],
        [
          26.253674,
          91.563665
        ],
        [
          26.253586,
          91.563889
        ],
        [
          26.253443,
          91.564271
        ],
        [
          26.25331,
          91.564622
        ],
        [
          26.253137,
          91.56506
        ],
        [
          26.253021,
          91.565329
        ],
        [
          26.252901,
          91.565615
        ],
        [
          26.252724,
          91.566032
        ],
        [
          26.252693,
          91.5661
        ],
        [
          26.252421,
          91.566784
        ],
        [
          26.252258,
          91.567185
        ],
        [
          26.25218,
          91.567377
        ],
        [
          26.252054,
          91.567646
        ],
        [
          26.251755,
          91.568368
        ],
        [
          26.251629,
          91.568662
        ],
        [
          26.251556,
          91.568852
        ],
        [
          26.251491,
          91.569016
        ],
        [
          26.251394,
          91.569232
        ],
        [
          26.251158,
          91.569736
        ],
        [
          26.25107,
          91.569902
        ],
        [
          26.250955,
          91.570113
        ],
        [
          26.250774,
          91.57042
        ],
        [
          26.250648,
          91.570627
        ],
        [
          26.250407,
          91.571022
        ],
        [
          26.250252,
          91.571265
        ],
        [
          26.25014,
          91.571449
        ],
        [
          26.250032,
          91.571623
        ],
        [
          26.24995,
          91.57178
        ],
        [
          26.249828,
          91.572011
        ],
        [
          26.249657,
          91.572363
        ],
        [
          26.249442,
          91.572822
        ],
        [
          26.249261,
          91.573185
        ],
        [
          26.249086,
          91.573542
        ],
        [
          26.248888,
          91.573947
        ],
        [
          26.248576,
          91.574602
        ],
        [
          26.248367,
          91.575031
        ],
        [
          26.2482,
          91.575396
        ],
        [
          26.24808,
          91.575657
        ],
        [
          26.248034,
          91.575774
        ],
        [
          26.247999,
          91.575877
        ],
        [
          26.247972,
          91.575995
        ],
        [
          26.247951,
          91.576121
        ],
        [
          26.247925,
          91.576281
        ],
        [
          26.247871,
          91.576668
        ],
        [
          26.247802,
          91.577095
        ],
        [
          26.247753,
          91.577386
        ],
        [
          26.247701,
          91.577606
        ],
        [
          26.247628,
          91.577913
        ],
        [
          26.24755,
          91.578227
        ],
        [
          26.247291,
          91.579223
        ],
        [
          26.247077,
          91.579947
        ],
        [
          26.246971,
          91.580242
        ],
        [
          26.246865,
          91.580543
        ],
        [
          26.246598,
          91.581229
        ],
        [
          26.246297,
          91.582007
        ],
        [
          26.24618,
          91.582356
        ],
        [
          26.246091,
          91.582683
        ],
        [
          26.246004,
          91.583018
        ],
        [
          26.245941,
          91.583397
        ],
        [
          26.245905,
          91.583721
        ],
        [
          26.245876,
          91.584118
        ],
        [
          26.245862,
          91.58444
        ],
        [
          26.245828,
          91.584939
        ],
        [
          26.245799,
          91.585424
        ],
        [
          26.245797,
          91.585945
        ],
        [
          26.245807,
          91.586339
        ],
        [
          26.245828,
          91.586594
        ],
        [
          26.245843,
          91.586819
        ],
        [
          26.245847,
          91.586921
        ],
        [
          26.245852,
          91.58703
        ],
        [
          26.24585,
          91.587113
        ],
        [
          26.245842,
          91.587164
        ],
        [
          26.245822,
          91.587233
        ],
        [
          26.245779,
          91.587309
        ],
        [
          26.245724,
          91.587373
        ],
        [
          26.245571,
          91.587527
        ],
        [
          26.245058,
          91.588041
        ],
        [
          26.245016,
          91.5881
        ],
        [
          26.245001,
          91.588164
        ],
        [
          26.245001,
          91.588263
        ],
        [
          26.245016,
          91.58836
        ],
        [
          26.245045,
          91.588469
        ],
        [
          26.245067,
          91.588585
        ],
        [
          26.245078,
          91.588714
        ],
        [
          26.245081,
          91.588837
        ],
        [
          26.245073,
          91.588972
        ],
        [
          26.245052,
          91.589099
        ],
        [
          26.24502,
          91.589205
        ],
        [
          26.244968,
          91.589319
        ],
        [
          26.244919,
          91.589389
        ],
        [
          26.244824,
          91.589491
        ],
        [
          26.244582,
          91.589694
        ],
        [
          26.244416,
          91.589831
        ],
        [
          26.244156,
          91.590046
        ],
        [
          26.243824,
          91.59033
        ],
        [
          26.243358,
          91.590727
        ],
        [
          26.243156,
          91.590876
        ],
        [
          26.242946,
          91.591023
        ],
        [
          26.242797,
          91.591124
        ],
        [
          26.242688,
          91.591186
        ],
        [
          26.242575,
          91.591241
        ],
        [
          26.242419,
          91.591309
        ],
        [
          26.242245,
          91.591376
        ],
        [
          26.242016,
          91.591455
        ],
        [
          26.241702,
          91.591565
        ],
        [
          26.241247,
          91.591732
        ],
        [
          26.241061,
          91.591793
        ],
        [
          26.240886,
          91.591849
        ],
        [
          26.240648,
          91.591918
        ],
        [
          26.240456,
          91.591976
        ],
        [
          26.240079,
          91.592099
        ],
        [
          26.239162,
          91.592414
        ],
        [
          26.23885,
          91.592532
        ],
        [
          26.238528,
          91.592643
        ],
        [
          26.238049,
          91.592814
        ],
        [
          26.237741,
          91.592926
        ],
        [
          26.237439,
          91.593039
        ],
        [
          26.237,
          91.593207
        ],
        [
          26.236832,
          91.593279
        ],
        [
          26.236657,
          91.59336
        ],
        [
          26.236457,
          91.593468
        ],
        [
          26.236241,
          91.593592
        ],
        [
          26.236087,
          91.593692
        ],
        [
          26.235931,
          91.593804
        ],
        [
          26.235791,
          91.593904
        ],
        [
          26.23563,
          91.594029
        ],
        [
          26.235501,
          91.594136
        ],
        [
          26.235355,
          91.594262
        ],
        [
          26.235224,
          91.594378
        ],
        [
          26.235104,
          91.594494
        ],
        [
          26.234949,
          91.594675
        ],
        [
          26.234774,
          91.594906
        ],
        [
          26.234626,
          91.595102
        ],
        [
          26.234491,
          91.595285
        ],
        [
          26.234312,
          91.59553
        ],
        [
          26.234107,
          91.595825
        ],
        [
          26.234006,
          91.595984
        ],
        [
          26.233877,
          91.596201
        ],
        [
          26.233774,
          91.596433
        ],
        [
          26.233624,
          91.596762
        ],
        [
          26.233486,
          91.597109
        ],
        [
          26.233357,
          91.59743
        ],
        [
          26.233269,
          91.59765
        ],
        [
          26.233163,
          91.59789
        ],
        [
          26.233027,
          91.598202
        ],
        [
          26.232884,
          91.598534
        ],
        [
          26.232803,
          91.598728
        ],
        [
          26.232743,
          91.598885
        ],
        [
          26.232689,
          91.599038
        ],
        [
          26.232642,
          91.599185
        ],
        [
          26.232614,
          91.599306
        ],
        [
          26.232591,
          91.599422
        ],
        [
          26.232566,
          91.599543
        ],
        [
          26.232541,
          91.599639
        ],
        [
          26.232501,
          91.599781
        ],
        [
          26.232457,
          91.599935
        ],
        [
          26.232412,
          91.600087
        ],
        [
          26.23235,
          91.60029
        ],
        [
          26.232207,
          91.600705
        ],
        [
          26.231837,
          91.601815
        ],
        [
          26.23161,
          91.602497
        ],
        [
          26.231477,
          91.602904
        ],
        [
          26.231309,
          91.603481
        ],
        [
          26.231119,
          91.604098
        ],
        [
          26.230864,
          91.604924
        ],
        [
          26.230465,
          91.606174
        ],
        [
          26.23025,
          91.606831
        ],
        [
          26.230166,
          91.607097
        ],
        [
          26.230082,
          91.607346
        ],
        [
          26.229976,
          91.607612
        ],
        [
          26.22989,
          91.607805
        ],
        [
          26.229764,
          91.608051
        ],
        [
          26.229639,
          91.608279
        ],
        [
          26.229495,
          91.608502
        ],
        [
          26.229327,
          91.608749
        ],
        [
          26.229158,
          91.608993
        ],
        [
          26.228973,
          91.609256
        ],
        [
          26.228802,
          91.609516
        ],
        [
          26.228597,
          91.609851
        ],
        [
          26.228393,
          91.610194
        ],
        [
          26.228164,
          91.610587
        ],
        [
          26.227896,
          91.611029
        ],
        [
          26.227844,
          91.611125
        ],
        [
          26.227488,
          91.611715
        ],
        [
          26.227163,
          91.612252
        ],
        [
          26.226949,
          91.612595
        ],
        [
          26.226728,
          91.612954
        ],
        [
          26.226511,
          91.613309
        ],
        [
          26.226235,
          91.613732
        ],
        [
          26.226059,
          91.614033
        ],
        [
          26.225883,
          91.614314
        ],
        [
          26.225698,
          91.614623
        ],
        [
          26.225494,
          91.614947
        ],
        [
          26.225361,
          91.615151
        ],
        [
          26.225135,
          91.615476
        ],
        [
          26.22483,
          91.615897
        ],
        [
          26.224425,
          91.616433
        ],
        [
          26.224079,
          91.616903
        ],
        [
          26.223776,
          91.617302
        ],
        [
          26.2236,
          91.617525
        ],
        [
          26.223499,
          91.617656
        ],
        [
          26.22342,
          91.617777
        ],
        [
          26.223371,
          91.61787
        ],
        [
          26.223333,
          91.617992
        ],
        [
          26.223317,
          91.618104
        ],
        [
          26.223309,
          91.618241
        ],
        [
          26.223302,
          91.618493
        ],
        [
          26.223305,
          91.618692
        ],
        [
          26.223322,
          91.618909
        ],
        [
          26.223352,
          91.61911
        ],
        [
          26.223417,
          91.619496
        ],
        [
          26.22348,
          91.619899
        ],
        [
          26.223524,
          91.620203
        ],
        [
          26.223553,
          91.620438
        ],
        [
          26.223575,
          91.62061
        ],
        [
          26.223587,
          91.620752
        ],
        [
          26.223588,
          91.620902
        ],
        [
          26.223577,
          91.621079
        ],
        [
          26.223545,
          91.621264
        ],
        [
          26.223475,
          91.621554
        ],
        [
          26.223434,
          91.621763
        ],
        [
          26.223383,
          91.622015
        ],
        [
          26.223331,
          91.622216
        ],
        [
          26.223249,
          91.622436
        ],
        [
          26.223162,
          91.622584
        ],
        [
          26.223042,
          91.622742
        ],
        [
          26.222881,
          91.622948
        ],
        [
          26.222688,
          91.623168
        ],
        [
          26.222551,
          91.623294
        ],
        [
          26.222467,
          91.623356
        ],
        [
          26.222396,
          91.623392
        ],
        [
          26.222316,
          91.623415
        ],
        [
          26.222227,
          91.623426
        ],
        [
          26.222125,
          91.62343
        ],
        [
          26.221963,
          91.623429
        ],
        [
          26.221828,
          91.62342
        ],
        [
          26.221721,
          91.623422
        ],
        [
          26.221626,
          91.623424
        ],
        [
          26.221468,
          91.623451
        ],
        [
          26.22137,
          91.623479
        ],
        [
          26.221267,
          91.623522
        ],
        [
          26.221176,
          91.623571
        ],
        [
          26.221081,
          91.62364
        ],
        [
          26.220971,
          91.623737
        ],
        [
          26.220823,
          91.623882
        ],
        [
          26.220619,
          91.624082
        ],
        [
          26.220531,
          91.624163
        ],
        [
          26.220452,
          91.624235
        ],
        [
          26.220357,
          91.624312
        ],
        [
          26.220251,
          91.624379
        ],
        [
          26.220045,
          91.624495
        ],
        [
          26.219821,
          91.624602
        ],
        [
          26.219531,
          91.624729
        ],
        [
          26.219328,
          91.624809
        ],
        [
          26.219182,
          91.624865
        ],
        [
          26.219023,
          91.62492
        ],
        [
          26.218862,
          91.624971
        ],
        [
          26.218679,
          91.625024
        ],
        [
          26.218525,
          91.62507
        ],
        [
          26.218297,
          91.625126
        ],
        [
          26.218131,
          91.625168
        ],
        [
          26.217874,
          91.625224
        ],
        [
          26.217585,
          91.625285
        ],
        [
          26.217451,
          91.625319
        ],
        [
          26.217354,
          91.625358
        ],
        [
          26.217275,
          91.625404
        ],
        [
          26.217195,
          91.625459
        ],
        [
          26.21706,
          91.625577
        ],
        [
          26.216846,
          91.625802
        ],
        [
          26.216636,
          91.62603
        ],
        [
          26.216319,
          91.626366
        ],
        [
          26.216095,
          91.626585
        ],
        [
          26.215765,
          91.62691
        ],
        [
          26.215626,
          91.627044
        ],
        [
          26.215419,
          91.627237
        ],
        [
          26.215217,
          91.627426
        ],
        [
          26.215059,
          91.627585
        ],
        [
          26.214905,
          91.627744
        ],
        [
          26.214779,
          91.627866
        ],
        [
          26.214636,
          91.628007
        ],
        [
          26.214441,
          91.628187
        ],
        [
          26.214085,
          91.628525
        ],
        [
          26.213982,
          91.628621
        ],
        [
          26.213914,
          91.628695
        ],
        [
          26.213872,
          91.628751
        ],
        [
          26.213824,
          91.628832
        ],
        [
          26.21379,
          91.628914
        ],
        [
          26.213766,
          91.62901
        ],
        [
          26.213744,
          91.629132
        ],
        [
          26.213733,
          91.62927
        ],
        [
          26.213733,
          91.62941
        ],
        [
          26.213748,
          91.629564
        ],
        [
          26.213773,
          91.6297
        ],
        [
          26.213846,
          91.630019
        ],
        [
          26.213971,
          91.630543
        ],
        [
          26.214052,
          91.630894
        ],
        [
          26.214112,
          91.63114
        ],
        [
          26.21419,
          91.631436
        ],
        [
          26.21432,
          91.631911
        ],
        [
          26.214439,
          91.632337
        ],
        [
          26.214554,
          91.632742
        ],
        [
          26.214625,
          91.632992
        ],
        [
          26.214717,
          91.633306
        ],
        [
          26.214812,
          91.633618
        ],
        [
          26.21487,
          91.633821
        ],
        [
          26.214903,
          91.633971
        ],
        [
          26.214929,
          91.634128
        ],
        [
          26.214944,
          91.634254
        ],
        [
          26.214944,
          91.634365
        ],
        [
          26.214936,
          91.634464
        ],
        [
          26.214912,
          91.634589
        ],
        [
          26.214864,
          91.634735
        ],
        [
          26.214821,
          91.634845
        ],
        [
          26.214784,
          91.63492
        ],
        [
          26.214739,
          91.634989
        ],
        [
          26.214673,
          91.635075
        ],
        [
          26.214587,
          91.635138
        ],
        [
          26.214495,
          91.635193
        ],
        [
          26.21436,
          91.635262
        ],
        [
          26.214109,
          91.635409
        ],
        [
          26.213988,
          91.635485
        ],
        [
          26.213863,
          91.635572
        ],
        [
          26.213756,
          91.635649
        ],
        [
          26.213644,
          91.635709
        ],
        [
          26.213396,
          91.635929
        ],
        [
          26.213284,
          91.636013
        ],
        [
          26.213225,
          91.636056
        ],
        [
          26.213163,
          91.636096
        ],
        [
          26.213047,
          91.636148
        ],
        [
          26.212961,
          91.636174
        ],
        [
          26.212865,
          91.636203
        ],
        [
          26.212706,
          91.636238
        ],
        [
          26.212565,
          91.636266
        ],
        [
          26.212395,
          91.636304
        ],
        [
          26.212103,
          91.636347
        ],
        [
          26.211936,
          91.636366
        ],
        [
          26.211711,
          91.636393
        ],
        [
          26.211538,
          91.636409
        ],
        [
          26.211416,
          91.636421
        ],
        [
          26.211172,
          91.636444
        ],
        [
          26.210989,
          91.636473
        ],
        [
          26.210853,
          91.636495
        ],
        [
          26.21061,
          91.636547
        ],
        [
          26.21043,
          91.636577
        ],
        [
          26.210106,
          91.63665
        ],
        [
          26.209992,
          91.636673
        ],
        [
          26.209808,
          91.636713
        ],
        [
          26.209557,
          91.636762
        ],
        [
          26.209308,
          91.636821
        ],
        [
          26.209153,
          91.63686
        ],
        [
          26.209023,
          91.636893
        ],
        [
          26.208925,
          91.636917
        ],
        [
          26.208891,
          91.636922
        ],
        [
          26.20871,
          91.636946
        ],
        [
          26.208537,
          91.636954
        ],
        [
          26.208357,
          91.636962
        ],
        [
          26.20812,
          91.636975
        ],
        [
          26.207972,
          91.636979
        ],
        [
          26.207842,
          91.636994
        ],
        [
          26.207702,
          91.637014
        ],
        [
          26.207484,
          91.637047
        ],
        [
          26.207289,
          91.637097
        ],
        [
          26.206838,
          91.637221
        ],
        [
          26.20659,
          91.637293
        ],
        [
          26.206414,
          91.637342
        ],
        [
          26.206176,
          91.637403
        ],
        [
          26.206129,
          91.637414
        ],
        [
          26.205985,
          91.637444
        ],
        [
          26.205752,
          91.637489
        ],
        [
          26.205571,
          91.637533
        ],
        [
          26.205401,
          91.637579
        ],
        [
          26.205267,
          91.637617
        ],
        [
          26.205128,
          91.637658
        ],
        [
          26.204816,
          91.637753
        ],
        [
          26.204254,
          91.637939
        ],
        [
          26.203645,
          91.638147
        ],
        [
          26.203489,
          91.638198
        ],
        [
          26.203106,
          91.638343
        ],
        [
          26.203008,
          91.638379
        ],
        [
          26.202768,
          91.638465
        ],
        [
          26.202465,
          91.63857
        ],
        [
          26.202228,
          91.63865
        ],
        [
          26.201774,
          91.638799
        ],
        [
          26.201475,
          91.638898
        ],
        [
          26.201381,
          91.638924
        ],
        [
          26.201284,
          91.63895
        ],
        [
          26.201079,
          91.639007
        ],
        [
          26.200893,
          91.639067
        ],
        [
          26.200736,
          91.639125
        ],
        [
          26.200582,
          91.639184
        ],
        [
          26.200425,
          91.639254
        ],
        [
          26.20027,
          91.639327
        ],
        [
          26.200153,
          91.639381
        ],
        [
          26.200068,
          91.639421
        ],
        [
          26.199978,
          91.639464
        ],
        [
          26.199857,
          91.639538
        ],
        [
          26.199719,
          91.639622
        ],
        [
          26.199501,
          91.639787
        ],
        [
          26.199215,
          91.640019
        ],
        [
          26.199087,
          91.64012
        ],
        [
          26.198973,
          91.640203
        ],
        [
          26.198886,
          91.640258
        ],
        [
          26.198806,
          91.640294
        ],
        [
          26.198555,
          91.640405
        ],
        [
          26.198196,
          91.640542
        ],
        [
          26.198034,
          91.640607
        ],
        [
          26.197919,
          91.640652
        ],
        [
          26.197608,
          91.640772
        ],
        [
          26.197421,
          91.64084
        ],
        [
          26.197336,
          91.640879
        ],
        [
          26.197076,
          91.640973
        ],
        [
          26.196999,
          91.641004
        ],
        [
          26.19676,
          91.641102
        ],
        [
          26.196727,
          91.641115
        ],
        [
          26.196381,
          91.641254
        ],
        [
          26.195954,
          91.641421
        ],
        [
          26.195559,
          91.641579
        ],
        [
          26.195419,
          91.641634
        ],
        [
          26.195164,
          91.641733
        ],
        [
          26.194854,
          91.641853
        ],
        [
          26.194711,
          91.641905
        ],
        [
          26.194496,
          91.641984
        ],
        [
          26.194234,
          91.642078
        ],
        [
          26.193884,
          91.642207
        ],
        [
          26.193644,
          91.642297
        ],
        [
          26.193286,
          91.642431
        ],
        [
          26.193074,
          91.642514
        ],
        [
          26.19282,
          91.642612
        ],
        [
          26.192702,
          91.642663
        ],
        [
          26.192592,
          91.642715
        ],
        [
          26.192466,
          91.642786
        ],
        [
          26.192395,
          91.642828
        ],
        [
          26.192027,
          91.643035
        ],
        [
          26.191895,
          91.643101
        ],
        [
          26.19176,
          91.643167
        ],
        [
          26.191625,
          91.643222
        ],
        [
          26.191501,
          91.643265
        ],
        [
          26.191299,
          91.64332
        ],
        [
          26.191061,
          91.643375
        ],
        [
          26.190715,
          91.643457
        ],
        [
          26.190413,
          91.643541
        ],
        [
          26.190307,
          91.643576
        ],
        [
          26.190242,
          91.643612
        ],
        [
          26.190176,
          91.643677
        ],
        [
          26.190121,
          91.643746
        ],
        [
          26.190082,
          91.64382
        ],
        [
          26.190066,
          91.643913
        ],
        [
          26.190062,
          91.644023
        ],
        [
          26.190082,
          91.644342
        ],
        [
          26.190133,
          91.644626
        ],
        [
          26.190196,
          91.644814
        ],
        [
          26.190309,
          91.645055
        ],
        [
          26.190422,
          91.645299
        ],
        [
          26.190646,
          91.645715
        ],
        [
          26.190809,
          91.646015
        ],
        [
          26.190868,
          91.646139
        ],
        [
          26.190904,
          91.646237
        ],
        [
          26.190925,
          91.646324
        ],
        [
          26.190931,
          91.646416
        ],
        [
          26.19092,
          91.646534
        ],
        [
          26.190897,
          91.646648
        ],
        [
          26.190861,
          91.646748
        ],
        [
          26.190786,
          91.646863
        ],
        [
          26.190705,
          91.646982
        ],
        [
          26.190537,
          91.647213
        ],
        [
          26.190407,
          91.647416
        ],
        [
          26.19028,
          91.647619
        ],
        [
          26.190258,
          91.647654
        ],
        [
          26.190242,
          91.647681
        ],
        [
          26.190206,
          91.647739
        ],
        [
          26.190056,
          91.647981
        ],
        [
          26.189712,
          91.648531
        ],
        [
          26.189596,
          91.648724
        ],
        [
          26.18925,
          91.649298
        ],
        [
          26.189231,
          91.64933
        ],
        [
          26.189084,
          91.649575
        ],
        [
          26.189074,
          91.649593
        ],
        [
          26.188969,
          91.649764
        ],
        [
          26.188929,
          91.649833
        ],
        [
          26.18887,
          91.649934
        ],
        [
          26.188768,
          91.65011
        ],
        [
          26.188689,
          91.650251
        ],
        [
          26.188587,
          91.650436
        ],
        [
          26.188455,
          91.650672
        ],
        [
          26.18833,
          91.650894
        ],
        [
          26.188102,
          91.65135
        ],
        [
          26.18781,
          91.651965
        ],
        [
          26.187783,
          91.652028
        ],
        [
          26.187505,
          91.652675
        ],
        [
          26.187383,
          91.652932
        ],
        [
          26.187235,
          91.653225
        ],
        [
          26.187079,
          91.653531
        ],
        [
          26.186874,
          91.653931
        ],
        [
          26.186706,
          91.654309
        ],
        [
          26.186478,
          91.654816
        ],
        [
          26.186274,
          91.655316
        ],
        [
          26.186162,
          91.655607
        ],
        [
          26.18602,
          91.656025
        ],
        [
          26.185786,
          91.656755
        ],
        [
          26.185678,
          91.657098
        ],
        [
          26.185505,
          91.657645
        ],
        [
          26.185295,
          91.658327
        ],
        [
          26.185165,
          91.65874
        ],
        [
          26.185021,
          91.659196
        ],
        [
          26.184761,
          91.660022
        ],
        [
          26.184599,
          91.660497
        ],
        [
          26.184465,
          91.660886
        ],
        [
          26.184366,
          91.661159
        ],
        [
          26.184241,
          91.661452
        ],
        [
          26.184034,
          91.661916
        ],
        [
          26.183846,
          91.662369
        ],
        [
          26.18367,
          91.662809
        ],
        [
          26.183619,
          91.662966
        ],
        [
          26.183584,
          91.663102
        ],
        [
          26.183544,
          91.663267
        ],
        [
          26.183533,
          91.663348
        ],
        [
          26.183527,
          91.66349
        ],
        [
          26.183525,
          91.663651
        ],
        [
          26.183532,
          91.663815
        ],
        [
          26.183542,
          91.664044
        ],
        [
          26.183562,
          91.66425
        ],
        [
          26.183593,
          91.664435
        ],
        [
          26.18365,
          91.664666
        ],
        [
          26.183738,
          91.664954
        ],
        [
          26.18384,
          91.665276
        ],
        [
          26.183927,
          91.665498
        ],
        [
          26.184003,
          91.665697
        ],
        [
          26.184095,
          91.665936
        ],
        [
          26.184176,
          91.666147
        ],
        [
          26.184297,
          91.666424
        ],
        [
          26.184423,
          91.666698
        ],
        [
          26.184459,
          91.666768
        ],
        [
          26.18448,
          91.666807
        ],
        [
          26.18455,
          91.666871
        ],
        [
          26.184684,
          91.667108
        ],
        [
          26.184768,
          91.66724
        ],
        [
          26.184839,
          91.66733
        ],
        [
          26.184898,
          91.667378
        ],
        [
          26.184959,
          91.667398
        ],
        [
          26.185028,
          91.667409
        ],
        [
          26.185135,
          91.667409
        ],
        [
          26.185591,
          91.667363
        ],
        [
          26.186057,
          91.66732
        ],
        [
          26.186355,
          91.667281
        ],
        [
          26.186966,
          91.667237
        ],
        [
          26.187287,
          91.667208
        ],
        [
          26.187412,
          91.667201
        ],
        [
          26.187525,
          91.667199
        ],
        [
          26.187633,
          91.667205
        ],
        [
          26.187714,
          91.667217
        ],
        [
          26.187789,
          91.667244
        ],
        [
          26.187869,
          91.667277
        ],
        [
          26.188039,
          91.66743
        ],
        [
          26.188213,
          91.6676
        ],
        [
          26.188376,
          91.667771
        ],
        [
          26.188648,
          91.668039
        ],
        [
          26.188934,
          91.668313
        ],
        [
          26.189215,
          91.668598
        ],
        [
          26.189483,
          91.668884
        ],
        [
          26.189589,
          91.669007
        ],
        [
          26.189665,
          91.669112
        ],
        [
          26.189715,
          91.669212
        ],
        [
          26.18975,
          91.669321
        ],
        [
          26.189788,
          91.669549
        ],
        [
          26.189824,
          91.669839
        ],
        [
          26.189841,
          91.670028
        ],
        [
          26.18985,
          91.670269
        ],
        [
          26.189855,
          91.670372
        ],
        [
          26.189862,
          91.670513
        ],
        [
          26.189873,
          91.670678
        ],
        [
          26.189891,
          91.670821
        ],
        [
          26.189914,
          91.670894
        ],
        [
          26.189947,
          91.670952
        ],
        [
          26.189981,
          91.670999
        ],
        [
          26.190025,
          91.671042
        ],
        [
          26.189774,
          91.67115
        ],
        [
          26.189603,
          91.671201
        ],
        [
          26.18938,
          91.671244
        ],
        [
          26.189067,
          91.671276
        ],
        [
          26.188648,
          91.671303
        ],
        [
          26.188188,
          91.671333
        ],
        [
          26.187846,
          91.671346
        ],
        [
          26.187526,
          91.671343
        ],
        [
          26.187257,
          91.67133
        ],
        [
          26.186831,
          91.67133
        ],
        [
          26.185974,
          91.671362
        ],
        [
          26.18477,
          91.671435
        ],
        [
          26.183983,
          91.671488
        ],
        [
          26.183792,
          91.671496
        ],
        [
          26.183385,
          91.671513
        ],
        [
          26.183086,
          91.671526
        ],
        [
          26.182787,
          91.671539
        ],
        [
          26.181911,
          91.671596
        ],
        [
          26.181747,
          91.671606
        ],
        [
          26.181644,
          91.67162
        ],
        [
          26.181574,
          91.671644
        ],
        [
          26.181471,
          91.671702
        ],
        [
          26.18131,
          91.671844
        ],
        [
          26.181187,
          91.671892
        ],
        [
          26.180987,
          91.67192
        ],
        [
          26.169828,
          91.672585
        ],
        [
          26.169621,
          91.672612
        ],
        [
          26.169491,
          91.672612
        ],
        [
          26.169401,
          91.672593
        ],
        [
          26.169332,
          91.672559
        ],
        [
          26.169231,
          91.672497
        ],
        [
          26.169142,
          91.672446
        ],
        [
          26.169081,
          91.672419
        ],
        [
          26.169007,
          91.672402
        ],
        [
          26.168924,
          91.672404
        ],
        [
          26.168696,
          91.672406
        ],
        [
          26.167929,
          91.672432
        ],
        [
          26.167593,
          91.67243
        ],
        [
          26.167238,
          91.672405
        ],
        [
          26.166857,
          91.672319
        ],
        [
          26.166705,
          91.672274
        ],
        [
          26.166466,
          91.672192
        ],
        [
          26.166214,
          91.672065
        ],
        [
          26.165915,
          91.671892
        ],
        [
          26.16499,
          91.671314
        ],
        [
          26.164757,
          91.671164
        ],
        [
          26.164466,
          91.670979
        ],
        [
          26.164193,
          91.670873
        ],
        [
          26.163883,
          91.670786
        ],
        [
          26.163674,
          91.67074
        ],
        [
          26.163426,
          91.670697
        ],
        [
          26.163205,
          91.670692
        ],
        [
          26.163017,
          91.670702
        ],
        [
          26.162793,
          91.670729
        ],
        [
          26.162574,
          91.670786
        ],
        [
          26.162232,
          91.670901
        ],
        [
          26.161902,
          91.671046
        ],
        [
          26.161669,
          91.671169
        ],
        [
          26.161442,
          91.671293
        ],
        [
          26.161096,
          91.671464
        ],
        [
          26.160402,
          91.671813
        ],
        [
          26.159569,
          91.67232
        ],
        [
          26.159262,
          91.6725
        ],
        [
          26.158939,
          91.67269
        ],
        [
          26.158192,
          91.673141
        ],
        [
          26.157831,
          91.67342
        ],
        [
          26.157547,
          91.673661
        ],
        [
          26.157335,
          91.673897
        ],
        [
          26.157099,
          91.674176
        ],
        [
          26.156493,
          91.674989
        ],
        [
          26.156023,
          91.675681
        ],
        [
          26.15578,
          91.675968
        ],
        [
          26.155494,
          91.676236
        ],
        [
          26.155304,
          91.676331
        ],
        [
          26.155139,
          91.676378
        ],
        [
          26.15494,
          91.676434
        ],
        [
          26.154566,
          91.676526
        ],
        [
          26.153642,
          91.676713
        ],
        [
          26.15331,
          91.676788
        ],
        [
          26.152898,
          91.676896
        ],
        [
          26.152429,
          91.67703
        ],
        [
          26.151949,
          91.677159
        ],
        [
          26.151319,
          91.677333
        ],
        [
          26.15063,
          91.677539
        ],
        [
          26.150156,
          91.677684
        ],
        [
          26.149848,
          91.677781
        ],
        [
          26.149626,
          91.677856
        ],
        [
          26.149295,
          91.677939
        ],
        [
          26.149075,
          91.677979
        ],
        [
          26.148906,
          91.678003
        ],
        [
          26.148706,
          91.678021
        ],
        [
          26.148514,
          91.678025
        ],
        [
          26.148392,
          91.678024
        ],
        [
          26.148212,
          91.678018
        ],
        [
          26.148048,
          91.678002
        ],
        [
          26.147897,
          91.677979
        ],
        [
          26.147755,
          91.677943
        ],
        [
          26.1476,
          91.677906
        ],
        [
          26.147412,
          91.677852
        ],
        [
          26.146624,
          91.677576
        ],
        [
          26.143469,
          91.676469
        ],
        [
          26.142631,
          91.676175
        ],
        [
          26.141472,
          91.675775
        ],
        [
          26.137848,
          91.674522
        ],
        [
          26.137429,
          91.674345
        ],
        [
          26.137007,
          91.674167
        ],
        [
          26.136533,
          91.673963
        ],
        [
          26.13581,
          91.673597
        ],
        [
          26.135581,
          91.673508
        ],
        [
          26.135381,
          91.673446
        ],
        [
          26.13522,
          91.673406
        ],
        [
          26.135076,
          91.673377
        ],
        [
          26.134881,
          91.673336
        ],
        [
          26.134613,
          91.673326
        ],
        [
          26.13438,
          91.673336
        ],
        [
          26.134134,
          91.673358
        ],
        [
          26.133857,
          91.673409
        ],
        [
          26.133489,
          91.673497
        ],
        [
          26.132699,
          91.673709
        ],
        [
          26.13117,
          91.674136
        ],
        [
          26.130727,
          91.674278
        ],
        [
          26.130455,
          91.674374
        ],
        [
          26.130134,
          91.67453
        ],
        [
          26.129992,
          91.674624
        ],
        [
          26.129775,
          91.674777
        ],
        [
          26.129573,
          91.674932
        ],
        [
          26.129393,
          91.675099
        ],
        [
          26.129282,
          91.675217
        ],
        [
          26.12868,
          91.675935
        ],
        [
          26.12821,
          91.676526
        ],
        [
          26.127972,
          91.676861
        ],
        [
          26.127666,
          91.67733
        ],
        [
          26.125699,
          91.680686
        ],
        [
          26.124395,
          91.682929
        ],
        [
          26.123406,
          91.684545
        ],
        [
          26.122751,
          91.685699
        ],
        [
          26.122611,
          91.685956
        ],
        [
          26.122484,
          91.686203
        ],
        [
          26.122368,
          91.68645
        ],
        [
          26.122269,
          91.68671
        ],
        [
          26.122158,
          91.687008
        ],
        [
          26.122036,
          91.687383
        ],
        [
          26.121424,
          91.689481
        ],
        [
          26.120846,
          91.691686
        ],
        [
          26.119718,
          91.695594
        ],
        [
          26.119426,
          91.696648
        ],
        [
          26.118329,
          91.700221
        ],
        [
          26.117719,
          91.702254
        ],
        [
          26.117401,
          91.703207
        ],
        [
          26.117492,
          91.703416
        ],
        [
          26.116751,
          91.705859
        ],
        [
          26.116462,
          91.706811
        ],
        [
          26.115997,
          91.708343
        ],
        [
          26.115965,
          91.708567
        ],
        [
          26.116004,
          91.708559
        ],
        [
          26.1163,
          91.708478
        ],
        [
          26.117121,
          91.708289
        ],
        [
          26.117437,
          91.70829
        ],
        [
          26.11755,
          91.70829
        ],
        [
          26.118034,
          91.708403
        ],
        [
          26.118236,
          91.708627
        ],
        [
          26.118285,
          91.708682
        ],
        [
          26.118439,
          91.709025
        ],
        [
          26.11843,
          91.709216
        ],
        [
          26.118362,
          91.709379
        ],
        [
          26.118208,
          91.709475
        ],
        [
          26.118111,
          91.709615
        ],
        [
          26.118073,
          91.709819
        ],
        [
          26.118126,
          91.710219
        ],
        [
          26.11814,
          91.710323
        ],
        [
          26.118208,
          91.711578
        ],
        [
          26.118066,
          91.712091
        ],
        [
          26.117986,
          91.712383
        ],
        [
          26.117936,
          91.712445
        ],
        [
          26.117555,
          91.712924
        ],
        [
          26.117482,
          91.713085
        ],
        [
          26.117391,
          91.713284
        ],
        [
          26.117343,
          91.713609
        ],
        [
          26.117321,
          91.714261
        ],
        [
          26.117387,
          91.714723
        ],
        [
          26.117495,
          91.715193
        ],
        [
          26.117755,
          91.715559
        ],
        [
          26.117835,
          91.715635
        ],
        [
          26.117954,
          91.715747
        ],
        [
          26.118458,
          91.716224
        ],
        [
          26.118828,
          91.716534
        ],
        [
          26.118895,
          91.71659
        ],
        [
          26.119231,
          91.716872
        ],
        [
          26.119508,
          91.717104
        ],
        [
          26.120031,
          91.717427
        ],
        [
          26.120375,
          91.71764
        ],
        [
          26.12063,
          91.717725
        ],
        [
          26.120848,
          91.717821
        ],
        [
          26.121329,
          91.718112
        ],
        [
          26.121897,
          91.718296
        ],
        [
          26.121993,
          91.718327
        ],
        [
          26.122444,
          91.718323
        ],
        [
          26.122581,
          91.718321
        ],
        [
          26.122909,
          91.718541
        ],
        [
          26.123477,
          91.718971
        ],
        [
          26.12406,
          91.719502
        ],
        [
          26.124207,
          91.719544
        ],
        [
          26.124527,
          91.719636
        ],
        [
          26.12497,
          91.719715
        ],
        [
          26.125481,
          91.719807
        ],
        [
          26.125597,
          91.719786
        ],
        [
          26.12602,
          91.719711
        ],
        [
          26.126396,
          91.719528
        ],
        [
          26.126675,
          91.719539
        ],
        [
          26.126827,
          91.71961
        ],
        [
          26.127274,
          91.719819
        ],
        [
          26.127388,
          91.719872
        ],
        [
          26.127672,
          91.720026
        ],
        [
          26.1278,
          91.720087
        ],
        [
          26.128161,
          91.720258
        ],
        [
          26.128403,
          91.720373
        ],
        [
          26.128732,
          91.720517
        ],
        [
          26.12917,
          91.720687
        ],
        [
          26.129512,
          91.720751
        ],
        [
          26.129905,
          91.720825
        ],
        [
          26.130316,
          91.720902
        ],
        [
          26.130553,
          91.720944
        ],
        [
          26.130666,
          91.720964
        ],
        [
          26.131042,
          91.721034
        ],
        [
          26.131154,
          91.721052
        ],
        [
          26.131626,
          91.72117
        ],
        [
          26.13206,
          91.721395
        ],
        [
          26.132165,
          91.721506
        ],
        [
          26.132411,
          91.721763
        ],
        [
          26.132551,
          91.72191
        ],
        [
          26.132861,
          91.722241
        ],
        [
          26.133003,
          91.722393
        ],
        [
          26.133389,
          91.722565
        ],
        [
          26.133644,
          91.722653
        ],
        [
          26.134256,
          91.722919
        ],
        [
          26.134542,
          91.723101
        ],
        [
          26.134657,
          91.723224
        ],
        [
          26.134753,
          91.723343
        ],
        [
          26.13479,
          91.723496
        ],
        [
          26.134883,
          91.723854
        ],
        [
          26.134966,
          91.724002
        ],
        [
          26.13509,
          91.724149
        ],
        [
          26.135133,
          91.724195
        ],
        [
          26.135206,
          91.724273
        ],
        [
          26.135426,
          91.724383
        ],
        [
          26.135625,
          91.724433
        ],
        [
          26.136084,
          91.724548
        ],
        [
          26.136824,
          91.724705
        ],
        [
          26.137848,
          91.724922
        ],
        [
          26.137982,
          91.724966
        ],
        [
          26.138455,
          91.725129
        ],
        [
          26.140124,
          91.7254
        ],
        [
          26.140678,
          91.725547
        ],
        [
          26.140924,
          91.725679
        ],
        [
          26.14108,
          91.725762
        ],
        [
          26.141342,
          91.725897
        ],
        [
          26.141495,
          91.725976
        ],
        [
          26.141768,
          91.726116
        ],
        [
          26.142021,
          91.726225
        ],
        [
          26.142296,
          91.726344
        ],
        [
          26.142559,
          91.726504
        ],
        [
          26.142837,
          91.726674
        ],
        [
          26.143259,
          91.727003
        ],
        [
          26.143386,
          91.727103
        ],
        [
          26.144532,
          91.727446
        ],
        [
          26.144588,
          91.72746
        ],
        [
          26.144689,
          91.727486
        ],
        [
          26.144956,
          91.727554
        ],
        [
          26.14544,
          91.727875
        ],
        [
          26.145505,
          91.727918
        ],
        [
          26.145643,
          91.727948
        ],
        [
          26.145918,
          91.728008
        ],
        [
          26.145869,
          91.72853
        ],
        [
          26.14586,
          91.728674
        ],
        [
          26.145844,
          91.729015
        ],
        [
          26.145817,
          91.72947
        ],
        [
          26.145797,
          91.729706
        ],
        [
          26.145747,
          91.730003
        ],
        [
          26.145611,
          91.730637
        ],
        [
          26.145545,
          91.730942
        ],
        [
          26.145624,
          91.731154
        ],
        [
          26.145403,
          91.732133
        ],
        [
          26.145251,
          91.732889
        ],
        [
          26.145083,
          91.733807
        ],
        [
          26.145066,
          91.733894
        ],
        [
          26.144974,
          91.733889
        ],
        [
          26.144947,
          91.733893
        ],
        [
          26.144926,
          91.733918
        ],
        [
          26.14485,
          91.734278
        ],
        [
          26.144856,
          91.734307
        ],
        [
          26.144889,
          91.73432
        ],
        [
          26.144907,
          91.734338
        ],
        [
          26.144911,
          91.734374
        ],
        [
          26.144783,
          91.734972
        ],
        [
          26.144731,
          91.734953
        ],
        [
          26.144708,
          91.735035
        ],
        [
          26.144628,
          91.735283
        ],
        [
          26.144677,
          91.735485
        ],
        [
          26.144447,
          91.735729
        ],
        [
          26.144295,
          91.73604
        ],
        [
          26.144276,
          91.736153
        ]
      ]
    }
  ]
}