{"type": "FeatureCollection", "features": [{"type": "Feature", "properties": {"name": "Setumarg Escorted Heavy-Corridor Bypass (via Golaghat - Wokha High Plateau)", "distance_km": 460.8, "duration_hrs": 6.0}, "geometry": {"type": "LineString", "coordinates": [[91.736153, 26.144276], [91.736389, 26.144236], [91.73674, 26.144276], [91.737061, 26.144411], [91.737321, 26.144627], [91.737494, 26.144905], [91.737563, 26.145217], [91.737523, 26.145533], [91.737369, 26.145841], [91.737798, 26.145863], [91.737827, 26.146258], [91.737835, 26.146366], [91.737873, 26.146591], [91.737919, 26.146857], [91.737925, 26.146878], [91.737975, 26.147002], [91.738033, 26.147134], [91.738245, 26.147635], [91.738455, 26.147607], [91.73856, 26.147592], [91.738782, 26.147551], [91.739222, 26.147471], [91.739509, 26.147387], [91.739788, 26.147305], [91.739847, 26.147288], [91.740373, 26.147165], [91.740756, 26.147136], [91.740725, 26.146609], [91.740725, 26.146477], [91.740725, 26.14624], [91.740738, 26.146187], [91.740864, 26.145674], [91.740897, 26.145538], [91.741041, 26.145156], [91.741117, 26.144957], [91.741298, 26.144479], [91.741722, 26.14365], [91.741886, 26.143274], [91.741955, 26.143017], [91.74199, 26.142884], [91.741995, 26.142827], [91.742023, 26.142494], [91.74203, 26.142408], [91.741993, 26.142042], [91.741976, 26.141972], [91.741933, 26.141801], [91.741887, 26.141612], [91.741745, 26.141289], [91.74153, 26.140898], [91.741351, 26.140633], [91.740855, 26.13991], [91.740706, 26.139613], [91.740596, 26.139391], [91.740546, 26.139293], [91.74031, 26.138991], [91.740237, 26.138891], [91.740193, 26.138843], [91.740081, 26.138721], [91.739314, 26.137892], [91.738554, 26.13707], [91.737778, 26.136396], [91.737449, 26.136111], [91.737212, 26.135905], [91.736949, 26.135676], [91.736734, 26.135306], [91.73664, 26.135036], [91.736607, 26.134902], [91.736554, 26.134682], [91.736545, 26.134634], [91.736483, 26.134279], [91.736468, 26.134196], [91.736415, 26.133623], [91.736384, 26.133285], [91.736382, 26.133264], [91.736382, 26.132414], [91.736382, 26.132347], [91.736413, 26.131784], [91.736416, 26.131707], [91.73642, 26.131582], [91.736429, 26.131206], [91.736601, 26.130647], [91.736938, 26.130105], [91.736955, 26.130079], [91.737449, 26.129392], [91.738092, 26.12873], [91.738367, 26.128494], [91.738833, 26.128094], [91.739487, 26.12776], [91.73953, 26.127738], [91.739826, 26.127586], [91.739906, 26.127545], [91.740249, 26.127398], [91.740914, 26.127112], [91.741461, 26.126948], [91.742009, 26.126802], [91.742352, 26.12671], [91.743173, 26.126551], [91.743728, 26.126435], [91.743993, 26.126412], [91.744104, 26.126402], [91.745356, 26.126014], [91.747019, 26.125503], [91.747824, 26.125224], [91.748349, 26.124896], [91.748489, 26.124636], [91.748468, 26.123353], [91.748466, 26.123241], [91.748472, 26.123029], [91.74848, 26.122928], [91.748613, 26.121284], [91.74862, 26.121199], [91.748636, 26.120629], [91.748642, 26.120417], [91.748666, 26.119598], [91.748642, 26.118279], [91.748639, 26.118079], [91.748639, 26.118052], [91.748638, 26.117915], [91.748632, 26.116947], [91.748631, 26.116689], [91.748623, 26.116257], [91.748616, 26.115831], [91.748609, 26.115437], [91.748605, 26.115215], [91.748653, 26.114567], [91.748731, 26.114064], [91.748809, 26.11371], [91.748862, 26.113556], [91.748877, 26.113496], [91.748915, 26.113447], [91.749071, 26.112715], [91.749228, 26.112261], [91.749435, 26.111868], [91.750469, 26.111867], [91.750993, 26.111853], [91.752325, 26.111807], [91.752365, 26.111806], [91.752872, 26.111795], [91.754674, 26.111766], [91.755097, 26.111762], [91.756834, 26.111741], [91.756906, 26.11174], [91.758268, 26.111725], [91.758411, 26.111724], [91.758405, 26.111505], [91.758566, 26.111501], [91.765535, 26.111397], [91.767248, 26.111393], [91.776305, 26.111201], [91.777382, 26.1112], [91.778455, 26.111131], [91.77982, 26.111191], [91.781161, 26.111215], [91.782017, 26.111239], [91.783597, 26.111299], [91.784638, 26.11134], [91.786081, 26.111376], [91.788188, 26.111397], [91.788329, 26.111398], [91.78921, 26.111424], [91.789608, 26.111436], [91.791267, 26.111536], [91.791735, 26.111559], [91.792381, 26.111595], [91.79301, 26.111672], [91.793245, 26.1117], [91.793711, 26.111756], [91.795953, 26.112054], [91.798171, 26.112372], [91.799099, 26.112494], [91.799804, 26.11257], [91.801028, 26.112712], [91.801358, 26.112762], [91.801496, 26.112788], [91.801739, 26.112845], [91.801894, 26.112886], [91.802211, 26.112975], [91.802754, 26.113141], [91.803255, 26.11331], [91.804345, 26.113654], [91.805996, 26.114124], [91.806074, 26.114147], [91.807092, 26.114422], [91.807548, 26.114546], [91.807957, 26.11467], [91.808922, 26.114931], [91.810971, 26.115461], [91.811457, 26.115608], [91.811862, 26.115736], [91.811909, 26.115754], [91.812074, 26.115817], [91.812241, 26.115891], [91.812575, 26.116073], [91.813235, 26.116477], [91.815183, 26.117713], [91.815445, 26.117862], [91.815713, 26.117995], [91.81588, 26.11807], [91.816061, 26.11814], [91.816271, 26.118217], [91.816489, 26.118292], [91.816698, 26.118357], [91.816801, 26.11839], [91.817017, 26.118447], [91.817256, 26.1185], [91.818034, 26.118647], [91.819281, 26.118872], [91.819538, 26.118919], [91.820837, 26.119183], [91.821372, 26.119283], [91.824327, 26.11981], [91.824565, 26.119813], [91.824696, 26.119803], [91.824849, 26.119779], [91.825101, 26.119738], [91.82533, 26.119691], [91.82564, 26.119633], [91.826233, 26.119524], [91.826802, 26.119427], [91.827405, 26.119305], [91.82839, 26.11912], [91.82928, 26.118965], [91.829723, 26.118883], [91.830002, 26.118835], [91.830264, 26.118787], [91.830398, 26.118751], [91.830486, 26.118718], [91.830573, 26.118669], [91.830644, 26.118609], [91.830711, 26.11853], [91.830759, 26.118449], [91.830805, 26.118338], [91.830844, 26.11822], [91.8309, 26.118084], [91.830947, 26.11801], [91.831009, 26.11795], [91.831082, 26.117907], [91.831179, 26.117878], [91.831293, 26.117858], [91.831418, 26.117839], [91.831559, 26.117816], [91.831694, 26.117779], [91.831801, 26.117744], [91.831901, 26.117696], [91.831971, 26.117644], [91.83202, 26.117587], [91.832047, 26.117529], [91.832055, 26.117456], [91.832047, 26.117395], [91.832023, 26.117333], [91.831995, 26.117284], [91.831945, 26.11723], [91.831897, 26.117188], [91.831797, 26.117111], [91.83172, 26.11705], [91.831669, 26.117002], [91.831633, 26.116957], [91.831612, 26.116917], [91.831601, 26.11686], [91.8316, 26.116798], [91.83161, 26.116749], [91.831637, 26.116698], [91.831678, 26.116659], [91.831723, 26.116631], [91.831776, 26.116615], [91.831831, 26.116612], [91.831892, 26.116618], [91.831967, 26.116643], [91.832021, 26.116673], [91.832154, 26.116761], [91.832283, 26.116852], [91.832376, 26.116902], [91.832432, 26.11693], [91.832477, 26.116946], [91.832519, 26.116957], [91.832575, 26.116963], [91.832625, 26.11696], [91.832699, 26.116941], [91.832753, 26.116919], [91.83281, 26.116884], [91.832876, 26.116825], [91.832929, 26.116764], [91.83299, 26.116678], [91.833028, 26.116596], [91.833051, 26.116478], [91.833067, 26.116368], [91.833089, 26.116273], [91.833125, 26.116168], [91.833173, 26.116076], [91.833232, 26.116014], [91.833287, 26.115975], [91.833354, 26.11594], [91.833416, 26.11592], [91.833489, 26.115905], [91.833573, 26.115894], [91.833668, 26.115901], [91.833783, 26.115919], [91.833881, 26.115931], [91.833941, 26.115934], [91.833994, 26.115929], [91.834055, 26.115911], [91.834105, 26.115886], [91.834152, 26.115852], [91.834191, 26.115808], [91.834231, 26.115736], [91.834269, 26.115621], [91.834316, 26.115496], [91.834369, 26.115381], [91.834434, 26.115284], [91.834493, 26.115188], [91.834538, 26.115098], [91.83456, 26.114996], [91.83456, 26.114905], [91.834548, 26.114773], [91.834525, 26.114645], [91.834514, 26.114552], [91.834514, 26.114474], [91.83453, 26.114408], [91.834576, 26.114352], [91.834632, 26.114315], [91.834701, 26.114286], [91.834803, 26.114268], [91.834921, 26.11424], [91.835027, 26.1142], [91.835111, 26.114162], [91.835181, 26.114115], [91.835249, 26.114046], [91.835296, 26.113982], [91.835331, 26.113892], [91.835358, 26.113796], [91.835391, 26.113678], [91.835425, 26.113556], [91.835481, 26.113448], [91.83555, 26.113364], [91.835614, 26.113303], [91.835696, 26.113239], [91.835717, 26.113227], [91.83579, 26.113186], [91.835906, 26.113144], [91.836018, 26.11311], [91.836137, 26.113069], [91.836254, 26.113022], [91.836338, 26.112975], [91.836439, 26.112906], [91.83661, 26.112801], [91.836691, 26.11276], [91.836797, 26.112705], [91.836884, 26.112659], [91.836977, 26.112589], [91.837065, 26.112503], [91.837193, 26.112384], [91.837278, 26.112313], [91.837394, 26.112248], [91.837518, 26.112196], [91.837644, 26.112161], [91.837817, 26.112141], [91.837974, 26.11214], [91.838131, 26.112141], [91.838287, 26.112139], [91.838491, 26.112122], [91.838644, 26.112098], [91.838787, 26.112057], [91.838931, 26.112004], [91.839046, 26.111948], [91.839214, 26.111869], [91.83944, 26.111756], [91.839617, 26.111669], [91.839794, 26.11157], [91.839912, 26.111492], [91.839998, 26.111416], [91.840093, 26.11131], [91.840186, 26.111168], [91.840266, 26.111044], [91.840348, 26.110943], [91.840438, 26.110854], [91.840565, 26.110751], [91.840687, 26.110669], [91.840789, 26.11062], [91.840923, 26.110578], [91.841088, 26.110562], [91.841261, 26.110561], [91.841422, 26.110565], [91.841547, 26.11056], [91.841662, 26.110541], [91.841758, 26.110513], [91.841868, 26.110463], [91.842034, 26.110367], [91.842175, 26.110285], [91.842291, 26.110224], [91.84246, 26.110152], [91.842604, 26.110101], [91.842776, 26.110055], [91.842995, 26.110007], [91.843284, 26.109944], [91.84381, 26.109836], [91.844105, 26.109772], [91.84426, 26.109725], [91.844369, 26.109679], [91.844459, 26.109624], [91.844555, 26.109547], [91.844683, 26.109449], [91.844809, 26.10937], [91.844953, 26.109297], [91.845109, 26.109233], [91.845283, 26.109176], [91.845418, 26.109151], [91.845562, 26.109145], [91.845706, 26.109154], [91.845841, 26.109183], [91.845951, 26.109207], [91.846065, 26.109232], [91.846179, 26.109236], [91.846288, 26.109227], [91.846383, 26.109201], [91.846468, 26.109156], [91.846576, 26.109088], [91.846714, 26.108981], [91.846997, 26.108773], [91.84728, 26.108614], [91.847605, 26.108464], [91.847905, 26.108325], [91.84809, 26.108243], [91.848224, 26.108197], [91.848346, 26.108171], [91.848475, 26.108163], [91.848628, 26.108177], [91.848798, 26.108219], [91.848966, 26.108274], [91.849234, 26.108358], [91.849536, 26.10846], [91.84974, 26.108525], [91.849917, 26.108581], [91.850047, 26.108613], [91.85017, 26.108637], [91.850325, 26.108656], [91.850546, 26.108664], [91.850751, 26.108667], [91.850837, 26.108666], [91.850955, 26.108664], [91.85117, 26.108657], [91.851341, 26.108638], [91.851451, 26.108616], [91.851556, 26.108581], [91.851636, 26.108543], [91.851739, 26.108472], [91.851829, 26.108391], [91.851986, 26.108239], [91.852144, 26.108095], [91.85232, 26.10793], [91.852799, 26.107481], [91.853012, 26.107276], [91.853158, 26.107137], [91.853291, 26.107014], [91.853449, 26.106872], [91.853573, 26.106765], [91.853681, 26.106683], [91.853846, 26.106572], [91.854054, 26.106453], [91.854294, 26.106332], [91.85452, 26.106224], [91.854733, 26.106115], [91.854962, 26.105998], [91.855275, 26.105843], [91.855325, 26.105817], [91.855601, 26.105678], [91.855851, 26.105549], [91.856113, 26.105413], [91.85642, 26.105253], [91.856817, 26.105051], [91.857211, 26.104852], [91.857681, 26.104619], [91.857947, 26.104497], [91.85815, 26.104413], [91.85837, 26.104326], [91.858527, 26.104264], [91.858697, 26.104194], [91.85883, 26.104124], [91.858929, 26.104066], [91.859028, 26.103993], [91.859124, 26.103928], [91.859228, 26.10387], [91.859327, 26.103829], [91.859429, 26.10381], [91.85958, 26.1038], [91.859719, 26.103803], [91.859828, 26.103801], [91.859942, 26.103791], [91.860046, 26.103763], [91.86014, 26.103716], [91.860255, 26.103644], [91.860478, 26.103481], [91.860648, 26.103347], [91.860925, 26.103127], [91.861154, 26.102944], [91.861252, 26.102892], [91.861343, 26.102869], [91.861446, 26.102863], [91.861579, 26.102869], [91.861707, 26.102872], [91.861854, 26.102864], [91.861994, 26.102833], [91.862124, 26.102799], [91.862244, 26.102763], [91.862357, 26.102739], [91.862479, 26.102727], [91.862612, 26.102733], [91.862735, 26.102762], [91.862852, 26.102799], [91.862956, 26.102832], [91.863053, 26.102849], [91.863166, 26.102852], [91.863274, 26.102837], [91.86338, 26.102802], [91.863469, 26.10276], [91.863581, 26.102685], [91.863757, 26.102561], [91.863917, 26.102435], [91.864047, 26.102313], [91.864135, 26.102201], [91.86422, 26.102085], [91.864338, 26.101923], [91.864441, 26.101791], [91.864522, 26.101702], [91.864606, 26.101641], [91.864719, 26.101587], [91.864892, 26.101522], [91.86501, 26.101472], [91.865101, 26.101425], [91.865168, 26.101382], [91.865239, 26.101308], [91.86532, 26.101205], [91.865464, 26.100974], [91.865632, 26.100726], [91.86569, 26.100652], [91.865745, 26.100605], [91.865797, 26.100574], [91.865857, 26.100552], [91.865927, 26.100539], [91.865996, 26.100539], [91.866067, 26.100551], [91.866124, 26.100571], [91.866172, 26.1006], [91.86621, 26.100635], [91.866245, 26.100673], [91.866271, 26.100714], [91.86629, 26.100757], [91.866302, 26.10081], [91.866303, 26.100863], [91.866297, 26.100914], [91.866274, 26.100966], [91.866237, 26.101036], [91.866203, 26.101096], [91.86618, 26.101155], [91.86617, 26.101218], [91.866174, 26.101277], [91.866191, 26.10134], [91.866218, 26.101389], [91.86625, 26.101425], [91.866292, 26.101463], [91.866334, 26.101491], [91.866381, 26.101515], [91.866432, 26.101532], [91.86649, 26.101541], [91.86658, 26.101546], [91.866679, 26.101535], [91.86683, 26.101499], [91.867074, 26.10144], [91.867264, 26.101402], [91.867365, 26.101377], [91.867483, 26.101337], [91.867569, 26.101294], [91.867641, 26.101246], [91.867724, 26.101174], [91.867827, 26.101065], [91.867951, 26.100934], [91.868084, 26.1008], [91.868281, 26.1006], [91.868413, 26.100477], [91.868523, 26.10038], [91.868608, 26.100325], [91.868676, 26.100293], [91.868727, 26.100276], [91.868776, 26.100268], [91.86884, 26.100267], [91.868923, 26.100272], [91.868989, 26.100279], [91.869077, 26.100287], [91.86926, 26.10031], [91.869393, 26.100322], [91.869509, 26.100323], [91.869639, 26.100321], [91.869749, 26.100316], [91.869881, 26.100305], [91.87005, 26.100297], [91.870177, 26.100303], [91.8703, 26.100326], [91.870425, 26.100361], [91.870601, 26.100414], [91.87077, 26.100459], [91.870944, 26.100504], [91.871118, 26.100561], [91.871259, 26.1006], [91.871403, 26.100635], [91.871577, 26.100663], [91.871723, 26.100679], [91.871853, 26.100699], [91.871987, 26.100727], [91.872111, 26.100754], [91.872237, 26.100787], [91.872327, 26.100801], [91.872416, 26.100807], [91.872523, 26.100799], [91.872599, 26.100787], [91.872678, 26.100765], [91.872795, 26.100734], [91.872921, 26.100705], [91.87307, 26.100691], [91.873243, 26.100688], [91.873405, 26.100687], [91.873554, 26.100673], [91.87368, 26.100651], [91.873768, 26.100624], [91.87387, 26.100587], [91.874027, 26.100511], [91.87422, 26.100411], [91.874401, 26.100325], [91.874643, 26.100216], [91.875002, 26.100049], [91.875301, 26.099897], [91.875612, 26.099726], [91.875769, 26.099645], [91.875913, 26.099592], [91.875981, 26.09957], [91.876085, 26.099551], [91.876251, 26.099526], [91.876402, 26.099518], [91.876554, 26.099533], [91.876689, 26.09956], [91.876841, 26.099589], [91.877148, 26.099666], [91.877547, 26.09976], [91.87782, 26.099814], [91.878088, 26.099865], [91.878355, 26.099902], [91.878501, 26.099936], [91.878597, 26.099973], [91.878646, 26.100002], [91.878698, 26.100033], [91.878819, 26.100134], [91.878929, 26.100208], [91.879011, 26.100253], [91.879094, 26.100279], [91.879216, 26.100282], [91.879343, 26.100276], [91.879475, 26.100242], [91.879582, 26.100202], [91.879673, 26.100176], [91.879735, 26.100168], [91.879797, 26.100171], [91.87985, 26.100182], [91.879913, 26.100217], [91.879955, 26.100257], [91.879987, 26.100307], [91.880004, 26.100373], [91.880001, 26.100435], [91.87998, 26.100487], [91.879944, 26.100537], [91.87988, 26.100591], [91.879803, 26.100644], [91.879656, 26.100739], [91.879429, 26.100909], [91.87926, 26.101078], [91.879171, 26.101197], [91.879106, 26.101311], [91.879068, 26.101405], [91.879042, 26.101533], [91.87904, 26.101677], [91.879054, 26.10176], [91.87909, 26.101844], [91.879157, 26.101908], [91.879231, 26.101961], [91.879382, 26.10199], [91.879467, 26.101986], [91.879534, 26.101969], [91.879595, 26.101933], [91.879647, 26.101896], [91.879691, 26.101843], [91.879743, 26.101754], [91.879789, 26.101661], [91.879848, 26.101581], [91.879925, 26.101509], [91.880011, 26.101459], [91.880118, 26.101436], [91.880212, 26.101436], [91.880314, 26.101462], [91.880446, 26.101527], [91.880585, 26.101609], [91.88069, 26.101678], [91.880755, 26.101732], [91.880821, 26.101803], [91.880857, 26.101899], [91.880862, 26.101976], [91.880822, 26.102106], [91.88075, 26.102288], [91.880716, 26.102421], [91.880714, 26.102538], [91.880745, 26.102651], [91.880792, 26.102734], [91.880867, 26.102811], [91.88097, 26.102887], [91.881087, 26.102941], [91.881252, 26.102972], [91.881412, 26.102978], [91.881555, 26.102961], [91.881677, 26.102929], [91.881756, 26.102893], [91.881822, 26.102845], [91.881881, 26.102771], [91.881908, 26.102704], [91.881911, 26.102637], [91.881898, 26.10255], [91.881864, 26.102464], [91.881831, 26.102371], [91.881826, 26.102304], [91.881845, 26.102223], [91.881886, 26.10216], [91.881957, 26.102101], [91.882082, 26.102044], [91.882235, 26.101993], [91.88241, 26.101969], [91.882505, 26.101964], [91.882608, 26.101989], [91.882682, 26.10202], [91.882766, 26.10208], [91.882869, 26.102154], [91.882941, 26.102189], [91.883039, 26.102216], [91.883137, 26.102216], [91.883285, 26.10222], [91.883383, 26.102242], [91.883467, 26.102271], [91.883541, 26.102322], [91.883606, 26.102384], [91.883651, 26.102453], [91.883672, 26.102547], [91.883679, 26.102629], [91.883689, 26.102757], [91.883711, 26.102833], [91.883758, 26.102896], [91.883818, 26.102945], [91.883933, 26.102998], [91.884082, 26.103058], [91.884213, 26.103123], [91.884296, 26.103168], [91.884378, 26.10321], [91.884457, 26.103243], [91.884537, 26.103256], [91.884631, 26.103253], [91.884754, 26.103233], [91.884864, 26.103207], [91.884943, 26.103199], [91.885001, 26.103206], [91.88509, 26.103235], [91.885166, 26.103277], [91.885221, 26.10332], [91.885297, 26.103403], [91.885352, 26.103466], [91.885407, 26.10352], [91.885463, 26.103562], [91.88555, 26.103625], [91.885615, 26.103677], [91.885652, 26.103719], [91.885694, 26.103791], [91.885725, 26.103865], [91.885784, 26.104032], [91.885839, 26.10414], [91.88594, 26.104271], [91.886066, 26.104402], [91.886186, 26.10453], [91.886354, 26.104694], [91.886556, 26.104868], [91.886712, 26.104975], [91.886846, 26.105083], [91.886933, 26.105172], [91.887006, 26.105268], [91.88705, 26.105371], [91.887068, 26.105464], [91.887057, 26.105563], [91.88703, 26.10564], [91.88698, 26.105728], [91.886918, 26.105782], [91.886834, 26.105827], [91.886761, 26.105848], [91.886681, 26.105861], [91.886552, 26.105875], [91.886487, 26.105898], [91.886409, 26.105939], [91.886332, 26.106001], [91.886274, 26.106074], [91.886225, 26.10618], [91.886193, 26.106256], [91.886153, 26.106313], [91.886085, 26.106362], [91.885988, 26.106413], [91.885875, 26.106466], [91.885758, 26.106557], [91.885617, 26.106706], [91.885576, 26.106776], [91.885548, 26.106861], [91.885512, 26.107027], [91.885474, 26.107195], [91.885456, 26.107379], [91.885454, 26.107513], [91.885486, 26.107626], [91.885531, 26.107711], [91.885602, 26.107813], [91.885664, 26.107896], [91.885691, 26.107936], [91.885713, 26.10797], [91.885749, 26.10803], [91.885768, 26.108092], [91.88577, 26.108178], [91.885751, 26.108243], [91.885708, 26.108316], [91.885639, 26.108436], [91.885583, 26.108572], [91.885526, 26.108773], [91.885473, 26.108992], [91.885452, 26.109269], [91.885444, 26.109428], [91.88545, 26.10964], [91.885459, 26.109776], [91.88549, 26.109879], [91.885547, 26.109984], [91.885602, 26.110041], [91.885729, 26.110134], [91.885945, 26.110282], [91.886256, 26.110495], [91.88648, 26.110637], [91.886614, 26.110709], [91.886717, 26.110749], [91.88682, 26.110768], [91.886928, 26.110766], [91.88704, 26.110748], [91.887171, 26.1107], [91.887317, 26.11062], [91.887452, 26.110527], [91.887521, 26.110498], [91.887605, 26.110484], [91.887676, 26.110493], [91.887741, 26.110521], [91.887819, 26.110589], [91.887867, 26.110669], [91.88792, 26.110769], [91.887971, 26.110839], [91.888056, 26.110908], [91.888171, 26.110976], [91.888312, 26.11105], [91.888527, 26.111169], [91.888688, 26.111254], [91.888819, 26.11135], [91.888974, 26.111488], [91.889111, 26.111646], [91.889212, 26.111799], [91.889271, 26.11189], [91.889307, 26.11197], [91.889329, 26.112058], [91.889329, 26.112129], [91.889312, 26.112195], [91.889269, 26.112254], [91.889173, 26.11233], [91.889063, 26.112408], [91.889016, 26.112462], [91.888972, 26.112521], [91.888946, 26.112615], [91.888942, 26.112688], [91.888961, 26.112766], [91.889006, 26.112845], [91.889066, 26.11291], [91.889145, 26.112953], [91.889255, 26.112985], [91.889434, 26.113015], [91.889558, 26.113056], [91.889652, 26.113101], [91.889728, 26.113146], [91.889788, 26.113212], [91.889872, 26.113302], [91.889932, 26.11336], [91.889977, 26.113397], [91.890037, 26.113427], [91.89012, 26.113462], [91.890227, 26.113485], [91.890335, 26.113495], [91.890481, 26.113505], [91.890596, 26.113518], [91.89068, 26.113542], [91.890754, 26.113577], [91.890835, 26.113652], [91.890892, 26.113708], [91.890951, 26.113761], [91.891009, 26.113806], [91.891091, 26.113853], [91.891201, 26.113897], [91.891344, 26.113934], [91.891471, 26.113974], [91.891586, 26.114027], [91.891695, 26.114082], [91.891816, 26.11415], [91.891991, 26.114252], [91.892216, 26.11438], [91.892782, 26.114686], [91.89318, 26.11492], [91.893273, 26.114993], [91.893335, 26.115061], [91.893399, 26.115172], [91.89352, 26.115427], [91.893909, 26.116272], [91.894694, 26.117717], [91.894778, 26.11786], [91.89488, 26.118004], [91.894985, 26.118144], [91.895071, 26.11825], [91.895099, 26.118284], [91.895215, 26.118411], [91.895341, 26.118534], [91.895477, 26.118652], [91.895626, 26.118762], [91.895761, 26.118859], [91.895913, 26.118949], [91.896068, 26.11904], [91.896239, 26.119125], [91.896394, 26.119197], [91.896574, 26.119261], [91.896933, 26.119379], [91.898046, 26.119672], [91.898372, 26.119771], [91.901415, 26.12058], [91.901834, 26.120663], [91.902292, 26.120717], [91.902738, 26.120735], [91.903204, 26.120728], [91.905639, 26.120702], [91.907901, 26.120718], [91.909151, 26.120706], [91.909836, 26.120699], [91.91055, 26.120678], [91.91193, 26.12061], [91.912526, 26.120597], [91.913123, 26.120599], [91.914378, 26.120603], [91.915294, 26.120606], [91.916243, 26.120608], [91.91904, 26.120617], [91.919436, 26.120634], [91.919738, 26.120661], [91.920051, 26.120705], [91.926571, 26.121792], [91.927621, 26.121966], [91.928946, 26.122187], [91.92928, 26.122242], [91.929503, 26.122279], [91.92955, 26.122287], [91.929856, 26.122329], [91.929924, 26.122337], [91.930177, 26.122364], [91.930486, 26.122386], [91.930827, 26.122384], [91.931136, 26.122364], [91.93146, 26.122333], [91.931758, 26.122289], [91.93208, 26.122225], [91.932896, 26.122038], [91.93344, 26.121914], [91.933804, 26.121841], [91.934192, 26.121772], [91.934569, 26.121718], [91.934961, 26.121673], [91.935884, 26.121572], [91.936774, 26.121498], [91.9371, 26.121471], [91.937773, 26.121415], [91.937896, 26.121405], [91.93819, 26.121381], [91.938278, 26.121372], [91.940288, 26.121175], [91.940388, 26.121166], [91.940535, 26.121151], [91.941066, 26.121081], [91.941272, 26.121047], [91.941521, 26.121006], [91.942024, 26.12091], [91.942974, 26.120697], [91.945956, 26.120029], [91.947073, 26.119779], [91.948341, 26.119495], [91.948808, 26.119402], [91.949948, 26.119177], [91.951258, 26.118918], [91.951742, 26.118822], [91.952086, 26.118765], [91.952451, 26.118712], [91.952945, 26.118658], [91.954682, 26.118534], [91.955129, 26.118491], [91.95775, 26.118243], [91.95893, 26.118168], [91.959952, 26.118103], [91.960967, 26.118069], [91.961784, 26.118055], [91.962889, 26.118043], [91.964345, 26.118024], [91.964637, 26.11802], [91.96488, 26.118026], [91.965115, 26.11804], [91.965354, 26.11807], [91.965602, 26.118122], [91.965826, 26.118177], [91.966059, 26.118257], [91.96627, 26.118344], [91.966486, 26.118444], [91.966676, 26.118553], [91.966866, 26.118675], [91.967041, 26.118801], [91.967211, 26.118945], [91.967368, 26.119088], [91.967518, 26.119245], [91.967805, 26.119586], [91.968562, 26.120528], [91.968757, 26.120736], [91.96898, 26.120944], [91.969204, 26.121129], [91.969457, 26.121304], [91.969735, 26.121451], [91.970031, 26.121583], [91.970341, 26.121691], [91.97067, 26.121777], [91.973188, 26.122296], [91.973816, 26.122431], [91.97421, 26.122502], [91.974409, 26.122534], [91.974626, 26.122563], [91.974831, 26.122575], [91.975049, 26.122565], [91.975269, 26.122547], [91.975517, 26.12251], [91.975722, 26.122464], [91.975935, 26.122402], [91.976128, 26.122335], [91.976346, 26.122243], [91.976515, 26.122151], [91.976692, 26.122031], [91.976852, 26.121916], [91.977024, 26.121775], [91.97733, 26.121423], [91.977707, 26.120943], [91.978681, 26.119651], [91.97885, 26.119438], [91.979096, 26.119193], [91.979272, 26.119054], [91.9795, 26.118922], [91.979776, 26.118794], [91.980117, 26.118691], [91.980317, 26.118651], [91.98053, 26.118626], [91.980738, 26.118621], [91.980946, 26.118626], [91.981139, 26.118653], [91.981326, 26.118695], [91.981715, 26.118815], [91.982821, 26.119317], [91.983357, 26.11949], [91.983598, 26.119533], [91.983884, 26.119543], [91.984178, 26.119526], [91.985239, 26.119372], [91.986802, 26.119188], [91.987953, 26.119057], [91.988837, 26.118912], [91.989764, 26.118734], [91.990806, 26.118502], [91.991133, 26.118455], [91.991468, 26.118428], [91.991792, 26.118426], [91.992218, 26.118434], [91.992792, 26.118502], [91.993579, 26.118619], [91.994497, 26.118773], [91.995002, 26.118841], [91.995395, 26.118866], [91.99582, 26.118866], [91.99614, 26.118866], [91.996719, 26.118846], [91.997073, 26.118829], [91.99751, 26.118812], [91.997881, 26.118798], [91.998243, 26.118786], [91.998357, 26.118796], [91.998555, 26.118814], [91.998831, 26.118841], [91.999132, 26.118895], [91.999484, 26.118994], [91.99985, 26.119091], [92.000008, 26.11915], [92.000136, 26.119205], [92.000421, 26.119347], [92.000967, 26.119633], [92.001392, 26.119898], [92.00177, 26.12014], [92.002038, 26.120306], [92.002328, 26.120485], [92.002767, 26.120755], [92.003167, 26.121003], [92.003481, 26.1212], [92.003655, 26.121309], [92.003798, 26.121382], [92.003988, 26.121464], [92.004047, 26.121488], [92.004289, 26.121575], [92.004684, 26.121687], [92.005034, 26.121764], [92.0051, 26.121779], [92.005578, 26.121884], [92.006028, 26.121949], [92.006623, 26.122014], [92.006987, 26.122023], [92.00724, 26.122021], [92.00751, 26.12202], [92.008097, 26.122014], [92.008421, 26.122026], [92.008754, 26.122045], [92.009063, 26.122091], [92.009393, 26.122159], [92.009881, 26.12231], [92.010256, 26.122446], [92.010686, 26.122594], [92.011057, 26.122693], [92.011552, 26.122801], [92.011909, 26.122872], [92.012225, 26.122909], [92.012473, 26.122921], [92.01272, 26.122933], [92.013057, 26.122902], [92.013214, 26.122874], [92.013363, 26.122838], [92.013533, 26.122788], [92.013703, 26.122739], [92.01394, 26.122658], [92.014219, 26.122563], [92.014628, 26.122427], [92.014865, 26.122362], [92.015147, 26.122322], [92.015384, 26.122313], [92.015777, 26.122343], [92.016181, 26.122396], [92.016683, 26.122501], [92.017212, 26.122625], [92.017615, 26.12272], [92.018003, 26.122804], [92.018206, 26.122835], [92.018532, 26.122853], [92.018886, 26.122853], [92.019244, 26.122822], [92.019927, 26.122727], [92.020322, 26.122671], [92.020539, 26.12264], [92.021124, 26.122569], [92.02154, 26.122526], [92.021894, 26.122506], [92.022164, 26.122511], [92.022306, 26.122514], [92.022619, 26.122548], [92.022909, 26.122589], [92.023358, 26.122674], [92.024052, 26.122814], [92.024542, 26.122908], [92.024865, 26.12297], [92.02519, 26.123023], [92.025423, 26.123054], [92.025673, 26.123075], [92.02582, 26.123089], [92.025959, 26.123102], [92.026321, 26.123109], [92.026687, 26.12311], [92.026776, 26.12311], [92.027489, 26.123066], [92.028061, 26.123051], [92.028431, 26.123041], [92.028977, 26.123014], [92.029629, 26.123005], [92.02994, 26.123017], [92.030184, 26.123026], [92.030723, 26.12306], [92.030842, 26.123072], [92.031253, 26.123112], [92.031964, 26.123202], [92.032782, 26.123316], [92.032973, 26.123345], [92.033318, 26.123393], [92.03369, 26.123442], [92.034157, 26.123492], [92.03471, 26.123504], [92.035047, 26.123507], [92.03546, 26.123501], [92.035937, 26.123476], [92.036993, 26.123433], [92.038398, 26.123381], [92.039285, 26.123353], [92.039589, 26.123331], [92.040151, 26.123297], [92.040461, 26.123273], [92.040701, 26.123242], [92.040986, 26.123189], [92.041966, 26.122933], [92.043092, 26.122621], [92.043233, 26.122578], [92.044, 26.122344], [92.044373, 26.122221], [92.044699, 26.122088], [92.044787, 26.122049], [92.04569, 26.121644], [92.04626, 26.121404], [92.046899, 26.121149], [92.047447, 26.120954], [92.047913, 26.120791], [92.048962, 26.120424], [92.049473, 26.120204], [92.049783, 26.120057], [92.050175, 26.119827], [92.050989, 26.119361], [92.051464, 26.11904], [92.05162, 26.118935], [92.052421, 26.118405], [92.052693, 26.118213], [92.053032, 26.117947], [92.053224, 26.117791], [92.053454, 26.117572], [92.053746, 26.11725], [92.054034, 26.116913], [92.054253, 26.116669], [92.054631, 26.116249], [92.055135, 26.115921], [92.055336, 26.115825], [92.055575, 26.115728], [92.0559, 26.115657], [92.056268, 26.115616], [92.056988, 26.115562], [92.057318, 26.11552], [92.057546, 26.115482], [92.057743, 26.115436], [92.057948, 26.11536], [92.058132, 26.115278], [92.058337, 26.115157], [92.058608, 26.114944], [92.058766, 26.11481], [92.058977, 26.114629], [92.059499, 26.11416], [92.059813, 26.113903], [92.059872, 26.113855], [92.060643, 26.113239], [92.060912, 26.113045], [92.061531, 26.112596], [92.061745, 26.112466], [92.061983, 26.112351], [92.062229, 26.112259], [92.062495, 26.112183], [92.062813, 26.112137], [92.063099, 26.112133], [92.063402, 26.112151], [92.063755, 26.112209], [92.064011, 26.112268], [92.064267, 26.11234], [92.06514, 26.112568], [92.066479, 26.112919], [92.067009, 26.113059], [92.067534, 26.113209], [92.068251, 26.113435], [92.0683, 26.11345], [92.06883, 26.113636], [92.069968, 26.114033], [92.071232, 26.114483], [92.071613, 26.11462], [92.071727, 26.114658], [92.071848, 26.114698], [92.072102, 26.114765], [92.07244, 26.114827], [92.072867, 26.114878], [92.073118, 26.114901], [92.07334, 26.114915], [92.073438, 26.114921], [92.073769, 26.114944], [92.073935, 26.114956], [92.074171, 26.11497], [92.074532, 26.114983], [92.074854, 26.114974], [92.075048, 26.114959], [92.075379, 26.114912], [92.075475, 26.114895], [92.075712, 26.114852], [92.076167, 26.114791], [92.079125, 26.114259], [92.081254, 26.113889], [92.081595, 26.11385], [92.081874, 26.11383], [92.08206, 26.113836], [92.08225, 26.113858], [92.082483, 26.113904], [92.082736, 26.113977], [92.08296, 26.114071], [92.083165, 26.114185], [92.083473, 26.114405], [92.084452, 26.115181], [92.085112, 26.11562], [92.085556, 26.115904], [92.085845, 26.116065], [92.086097, 26.116166], [92.086304, 26.116237], [92.086507, 26.11629], [92.086746, 26.116327], [92.086979, 26.116339], [92.087202, 26.116328], [92.088542, 26.116216], [92.088757, 26.116203], [92.08901, 26.116204], [92.089262, 26.116219], [92.089709, 26.116287], [92.090352, 26.116433], [92.091927, 26.11679], [92.093271, 26.117095], [92.093802, 26.117231], [92.094196, 26.117361], [92.094286, 26.117394], [92.094545, 26.11749], [92.09566, 26.118013], [92.096173, 26.118254], [92.096602, 26.118414], [92.096783, 26.11846], [92.097083, 26.118538], [92.098984, 26.118816], [92.099818, 26.118939], [92.100146, 26.118972], [92.100409, 26.118976], [92.100486, 26.118977], [92.100824, 26.11896], [92.10117, 26.118912], [92.101481, 26.118845], [92.101806, 26.118744], [92.102101, 26.118623], [92.102418, 26.118477], [92.102973, 26.118135], [92.10366, 26.117712], [92.104004, 26.117501], [92.105301, 26.116656], [92.106197, 26.115983], [92.106234, 26.115954], [92.109812, 26.113159], [92.111186, 26.112114], [92.112048, 26.111543], [92.112178, 26.111452], [92.113164, 26.110869], [92.114095, 26.110306], [92.11478, 26.109893], [92.115543, 26.109447], [92.116242, 26.10904], [92.11664, 26.108799], [92.117249, 26.108449], [92.117736, 26.108184], [92.117907, 26.108091], [92.118307, 26.10793], [92.118668, 26.107785], [92.118916, 26.107718], [92.119233, 26.107659], [92.119738, 26.107594], [92.120134, 26.107566], [92.12098, 26.107505], [92.122659, 26.107373], [92.123604, 26.107296], [92.123624, 26.107295], [92.124493, 26.107205], [92.12469, 26.107185], [92.125942, 26.107036], [92.127322, 26.106861], [92.127547, 26.106826], [92.12821, 26.106686], [92.12882, 26.106525], [92.129095, 26.106456], [92.129332, 26.106396], [92.131029, 26.105856], [92.131744, 26.105628], [92.133147, 26.105187], [92.134405, 26.104859], [92.135671, 26.10442], [92.13988, 26.103364], [92.140587, 26.103252], [92.14095, 26.103226], [92.144912, 26.103009], [92.145636, 26.103007], [92.146486, 26.103079], [92.147776, 26.103209], [92.148191, 26.103243], [92.150064, 26.103399], [92.155254, 26.103963], [92.157596, 26.104254], [92.16019, 26.104591], [92.160892, 26.104662], [92.161348, 26.104742], [92.161563, 26.104793], [92.161775, 26.104861], [92.161975, 26.10493], [92.16218, 26.105017], [92.162591, 26.105216], [92.162787, 26.105325], [92.162984, 26.10545], [92.163345, 26.105716], [92.1639, 26.106247], [92.164723, 26.107043], [92.164937, 26.10725], [92.165223, 26.107497], [92.165363, 26.107634], [92.166, 26.108226], [92.166206, 26.108476], [92.166452, 26.108727], [92.166908, 26.109117], [92.166984, 26.109174], [92.167083, 26.109247], [92.167189, 26.109327], [92.167405, 26.109488], [92.168055, 26.109884], [92.168821, 26.110351], [92.169259, 26.110575], [92.169557, 26.110702], [92.16976, 26.110713], [92.170209, 26.110838], [92.170595, 26.110927], [92.171679, 26.111081], [92.171379, 26.111082], [92.173402, 26.111359], [92.174343, 26.111499], [92.175534, 26.111639], [92.176323, 26.111764], [92.177397, 26.112006], [92.177442, 26.112034], [92.17842, 26.11227], [92.179249, 26.112494], [92.180094, 26.112735], [92.18099, 26.113072], [92.182125, 26.113513], [92.185484, 26.11505], [92.187838, 26.116073], [92.188515, 26.116414], [92.189542, 26.116966], [92.19004, 26.117244], [92.191002, 26.117774], [92.191847, 26.1182], [92.193296, 26.118909], [92.193627, 26.11907], [92.193955, 26.119214], [92.194377, 26.119377], [92.194814, 26.119517], [92.195251, 26.119649], [92.195717, 26.119756], [92.197272, 26.120021], [92.197604, 26.120086], [92.199868, 26.120631], [92.200412, 26.120757], [92.200714, 26.120805], [92.201013, 26.12085], [92.201335, 26.120877], [92.201604, 26.120883], [92.202089, 26.120863], [92.20272, 26.120817], [92.203777, 26.120792], [92.204525, 26.120783], [92.205257, 26.120825], [92.206122, 26.120911], [92.206816, 26.120958], [92.20826, 26.12108], [92.208465, 26.1211], [92.208657, 26.121131], [92.209033, 26.121193], [92.209423, 26.12127], [92.210168, 26.121492], [92.210783, 26.121678], [92.212199, 26.122106], [92.212819, 26.122318], [92.213329, 26.122508], [92.213828, 26.122718], [92.215647, 26.123518], [92.215953, 26.123667], [92.21625, 26.123825], [92.216523, 26.124001], [92.216764, 26.124187], [92.218422, 26.125586], [92.218769, 26.125825], [92.219055, 26.125964], [92.219346, 26.12609], [92.219655, 26.12621], [92.220149, 26.126324], [92.220921, 26.126446], [92.221921, 26.126436], [92.22246, 26.126375], [92.222981, 26.126283], [92.223675, 26.126183], [92.224296, 26.126058], [92.229934, 26.124461], [92.230522, 26.124386], [92.230867, 26.124386], [92.231241, 26.124418], [92.23174, 26.124512], [92.235058, 26.125354], [92.235712, 26.12546], [92.235997, 26.125477], [92.236305, 26.125472], [92.237348, 26.125377], [92.238555, 26.125267], [92.239864, 26.125145], [92.240307, 26.125137], [92.240752, 26.125164], [92.24141, 26.125235], [92.242132, 26.125366], [92.242753, 26.125554], [92.243365, 26.125788], [92.244546, 26.126369], [92.245158, 26.126603], [92.246015, 26.126884], [92.246682, 26.127009], [92.24719, 26.127069], [92.247624, 26.127088], [92.247935, 26.127091], [92.251097, 26.127079], [92.251808, 26.127052], [92.252306, 26.126984], [92.252917, 26.126789], [92.253701, 26.126478], [92.255534, 26.1257], [92.255625, 26.125648], [92.256277, 26.125281], [92.257638, 26.12439], [92.258028, 26.124156], [92.258337, 26.124006], [92.258602, 26.123902], [92.258983, 26.123786], [92.259324, 26.123717], [92.259716, 26.123661], [92.263232, 26.123355], [92.263633, 26.123349], [92.263802, 26.123359], [92.264133, 26.123378], [92.264502, 26.123419], [92.265065, 26.123528], [92.266075, 26.123724], [92.266595, 26.123798], [92.267699, 26.123904], [92.268325, 26.123965], [92.268848, 26.124042], [92.272295, 26.124697], [92.273913, 26.125018], [92.274925, 26.125221], [92.275351, 26.125273], [92.275772, 26.12529], [92.276079, 26.125276], [92.276438, 26.125233], [92.276791, 26.125153], [92.277105, 26.12506], [92.277328, 26.124968], [92.277549, 26.124859], [92.277794, 26.124714], [92.278007, 26.124576], [92.278189, 26.124437], [92.278369, 26.124281], [92.278674, 26.123976], [92.278987, 26.123492], [92.279251, 26.122958], [92.27936, 26.122532], [92.279392, 26.122029], [92.279388, 26.121599], [92.279254, 26.121087], [92.278918, 26.120342], [92.278829, 26.120142], [92.278181, 26.118904], [92.276952, 26.116487], [92.276752, 26.116038], [92.276667, 26.115814], [92.276603, 26.115573], [92.276557, 26.115348], [92.27653, 26.115098], [92.276518, 26.114848], [92.276525, 26.114594], [92.276556, 26.114369], [92.276603, 26.114141], [92.276664, 26.113906], [92.276753, 26.113667], [92.276848, 26.113444], [92.276966, 26.113226], [92.2771, 26.113012], [92.277248, 26.112796], [92.278877, 26.11085], [92.27925, 26.110444], [92.279824, 26.109902], [92.280485, 26.109337], [92.281107, 26.10888], [92.282482, 26.107988], [92.283204, 26.10751], [92.284338, 26.10668], [92.286317, 26.105053], [92.286955, 26.104573], [92.28742, 26.104278], [92.287976, 26.103967], [92.289645, 26.103048], [92.290113, 26.102838], [92.290372, 26.102728], [92.290695, 26.102624], [92.291559, 26.102352], [92.293578, 26.101718], [92.293872, 26.101641], [92.293942, 26.101626], [92.294179, 26.101573], [92.294731, 26.101456], [92.296051, 26.101135], [92.297156, 26.100793], [92.297698, 26.100617], [92.299674, 26.100069], [92.300792, 26.09976], [92.3017, 26.099536], [92.302526, 26.099382], [92.303393, 26.099264], [92.305621, 26.099051], [92.305884, 26.099026], [92.306411, 26.098972], [92.306944, 26.098932], [92.307486, 26.098915], [92.308031, 26.098921], [92.308567, 26.098947], [92.309106, 26.098988], [92.309646, 26.099023], [92.309917, 26.099052], [92.310185, 26.099102], [92.310432, 26.099149], [92.31068, 26.099204], [92.311944, 26.099505], [92.312291, 26.099585], [92.312645, 26.099652], [92.312983, 26.099701], [92.31333, 26.099734], [92.313672, 26.099755], [92.314011, 26.099759], [92.314323, 26.099756], [92.314627, 26.099742], [92.31509, 26.099704], [92.315764, 26.099648], [92.316252, 26.099628], [92.316808, 26.099632], [92.317038, 26.099627], [92.318599, 26.099651], [92.318945, 26.099673], [92.319289, 26.099722], [92.319534, 26.099772], [92.319896, 26.09988], [92.320299, 26.100039], [92.320957, 26.100342], [92.32289, 26.101422], [92.323977, 26.102129], [92.324317, 26.102376], [92.324431, 26.102473], [92.324451, 26.10249], [92.324738, 26.102746], [92.324888, 26.102888], [92.325795, 26.104201], [92.326079, 26.104547], [92.327245, 26.105668], [92.32744, 26.105878], [92.327491, 26.105939], [92.327628, 26.106104], [92.327845, 26.106388], [92.327901, 26.10648], [92.328345, 26.107208], [92.329394, 26.108928], [92.329622, 26.109256], [92.329873, 26.109573], [92.330263, 26.109997], [92.330727, 26.110445], [92.331273, 26.110879], [92.33184, 26.111258], [92.334903, 26.113253], [92.335466, 26.113625], [92.336104, 26.114013], [92.336405, 26.114172], [92.336597, 26.114254], [92.336749, 26.114311], [92.337107, 26.11443], [92.337485, 26.114514], [92.338914, 26.114709], [92.339193, 26.114755], [92.339366, 26.114795], [92.33963, 26.11486], [92.339865, 26.114936], [92.340191, 26.115068], [92.34049, 26.115206], [92.342068, 26.115949], [92.34264, 26.116216], [92.343027, 26.116419], [92.343409, 26.116629], [92.343823, 26.116911], [92.344242, 26.117224], [92.344618, 26.117519], [92.345412, 26.118233], [92.345537, 26.118346], [92.346321, 26.118903], [92.346729, 26.119159], [92.347644, 26.11971], [92.347952, 26.119874], [92.348543, 26.12017], [92.348955, 26.120375], [92.349088, 26.120457], [92.349213, 26.120535], [92.349355, 26.120636], [92.34948, 26.120741], [92.349635, 26.120889], [92.34977, 26.121056], [92.349893, 26.121237], [92.349999, 26.121432], [92.35005, 26.121543], [92.35036, 26.122386], [92.350566, 26.122871], [92.350798, 26.123354], [92.350924, 26.123622], [92.351199, 26.124205], [92.351571, 26.125183], [92.351844, 26.126007], [92.351946, 26.126314], [92.352023, 26.126548], [92.352144, 26.126925], [92.352404, 26.127695], [92.352649, 26.128559], [92.352752, 26.128891], [92.353014, 26.129785], [92.353076, 26.129953], [92.353402, 26.130951], [92.353938, 26.132572], [92.354216, 26.133419], [92.354363, 26.133895], [92.354419, 26.134079], [92.354461, 26.134216], [92.355005, 26.136378], [92.355373, 26.137839], [92.355409, 26.138068], [92.355431, 26.138466], [92.355419, 26.138817], [92.355373, 26.139169], [92.355318, 26.139399], [92.35499, 26.140671], [92.354713, 26.141695], [92.354407, 26.142711], [92.353099, 26.146175], [92.352922, 26.146719], [92.352826, 26.147179], [92.352795, 26.147384], [92.352742, 26.147763], [92.352583, 26.149855], [92.352578, 26.150109], [92.352582, 26.15034], [92.352602, 26.150571], [92.352639, 26.150839], [92.352692, 26.151078], [92.352777, 26.151372], [92.353142, 26.152424], [92.353196, 26.15265], [92.353231, 26.15287], [92.353237, 26.153057], [92.353218, 26.153381], [92.353178, 26.153556], [92.353087, 26.154066], [92.352985, 26.154632], [92.352955, 26.154979], [92.352945, 26.155334], [92.352957, 26.15571], [92.352994, 26.155975], [92.353171, 26.157187], [92.353405, 26.15881], [92.353539, 26.159761], [92.353993, 26.162148], [92.354056, 26.162542], [92.354083, 26.162958], [92.354051, 26.163442], [92.353989, 26.163797], [92.35392, 26.164192], [92.353754, 26.164708], [92.353703, 26.164895], [92.353632, 26.165094], [92.353241, 26.166219], [92.353022, 26.166859], [92.352941, 26.167186], [92.352926, 26.167289], [92.352885, 26.167559], [92.352881, 26.167874], [92.352909, 26.1682], [92.352938, 26.16842], [92.352988, 26.168641], [92.353086, 26.168942], [92.353193, 26.169222], [92.353317, 26.169457], [92.353496, 26.169758], [92.353633, 26.169935], [92.353786, 26.170115], [92.353948, 26.170282], [92.354124, 26.170446], [92.354318, 26.170604], [92.354515, 26.170746], [92.354737, 26.170891], [92.354971, 26.171025], [92.355194, 26.171125], [92.355433, 26.171213], [92.355701, 26.1713], [92.355975, 26.171375], [92.356227, 26.171421], [92.356495, 26.171458], [92.356866, 26.171478], [92.357275, 26.171478], [92.359721, 26.171337], [92.359939, 26.171329], [92.360155, 26.171324], [92.360376, 26.17133], [92.360591, 26.171338], [92.360809, 26.171359], [92.361161, 26.171415], [92.361475, 26.171488], [92.361936, 26.171632], [92.362305, 26.171774], [92.362663, 26.171932], [92.363021, 26.172149], [92.363375, 26.172393], [92.363554, 26.172542], [92.36373, 26.172704], [92.363898, 26.172876], [92.364142, 26.17315], [92.364292, 26.173355], [92.364436, 26.173567], [92.364988, 26.174497], [92.365754, 26.175854], [92.366022, 26.176324], [92.366089, 26.176456], [92.366445, 26.177151], [92.366535, 26.177335], [92.366886, 26.178052], [92.367224, 26.178839], [92.368261, 26.181422], [92.369508, 26.18453], [92.370082, 26.185916], [92.370243, 26.186245], [92.370339, 26.186403], [92.370454, 26.186562], [92.370617, 26.186761], [92.370794, 26.186952], [92.370979, 26.187138], [92.371187, 26.187315], [92.371396, 26.187471], [92.371635, 26.187625], [92.371868, 26.187763], [92.372121, 26.187896], [92.373302, 26.188464], [92.373931, 26.188723], [92.374526, 26.188953], [92.375029, 26.189116], [92.37554, 26.189263], [92.37777, 26.189774], [92.378178, 26.189875], [92.378771, 26.190055], [92.379304, 26.190226], [92.37984, 26.190411], [92.380404, 26.190634], [92.380977, 26.190878], [92.384179, 26.192332], [92.38512, 26.192795], [92.38592, 26.193229], [92.386608, 26.193591], [92.387295, 26.193902], [92.387998, 26.19421], [92.388691, 26.194482], [92.389145, 26.19463], [92.389813, 26.194839], [92.390284, 26.194953], [92.390755, 26.195058], [92.39403, 26.195748], [92.397321, 26.196427], [92.399134, 26.196778], [92.400741, 26.197077], [92.403334, 26.197548], [92.403418, 26.197563], [92.405697, 26.197959], [92.406642, 26.198098], [92.407041, 26.198127], [92.407711, 26.198145], [92.409748, 26.198133], [92.41018, 26.19815], [92.410751, 26.198204], [92.41099, 26.198241], [92.411228, 26.198292], [92.411472, 26.198347], [92.41169, 26.198411], [92.416166, 26.19976], [92.41623, 26.199783], [92.418228, 26.20039], [92.418679, 26.200529], [92.41931, 26.200735], [92.420036, 26.200964], [92.420633, 26.20118], [92.420958, 26.201328], [92.421287, 26.201496], [92.421519, 26.201627], [92.421775, 26.201789], [92.421937, 26.201911], [92.42219, 26.202102], [92.422361, 26.202252], [92.422532, 26.202416], [92.422681, 26.202571], [92.422838, 26.202733], [92.423, 26.202935], [92.423169, 26.203146], [92.423319, 26.203352], [92.423469, 26.203571], [92.423704, 26.203928], [92.424001, 26.204404], [92.424258, 26.204775], [92.424434, 26.205017], [92.424591, 26.205177], [92.424818, 26.205439], [92.425015, 26.205649], [92.425213, 26.205829], [92.425428, 26.206024], [92.42566, 26.206207], [92.425825, 26.206327], [92.425975, 26.206436], [92.426195, 26.20657], [92.426467, 26.206714], [92.426742, 26.20685], [92.427029, 26.206963], [92.427368, 26.207098], [92.427659, 26.207184], [92.427909, 26.207244], [92.428169, 26.207291], [92.428435, 26.207333], [92.428778, 26.207379], [92.42925, 26.207408], [92.429758, 26.207406], [92.430026, 26.20739], [92.43024, 26.207371], [92.4306, 26.207326], [92.432345, 26.20706], [92.432536, 26.207044], [92.432819, 26.207019], [92.433295, 26.207005], [92.433559, 26.207017], [92.433825, 26.207043], [92.434236, 26.207116], [92.434806, 26.207258], [92.435062, 26.207345], [92.435541, 26.207558], [92.4368, 26.208117], [92.438648, 26.208938], [92.440444, 26.209784], [92.440928, 26.210012], [92.44127, 26.210175], [92.441766, 26.210415], [92.44193, 26.210488], [92.442249, 26.210631], [92.442656, 26.210808], [92.443006, 26.210953], [92.443388, 26.211107], [92.443841, 26.211284], [92.444308, 26.21145], [92.444687, 26.211581], [92.445091, 26.211708], [92.445494, 26.211833], [92.447359, 26.212372], [92.447873, 26.21252], [92.448266, 26.212635], [92.448611, 26.212731], [92.448885, 26.212795], [92.449134, 26.212846], [92.449349, 26.212879], [92.44962, 26.212908], [92.449961, 26.212934], [92.450354, 26.212946], [92.450942, 26.212951], [92.451802, 26.212956], [92.452486, 26.212957], [92.453118, 26.212948], [92.453511, 26.212936], [92.453895, 26.212915], [92.454661, 26.212862], [92.455415, 26.212806], [92.455768, 26.212778], [92.455929, 26.212765], [92.456409, 26.212718], [92.456733, 26.212676], [92.457024, 26.21263], [92.457564, 26.212533], [92.457782, 26.212488], [92.458196, 26.212402], [92.458579, 26.212321], [92.460278, 26.211957], [92.460621, 26.211886], [92.461056, 26.211804], [92.461731, 26.211681], [92.462504, 26.211582], [92.464097, 26.211444], [92.46602, 26.211299], [92.468939, 26.211059], [92.469582, 26.211003], [92.47021, 26.210924], [92.470985, 26.210811], [92.47187, 26.210683], [92.477249, 26.209865], [92.478717, 26.209638], [92.479028, 26.209593], [92.479529, 26.209515], [92.479771, 26.20947], [92.480074, 26.209397], [92.480318, 26.209334], [92.480604, 26.209233], [92.48087, 26.209137], [92.481073, 26.209048], [92.481316, 26.20894], [92.481568, 26.208804], [92.481647, 26.208758], [92.48179, 26.208674], [92.482179, 26.208438], [92.48269, 26.208121], [92.483739, 26.207422], [92.484222, 26.207094], [92.485013, 26.206549], [92.485995, 26.205808], [92.48637, 26.205521], [92.486668, 26.205329], [92.486944, 26.205184], [92.487212, 26.205059], [92.487438, 26.204973], [92.48766, 26.204893], [92.487845, 26.20485], [92.488377, 26.204734], [92.488985, 26.204624], [92.48984, 26.204478], [92.490184, 26.204418], [92.490772, 26.204318], [92.49112, 26.204279], [92.491445, 26.204272], [92.491776, 26.204282], [92.492035, 26.204304], [92.49227, 26.204331], [92.492502, 26.204369], [92.492832, 26.204436], [92.493105, 26.20453], [92.493325, 26.204614], [92.493564, 26.204715], [92.493787, 26.204826], [92.493992, 26.204936], [92.494213, 26.205076], [92.494462, 26.205258], [92.494606, 26.205379], [92.494786, 26.205539], [92.494928, 26.20568], [92.495116, 26.205887], [92.495359, 26.206195], [92.495377, 26.206219], [92.496235, 26.207379], [92.497045, 26.208406], [92.49771, 26.209298], [92.497841, 26.209492], [92.498028, 26.209808], [92.498185, 26.210079], [92.498321, 26.210328], [92.498545, 26.210743], [92.498735, 26.211098], [92.498954, 26.211541], [92.49925, 26.212144], [92.49943, 26.212514], [92.499626, 26.212875], [92.500098, 26.213691], [92.500538, 26.214437], [92.501067, 26.215306], [92.501801, 26.21651], [92.502324, 26.217392], [92.502565, 26.217796], [92.502726, 26.218047], [92.502866, 26.218239], [92.503032, 26.218472], [92.503217, 26.218691], [92.503519, 26.219005], [92.503837, 26.219286], [92.504271, 26.219666], [92.505207, 26.22043], [92.505729, 26.220795], [92.506586, 26.221332], [92.507454, 26.221857], [92.508075, 26.222216], [92.508614, 26.222512], [92.509161, 26.222801], [92.509527, 26.223022], [92.509671, 26.223118], [92.510011, 26.22342], [92.51029, 26.223732], [92.510438, 26.223913], [92.510599, 26.224156], [92.510746, 26.224406], [92.510875, 26.224656], [92.511028, 26.225041], [92.511283, 26.225811], [92.511427, 26.226276], [92.511642, 26.226966], [92.511903, 26.227779], [92.512109, 26.228369], [92.512208, 26.228646], [92.512318, 26.228925], [92.512416, 26.229136], [92.512522, 26.229314], [92.512648, 26.229521], [92.512771, 26.229689], [92.512954, 26.229918], [92.513101, 26.230082], [92.513238, 26.23021], [92.513415, 26.23036], [92.51362, 26.230513], [92.513816, 26.230634], [92.513889, 26.230675], [92.514073, 26.230777], [92.514195, 26.230835], [92.514316, 26.230892], [92.514567, 26.230999], [92.514775, 26.231073], [92.515436, 26.231272], [92.516402, 26.231546], [92.517715, 26.231911], [92.518297, 26.232062], [92.518912, 26.23218], [92.519419, 26.232273], [92.519968, 26.23236], [92.520497, 26.232445], [92.520968, 26.232508], [92.52118, 26.232549], [92.521362, 26.232594], [92.521574, 26.232655], [92.521777, 26.232724], [92.52203, 26.232816], [92.522229, 26.232909], [92.522411, 26.232999], [92.522581, 26.233092], [92.522791, 26.233225], [92.524216, 26.234231], [92.5251, 26.234864], [92.525128, 26.234884], [92.527349, 26.236471], [92.527501, 26.236587], [92.527596, 26.23666], [92.528272, 26.237146], [92.528457, 26.237272], [92.528632, 26.237382], [92.528867, 26.237518], [92.529095, 26.237641], [92.529319, 26.237753], [92.52961, 26.237889], [92.529892, 26.23801], [92.53023, 26.238147], [92.530556, 26.23828], [92.530763, 26.238373], [92.530946, 26.238455], [92.531198, 26.238587], [92.53139, 26.238706], [92.531631, 26.238872], [92.531797, 26.239002], [92.531995, 26.239175], [92.532233, 26.239413], [92.53572, 26.242714], [92.53596, 26.242938], [92.536152, 26.243112], [92.536406, 26.243341], [92.536647, 26.243538], [92.536939, 26.243747], [92.537249, 26.243949], [92.537629, 26.244167], [92.537967, 26.244342], [92.538303, 26.24449], [92.538892, 26.244736], [92.539343, 26.244923], [92.540018, 26.24521], [92.540156, 26.245277], [92.540818, 26.2456], [92.54123, 26.245801], [92.5414, 26.245884], [92.541532, 26.245931], [92.542765, 26.246374], [92.542933, 26.246442], [92.543194, 26.246552], [92.544062, 26.24693], [92.545993, 26.247779], [92.547079, 26.24826], [92.548895, 26.249064], [92.549527, 26.249345], [92.550248, 26.249677], [92.550711, 26.249893], [92.551179, 26.250121], [92.551931, 26.250502], [92.552495, 26.250803], [92.552837, 26.250994], [92.553106, 26.251145], [92.553715, 26.251491], [92.554189, 26.251764], [92.554873, 26.25216], [92.561342, 26.255982], [92.562297, 26.256562], [92.564056, 26.257745], [92.564195, 26.257843], [92.56433, 26.257933], [92.564901, 26.258346], [92.565064, 26.258457], [92.565837, 26.258977], [92.567512, 26.260188], [92.567708, 26.260319], [92.567891, 26.26043], [92.568097, 26.260553], [92.56834, 26.260675], [92.568569, 26.260776], [92.568804, 26.260872], [92.569004, 26.260941], [92.56922, 26.261008], [92.569493, 26.261087], [92.569771, 26.261156], [92.570252, 26.261266], [92.570963, 26.261435], [92.573393, 26.262093], [92.57414, 26.262293], [92.575508, 26.262656], [92.576295, 26.262868], [92.577037, 26.26307], [92.577308, 26.263154], [92.577624, 26.263259], [92.577929, 26.263367], [92.578251, 26.263483], [92.578593, 26.263623], [92.578807, 26.263712], [92.579007, 26.263809], [92.579242, 26.263924], [92.579498, 26.264056], [92.57986, 26.264256], [92.580213, 26.264459], [92.58276, 26.265871], [92.583643, 26.266405], [92.584822, 26.267168], [92.585888, 26.267906], [92.586521, 26.268322], [92.587447, 26.268853], [92.58775, 26.269034], [92.587941, 26.269155], [92.588104, 26.269262], [92.588322, 26.269418], [92.58847, 26.26953], [92.588715, 26.269719], [92.589276, 26.270172], [92.590121, 26.270858], [92.590496, 26.271166], [92.590938, 26.271522], [92.591745, 26.272144], [92.59235, 26.272607], [92.59263, 26.272827], [92.594716, 26.274525], [92.595257, 26.274958], [92.596311, 26.275852], [92.598041, 26.277393], [92.598576, 26.277887], [92.599012, 26.27828], [92.599334, 26.278563], [92.599726, 26.278932], [92.600137, 26.279336], [92.600451, 26.27965], [92.600707, 26.279914], [92.601027, 26.280263], [92.601429, 26.280689], [92.601713, 26.281001], [92.601961, 26.28128], [92.602311, 26.281665], [92.602522, 26.281892], [92.602731, 26.282109], [92.602963, 26.282339], [92.603482, 26.28285], [92.60402, 26.283379], [92.604532, 26.283904], [92.604792, 26.284169], [92.605037, 26.28442], [92.605305, 26.284694], [92.605537, 26.284906], [92.605785, 26.28512], [92.605943, 26.285248], [92.60614, 26.285389], [92.606368, 26.285555], [92.606634, 26.285722], [92.606903, 26.285871], [92.607138, 26.285989], [92.60742, 26.286129], [92.607782, 26.286296], [92.608176, 26.286478], [92.608537, 26.286641], [92.60881, 26.286769], [92.609018, 26.28687], [92.609257, 26.286998], [92.609508, 26.287137], [92.609747, 26.287337], [92.611178, 26.288186], [92.611201, 26.2882], [92.611527, 26.288395], [92.612751, 26.288953], [92.615699, 26.290632], [92.615822, 26.290741], [92.616504, 26.291375], [92.61714, 26.291961], [92.61753, 26.29231], [92.617889, 26.292654], [92.61843, 26.293218], [92.618849, 26.293676], [92.619221, 26.294057], [92.619584, 26.294509], [92.619903, 26.294933], [92.620238, 26.295429], [92.620654, 26.296114], [92.620881, 26.296481], [92.621023, 26.296715], [92.621327, 26.297216], [92.621644, 26.297846], [92.622013, 26.29866], [92.622465, 26.29947], [92.622898, 26.300089], [92.623003, 26.300175], [92.62367, 26.300626], [92.624236, 26.300992], [92.624608, 26.301294], [92.625225, 26.301854], [92.625879, 26.302525], [92.626585, 26.303263], [92.627019, 26.30368], [92.627237, 26.303806], [92.627527, 26.303944], [92.628324, 26.304214], [92.628619, 26.304349], [92.628824, 26.304518], [92.629011, 26.304734], [92.629196, 26.304966], [92.629485, 26.305324], [92.629588, 26.305406], [92.630053, 26.305699], [92.630968, 26.306198], [92.631448, 26.306462], [92.631767, 26.306703], [92.632112, 26.306992], [92.632514, 26.307441], [92.632872, 26.307747], [92.633311, 26.308064], [92.634815, 26.309102], [92.636858, 26.310482], [92.639401, 26.312248], [92.639706, 26.31246], [92.64064, 26.313101], [92.642104, 26.314099], [92.642931, 26.314679], [92.643901, 26.315338], [92.644553, 26.315778], [92.644994, 26.316076], [92.64569, 26.316564], [92.646674, 26.317252], [92.647365, 26.317704], [92.648092, 26.318199], [92.648888, 26.318741], [92.650127, 26.319587], [92.651013, 26.320187], [92.651696, 26.32066], [92.652431, 26.321139], [92.653005, 26.321549], [92.653818, 26.322164], [92.654005, 26.322366], [92.654263, 26.322587], [92.65446, 26.322826], [92.655093, 26.323708], [92.6556, 26.324429], [92.65572, 26.324634], [92.656076, 26.325082], [92.656258, 26.32519], [92.656331, 26.325234], [92.656496, 26.325534], [92.656788, 26.32602], [92.657325, 26.326804], [92.657986, 26.327799], [92.658583, 26.328603], [92.659275, 26.329571], [92.659739, 26.330229], [92.65976, 26.330259], [92.660336, 26.331091], [92.660507, 26.331357], [92.661591, 26.332881], [92.662439, 26.334051], [92.663075, 26.335011], [92.66369, 26.335902], [92.66421, 26.336687], [92.664765, 26.33745], [92.665517, 26.338509], [92.665725, 26.338801], [92.666035, 26.339233], [92.666326, 26.339626], [92.666553, 26.339933], [92.667216, 26.340876], [92.667799, 26.341702], [92.668324, 26.342427], [92.668747, 26.343027], [92.669133, 26.343586], [92.669727, 26.344418], [92.670347, 26.3453], [92.670896, 26.346075], [92.671317, 26.346662], [92.671743, 26.347229], [92.672145, 26.347808], [92.672319, 26.348096], [92.672843, 26.348852], [92.672937, 26.348971], [92.67305, 26.349027], [92.67316, 26.34918], [92.673497, 26.349635], [92.673548, 26.349728], [92.673592, 26.349809], [92.673755, 26.350107], [92.673873, 26.350247], [92.674098, 26.350515], [92.674344, 26.350848], [92.674463, 26.351008], [92.67464, 26.351246], [92.67486, 26.351488], [92.674934, 26.351543], [92.67502, 26.351556], [92.675349, 26.351427], [92.675395, 26.351443], [92.677018, 26.350866], [92.677468, 26.350675], [92.678834, 26.350097], [92.679087, 26.349988], [92.679809, 26.349661], [92.680107, 26.349526], [92.680916, 26.34919], [92.681263, 26.349052], [92.681311, 26.348979], [92.682129, 26.348677], [92.682986, 26.34835], [92.683738, 26.348076], [92.683792, 26.348057], [92.683813, 26.34807], [92.683838, 26.348075], [92.683863, 26.348072], [92.684207, 26.348694], [92.684441, 26.349142], [92.684548, 26.349399], [92.684591, 26.349506], [92.684627, 26.349559], [92.684934, 26.35], [92.685177, 26.350287], [92.685401, 26.350542], [92.685949, 26.351183], [92.686093, 26.351352], [92.686179, 26.351438], [92.686389, 26.351634], [92.686715, 26.35206], [92.687151, 26.352541], [92.687337, 26.352747], [92.687597, 26.353043], [92.687788, 26.353262], [92.688041, 26.353554], [92.688067, 26.353583], [92.688088, 26.353605], [92.688174, 26.353712], [92.688582, 26.354206], [92.688668, 26.354291], [92.689505, 26.354656], [92.689869, 26.354721], [92.690792, 26.354871], [92.691404, 26.354984], [92.691583, 26.355018], [92.691982, 26.355092], [92.692294, 26.35515], [92.692616, 26.355193], [92.692831, 26.355193], [92.693035, 26.355152], [92.694011, 26.354957], [92.694762, 26.354764], [92.694848, 26.354742], [92.695041, 26.354699], [92.695238, 26.354643], [92.695341, 26.354613], [92.696433, 26.354342], [92.696724, 26.354266], [92.696835, 26.354271], [92.697085, 26.354217], [92.698941, 26.353851], [92.700559, 26.353486], [92.701298, 26.353359], [92.703089, 26.353028], [92.704462, 26.352828], [92.704883, 26.352746], [92.705427, 26.352637], [92.707162, 26.352297], [92.707466, 26.352228], [92.7083, 26.352015], [92.709485, 26.351687], [92.710921, 26.351177], [92.712291, 26.350727], [92.713028, 26.350581], [92.713583, 26.350122], [92.714544, 26.348484], [92.714786, 26.348141], [92.71499, 26.347816], [92.715119, 26.347662], [92.715352, 26.347495], [92.716074, 26.347164], [92.716754, 26.346857], [92.717943, 26.346423], [92.718757, 26.345985], [92.718912, 26.345819], [92.719288, 26.345601], [92.719368, 26.345555], [92.720259, 26.345049], [92.720382, 26.344979], [92.720683, 26.344829], [92.721863, 26.344271], [92.722024, 26.344204], [92.723472, 26.343606], [92.724851, 26.343018], [92.724931, 26.342983], [92.725403, 26.342855], [92.726712, 26.342597], [92.728751, 26.342232], [92.729244, 26.342189], [92.731991, 26.341975], [92.733386, 26.342125], [92.735016, 26.342919], [92.736797, 26.343927], [92.737913, 26.344528], [92.738879, 26.34485], [92.739072, 26.344872], [92.740896, 26.345012], [92.741186, 26.345068], [92.74136, 26.345082], [92.741442, 26.345082], [92.741552, 26.345072], [92.741587, 26.345093], [92.741657, 26.345124], [92.741731, 26.345144], [92.741807, 26.345152], [92.741884, 26.345149], [92.74196, 26.345134], [92.742054, 26.345098], [92.742137, 26.345044], [92.742308, 26.345052], [92.742464, 26.345076], [92.742776, 26.345157], [92.743029, 26.345224], [92.743335, 26.345285], [92.743667, 26.345333], [92.743949, 26.345359], [92.744203, 26.345375], [92.744458, 26.345377], [92.744827, 26.345386], [92.745132, 26.345389], [92.745437, 26.345394], [92.746339, 26.345422], [92.746669, 26.345439], [92.746996, 26.345468], [92.747245, 26.345501], [92.747475, 26.345536], [92.747678, 26.345571], [92.747945, 26.345615], [92.748352, 26.345684], [92.748799, 26.345754], [92.749209, 26.345818], [92.74953, 26.345864], [92.749864, 26.345906], [92.750231, 26.345949], [92.750843, 26.346014], [92.751442, 26.346076], [92.751759, 26.346109], [92.75211, 26.346154], [92.752651, 26.346215], [92.752878, 26.346237], [92.753179, 26.346267], [92.753537, 26.346317], [92.753878, 26.346372], [92.754153, 26.34643], [92.754389, 26.346483], [92.75458, 26.346537], [92.754752, 26.346597], [92.754928, 26.34666], [92.75516, 26.346743], [92.755541, 26.346893], [92.755935, 26.347064], [92.756321, 26.347241], [92.756748, 26.347446], [92.757166, 26.347652], [92.757418, 26.347794], [92.757644, 26.347934], [92.757914, 26.348126], [92.758148, 26.348311], [92.758381, 26.348508], [92.758625, 26.348741], [92.758824, 26.34895], [92.758995, 26.349145], [92.759183, 26.349376], [92.759347, 26.349599], [92.7595, 26.34983], [92.759636, 26.350066], [92.759797, 26.350361], [92.759956, 26.350712], [92.76006, 26.350979], [92.760122, 26.351183], [92.760184, 26.351448], [92.760235, 26.351707], [92.760288, 26.352017], [92.76031, 26.352248], [92.760323, 26.352493], [92.760327, 26.352667], [92.760322, 26.352892], [92.760304, 26.353156], [92.760261, 26.353515], [92.760202, 26.353877], [92.760135, 26.354255], [92.760095, 26.354476], [92.760076, 26.354651], [92.760049, 26.354904], [92.760028, 26.355185], [92.760028, 26.355466], [92.760039, 26.355762], [92.760063, 26.356055], [92.760106, 26.356331], [92.760149, 26.356553], [92.760205, 26.356771], [92.760269, 26.357016], [92.760342, 26.357247], [92.760454, 26.357555], [92.760546, 26.357781], [92.760653, 26.358008], [92.760755, 26.358188], [92.760876, 26.35841], [92.761037, 26.358665], [92.76124, 26.358937], [92.761433, 26.359184], [92.761656, 26.359437], [92.761849, 26.359646], [92.762042, 26.359838], [92.762219, 26.359992], [92.762376, 26.360123], [92.762606, 26.360303], [92.762834, 26.360465], [92.764124, 26.361299], [92.764926, 26.361801], [92.766296, 26.362679], [92.766817, 26.363023], [92.767059, 26.363178], [92.767265, 26.363303], [92.767486, 26.363427], [92.767679, 26.363531], [92.767935, 26.363654], [92.768213, 26.363776], [92.76856, 26.363922], [92.768874, 26.364039], [92.769129, 26.364128], [92.769437, 26.364223], [92.769734, 26.364306], [92.770031, 26.364372], [92.770532, 26.364491], [92.771435, 26.36468], [92.771889, 26.364779], [92.772288, 26.36489], [92.772629, 26.365007], [92.772964, 26.365139], [92.773428, 26.365351], [92.773847, 26.365553], [92.774107, 26.365675], [92.774372, 26.365774], [92.774568, 26.365839], [92.774847, 26.365901], [92.775137, 26.36594], [92.775405, 26.365947], [92.775676, 26.365921], [92.775942, 26.36588], [92.776229, 26.365796], [92.77662, 26.365671], [92.777132, 26.365488], [92.777511, 26.365358], [92.777816, 26.365274], [92.778243, 26.365178], [92.778712, 26.365106], [92.779125, 26.365065], [92.779541, 26.365043], [92.779941, 26.365046], [92.780496, 26.36506], [92.78095, 26.365065], [92.782021, 26.365142], [92.782382, 26.365173], [92.782674, 26.365202], [92.783181, 26.365284], [92.783411, 26.365343], [92.783631, 26.365404], [92.784664, 26.365731], [92.785144, 26.365882], [92.785359, 26.365943], [92.785756, 26.36606], [92.786009, 26.366128], [92.786235, 26.366172], [92.786408, 26.36619], [92.786551, 26.366191], [92.786799, 26.36617], [92.787057, 26.366137], [92.787354, 26.366095], [92.787775, 26.366043], [92.788307, 26.366012], [92.788677, 26.366033], [92.789055, 26.366161], [92.789203, 26.366217], [92.78922, 26.366228], [92.789564, 26.366411], [92.789644, 26.366455], [92.789953, 26.366629], [92.79018, 26.366765], [92.790243, 26.366803], [92.790565, 26.366992], [92.790651, 26.367042], [92.79133, 26.367435], [92.791437, 26.367497], [92.792008, 26.367824], [92.792528, 26.36812], [92.792578, 26.368151], [92.792662, 26.368199], [92.792961, 26.368362], [92.793128, 26.368453], [92.793435, 26.368636], [92.79357, 26.368724], [92.793682, 26.368802], [92.793802, 26.368926], [92.793877, 26.369015], [92.793974, 26.36917], [92.794068, 26.369347], [92.794154, 26.369564], [92.794232, 26.369811], [92.794277, 26.370001], [92.794284, 26.370053], [92.79428, 26.370222], [92.79427, 26.370335], [92.794258, 26.370411], [92.794217, 26.370587], [92.794156, 26.370723], [92.794115, 26.370806], [92.794024, 26.371012], [92.793947, 26.37122], [92.793876, 26.371385], [92.79381, 26.371606], [92.793777, 26.371808], [92.793776, 26.371952], [92.793825, 26.372331], [92.793938, 26.372813], [92.794057, 26.373399], [92.794181, 26.373918], [92.794245, 26.374214], [92.794317, 26.3745], [92.794328, 26.374545], [92.794433, 26.374899], [92.79454, 26.375206], [92.794862, 26.376085], [92.79513, 26.376941], [92.79528, 26.377503], [92.795401, 26.377982], [92.795575, 26.378702], [92.795734, 26.379452], [92.795835, 26.380046], [92.795962, 26.380718], [92.796055, 26.381182], [92.796184, 26.381776], [92.796334, 26.382465], [92.796509, 26.383201], [92.796619, 26.383664], [92.796798, 26.384407], [92.796951, 26.385051], [92.797099, 26.385615], [92.797214, 26.386158], [92.797429, 26.38705], [92.797579, 26.387665], [92.797769, 26.388403], [92.797965, 26.389188], [92.798177, 26.390017], [92.798319, 26.390628], [92.798443, 26.391103], [92.798569, 26.391637], [92.798609, 26.391942], [92.798614, 26.392134], [92.798593, 26.392381], [92.798555, 26.392641], [92.798477, 26.392884], [92.798405, 26.393085], [92.798239, 26.393489], [92.798027, 26.39402], [92.797882, 26.394453], [92.797775, 26.394851], [92.797678, 26.395219], [92.797638, 26.395558], [92.797625, 26.39587], [92.797641, 26.396166], [92.797692, 26.39648], [92.797769, 26.396793], [92.797874, 26.3971], [92.797995, 26.397362], [92.798169, 26.397686], [92.798362, 26.397939], [92.798577, 26.398177], [92.798869, 26.398453], [92.799143, 26.398659], [92.799419, 26.398847], [92.79976, 26.399032], [92.800269, 26.399265], [92.800779, 26.399496], [92.801586, 26.399844], [92.802259, 26.400149], [92.803085, 26.40055], [92.80363, 26.400805], [92.804099, 26.401009], [92.804684, 26.401252], [92.805237, 26.401454], [92.805966, 26.40173], [92.806385, 26.401874], [92.806873, 26.402054], [92.807833, 26.402374], [92.808501, 26.402619], [92.808994, 26.40278], [92.809547, 26.402929], [92.810062, 26.403044], [92.810759, 26.403202], [92.811376, 26.403351], [92.812025, 26.403572], [92.812868, 26.403856], [92.813619, 26.404108], [92.814026, 26.404255], [92.814431, 26.404425], [92.814836, 26.404634], [92.815306, 26.40492], [92.815697, 26.40517], [92.81596, 26.40536], [92.816387, 26.405667], [92.816765, 26.405956], [92.817108, 26.406191], [92.817467, 26.406393], [92.817658, 26.406476], [92.81776, 26.40652], [92.818189, 26.406667], [92.818648, 26.406792], [92.819356, 26.406993], [92.819812, 26.407126], [92.82015, 26.407241], [92.820694, 26.40746], [92.821145, 26.407642], [92.821523, 26.407779], [92.822132, 26.407995], [92.82281, 26.408214], [92.823422, 26.408413], [92.823913, 26.408541], [92.824272, 26.408615], [92.824618, 26.408675], [92.825238, 26.408771], [92.825528, 26.408826], [92.825978, 26.408935], [92.826571, 26.409105], [92.827282, 26.409316], [92.82806, 26.409535], [92.828706, 26.409739], [92.829149, 26.409893], [92.829661, 26.410088], [92.830229, 26.410306], [92.830543, 26.410434], [92.831316, 26.410743], [92.831549, 26.410848], [92.833255, 26.411503], [92.834682, 26.412103], [92.835884, 26.412641], [92.836562, 26.412968], [92.83701, 26.413208], [92.837288, 26.413339], [92.838036, 26.413773], [92.838959, 26.414325], [92.83959, 26.414699], [92.840194, 26.415039], [92.840728, 26.415341], [92.841025, 26.415505], [92.841436, 26.415729], [92.842057, 26.416052], [92.842701, 26.416375], [92.843389, 26.416682], [92.843411, 26.416692], [92.843738, 26.416805], [92.844422, 26.417027], [92.845155, 26.417256], [92.845672, 26.417423], [92.845968, 26.417546], [92.846389, 26.417739], [92.846605, 26.417861], [92.847036, 26.41813], [92.847412, 26.418447], [92.847554, 26.418584], [92.847794, 26.418841], [92.848059, 26.419158], [92.848138, 26.419292], [92.848354, 26.419636], [92.848523, 26.420009], [92.84866, 26.420373], [92.848764, 26.420766], [92.848816, 26.421032], [92.848853, 26.421499], [92.848887, 26.421942], [92.848916, 26.422448], [92.848945, 26.422933], [92.848987, 26.423377], [92.849022, 26.423728], [92.849063, 26.424204], [92.849115, 26.424711], [92.849178, 26.425186], [92.849246, 26.425556], [92.849249, 26.42558], [92.849298, 26.425976], [92.849387, 26.426432], [92.84944, 26.426872], [92.849488, 26.427264], [92.849535, 26.427785], [92.849579, 26.428194], [92.849592, 26.428728], [92.849639, 26.429198], [92.849704, 26.429572], [92.849795, 26.429901], [92.849889, 26.430232], [92.850011, 26.430542], [92.850196, 26.430845], [92.850355, 26.431109], [92.85052, 26.431358], [92.850663, 26.431555], [92.850782, 26.431694], [92.851053, 26.43197], [92.851192, 26.43208], [92.851526, 26.432326], [92.851679, 26.432433], [92.851971, 26.432637], [92.852169, 26.43273], [92.852481, 26.432866], [92.852682, 26.432959], [92.853084, 26.433096], [92.853276, 26.433138], [92.853781, 26.433249], [92.85422, 26.433325], [92.854839, 26.433383], [92.855414, 26.433453], [92.856364, 26.433512], [92.858136, 26.433635], [92.85928, 26.43369], [92.860035, 26.433714], [92.860557, 26.43373], [92.861167, 26.433731], [92.861818, 26.433766], [92.862349, 26.43376], [92.863112, 26.433823], [92.863658, 26.433883], [92.864174, 26.433971], [92.864912, 26.434083], [92.865719, 26.434319], [92.866146, 26.434444], [92.866621, 26.434613], [92.867038, 26.434763], [92.867466, 26.434943], [92.868033, 26.435176], [92.868531, 26.435423], [92.868982, 26.435659], [92.86936, 26.435885], [92.869525, 26.435989], [92.869887, 26.436192], [92.870212, 26.436381], [92.870397, 26.436502], [92.870774, 26.436708], [92.871136, 26.436916], [92.871272, 26.436995], [92.87166, 26.437173], [92.87185, 26.437245], [92.872179, 26.437357], [92.872429, 26.437421], [92.872797, 26.437517], [92.873113, 26.437578], [92.87357, 26.437649], [92.874041, 26.437691], [92.874599, 26.437735], [92.875, 26.437749], [92.875564, 26.437772], [92.875886, 26.437793], [92.875983, 26.437799], [92.876587, 26.437819], [92.877639, 26.437876], [92.878552, 26.437967], [92.879353, 26.438014], [92.880037, 26.438073], [92.880719, 26.438116], [92.881505, 26.43813], [92.881873, 26.438107], [92.882885, 26.438073], [92.883766, 26.438034], [92.884308, 26.438016], [92.88494, 26.438002], [92.885478, 26.438017], [92.886026, 26.438072], [92.88656, 26.438134], [92.887213, 26.438305], [92.887697, 26.438469], [92.888254, 26.43871], [92.88871, 26.438952], [92.888992, 26.439147], [92.889205, 26.439293], [92.889762, 26.439787], [92.890158, 26.440257], [92.890598, 26.440812], [92.891255, 26.441574], [92.891338, 26.441679], [92.891769, 26.442229], [92.892313, 26.442858], [92.892675, 26.443231], [92.892831, 26.443422], [92.893024, 26.443563], [92.893177, 26.443676], [92.893602, 26.443902], [92.894613, 26.44443], [92.895451, 26.4449], [92.896267, 26.445372], [92.897096, 26.445804], [92.897388, 26.445947], [92.89805, 26.446278], [92.898423, 26.446454], [92.899056, 26.446801], [92.899361, 26.447003], [92.899794, 26.447278], [92.900121, 26.447473], [92.900625, 26.447867], [92.900977, 26.448111], [92.901548, 26.448594], [92.90183, 26.448803], [92.902315, 26.449177], [92.902585, 26.449382], [92.903018, 26.449718], [92.903379, 26.449997], [92.90388, 26.450397], [92.904265, 26.450673], [92.904881, 26.451062], [92.905267, 26.451324], [92.905912, 26.451734], [92.906183, 26.451934], [92.906829, 26.452397], [92.907312, 26.452707], [92.907621, 26.452905], [92.90816, 26.453248], [92.908516, 26.453504], [92.909085, 26.453856], [92.909664, 26.454257], [92.910035, 26.454488], [92.910543, 26.454788], [92.910853, 26.454955], [92.911275, 26.455173], [92.911726, 26.455341], [92.912372, 26.455638], [92.913348, 26.456033], [92.914372, 26.456482], [92.914868, 26.456677], [92.91521, 26.456812], [92.915943, 26.457129], [92.918179, 26.458054], [92.919617, 26.458633], [92.920577, 26.458971], [92.922208, 26.459715], [92.922973, 26.460078], [92.923658, 26.460416], [92.924091, 26.460653], [92.924382, 26.460886], [92.924632, 26.461126], [92.924812, 26.461369], [92.925032, 26.461673], [92.925314, 26.462191], [92.925604, 26.462667], [92.925856, 26.463028], [92.926118, 26.463379], [92.926403, 26.463731], [92.926525, 26.463858], [92.926797, 26.464159], [92.926947, 26.464297], [92.927214, 26.464584], [92.927314, 26.464701], [92.927693, 26.465077], [92.927993, 26.465384], [92.928457, 26.465872], [92.928752, 26.466167], [92.928923, 26.466346], [92.929217, 26.466654], [92.92938, 26.466823], [92.929636, 26.46709], [92.930002, 26.467461], [92.930372, 26.467834], [92.930755, 26.468262], [92.931145, 26.46865], [92.931555, 26.469113], [92.931984, 26.469634], [92.932406, 26.470135], [92.932723, 26.470511], [92.933032, 26.470891], [92.933404, 26.471331], [92.933763, 26.47176], [92.934091, 26.472154], [92.934417, 26.472556], [92.934756, 26.472984], [92.93513, 26.473401], [92.935412, 26.473736], [92.93577, 26.474172], [92.936171, 26.474649], [92.936514, 26.475067], [92.936819, 26.475427], [92.937144, 26.475803], [92.937455, 26.476179], [92.937734, 26.476566], [92.937999, 26.476873], [92.938286, 26.477227], [92.938561, 26.47756], [92.938906, 26.477988], [92.939179, 26.478325], [92.939771, 26.479069], [92.94039, 26.479832], [92.94094, 26.48052], [92.941733, 26.481507], [92.94243, 26.482372], [92.942803, 26.482868], [92.943256, 26.483433], [92.943409, 26.483688], [92.943517, 26.48393], [92.94364, 26.484238], [92.943731, 26.484633], [92.943797, 26.485191], [92.943867, 26.485946], [92.943955, 26.486697], [92.944017, 26.487225], [92.944116, 26.487695], [92.944277, 26.488082], [92.944455, 26.488333], [92.94458, 26.488489], [92.944905, 26.488791], [92.945264, 26.48905], [92.945652, 26.489279], [92.94612, 26.489573], [92.946804, 26.489978], [92.947189, 26.490281], [92.947702, 26.490693], [92.948133, 26.491086], [92.948558, 26.491465], [92.948623, 26.49152], [92.948919, 26.49177], [92.94923, 26.492147], [92.94942, 26.492478], [92.949609, 26.492833], [92.949741, 26.493222], [92.949965, 26.493946], [92.950207, 26.494727], [92.950366, 26.495255], [92.950631, 26.496043], [92.950859, 26.496753], [92.950999, 26.497143], [92.951205, 26.497661], [92.951289, 26.497891], [92.951347, 26.498049], [92.951491, 26.498434], [92.951677, 26.498852], [92.951818, 26.499204], [92.952055, 26.499674], [92.952214, 26.500088], [92.952398, 26.500458], [92.952488, 26.500644], [92.952635, 26.500888], [92.952755, 26.501029], [92.952953, 26.501273], [92.953295, 26.501616], [92.953651, 26.501985], [92.953902, 26.50231], [92.954146, 26.502718], [92.95434, 26.50312], [92.954524, 26.503525], [92.954703, 26.503975], [92.954842, 26.504353], [92.955016, 26.504767], [92.95521, 26.505252], [92.955302, 26.505612], [92.955375, 26.505993], [92.955392, 26.506319], [92.95537, 26.506794], [92.955349, 26.507129], [92.955321, 26.507496], [92.9553, 26.507864], [92.955279, 26.50817], [92.955266, 26.508496], [92.955275, 26.508826], [92.955275, 26.509138], [92.955244, 26.509538], [92.955249, 26.509938], [92.955241, 26.510328], [92.955233, 26.510582], [92.955226, 26.510994], [92.955227, 26.511466], [92.955228, 26.511871], [92.955226, 26.512245], [92.95524, 26.512566], [92.95526, 26.512813], [92.955328, 26.513219], [92.955357, 26.513429], [92.955447, 26.513806], [92.955522, 26.51417], [92.955603, 26.514777], [92.95565, 26.515154], [92.955647, 26.515376], [92.955616, 26.515921], [92.955582, 26.516188], [92.95551, 26.516624], [92.955338, 26.517194], [92.95518, 26.517604], [92.955015, 26.518126], [92.954812, 26.518672], [92.954641, 26.519216], [92.954469, 26.51968], [92.954327, 26.520105], [92.954191, 26.520537], [92.954015, 26.521026], [92.953893, 26.521364], [92.953729, 26.521723], [92.953502, 26.522153], [92.953324, 26.522477], [92.9531, 26.522777], [92.953025, 26.522891], [92.952721, 26.523323], [92.952614, 26.523482], [92.952515, 26.523629], [92.952446, 26.52372], [92.95238, 26.523795], [92.952203, 26.524012], [92.951922, 26.524394], [92.951637, 26.52477], [92.951297, 26.525236], [92.951061, 26.525576], [92.950778, 26.525975], [92.950476, 26.526427], [92.950229, 26.526796], [92.949965, 26.527198], [92.94966, 26.527639], [92.949436, 26.527985], [92.948959, 26.52845], [92.948646, 26.528706], [92.948483, 26.528817], [92.948019, 26.529113], [92.94775, 26.529252], [92.947241, 26.52944], [92.946528, 26.529717], [92.946276, 26.529799], [92.945878, 26.529937], [92.945557, 26.530049], [92.945127, 26.530174], [92.944712, 26.530286], [92.944158, 26.53043], [92.94384, 26.530499], [92.943291, 26.530597], [92.942906, 26.530641], [92.942391, 26.530709], [92.942112, 26.530733], [92.941581, 26.530771], [92.941221, 26.530792], [92.940655, 26.530809], [92.940254, 26.530816], [92.939685, 26.530847], [92.939316, 26.530868], [92.938798, 26.530929], [92.938445, 26.530987], [92.93795, 26.531114], [92.937631, 26.531216], [92.93727, 26.531323], [92.936968, 26.531389], [92.936587, 26.531471], [92.936303, 26.531492], [92.935925, 26.53148], [92.935729, 26.531467], [92.935434, 26.53145], [92.934482, 26.531386], [92.934168, 26.531395], [92.933788, 26.531406], [92.933183, 26.531449], [92.93223, 26.531556], [92.931563, 26.531657], [92.931011, 26.531799], [92.930765, 26.531911], [92.930582, 26.531994], [92.930268, 26.532197], [92.92982, 26.532521], [92.929485, 26.53283], [92.929231, 26.53314], [92.929062, 26.533408], [92.928815, 26.533888], [92.928532, 26.534703], [92.928322, 26.535543], [92.928079, 26.537103], [92.928079, 26.537561], [92.928099, 26.538156], [92.927997, 26.538178], [92.928018, 26.538276], [92.928371, 26.539922], [92.928844, 26.541424], [92.930377, 26.544961], [92.930835, 26.546018], [92.931384, 26.546906], [92.931625, 26.547297], [92.9323, 26.548098], [92.93279, 26.548636], [92.933386, 26.549643], [92.9335, 26.549835], [92.933865, 26.550522], [92.93419, 26.550878], [92.934467, 26.551182], [92.935474, 26.552045], [92.93579, 26.552267], [92.936332, 26.552646], [92.936847, 26.553054], [92.9385, 26.554899], [92.939637, 26.55638], [92.940087, 26.556959], [92.940817, 26.557818], [92.942147, 26.559448], [92.9438, 26.561165], [92.944385, 26.561482], [92.945108, 26.561873], [92.946203, 26.562474], [92.946847, 26.563118], [92.947619, 26.56389], [92.948649, 26.565135], [92.949357, 26.566122], [92.950623, 26.567431], [92.952061, 26.568396], [92.952211, 26.568465], [92.953091, 26.568868], [92.953992, 26.569233], [92.955258, 26.569641], [92.956472, 26.569899], [92.957682, 26.570028], [92.957876, 26.570048], [92.960662, 26.570195], [92.961954, 26.570316], [92.963125, 26.57049], [92.964548, 26.570797], [92.965799, 26.57088], [92.96661, 26.570974], [92.967015, 26.571162], [92.967703, 26.571741], [92.968336, 26.572382], [92.968417, 26.572462], [92.968815, 26.572859], [92.968901, 26.572945], [92.970192, 26.574383], [92.971222, 26.575627], [92.971351, 26.576014], [92.971737, 26.577559], [92.971888, 26.578331], [92.972167, 26.580048], [92.972553, 26.581595], [92.972639, 26.581936], [92.972961, 26.583159], [92.973325, 26.584103], [92.97339, 26.584275], [92.973583, 26.585949], [92.973969, 26.586399], [92.974463, 26.586549], [92.975154, 26.58655], [92.975879, 26.586549], [92.977746, 26.586464], [92.979677, 26.586335], [92.98178, 26.586077], [92.982788, 26.586099], [92.983518, 26.58612], [92.984204, 26.585991], [92.98524, 26.585574], [92.985857, 26.585326], [92.987166, 26.584768], [92.987337, 26.584661], [92.987402, 26.584618], [92.987444, 26.584597], [92.988024, 26.584382], [92.989676, 26.583674], [92.989805, 26.583631], [92.99061, 26.583289], [92.991071, 26.583073], [92.992578, 26.582423], [92.993186, 26.582172], [92.99358, 26.582021], [92.994145, 26.581829], [92.995403, 26.581398], [92.995873, 26.581214], [92.99606, 26.581149], [92.996296, 26.581061], [92.997849, 26.580481], [92.998024, 26.580417], [92.999115, 26.580019], [92.99941, 26.57991], [93.000276, 26.579597], [93.000729, 26.57943], [93.001482, 26.579185], [93.001969, 26.579049], [93.002405, 26.578941], [93.002938, 26.578863], [93.003279, 26.578819], [93.003638, 26.578784], [93.004104, 26.578763], [93.004671, 26.578774], [93.005816, 26.578772], [93.00743, 26.578827], [93.008416, 26.578841], [93.008572, 26.578843], [93.009031, 26.578814], [93.010682, 26.578697], [93.011339, 26.578663], [93.011848, 26.578636], [93.012371, 26.578609], [93.01278, 26.578551], [93.012984, 26.57851], [93.013166, 26.578448], [93.013497, 26.578307], [93.013699, 26.578187], [93.013814, 26.578102], [93.013892, 26.578042], [93.013988, 26.577966], [93.014166, 26.577801], [93.01436, 26.577555], [93.014635, 26.577218], [93.014869, 26.576932], [93.015118, 26.576616], [93.015229, 26.576486], [93.016026, 26.575445], [93.01621, 26.57522], [93.016262, 26.575155], [93.01761, 26.573444], [93.017749, 26.573273], [93.018155, 26.572761], [93.018622, 26.57216], [93.019282, 26.571334], [93.019775, 26.570722], [93.020154, 26.570251], [93.020333, 26.570054], [93.020546, 26.569867], [93.020999, 26.569503], [93.021495, 26.569136], [93.021684, 26.568997], [93.022038, 26.568724], [93.02231, 26.568547], [93.022452, 26.568456], [93.022585, 26.568392], [93.022725, 26.568331], [93.022989, 26.56824], [93.023194, 26.568186], [93.023636, 26.568095], [93.023855, 26.568077], [93.024548, 26.568047], [93.025216, 26.568004], [93.025665, 26.567988], [93.025857, 26.567979], [93.026371, 26.567934], [93.026676, 26.567912], [93.027166, 26.567889], [93.028158, 26.567839], [93.029192, 26.567764], [93.030992, 26.567676], [93.031785, 26.56763], [93.033128, 26.567564], [93.035382, 26.567453], [93.036445, 26.56739], [93.03694, 26.567383], [93.037301, 26.567416], [93.037541, 26.56745], [93.037822, 26.567509], [93.039936, 26.56809], [93.040687, 26.568302], [93.041353, 26.56851], [93.042162, 26.568686], [93.042577, 26.568754], [93.043014, 26.568813], [93.043789, 26.56888], [93.044159, 26.568923], [93.044347, 26.568959], [93.04458, 26.569022], [93.044858, 26.569135], [93.045244, 26.569326], [93.046863, 26.570285], [93.047322, 26.570527], [93.047508, 26.570621], [93.047682, 26.570684], [93.047959, 26.570749], [93.048134, 26.570773], [93.048403, 26.570792], [93.04955, 26.570761], [93.049841, 26.570744], [93.050109, 26.570707], [93.050357, 26.570643], [93.050662, 26.570516], [93.051796, 26.569941], [93.052448, 26.569679], [93.052643, 26.569637], [93.052798, 26.569634], [93.053332, 26.569651], [93.054578, 26.569707], [93.055105, 26.569712], [93.055419, 26.5697], [93.056058, 26.569674], [93.057295, 26.569579], [93.058259, 26.569483], [93.058289, 26.569479], [93.058514, 26.569443], [93.0588, 26.569382], [93.05898, 26.569323], [93.059606, 26.569065], [93.060305, 26.568761], [93.060669, 26.568611], [93.06119, 26.568461], [93.061967, 26.5683], [93.062999, 26.568128], [93.063182, 26.568079], [93.06349, 26.567967], [93.063609, 26.567921], [93.064069, 26.56768], [93.064915, 26.56724], [93.065172, 26.567149], [93.06545, 26.567069], [93.065881, 26.566996], [93.066142, 26.56696], [93.066327, 26.566955], [93.066532, 26.566968], [93.066751, 26.567005], [93.067195, 26.567123], [93.067308, 26.56716], [93.068125, 26.567431], [93.06835, 26.567522], [93.069515, 26.567979], [93.070341, 26.568304], [93.070872, 26.568546], [93.072438, 26.569598], [93.073447, 26.570821], [93.075074, 26.572081], [93.075442, 26.572366], [93.07596, 26.572753], [93.076225, 26.572942], [93.076879, 26.573408], [93.077731, 26.574015], [93.078035, 26.574325], [93.078421, 26.574745], [93.078651, 26.575079], [93.07944, 26.576222], [93.079869, 26.576725], [93.079909, 26.576751], [93.080326, 26.577022], [93.080562, 26.577128], [93.080798, 26.577224], [93.081019, 26.577296], [93.081265, 26.577332], [93.081526, 26.577368], [93.081755, 26.577371], [93.081998, 26.577351], [93.082761, 26.577222], [93.08299, 26.577184], [93.083239, 26.577135], [93.083435, 26.577086], [93.083671, 26.577019], [93.083832, 26.576958], [93.083915, 26.576918], [93.083959, 26.57688], [93.084042, 26.576807], [93.084133, 26.576706], [93.084614, 26.57617], [93.084866, 26.575845], [93.084922, 26.575771], [93.085106, 26.575526], [93.085183, 26.575371], [93.085264, 26.575207], [93.085374, 26.574936], [93.085446, 26.574804], [93.085473, 26.574754], [93.08557, 26.574635], [93.085644, 26.574595], [93.085788, 26.574516], [93.085817, 26.574505], [93.085983, 26.574437], [93.086362, 26.574344], [93.086517, 26.574329], [93.086588, 26.574339], [93.086662, 26.574351], [93.087208, 26.574472], [93.087447, 26.574516], [93.087488, 26.574523], [93.087691, 26.574544], [93.089124, 26.5745], [93.089563, 26.574483], [93.090422, 26.574452], [93.09142, 26.57443], [93.09185, 26.574421], [93.092333, 26.574411], [93.09253, 26.574405], [93.092667, 26.574368], [93.092721, 26.574345], [93.092803, 26.57431], [93.092973, 26.574211], [93.093418, 26.573931], [93.093778, 26.573704], [93.094275, 26.57339], [93.094368, 26.573331], [93.094524, 26.573272], [93.094691, 26.573242], [93.09497, 26.573243], [93.095168, 26.573274], [93.09536, 26.573355], [93.095836, 26.573667], [93.095956, 26.573746], [93.096179, 26.573863], [93.096401, 26.57398], [93.096667, 26.574083], [93.096881, 26.574166], [93.097205, 26.574264], [93.097299, 26.574292], [93.097549, 26.574326], [93.097956, 26.574343], [93.098436, 26.574368], [93.098646, 26.57442], [93.098889, 26.574533], [93.099149, 26.574598], [93.099426, 26.574638], [93.099711, 26.574619], [93.099989, 26.574582], [93.100179, 26.574506], [93.100312, 26.574372], [93.100409, 26.574213], [93.100535, 26.573999], [93.100645, 26.573799], [93.100724, 26.573715], [93.100869, 26.573567], [93.101059, 26.573456], [93.101205, 26.57341], [93.101352, 26.573419], [93.101471, 26.573471], [93.101601, 26.573584], [93.101817, 26.573823], [93.10208, 26.57404], [93.102264, 26.574147], [93.102495, 26.574161], [93.102672, 26.574082], [93.103236, 26.573723], [93.103335, 26.573656], [93.103563, 26.573593], [93.103938, 26.573542], [93.104572, 26.573602], [93.104722, 26.573642], [93.105636, 26.574154], [93.105998, 26.574361], [93.106217, 26.574423], [93.106435, 26.574425], [93.106572, 26.574395], [93.106886, 26.574277], [93.107088, 26.574213], [93.107229, 26.574205], [93.107883, 26.574318], [93.10807, 26.574389], [93.108175, 26.574451], [93.108311, 26.574619], [93.108419, 26.574743], [93.108615, 26.574842], [93.108873, 26.574876], [93.109002, 26.574876], [93.109544, 26.574802], [93.110194, 26.574734], [93.110287, 26.57474], [93.110719, 26.574812], [93.110858, 26.574822], [93.110937, 26.574804], [93.110997, 26.574773], [93.111074, 26.574729], [93.111122, 26.574679], [93.111346, 26.574446], [93.111423, 26.5744], [93.111544, 26.57438], [93.111885, 26.574419], [93.112062, 26.574455], [93.112344, 26.574572], [93.112599, 26.574635], [93.112798, 26.574637], [93.113053, 26.574614], [93.113264, 26.574548], [93.113395, 26.574482], [93.114049, 26.57396], [93.114774, 26.573353], [93.11482, 26.573317], [93.114876, 26.573273], [93.114957, 26.573218], [93.115036, 26.573154], [93.115164, 26.57305], [93.115199, 26.573021], [93.115654, 26.572666], [93.11646, 26.572044], [93.117073, 26.571565], [93.117797, 26.570916], [93.11883, 26.570027], [93.119921, 26.569051], [93.120078, 26.568909], [93.120533, 26.568541], [93.120736, 26.568427], [93.120933, 26.568332], [93.121185, 26.568267], [93.121424, 26.568226], [93.121608, 26.5682], [93.122008, 26.568162], [93.122491, 26.568154], [93.126319, 26.568053], [93.129546, 26.567968], [93.129775, 26.567983], [93.130203, 26.568045], [93.131021, 26.568215], [93.132374, 26.568535], [93.13408, 26.568883], [93.136742, 26.569513], [93.137219, 26.569675], [93.137607, 26.56981], [93.138727, 26.570308], [93.139242, 26.570533], [93.139628, 26.570702], [93.140251, 26.570938], [93.140507, 26.571035], [93.141017, 26.571229], [93.141649, 26.571509], [93.142905, 26.572065], [93.143919, 26.572566], [93.145069, 26.57347], [93.145315, 26.573594], [93.14605, 26.573861], [93.147585, 26.574354], [93.151054, 26.57536], [93.151305, 26.575442], [93.151512, 26.575519], [93.151698, 26.575603], [93.151842, 26.575688], [93.152234, 26.575964], [93.152486, 26.576112], [93.152736, 26.576209], [93.153092, 26.57633], [93.153336, 26.57638], [93.153597, 26.576397], [93.15388, 26.57638], [93.155372, 26.576204], [93.155554, 26.576203], [93.155983, 26.576234], [93.156526, 26.576273], [93.156802, 26.576281], [93.157066, 26.57625], [93.157774, 26.576156], [93.158555, 26.576118], [93.159629, 26.576203], [93.160192, 26.576277], [93.160614, 26.57632], [93.160859, 26.576321], [93.161193, 26.576274], [93.161846, 26.57617], [93.162856, 26.575934], [93.163403, 26.57588], [93.163826, 26.57585], [93.165124, 26.575866], [93.166717, 26.57593], [93.168385, 26.576023], [93.168826, 26.576068], [93.169414, 26.576116], [93.169939, 26.576171], [93.170544, 26.576289], [93.170857, 26.576385], [93.171205, 26.576481], [93.1714, 26.576526], [93.171631, 26.576556], [93.171915, 26.576546], [93.172169, 26.576516], [93.17253, 26.576414], [93.173547, 26.576104], [93.174276, 26.575799], [93.174633, 26.575559], [93.175568, 26.574822], [93.176032, 26.574492], [93.176576, 26.574144], [93.17695, 26.573987], [93.177235, 26.573903], [93.177475, 26.573844], [93.178511, 26.573673], [93.178949, 26.573643], [93.179822, 26.573632], [93.180403, 26.573641], [93.181375, 26.573665], [93.182134, 26.573722], [93.182436, 26.573751], [93.182908, 26.573794], [93.18322, 26.573817], [93.184045, 26.573879], [93.184309, 26.573894], [93.185352, 26.573953], [93.187113, 26.574051], [93.188203, 26.574087], [93.18909, 26.574122], [93.189448, 26.574145], [93.190558, 26.574202], [93.191587, 26.574267], [93.192199, 26.574309], [93.193722, 26.57448], [93.194081, 26.574542], [93.194914, 26.574685], [93.196163, 26.5749], [93.196485, 26.574948], [93.197741, 26.575107], [93.197848, 26.575126], [93.198107, 26.575168], [93.198211, 26.575181], [93.199044, 26.57529], [93.19997, 26.575439], [93.200703, 26.575558], [93.200835, 26.57558], [93.201686, 26.575719], [93.202048, 26.575758], [93.202366, 26.575769], [93.202774, 26.575763], [93.203354, 26.57569], [93.206265, 26.575253], [93.209341, 26.574901], [93.210287, 26.574788], [93.210823, 26.574737], [93.213464, 26.574716], [93.218206, 26.574673], [93.219085, 26.574652], [93.222192, 26.574634], [93.222776, 26.57463], [93.225973, 26.57463], [93.227926, 26.574652], [93.228849, 26.574652], [93.231466, 26.57463], [93.235114, 26.574716], [93.236831, 26.574845], [93.238397, 26.574974], [93.239452, 26.575068], [93.240329, 26.575145], [93.243182, 26.575446], [93.245435, 26.575682], [93.247624, 26.575896], [93.251143, 26.576154], [93.252459, 26.576305], [93.253212, 26.576365], [93.253782, 26.576411], [93.25404, 26.576433], [93.255756, 26.576788], [93.255907, 26.576819], [93.256679, 26.577141], [93.258184, 26.577868], [93.259635, 26.578647], [93.260251, 26.578916], [93.260756, 26.579029], [93.261192, 26.578977], [93.262809, 26.578339], [93.262935, 26.578285], [93.263289, 26.578162], [93.263424, 26.578137], [93.263576, 26.578116], [93.263969, 26.578116], [93.264454, 26.578135], [93.26497, 26.578189], [93.265243, 26.578208], [93.265556, 26.578228], [93.266191, 26.57828], [93.266439, 26.57829], [93.266867, 26.578329], [93.267782, 26.578473], [93.267944, 26.578501], [93.26865, 26.578628], [93.268838, 26.578655], [93.269125, 26.578701], [93.269346, 26.578722], [93.26961, 26.57874], [93.269962, 26.578738], [93.270325, 26.578717], [93.270518, 26.578696], [93.270634, 26.578691], [93.270866, 26.578658], [93.271305, 26.57857], [93.272638, 26.578138], [93.272887, 26.578055], [93.273363, 26.57792], [93.273851, 26.577788], [93.275127, 26.577566], [93.276135, 26.577413], [93.276225, 26.577418], [93.277201, 26.577297], [93.279655, 26.576936], [93.280344, 26.576847], [93.28056, 26.576831], [93.280767, 26.576819], [93.280956, 26.576812], [93.281068, 26.57681], [93.281183, 26.576811], [93.281294, 26.576814], [93.281397, 26.576821], [93.281881, 26.5769], [93.28238, 26.577001], [93.282934, 26.577114], [93.283461, 26.577245], [93.284208, 26.577439], [93.284858, 26.57763], [93.285625, 26.577851], [93.287809, 26.578481], [93.290262, 26.579095], [93.290826, 26.579247], [93.291287, 26.579366], [93.29301, 26.5798], [93.293771, 26.579989], [93.295066, 26.580302], [93.296327, 26.580597], [93.297067, 26.580781], [93.297658, 26.580949], [93.298624, 26.581206], [93.300147, 26.581709], [93.300833, 26.581963], [93.301103, 26.582061], [93.301287, 26.582117], [93.301722, 26.582243], [93.301979, 26.582299], [93.303126, 26.582531], [93.303425, 26.582597], [93.303732, 26.582658], [93.304227, 26.58272], [93.305859, 26.582956], [93.306993, 26.583165], [93.309024, 26.583616], [93.310963, 26.584008], [93.311543, 26.584082], [93.312199, 26.584167], [93.31275, 26.584245], [93.313471, 26.584356], [93.313775, 26.584404], [93.314302, 26.584503], [93.314691, 26.584597], [93.315148, 26.584769], [93.316137, 26.585174], [93.316446, 26.585254], [93.316539, 26.585283], [93.316705, 26.585308], [93.316879, 26.585323], [93.317333, 26.585357], [93.317654, 26.585401], [93.317931, 26.585435], [93.318117, 26.585494], [93.318236, 26.585519], [93.318514, 26.585552], [93.31883, 26.585558], [93.319953, 26.585519], [93.321583, 26.585498], [93.322138, 26.585558], [93.322983, 26.585537], [93.32329, 26.585549], [93.323504, 26.58559], [93.324533, 26.585725], [93.324929, 26.585788], [93.325134, 26.585798], [93.325295, 26.585792], [93.325466, 26.585764], [93.326624, 26.585519], [93.326704, 26.585512], [93.327029, 26.585483], [93.327353, 26.585464], [93.32786, 26.585495], [93.329039, 26.58559], [93.32934, 26.585535], [93.329644, 26.585478], [93.329938, 26.58536], [93.330089, 26.585271], [93.330272, 26.585197], [93.330422, 26.585165], [93.331475, 26.585004], [93.331723, 26.584943], [93.331887, 26.584901], [93.332046, 26.58485], [93.332096, 26.584834], [93.332162, 26.584812], [93.332849, 26.584511], [93.333257, 26.58435], [93.333527, 26.584271], [93.333869, 26.584196], [93.33491, 26.584125], [93.335884, 26.58404], [93.336074, 26.584037], [93.336416, 26.584032], [93.336676, 26.584041], [93.336805, 26.584054], [93.336888, 26.584072], [93.336966, 26.584092], [93.33708, 26.584125], [93.337292, 26.584207], [93.337302, 26.584216], [93.337303, 26.584229], [93.337654, 26.584405], [93.337926, 26.584556], [93.339029, 26.585231], [93.33988, 26.585726], [93.340274, 26.585912], [93.340492, 26.586022], [93.340901, 26.586172], [93.341108, 26.58623], [93.341209, 26.586257], [93.341273, 26.586274], [93.341442, 26.586291], [93.341611, 26.586307], [93.342505, 26.586313], [93.343095, 26.586297], [93.34376, 26.586231], [93.344436, 26.586206], [93.344582, 26.586206], [93.344939, 26.58621], [93.345129, 26.586222], [93.345397, 26.58624], [93.346414, 26.5863], [93.346966, 26.586305], [93.34789, 26.586356], [93.348096, 26.586356], [93.348663, 26.586356], [93.348812, 26.586352], [93.349273, 26.58634], [93.349453, 26.586335], [93.349975, 26.586334], [93.351093, 26.586355], [93.351152, 26.586356], [93.351975, 26.586402], [93.35261, 26.58641], [93.353264, 26.586414], [93.353727, 26.586421], [93.354682, 26.586444], [93.355463, 26.586472], [93.355642, 26.586489], [93.356175, 26.586539], [93.356763, 26.586594], [93.358162, 26.586661], [93.358319, 26.586666], [93.359417, 26.586736], [93.359563, 26.586752], [93.359778, 26.586776], [93.36027, 26.586828], [93.36055, 26.586871], [93.360697, 26.586899], [93.36078, 26.586915], [93.361133, 26.586983], [93.362117, 26.587172], [93.364756, 26.58773], [93.365852, 26.587922], [93.366241, 26.587962], [93.366694, 26.587966], [93.367031, 26.587966], [93.368833, 26.587858], [93.369112, 26.587837], [93.372223, 26.587365], [93.374434, 26.587386], [93.378296, 26.587536], [93.379669, 26.587579], [93.380299, 26.587602], [93.382008, 26.587665], [93.384347, 26.587751], [93.385535, 26.587778], [93.388145, 26.587837], [93.390161, 26.587884], [93.391793, 26.587923], [93.392043, 26.587947], [93.393982, 26.588137], [93.395315, 26.588334], [93.39567, 26.588391], [93.396337, 26.588528], [93.39687, 26.588648], [93.397487, 26.588807], [93.398605, 26.58908], [93.400398, 26.589477], [93.400605, 26.589523], [93.400703, 26.589544], [93.400848, 26.589573], [93.400982, 26.589596], [93.401184, 26.589636], [93.401231, 26.58964], [93.401514, 26.58969], [93.401848, 26.589744], [93.402117, 26.58977], [93.402461, 26.589803], [93.403393, 26.589893], [93.403471, 26.589894], [93.403497, 26.589893], [93.403688, 26.589883], [93.404409, 26.58978], [93.404568, 26.589753], [93.404662, 26.589733], [93.405115, 26.58964], [93.405671, 26.589525], [93.406022, 26.58946], [93.406359, 26.589415], [93.406499, 26.589396], [93.406861, 26.589355], [93.407074, 26.589331], [93.407371, 26.589296], [93.409313, 26.589154], [93.409452, 26.589143], [93.409666, 26.589132], [93.409921, 26.589133], [93.410079, 26.589144], [93.410369, 26.589163], [93.411054, 26.589241], [93.411519, 26.589319], [93.41207, 26.589425], [93.412392, 26.589505], [93.412874, 26.589626], [93.413014, 26.589661], [93.414409, 26.58994], [93.415587, 26.590189], [93.417757, 26.590648], [93.417959, 26.590683], [93.418411, 26.590762], [93.418948, 26.590833], [93.419377, 26.590861], [93.419669, 26.590865], [93.419821, 26.59086], [93.42001, 26.59085], [93.421168, 26.590755], [93.422027, 26.590691], [93.424899, 26.590629], [93.425255, 26.590614], [93.42532, 26.590611], [93.426177, 26.590576], [93.426688, 26.59054], [93.427806, 26.590463], [93.42797, 26.590455], [93.429067, 26.590433], [93.429472, 26.590429], [93.429792, 26.590415], [93.429875, 26.590418], [93.430076, 26.590416], [93.430304, 26.590417], [93.431028, 26.590466], [93.431693, 26.59051], [93.432097, 26.590535], [93.434537, 26.590712], [93.43519, 26.590889], [93.435641, 26.591006], [93.436296, 26.591196], [93.436773, 26.59139], [93.437476, 26.591699], [93.439075, 26.59256], [93.439971, 26.593024], [93.440665, 26.593415], [93.440704, 26.593437], [93.441108, 26.59364], [93.44144, 26.593822], [93.442674, 26.594426], [93.443602, 26.59492], [93.44437, 26.59531], [93.445649, 26.595975], [93.446746, 26.596506], [93.450673, 26.598566], [93.45151, 26.598995], [93.454599, 26.600627], [93.45741, 26.602042], [93.458033, 26.602364], [93.459578, 26.603158], [93.461959, 26.604445], [93.464363, 26.605668], [93.464725, 26.605837], [93.465478, 26.606183], [93.465835, 26.606317], [93.467817, 26.606934], [93.469432, 26.607287], [93.47013, 26.60744], [93.471251, 26.607685], [93.472176, 26.607913], [93.473404, 26.608214], [93.473783, 26.608307], [93.475735, 26.608865], [93.477562, 26.609391], [93.478417, 26.609638], [93.480111, 26.610153], [93.480278, 26.610204], [93.480392, 26.610239], [93.480899, 26.610347], [93.4814, 26.610453], [93.482194, 26.610539], [93.484962, 26.610625], [93.486577, 26.610715], [93.487666, 26.610775], [93.489404, 26.610904], [93.490477, 26.611011], [93.492568, 26.611304], [93.492783, 26.611338], [93.492874, 26.611352], [93.493426, 26.611492], [93.493899, 26.611635], [93.494521, 26.611807], [93.495256, 26.611993], [93.496571, 26.612341], [93.498395, 26.612856], [93.500146, 26.613355], [93.500314, 26.613391], [93.500649, 26.613446], [93.501724, 26.613605], [93.502074, 26.613665], [93.502187, 26.613685], [93.502327, 26.613715], [93.504167, 26.61438], [93.504424, 26.614487], [93.505381, 26.614834], [93.507048, 26.615438], [93.507385, 26.61556], [93.50761, 26.61564], [93.508067, 26.615804], [93.508216, 26.615857], [93.508396, 26.615922], [93.508978, 26.61613], [93.509123, 26.616182], [93.509588, 26.616339], [93.510538, 26.616659], [93.511281, 26.61691], [93.511381, 26.616949], [93.511473, 26.616984], [93.51187, 26.617156], [93.512622, 26.617471], [93.512669, 26.617491], [93.512903, 26.617577], [93.513308, 26.617701], [93.51355, 26.617781], [93.513906, 26.617899], [93.51459, 26.618135], [93.514653, 26.618169], [93.514737, 26.618214], [93.514871, 26.6183], [93.514978, 26.618387], [93.515434, 26.618756], [93.515657, 26.618971], [93.51571, 26.619024], [93.515888, 26.619203], [93.516169, 26.619487], [93.516402, 26.619711], [93.517047, 26.620329], [93.51739, 26.620657], [93.517564, 26.620804], [93.517669, 26.620869], [93.517811, 26.620935], [93.517828, 26.620941], [93.517995, 26.621001], [93.518269, 26.621087], [93.518629, 26.621182], [93.521311, 26.621933], [93.525667, 26.623178], [93.525968, 26.623263], [93.527043, 26.623554], [93.529701, 26.624272], [93.531407, 26.624859], [93.532339, 26.625265], [93.532714, 26.625476], [93.533126, 26.625696], [93.533394, 26.625844], [93.533647, 26.625993], [93.534205, 26.626317], [93.53451, 26.626478], [93.53501, 26.626759], [93.535174, 26.626844], [93.535924, 26.627233], [93.537018, 26.627684], [93.539529, 26.628735], [93.540022, 26.62895], [93.542512, 26.62998], [93.544357, 26.630731], [93.545644, 26.631267], [93.548285, 26.632386], [93.548734, 26.632576], [93.5492, 26.632773], [93.551266, 26.633649], [93.552618, 26.634228], [93.553455, 26.634593], [93.555641, 26.63548], [93.555729, 26.635516], [93.557301, 26.636184], [93.558605, 26.636739], [93.560021, 26.637318], [93.563235, 26.638644], [93.563646, 26.638814], [93.566372, 26.640043], [93.567789, 26.640644], [93.568006, 26.640735], [93.568473, 26.640892], [93.569183, 26.641095], [93.571498, 26.641186], [93.572531, 26.641248], [93.57321, 26.641301], [93.573389, 26.641331], [93.573539, 26.641352], [93.574314, 26.641451], [93.575363, 26.641544], [93.575858, 26.641545], [93.575977, 26.641545], [93.578602, 26.641477], [93.58223, 26.641395], [93.582745, 26.641395], [93.585556, 26.641309], [93.585987, 26.6413], [93.587508, 26.641266], [93.588345, 26.641245], [93.589118, 26.641223], [93.589723, 26.641189], [93.591027, 26.641116], [93.592089, 26.641074], [93.593195, 26.64103], [93.593743, 26.640999], [93.593946, 26.640987], [93.594574, 26.64094], [93.594804, 26.640923], [93.595335, 26.640895], [93.596413, 26.640837], [93.596764, 26.640819], [93.596889, 26.640812], [93.5974, 26.640785], [93.597636, 26.640773], [93.598004, 26.640752], [93.598358, 26.640733], [93.598795, 26.640708], [93.598803, 26.640708], [93.598957, 26.640702], [93.599089, 26.640698], [93.599243, 26.640692], [93.599374, 26.640687], [93.599393, 26.640685], [93.600061, 26.640623], [93.600317, 26.640608], [93.601584, 26.640537], [93.602893, 26.64043], [93.603138, 26.640414], [93.603237, 26.640408], [93.603516, 26.640408], [93.603859, 26.640387], [93.603902, 26.640387], [93.604095, 26.640387], [93.604224, 26.640365], [93.604808, 26.640336], [93.605082, 26.640322], [93.605394, 26.640312], [93.605498, 26.640309], [93.606434, 26.640279], [93.606594, 26.640266], [93.606949, 26.640236], [93.607037, 26.640234], [93.608336, 26.640148], [93.609176, 26.640101], [93.609588, 26.640108], [93.610554, 26.640065], [93.610919, 26.640043], [93.61135, 26.640016], [93.611593, 26.639991], [93.61183, 26.639971], [93.612528, 26.63985], [93.613021, 26.639747], [93.613996, 26.639544], [93.614588, 26.639421], [93.616004, 26.639164], [93.61712, 26.638949], [93.618965, 26.638606], [93.619272, 26.638557], [93.621926, 26.638134], [93.624118, 26.637834], [93.624501, 26.637781], [93.626003, 26.637554], [93.629265, 26.637082], [93.632076, 26.636674], [93.635552, 26.636181], [93.637848, 26.635838], [93.639371, 26.635602], [93.639994, 26.635516], [93.641249, 26.635322], [93.642848, 26.635001], [93.643349, 26.634795], [93.645272, 26.633692], [93.646045, 26.63352], [93.64877, 26.633027], [93.649972, 26.632597], [93.65201, 26.631568], [93.652945, 26.63115], [93.653212, 26.631031], [93.653436, 26.630941], [93.654327, 26.63058], [93.655722, 26.63013], [93.656666, 26.630044], [93.657074, 26.630065], [93.659263, 26.630366], [93.65965, 26.630389], [93.661387, 26.630495], [93.66364, 26.630817], [93.663898, 26.630817], [93.664541, 26.630818], [93.665668, 26.63058], [93.66622, 26.630482], [93.666751, 26.630473], [93.667449, 26.630636], [93.668854, 26.631138], [93.670764, 26.631954], [93.672262, 26.632773], [93.672373, 26.632834], [93.673017, 26.63322], [93.675384, 26.634742], [93.676086, 26.635194], [93.679186, 26.63709], [93.680205, 26.637662], [93.680441, 26.637747], [93.683188, 26.638198], [93.686557, 26.63852], [93.688445, 26.638691], [93.689454, 26.638799], [93.691578, 26.638992], [93.692629, 26.639099], [93.694346, 26.639507], [93.694582, 26.639614], [93.696049, 26.640305], [93.69649, 26.640505], [93.696753, 26.640608], [93.697016, 26.64068], [93.697307, 26.640687], [93.697932, 26.64062], [93.698971, 26.640583], [93.69968, 26.640624], [93.700398, 26.640689], [93.701187, 26.64081], [93.701538, 26.640841], [93.701813, 26.640841], [93.702025, 26.640805], [93.702295, 26.64071], [93.702523, 26.640573], [93.70298, 26.64019], [93.703668, 26.639563], [93.703905, 26.639358], [93.704068, 26.639163], [93.704156, 26.638877], [93.704206, 26.638622], [93.704285, 26.638342], [93.704391, 26.638012], [93.704449, 26.63789], [93.704567, 26.637736], [93.704828, 26.637452], [93.706246, 26.63639], [93.707113, 26.635768], [93.707961, 26.635148], [93.708965, 26.634401], [93.709463, 26.63406], [93.711298, 26.63266], [93.711689, 26.632405], [93.712024, 26.632314], [93.712403, 26.63228], [93.713315, 26.632388], [93.713937, 26.632512], [93.714602, 26.632555], [93.714817, 26.632533], [93.715621, 26.632391], [93.716099, 26.6323], [93.716504, 26.63218], [93.717021, 26.631949], [93.717759, 26.631568], [93.718202, 26.631396], [93.718593, 26.631289], [93.719704, 26.631134], [93.72035, 26.631094], [93.720814, 26.631162], [93.721208, 26.631353], [93.721597, 26.631535], [93.721962, 26.631572], [93.722244, 26.631565], [93.723829, 26.631396], [93.724837, 26.631289], [93.725932, 26.63116], [93.726575, 26.631095], [93.726828, 26.631066], [93.727187, 26.631025], [93.727505, 26.630999], [93.727375, 26.630926], [93.727322, 26.630825], [93.727289, 26.630693], [93.727568, 26.630349], [93.728265, 26.629552], [93.728779, 26.62902], [93.728901, 26.628898], [93.728958, 26.628739], [93.728922, 26.628388], [93.728761, 26.627792], [93.728617, 26.627396], [93.728466, 26.627131], [93.728372, 26.627016], [93.728129, 26.62682], [93.727456, 26.626354], [93.7261, 26.625539], [93.725902, 26.625352], [93.725766, 26.625113], [93.725742, 26.624963], [93.725753, 26.624634], [93.725947, 26.62305], [93.72594, 26.62275], [93.725903, 26.622611], [93.725682, 26.62225], [93.725423, 26.621928], [93.725329, 26.621705], [93.725247, 26.621122], [93.725264, 26.620191], [93.725336, 26.619806], [93.725473, 26.619369], [93.726662, 26.617008], [93.727087, 26.616419], [93.728423, 26.614327], [93.728595, 26.614006], [93.728794, 26.613756], [93.729125, 26.613459], [93.72967, 26.613124], [93.729904, 26.612941], [93.730981, 26.611567], [93.731489, 26.610979], [93.731852, 26.610354], [93.731927, 26.61011], [93.732082, 26.609053], [93.732152, 26.608227], [93.732261, 26.607742], [93.732503, 26.607259], [93.732627, 26.606932], [93.732664, 26.606633], [93.73264, 26.606514], [93.732527, 26.60632], [93.732178, 26.605902], [93.731896, 26.605515], [93.731475, 26.605261], [93.731202, 26.605164], [93.730786, 26.605105], [93.730654, 26.605066], [93.7304, 26.604922], [93.730142, 26.604579], [93.730105, 26.604453], [93.730072, 26.603838], [93.729996, 26.603148], [93.729988, 26.602783], [93.729893, 26.60236], [93.729772, 26.602141], [93.729708, 26.601614], [93.729629, 26.601433], [93.729592, 26.601257], [93.72964, 26.600923], [93.729793, 26.600634], [93.729998, 26.60013], [93.7302, 26.599796], [93.730312, 26.599543], [93.730424, 26.599182], [93.730484, 26.599068], [93.730588, 26.598968], [93.730759, 26.598735], [93.730879, 26.598628], [93.731376, 26.598434], [93.731853, 26.598204], [93.732046, 26.598155], [93.732385, 26.597996], [93.732675, 26.59779], [93.73277, 26.597681], [93.732893, 26.597434], [93.732973, 26.597151], [93.733031, 26.596603], [93.733137, 26.596372], [93.733293, 26.596169], [93.733384, 26.5961], [93.733833, 26.595933], [93.735083, 26.595714], [93.735549, 26.595562], [93.735709, 26.595474], [93.735841, 26.595351], [93.736045, 26.595051], [93.736211, 26.594728], [93.736268, 26.594551], [93.736586, 26.593848], [93.737092, 26.592843], [93.737692, 26.592051], [93.737841, 26.591767], [93.738419, 26.590916], [93.738846, 26.589916], [93.73895, 26.589601], [93.739037, 26.589402], [93.739203, 26.589109], [93.739488, 26.588949], [93.739726, 26.588888], [93.740352, 26.58878], [93.741211, 26.588671], [93.741588, 26.588686], [93.741904, 26.588716], [93.74247, 26.588897], [93.742838, 26.589017], [93.743131, 26.589051], [93.743497, 26.588969], [93.743653, 26.588868], [93.743986, 26.588629], [93.744345, 26.588247], [93.744638, 26.587983], [93.744878, 26.587853], [93.745109, 26.587714], [93.745674, 26.58748], [93.746052, 26.587371], [93.747456, 26.586887], [93.748472, 26.586589], [93.749048, 26.586487], [93.750001, 26.586377], [93.75057, 26.586406], [93.75124, 26.586392], [93.751714, 26.586304], [93.752026, 26.586205], [93.752245, 26.58608], [93.752924, 26.585542], [93.753294, 26.585163], [93.753537, 26.584956], [93.754033, 26.58453], [93.754441, 26.584177], [93.754766, 26.583833], [93.755548, 26.583144], [93.75618, 26.582601], [93.756306, 26.582474], [93.756687, 26.582134], [93.757153, 26.581682], [93.75742, 26.58134], [93.757982, 26.580613], [93.758093, 26.580502], [93.758431, 26.580041], [93.759054, 26.579148], [93.759402, 26.578696], [93.759554, 26.578458], [93.7599, 26.578121], [93.760486, 26.577637], [93.760663, 26.577518], [93.761572, 26.576908], [93.762393, 26.576402], [93.762802, 26.57615], [93.762965, 26.576027], [93.763933, 26.575228], [93.764643, 26.574727], [93.765076, 26.57448], [93.765495, 26.574256], [93.765716, 26.574106], [93.765995, 26.573877], [93.766524, 26.573349], [93.76667, 26.573133], [93.767195, 26.572568], [93.767825, 26.571787], [93.767842, 26.571766], [93.767906, 26.571686], [93.767988, 26.571588], [93.768024, 26.571543], [93.768214, 26.571317], [93.768989, 26.570387], [93.770022, 26.569329], [93.770053, 26.569296], [93.773393, 26.565871], [93.773726, 26.56553], [93.774068, 26.56526], [93.774115, 26.565223], [93.77424, 26.565134], [93.774477, 26.564965], [93.774869, 26.564723], [93.774998, 26.564644], [93.775623, 26.564303], [93.777656, 26.563299], [93.777957, 26.563165], [93.778579, 26.562889], [93.779691, 26.56231], [93.780108, 26.562057], [93.781119, 26.561345], [93.781843, 26.56071], [93.782519, 26.560042], [93.783102, 26.559341], [93.785203, 26.556932], [93.785523, 26.556615], [93.786173, 26.556078], [93.786745, 26.555718], [93.787732, 26.555271], [93.791304, 26.553929], [93.796204, 26.551946], [93.796632, 26.551846], [93.797023, 26.551806], [93.797411, 26.551828], [93.79809, 26.551959], [93.79953, 26.552331], [93.800037, 26.552411], [93.801777, 26.552479], [93.802986, 26.552578], [93.808419, 26.553248], [93.808895, 26.553286], [93.809597, 26.553277], [93.810279, 26.553201], [93.810716, 26.553088], [93.811129, 26.552949], [93.811906, 26.55257], [93.812936, 26.552012], [93.814543, 26.551306], [93.814971, 26.551163], [93.816233, 26.550851], [93.818632, 26.550422], [93.819055, 26.550375], [93.820444, 26.550129], [93.820897, 26.550074], [93.822394, 26.549787], [93.822801, 26.549736], [93.823202, 26.549721], [93.824047, 26.549754], [93.824485, 26.549822], [93.824896, 26.549921], [93.825483, 26.550107], [93.825975, 26.550376], [93.826392, 26.55066], [93.826676, 26.550915], [93.826874, 26.551082], [93.82739, 26.551516], [93.827712, 26.551815], [93.827865, 26.551968], [93.82828, 26.552307], [93.828733, 26.552697], [93.829227, 26.55303], [93.829567, 26.553206], [93.83024, 26.553496], [93.831046, 26.55372], [93.832016, 26.553971], [93.834116, 26.554283], [93.834293, 26.55433], [93.834843, 26.55441], [93.835199, 26.554509], [93.835701, 26.554696], [93.836799, 26.555263], [93.837162, 26.555392], [93.837506, 26.555478], [93.838109, 26.555568], [93.838574, 26.555604], [93.839023, 26.555593], [93.839851, 26.555657], [93.840006, 26.555671], [93.840932, 26.555709], [93.841265, 26.555678], [93.841717, 26.555521], [93.841955, 26.555387], [93.842542, 26.554973], [93.843333, 26.554303], [93.843716, 26.554036], [93.843886, 26.553941], [93.843967, 26.553896], [93.84422, 26.553806], [93.844619, 26.553719], [93.845164, 26.553679], [93.846203, 26.553658], [93.847427, 26.553633], [93.847751, 26.553673], [93.848484, 26.553702], [93.849017, 26.553761], [93.849422, 26.553806], [93.850018, 26.553923], [93.850557, 26.554075], [93.850975, 26.554104], [93.852531, 26.553682], [93.853702, 26.553458], [93.855312, 26.553192], [93.856632, 26.552982], [93.857445, 26.552789], [93.858044, 26.552516], [93.858771, 26.552082], [93.859132, 26.551939], [93.860182, 26.551745], [93.860832, 26.551585], [93.86298, 26.550676], [93.863657, 26.550473], [93.864875, 26.549979], [93.865348, 26.549636], [93.867169, 26.547923], [93.867978, 26.547113], [93.86849, 26.54664], [93.869268, 26.545874], [93.87006, 26.544978], [93.871023, 26.544069], [93.871573, 26.543601], [93.87184, 26.543409], [93.873288, 26.542775], [93.873695, 26.542564], [93.874793, 26.541876], [93.875306, 26.541504], [93.875589, 26.541252], [93.875962, 26.540842], [93.876519, 26.540159], [93.877247, 26.539325], [93.878007, 26.538549], [93.878208, 26.538327], [93.879689, 26.536696], [93.880443, 26.535932], [93.880752, 26.535549], [93.882272, 26.533812], [93.88245, 26.533579], [93.882673, 26.533395], [93.882816, 26.53324], [93.882967, 26.532798], [93.883012, 26.53184], [93.88295, 26.531332], [93.882771, 26.530556], [93.882636, 26.530125], [93.882598, 26.52986], [93.8824, 26.529372], [93.882301, 26.529006], [93.882322, 26.528817], [93.882424, 26.528465], [93.882531, 26.528319], [93.882621, 26.528052], [93.882905, 26.527443], [93.88311, 26.527119], [93.88359, 26.526506], [93.883839, 26.526235], [93.883912, 26.526168], [93.884595, 26.525542], [93.885095, 26.525198], [93.885685, 26.524871], [93.886452, 26.524533], [93.886545, 26.524472], [93.888608, 26.523835], [93.888782, 26.523801], [93.889305, 26.523786], [93.890356, 26.523852], [93.890652, 26.523796], [93.890935, 26.52366], [93.891251, 26.523578], [93.89217, 26.523209], [93.893482, 26.522536], [93.897806, 26.520978], [93.899256, 26.52036], [93.899833, 26.520062], [93.900799, 26.519492], [93.901152, 26.519254], [93.901664, 26.518857], [93.903064, 26.517593], [93.903579, 26.517068], [93.90388, 26.516823], [93.904679, 26.516039], [93.905164, 26.515523], [93.905498, 26.515104], [93.906117, 26.514426], [93.906419, 26.514181], [93.906579, 26.514051], [93.90737, 26.513542], [93.908316, 26.51284], [93.908769, 26.512577], [93.90889, 26.512475], [93.909052, 26.51228], [93.909148, 26.512058], [93.909203, 26.511764], [93.909272, 26.51139], [93.909383, 26.510001], [93.909267, 26.5093], [93.909279, 26.508971], [93.909208, 26.508821], [93.909187, 26.508674], [93.90925, 26.508362], [93.909439, 26.507921], [93.9096, 26.507732], [93.909824, 26.507579], [93.910501, 26.507224], [93.912008, 26.506513], [93.913338, 26.505939], [93.913595, 26.505828], [93.91416, 26.505566], [93.915025, 26.505165], [93.915418, 26.504857], [93.915576, 26.504543], [93.915651, 26.504446], [93.915822, 26.504321], [93.915869, 26.504287], [93.916, 26.504221], [93.917195, 26.503891], [93.918096, 26.503439], [93.918338, 26.503232], [93.918779, 26.503382], [93.919038, 26.503419], [93.919363, 26.503465], [93.919734, 26.503471], [93.920928, 26.503346], [93.921612, 26.503317], [93.922368, 26.503394], [93.922706, 26.50337], [93.924089, 26.503132], [93.924207, 26.503111], [93.926633, 26.502693], [93.927443, 26.502301], [93.927557, 26.502294], [93.92792, 26.502272], [93.929061, 26.502307], [93.930224, 26.502476], [93.930447, 26.502503], [93.930693, 26.502485], [93.930923, 26.502324], [93.932139, 26.501015], [93.932598, 26.50052], [93.933131, 26.500041], [93.934594, 26.498723], [93.935393, 26.498321], [93.935787, 26.498069], [93.936247, 26.497968], [93.936528, 26.498111], [93.936697, 26.498379], [93.937467, 26.499471], [93.93771, 26.499639], [93.942373, 26.501855], [93.942748, 26.501901], [93.949568, 26.501825], [93.949906, 26.501889], [93.950591, 26.502048], [93.951168, 26.502304], [93.95142, 26.502539], [93.951523, 26.502634], [93.952619, 26.503612], [93.95319, 26.504142], [93.95402, 26.505186], [93.954101, 26.505256], [93.954468, 26.505598], [93.955936, 26.506937], [93.95626, 26.507286], [93.957052, 26.508126], [93.957225, 26.508324], [93.957387, 26.508427], [93.958065, 26.508685], [93.95902, 26.508837], [93.960386, 26.509177], [93.960636, 26.509223], [93.960911, 26.509303], [93.961139, 26.509357], [93.961161, 26.509514], [93.961157, 26.509696], [93.961107, 26.510262], [93.961137, 26.510427], [93.961236, 26.510633], [93.961365, 26.510793], [93.961461, 26.510927], [93.961532, 26.511173], [93.961617, 26.511171], [93.962819, 26.511099], [93.963397, 26.511056], [93.964314, 26.510988], [93.965432, 26.510905], [93.966934, 26.510696], [93.967678, 26.510594], [93.967688, 26.510625], [93.967708, 26.510643], [93.967734, 26.510653], [93.967766, 26.510652], [93.967794, 26.510637], [93.967811, 26.510614], [93.967815, 26.510585], [93.968335, 26.510301], [93.968791, 26.50992], [93.969061, 26.509694], [93.969378, 26.509483], [93.969907, 26.509296], [93.970359, 26.509222], [93.970729, 26.509142], [93.971515, 26.508784], [93.972292, 26.508484], [93.973015, 26.508206], [93.973219, 26.508163], [93.973561, 26.508091], [93.973789, 26.508054], [93.97424, 26.508034], [93.974731, 26.508138], [93.975003, 26.508224], [93.975701, 26.508406], [93.976309, 26.508576], [93.977032, 26.508733], [93.977344, 26.508851], [93.977649, 26.509008], [93.977932, 26.509179], [93.978261, 26.509426], [93.978927, 26.51016], [93.979055, 26.510292], [93.979108, 26.510408], [93.97954, 26.510539], [93.980029, 26.510672], [93.980398, 26.510649], [93.980998, 26.510632], [93.981259, 26.510659], [93.981342, 26.510665], [93.981852, 26.510704], [93.987454, 26.511289], [93.987729, 26.511318], [93.989067, 26.511458], [93.992123, 26.511742], [93.994271, 26.511976], [93.996816, 26.512268], [93.997095, 26.512374], [93.99734, 26.512499], [93.998133, 26.512965], [93.998521, 26.513145], [93.998891, 26.513259], [93.999518, 26.513489], [93.999834, 26.513553], [94.000056, 26.513549], [94.00021, 26.513547], [94.000585, 26.513447], [94.000964, 26.513318], [94.001523, 26.513082], [94.002223, 26.512979], [94.002738, 26.512958], [94.003156, 26.51298], [94.003211, 26.512983], [94.004534, 26.513144], [94.004537, 26.513453], [94.004517, 26.513764], [94.004549, 26.514057], [94.004715, 26.514743], [94.00391, 26.514926], [94.004715, 26.514743], [94.004549, 26.514057], [94.004517, 26.513764], [94.004537, 26.513453], [94.004534, 26.513144], [94.003211, 26.512983], [94.003156, 26.51298], [94.002738, 26.512958], [94.002223, 26.512979], [94.001523, 26.513082], [94.000964, 26.513318], [94.000585, 26.513447], [94.00021, 26.513547], [94.000056, 26.513549], [93.999834, 26.513553], [93.999518, 26.513489], [93.998891, 26.513259], [93.998521, 26.513145], [93.998133, 26.512965], [93.99734, 26.512499], [93.997095, 26.512374], [93.996816, 26.512268], [93.994271, 26.511976], [93.992123, 26.511742], [93.989067, 26.511458], [93.987454, 26.511289], [93.981852, 26.510704], [93.981342, 26.510665], [93.981259, 26.510659], [93.980998, 26.510632], [93.980398, 26.510649], [93.980029, 26.510672], [93.97954, 26.510539], [93.979108, 26.510408], [93.979055, 26.510292], [93.978927, 26.51016], [93.978261, 26.509426], [93.977932, 26.509179], [93.977649, 26.509008], [93.977344, 26.508851], [93.977032, 26.508733], [93.976309, 26.508576], [93.975701, 26.508406], [93.975003, 26.508224], [93.974731, 26.508138], [93.97424, 26.508034], [93.973789, 26.508054], [93.973717, 26.507986], [93.973695, 26.507927], [93.973694, 26.507866], [93.973697, 26.507784], [93.973735, 26.507679], [93.973712, 26.507628], [93.973521, 26.507226], [93.973256, 26.506871], [93.972989, 26.506507], [93.972832, 26.506195], [93.972728, 26.50585], [93.972651, 26.505468], [93.972637, 26.505331], [93.97253, 26.504377], [93.97253, 26.503774], [93.972566, 26.503398], [93.972588, 26.503161], [93.972596, 26.50286], [93.972561, 26.50268], [93.972533, 26.502578], [93.972501, 26.502496], [93.972443, 26.502226], [93.972398, 26.50192], [93.972368, 26.50166], [93.972327, 26.501297], [93.972283, 26.500799], [93.97218, 26.499878], [93.972213, 26.499304], [93.972311, 26.498467], [93.972222, 26.497785], [93.97233, 26.497401], [93.973043, 26.495688], [93.973251, 26.495116], [93.973284, 26.495025], [93.973358, 26.494767], [93.973416, 26.494633], [93.973525, 26.494522], [93.973734, 26.494371], [93.974376, 26.493887], [93.974953, 26.493378], [93.975152, 26.493172], [93.975366, 26.49283], [93.975375, 26.492805], [93.975546, 26.492336], [93.976548, 26.488387], [93.976628, 26.487574], [93.976627, 26.48741], [93.976784, 26.487244], [93.977004, 26.487058], [93.979467, 26.485312], [93.980474, 26.48446], [93.98144, 26.483574], [93.98602, 26.478704], [93.990674, 26.473535], [93.991375, 26.47273], [93.99178, 26.472372], [93.991872, 26.472306], [93.993266, 26.471315], [93.99345, 26.471151], [93.993598, 26.470898], [93.993868, 26.470303], [93.994015, 26.470112], [93.994245, 26.469895], [93.99488, 26.469581], [93.99561, 26.467473], [93.99581, 26.466837], [93.996253, 26.465941], [93.996868, 26.464529], [93.996944, 26.464252], [93.996954, 26.463987], [93.996925, 26.46374], [93.996725, 26.463151], [93.996454, 26.462498], [93.996392, 26.462276], [93.996382, 26.462106], [93.996854, 26.459294], [93.996921, 26.458983], [93.997016, 26.458761], [93.997116, 26.458599], [93.997432, 26.458225], [93.997726, 26.457878], [93.997898, 26.457737], [93.998007, 26.457656], [93.999454, 26.457054], [93.999804, 26.456909], [94.000047, 26.456866], [94.000214, 26.456841], [94.000362, 26.456841], [94.000714, 26.456896], [94.001382, 26.457112], [94.003431, 26.457775], [94.006033, 26.458739], [94.006224, 26.458532], [94.006519, 26.458354], [94.007474, 26.457927], [94.007768, 26.457784], [94.008039, 26.457492], [94.008596, 26.456851], [94.010143, 26.454307], [94.010176, 26.454139], [94.0102, 26.453914], [94.010176, 26.453633], [94.010083, 26.453307], [94.010044, 26.453073], [94.010057, 26.452931], [94.010116, 26.452804], [94.010298, 26.452624], [94.011093, 26.451843], [94.013224, 26.450285], [94.013482, 26.450077], [94.013719, 26.449842], [94.013976, 26.449495], [94.014281, 26.449088], [94.014522, 26.448759], [94.014975, 26.448187], [94.016399, 26.446613], [94.017081, 26.445927], [94.018176, 26.444867], [94.020191, 26.44278], [94.022293, 26.440705], [94.024092, 26.438877], [94.02551, 26.43729], [94.026871, 26.435654], [94.026885, 26.435638], [94.031231, 26.43063], [94.031759, 26.430021], [94.032051, 26.42966], [94.032811, 26.428673], [94.03419, 26.427051], [94.034699, 26.426453], [94.041635, 26.4183], [94.044903, 26.414458], [94.045152, 26.414127], [94.046353, 26.412266], [94.046828, 26.411385], [94.047148, 26.410509], [94.04936, 26.402575], [94.0495, 26.40214], [94.04968, 26.401712], [94.05039, 26.40044], [94.051279, 26.398849], [94.052979, 26.396018], [94.053827, 26.395026], [94.054504, 26.394313], [94.054986, 26.393928], [94.055914, 26.3934], [94.056731, 26.392815], [94.057181, 26.392418], [94.057356, 26.39219], [94.057767, 26.391163], [94.057923, 26.390731], [94.058002, 26.390182], [94.057969, 26.38947], [94.057813, 26.388735], [94.057839, 26.388285], [94.057858, 26.387701], [94.057943, 26.387182], [94.058145, 26.386779], [94.058244, 26.386628], [94.058386, 26.386499], [94.058684, 26.386364], [94.058855, 26.386248], [94.059005, 26.386067], [94.059585, 26.385133], [94.059826, 26.384713], [94.060289, 26.384036], [94.060406, 26.383744], [94.060445, 26.383434], [94.060341, 26.383003], [94.059982, 26.382302], [94.059728, 26.382022], [94.058679, 26.381158], [94.058308, 26.38086], [94.058021, 26.380562], [94.057858, 26.380201], [94.057401, 26.378351], [94.057277, 26.377953], [94.057316, 26.377358], [94.057525, 26.376809], [94.057779, 26.37647], [94.05845, 26.375875], [94.058848, 26.375495], [94.059252, 26.375034], [94.05991, 26.374053], [94.06019, 26.373376], [94.060359, 26.372927], [94.060411, 26.372483], [94.060405, 26.372076], [94.060411, 26.371707], [94.060104, 26.369938], [94.060034, 26.369536], [94.059166, 26.36612], [94.059153, 26.365907], [94.059172, 26.365703], [94.059531, 26.364885], [94.059817, 26.364389], [94.060225, 26.363966], [94.061229, 26.363051], [94.061646, 26.362643], [94.062447, 26.362158], [94.064138, 26.361106], [94.064711, 26.36075], [94.067119, 26.359478], [94.067608, 26.359176], [94.068044, 26.358906], [94.06867, 26.358486], [94.06897, 26.358147], [94.069165, 26.35761], [94.070208, 26.355543], [94.071407, 26.353382], [94.073964, 26.34933], [94.075004, 26.347578], [94.076676, 26.344854], [94.078449, 26.341718], [94.078655, 26.341375], [94.081567, 26.336609], [94.082918, 26.334336], [94.083198, 26.333866], [94.084477, 26.331715], [94.085573, 26.329873], [94.085753, 26.329602], [94.087227, 26.327387], [94.088065, 26.326128], [94.090052, 26.323153], [94.091013, 26.321657], [94.091921, 26.320137], [94.092528, 26.319194], [94.093019, 26.31843], [94.093672, 26.317416], [94.094152, 26.316671], [94.094282, 26.316214], [94.094434, 26.315598], [94.094467, 26.315039], [94.094499, 26.314477], [94.094843, 26.312615], [94.095209, 26.310314], [94.096184, 26.305741], [94.097124, 26.301163], [94.097603, 26.299816], [94.097811, 26.299501], [94.09813, 26.29921], [94.098285, 26.299146], [94.099387, 26.298806], [94.100242, 26.298537], [94.100677, 26.298429], [94.100912, 26.298367], [94.101155, 26.298316], [94.101426, 26.298239], [94.101751, 26.298134], [94.102141, 26.298041], [94.102282, 26.297978], [94.102411, 26.297928], [94.102546, 26.297937], [94.102695, 26.297946], [94.10284, 26.297918], [94.102977, 26.297897], [94.103131, 26.297903], [94.103282, 26.297903], [94.103405, 26.297881], [94.103527, 26.297851], [94.103666, 26.297807], [94.103793, 26.297784], [94.1039, 26.297788], [94.10403, 26.297813], [94.10432, 26.297882], [94.10454, 26.297929], [94.104623, 26.297941], [94.104653, 26.297933], [94.104679, 26.297914], [94.104691, 26.297892], [94.104697, 26.297864], [94.104679, 26.29778], [94.104585, 26.297517], [94.104547, 26.297337], [94.10448, 26.297109], [94.104421, 26.296933], [94.10441, 26.296877], [94.104425, 26.296838], [94.104445, 26.296817], [94.104476, 26.296807], [94.10452, 26.296809], [94.10459, 26.296823], [94.104679, 26.296861], [94.104787, 26.296925], [94.104911, 26.29701], [94.105026, 26.297097], [94.105143, 26.297171], [94.105285, 26.297244], [94.105437, 26.297308], [94.10557, 26.297376], [94.105682, 26.29744], [94.105801, 26.297549], [94.105883, 26.297654], [94.105933, 26.297705], [94.105987, 26.297735], [94.106035, 26.297748], [94.106081, 26.297745], [94.106143, 26.297706], [94.106177, 26.297636], [94.1062, 26.297538], [94.106268, 26.297454], [94.106364, 26.297356], [94.106427, 26.297258], [94.106476, 26.297109], [94.106562, 26.297027], [94.106694, 26.29695], [94.106869, 26.296897], [94.106965, 26.296845], [94.106988, 26.296794], [94.106975, 26.296736], [94.106934, 26.296689], [94.106845, 26.296622], [94.106705, 26.296547], [94.106596, 26.296447], [94.106564, 26.296363], [94.106567, 26.296302], [94.106606, 26.29623], [94.106684, 26.296186], [94.106806, 26.296141], [94.106923, 26.296055], [94.107017, 26.295904], [94.107121, 26.295622], [94.107194, 26.295405], [94.107269, 26.295312], [94.107347, 26.29527], [94.107443, 26.29527], [94.107592, 26.295286], [94.107753, 26.295328], [94.107987, 26.295388], [94.108171, 26.295433], [94.108281, 26.295409], [94.10832, 26.295358], [94.108325, 26.295263], [94.108291, 26.295127], [94.108169, 26.29478], [94.108132, 26.294631], [94.108174, 26.294535], [94.108343, 26.294419], [94.108457, 26.294316], [94.108629, 26.294153], [94.108788, 26.294015], [94.10891, 26.293927], [94.109022, 26.293885], [94.109167, 26.293855], [94.109287, 26.293855], [94.109461, 26.293897], [94.109625, 26.29389], [94.109703, 26.293848], [94.109742, 26.293773], [94.109732, 26.29368], [94.109651, 26.293598], [94.109563, 26.293577], [94.109435, 26.293556], [94.109269, 26.293531], [94.1091, 26.293451], [94.108879, 26.29333], [94.108652, 26.293234], [94.10834, 26.292962], [94.108187, 26.292799], [94.108109, 26.292677], [94.108099, 26.292542], [94.10813, 26.292461], [94.108169, 26.292409], [94.108283, 26.292363], [94.108382, 26.292349], [94.108732, 26.292351], [94.108894, 26.292357], [94.109133, 26.292351], [94.109344, 26.292381], [94.109461, 26.292374], [94.109568, 26.292321], [94.109687, 26.29226], [94.109843, 26.292218], [94.109973, 26.292204], [94.110075, 26.292218], [94.110223, 26.292286], [94.110374, 26.292318], [94.110493, 26.292295], [94.110587, 26.292225], [94.110647, 26.292118], [94.110639, 26.29202], [94.110574, 26.291857], [94.110532, 26.291712], [94.110527, 26.291617], [94.110551, 26.291506], [94.110603, 26.291458], [94.110696, 26.291423], [94.110799, 26.291421], [94.110889, 26.291436], [94.110967, 26.29146], [94.111102, 26.291499], [94.111185, 26.291515], [94.111276, 26.291487], [94.111385, 26.291422], [94.111466, 26.291415], [94.111544, 26.291431], [94.111614, 26.291473], [94.11171, 26.29158], [94.111827, 26.291669], [94.111918, 26.291688], [94.112043, 26.291676], [94.112204, 26.291657], [94.112319, 26.291681], [94.112405, 26.291753], [94.112483, 26.291879], [94.112563, 26.292007], [94.112633, 26.29211], [94.112722, 26.292145], [94.112823, 26.292156], [94.112917, 26.292106], [94.112964, 26.292035], [94.112969, 26.291923], [94.112965, 26.291691], [94.112982, 26.291583], [94.113042, 26.291506], [94.113138, 26.291461], [94.113323, 26.291402], [94.113491, 26.291334], [94.113598, 26.291245], [94.113663, 26.291133], [94.113673, 26.291052], [94.113645, 26.290835], [94.113619, 26.290667], [94.113621, 26.290525], [94.113638, 26.290457], [94.11367, 26.29033], [94.113703, 26.29024], [94.113714, 26.29021], [94.113744, 26.290095], [94.113749, 26.290012], [94.113723, 26.289928], [94.11369, 26.289849], [94.113679, 26.289772], [94.11368, 26.289671], [94.113707, 26.289574], [94.113753, 26.289482], [94.113811, 26.28941], [94.113885, 26.289326], [94.113932, 26.289262], [94.113954, 26.289196], [94.113959, 26.289132], [94.113947, 26.289058], [94.113913, 26.288991], [94.113831, 26.288879], [94.11377, 26.288812], [94.113732, 26.288737], [94.113727, 26.288674], [94.113745, 26.288587], [94.113756, 26.288511], [94.113751, 26.288409], [94.113739, 26.288329], [94.113715, 26.288235], [94.113663, 26.288154], [94.113586, 26.288032], [94.113547, 26.287955], [94.113482, 26.287806], [94.113407, 26.287612], [94.11338, 26.287491], [94.113376, 26.287336], [94.113352, 26.287216], [94.113311, 26.28709], [94.113262, 26.28694], [94.113233, 26.28683], [94.113217, 26.286705], [94.113235, 26.286615], [94.11327, 26.286538], [94.113309, 26.286491], [94.113359, 26.286469], [94.113423, 26.286465], [94.113488, 26.286482], [94.113554, 26.286529], [94.113646, 26.286647], [94.11371, 26.286753], [94.113731, 26.28684], [94.113762, 26.286956], [94.113774, 26.287032], [94.113811, 26.287069], [94.113887, 26.28711], [94.114013, 26.287124], [94.114129, 26.287123], [94.11423, 26.287111], [94.11432, 26.287096], [94.114374, 26.287066], [94.114438, 26.287002], [94.114467, 26.286939], [94.114507, 26.286831], [94.114517, 26.286705], [94.114524, 26.286608], [94.114568, 26.286508], [94.114656, 26.286384], [94.114765, 26.28627], [94.114887, 26.286121], [94.114983, 26.285938], [94.115068, 26.285782], [94.115116, 26.285723], [94.115181, 26.285699], [94.115246, 26.285702], [94.115293, 26.285734], [94.11532, 26.285791], [94.115315, 26.285878], [94.115291, 26.285967], [94.115269, 26.286079], [94.115255, 26.28614], [94.115258, 26.286198], [94.115273, 26.28626], [94.115326, 26.286328], [94.115388, 26.286373], [94.115453, 26.286404], [94.115565, 26.286432], [94.115743, 26.286482], [94.115862, 26.286503], [94.116011, 26.286484], [94.116208, 26.286444], [94.116461, 26.286349], [94.11664, 26.286293], [94.116809, 26.286302], [94.117092, 26.28636], [94.117272, 26.286393], [94.117467, 26.286393], [94.117778, 26.286325], [94.117993, 26.286309], [94.118159, 26.286324], [94.118269, 26.28633], [94.118311, 26.286332], [94.118547, 26.286214], [94.118818, 26.286067], [94.118983, 26.286], [94.119093, 26.285955], [94.119359, 26.285857], [94.119489, 26.285757], [94.119608, 26.28567], [94.119736, 26.28561], [94.119964, 26.285565], [94.120196, 26.285482], [94.120341, 26.285391], [94.120477, 26.285297], [94.120588, 26.285251], [94.120742, 26.285225], [94.120895, 26.285241], [94.121056, 26.285295], [94.121173, 26.285339], [94.121272, 26.285349], [94.121395, 26.285316], [94.121465, 26.285255], [94.121506, 26.285171], [94.121509, 26.285092], [94.121473, 26.28502], [94.121392, 26.284938], [94.121231, 26.284871], [94.121043, 26.284831], [94.120861, 26.284768], [94.120786, 26.284701], [94.120752, 26.284619], [94.120734, 26.284493], [94.120724, 26.284344], [94.120711, 26.284157], [94.120724, 26.284062], [94.120768, 26.283971], [94.120849, 26.283905], [94.120956, 26.283861], [94.121055, 26.283848], [94.121182, 26.283837], [94.12129, 26.283804], [94.121435, 26.283751], [94.121627, 26.28365], [94.121841, 26.283537], [94.122061, 26.283428], [94.12253, 26.283264], [94.122681, 26.283171], [94.12287, 26.283031], [94.122985, 26.282921], [94.123113, 26.282824], [94.123209, 26.282762], [94.12341, 26.28271], [94.123596, 26.282683], [94.123675, 26.282663], [94.123827, 26.282578], [94.123991, 26.282486], [94.124174, 26.282429], [94.124289, 26.282401], [94.124385, 26.282346], [94.12448, 26.282274], [94.124595, 26.282137], [94.124698, 26.281979], [94.12482, 26.281792], [94.124892, 26.281699], [94.12498, 26.281631], [94.125084, 26.281582], [94.125252, 26.281509], [94.125427, 26.281477], [94.125563, 26.281481], [94.125737, 26.281507], [94.125911, 26.281562], [94.126068, 26.281632], [94.1262, 26.281702], [94.126314, 26.281805], [94.126451, 26.28188], [94.126557, 26.281916], [94.126674, 26.281971], [94.126758, 26.282044], [94.126882, 26.282179], [94.12696, 26.28226], [94.127052, 26.282304], [94.127129, 26.282317], [94.127195, 26.282313], [94.127331, 26.282226], [94.127451, 26.282153], [94.127515, 26.282134], [94.127585, 26.282147], [94.127646, 26.282211], [94.127737, 26.282325], [94.127826, 26.282398], [94.127931, 26.282455], [94.128036, 26.282477], [94.128196, 26.282496], [94.128426, 26.282575], [94.128751, 26.282651], [94.129252, 26.282807], [94.129386, 26.282864], [94.12953, 26.282958], [94.129612, 26.282992], [94.129698, 26.283006], [94.129768, 26.283003], [94.129877, 26.282986], [94.129962, 26.282932], [94.129999, 26.282879], [94.130014, 26.282823], [94.130021, 26.282743], [94.130008, 26.282652], [94.129975, 26.28242], [94.129951, 26.28233], [94.129969, 26.282231], [94.130036, 26.282061], [94.130068, 26.281931], [94.130059, 26.28177], [94.130058, 26.281564], [94.130064, 26.281447], [94.130101, 26.281327], [94.130114, 26.281205], [94.130089, 26.281106], [94.130055, 26.281063], [94.129993, 26.280995], [94.129958, 26.28095], [94.129948, 26.280908], [94.129959, 26.280863], [94.129976, 26.280821], [94.130085, 26.28063], [94.130197, 26.280382], [94.130244, 26.280235], [94.130254, 26.280116], [94.130252, 26.279896], [94.13024, 26.279598], [94.130255, 26.279227], [94.130283, 26.278961], [94.130276, 26.278817], [94.130277, 26.278653], [94.130306, 26.278381], [94.130337, 26.278249], [94.130395, 26.278128], [94.130424, 26.278039], [94.130454, 26.277918], [94.130496, 26.27772], [94.130535, 26.27761], [94.130591, 26.277524], [94.13071, 26.2774], [94.130824, 26.277306], [94.130905, 26.277221], [94.131116, 26.276967], [94.131194, 26.276879], [94.131295, 26.276803], [94.13137, 26.276738], [94.13145, 26.27668], [94.131591, 26.276594], [94.13167, 26.276537], [94.131731, 26.276442], [94.131788, 26.276241], [94.131826, 26.276124], [94.131849, 26.27597], [94.131855, 26.275619], [94.131851, 26.275536], [94.131863, 26.275424], [94.131926, 26.275184], [94.131927, 26.275083], [94.131912, 26.274962], [94.131897, 26.274839], [94.131933, 26.274659], [94.132035, 26.274454], [94.132359, 26.273932], [94.132489, 26.273707], [94.13256, 26.273541], [94.13262, 26.273117], [94.132666, 26.27282], [94.132715, 26.272641], [94.132727, 26.272549], [94.132735, 26.272415], [94.132752, 26.272346], [94.132809, 26.272232], [94.13293, 26.272048], [94.133004, 26.271916], [94.133047, 26.271851], [94.133102, 26.271805], [94.133203, 26.271766], [94.133285, 26.271751], [94.133385, 26.271743], [94.133488, 26.271758], [94.133546, 26.271787], [94.133588, 26.271837], [94.133631, 26.271921], [94.133657, 26.272043], [94.133724, 26.272165], [94.133784, 26.272188], [94.133833, 26.272185], [94.133879, 26.272154], [94.133921, 26.272094], [94.133932, 26.272015], [94.133925, 26.271876], [94.133917, 26.271697], [94.133953, 26.271595], [94.134035, 26.27146], [94.134181, 26.271323], [94.134334, 26.271224], [94.134401, 26.271185], [94.134465, 26.271157], [94.134633, 26.271113], [94.134749, 26.271045], [94.134815, 26.270984], [94.134876, 26.270906], [94.134983, 26.270755], [94.13507, 26.270624], [94.135133, 26.270549], [94.135203, 26.270498], [94.135347, 26.270427], [94.135516, 26.270372], [94.135705, 26.270266], [94.135834, 26.270151], [94.135938, 26.27], [94.136008, 26.269841], [94.136069, 26.269695], [94.13611, 26.269632], [94.13619, 26.269591], [94.136276, 26.269586], [94.136366, 26.269611], [94.136515, 26.269649], [94.136658, 26.269664], [94.136773, 26.269664], [94.13689, 26.269632], [94.137125, 26.269558], [94.137303, 26.269511], [94.137435, 26.269496], [94.13754, 26.269495], [94.13766, 26.269516], [94.1378, 26.269531], [94.137884, 26.269516], [94.137965, 26.269469], [94.138031, 26.269404], [94.138102, 26.269285], [94.138169, 26.269156], [94.138211, 26.2691], [94.138271, 26.269069], [94.138355, 26.269069], [94.13848, 26.2691], [94.138668, 26.269166], [94.138932, 26.26923], [94.139256, 26.269284], [94.139526, 26.269322], [94.139694, 26.269334], [94.139809, 26.269318], [94.139894, 26.26928], [94.139962, 26.269212], [94.140031, 26.269122], [94.140062, 26.269089], [94.140111, 26.269066], [94.140162, 26.269067], [94.140214, 26.26909], [94.140283, 26.26913], [94.140408, 26.269192], [94.140508, 26.269227], [94.140638, 26.269229], [94.140788, 26.269203], [94.14089, 26.269173], [94.140993, 26.269152], [94.141061, 26.269174], [94.141161, 26.26921], [94.141257, 26.269271], [94.141412, 26.269357], [94.14151, 26.269381], [94.141616, 26.269361], [94.141755, 26.269296], [94.141969, 26.269175], [94.142133, 26.269125], [94.14225, 26.26912], [94.142406, 26.269142], [94.142558, 26.269142], [94.142713, 26.269088], [94.142816, 26.26903], [94.142876, 26.26897], [94.142924, 26.26889], [94.142978, 26.268793], [94.143033, 26.268744], [94.143124, 26.26869], [94.143168, 26.268654], [94.143219, 26.268567], [94.14326, 26.268474], [94.14329, 26.268414], [94.143316, 26.26838], [94.14336, 26.268356], [94.143413, 26.268348], [94.143531, 26.268349], [94.143655, 26.268341], [94.143723, 26.268315], [94.143779, 26.268258], [94.143821, 26.268182], [94.143901, 26.268133], [94.143975, 26.268084], [94.143998, 26.268033], [94.144001, 26.267974], [94.14397, 26.267918], [94.143893, 26.267835], [94.143862, 26.267785], [94.143847, 26.267733], [94.143879, 26.267686], [94.143931, 26.26764], [94.144027, 26.267568], [94.144186, 26.267509], [94.144333, 26.267484], [94.144483, 26.267479], [94.144624, 26.267498], [94.144774, 26.267558], [94.144883, 26.267561], [94.144984, 26.267534], [94.145126, 26.267466], [94.145172, 26.267431], [94.145196, 26.267391], [94.145205, 26.267333], [94.145174, 26.267253], [94.14512, 26.267148], [94.145068, 26.267], [94.145042, 26.266887], [94.145056, 26.26681], [94.145082, 26.266775], [94.145127, 26.266746], [94.145224, 26.266716], [94.145304, 26.266678], [94.145321, 26.266651], [94.145324, 26.266571], [94.145326, 26.266485], [94.14536, 26.266426], [94.145422, 26.26639], [94.145515, 26.266382], [94.145632, 26.266415], [94.145732, 26.26639], [94.145784, 26.266345], [94.145796, 26.266277], [94.145768, 26.266226], [94.145714, 26.266188], [94.145578, 26.266077], [94.145471, 26.265983], [94.145389, 26.265892], [94.145363, 26.26582], [94.145379, 26.26575], [94.14543, 26.265701], [94.145525, 26.26567], [94.145604, 26.26568], [94.14574, 26.265708], [94.14599, 26.265758], [94.146197, 26.265835], [94.146312, 26.265842], [94.146418, 26.26582], [94.146587, 26.265746], [94.146751, 26.265694], [94.146873, 26.265676], [94.147017, 26.26565], [94.14713, 26.265614], [94.147208, 26.265548], [94.147246, 26.265483], [94.147243, 26.265408], [94.147203, 26.265301], [94.147109, 26.265182], [94.14702, 26.265082], [94.146896, 26.265014], [94.146753, 26.264959], [94.146652, 26.264896], [94.146618, 26.264782], [94.146628, 26.264651], [94.146678, 26.264448], [94.146706, 26.264276], [94.146709, 26.264138], [94.146688, 26.263987], [94.146663, 26.263873], [94.1466, 26.263826], [94.146494, 26.263801], [94.146315, 26.263801], [94.14622, 26.263778], [94.146154, 26.263737], [94.146123, 26.263643], [94.146133, 26.263533], [94.146198, 26.263446], [94.146247, 26.263392], [94.146338, 26.263351], [94.146436, 26.263346], [94.146511, 26.26337], [94.146611, 26.263399], [94.146718, 26.263383], [94.14677, 26.263336], [94.146779, 26.26328], [94.146767, 26.2632], [94.146695, 26.263079], [94.146671, 26.262979], [94.14668, 26.262907], [94.146713, 26.262856], [94.146758, 26.262825], [94.146821, 26.26281], [94.146949, 26.262845], [94.147133, 26.262953], [94.14738, 26.263118], [94.147526, 26.263251], [94.147687, 26.263365], [94.14777, 26.263396], [94.147859, 26.263384], [94.147908, 26.263349], [94.147955, 26.263253], [94.148002, 26.263176], [94.148033, 26.263142], [94.148098, 26.263128], [94.148226, 26.263142], [94.148367, 26.263188], [94.148534, 26.263334], [94.14872, 26.263476], [94.148799, 26.263534], [94.148868, 26.263562], [94.148928, 26.263566], [94.148991, 26.263552], [94.149053, 26.263515], [94.149097, 26.263459], [94.149146, 26.263336], [94.149224, 26.263214], [94.149266, 26.263102], [94.149315, 26.262935], [94.149396, 26.262734], [94.149458, 26.262641], [94.149565, 26.26248], [94.149735, 26.26213], [94.149788, 26.262025], [94.149817, 26.261924], [94.149843, 26.261735], [94.149869, 26.261464], [94.1499, 26.261308], [94.149962, 26.261161], [94.150074, 26.260933], [94.150116, 26.260767], [94.150161, 26.260581], [94.150213, 26.260427], [94.150301, 26.260317], [94.150434, 26.260207], [94.150631, 26.260086], [94.150743, 26.260024], [94.15088, 26.259986], [94.151022, 26.259985], [94.151131, 26.26002], [94.151216, 26.260082], [94.151315, 26.260175], [94.151464, 26.260265], [94.151608, 26.260321], [94.151748, 26.260413], [94.151978, 26.260605], [94.15218, 26.26074], [94.152281, 26.260778], [94.1524, 26.260776], [94.152513, 26.260745], [94.152584, 26.26069], [94.152634, 26.260614], [94.152695, 26.260506], [94.152754, 26.260438], [94.152827, 26.260387], [94.152922, 26.260346], [94.1531, 26.260256], [94.153252, 26.260161], [94.153306, 26.260111], [94.153345, 26.260015], [94.153369, 26.259897], [94.153399, 26.259628], [94.15341, 26.259447], [94.153409, 26.259293], [94.153453, 26.259136], [94.153514, 26.258948], [94.153564, 26.258877], [94.153625, 26.258827], [94.153694, 26.258811], [94.153758, 26.258827], [94.153823, 26.258869], [94.153891, 26.258946], [94.153953, 26.25901], [94.153998, 26.259036], [94.154073, 26.259032], [94.154155, 26.259009], [94.154241, 26.25893], [94.154307, 26.258858], [94.154401, 26.258724], [94.154469, 26.258643], [94.154573, 26.258533], [94.15464, 26.258436], [94.154692, 26.258328], [94.154748, 26.258165], [94.154818, 26.258024], [94.154879, 26.25792], [94.154998, 26.257755], [94.155106, 26.257621], [94.155188, 26.257455], [94.155276, 26.257207], [94.155322, 26.257019], [94.155355, 26.256813], [94.155394, 26.256655], [94.155452, 26.256468], [94.155465, 26.256366], [94.155449, 26.256247], [94.155337, 26.255857], [94.155283, 26.255595], [94.155195, 26.255266], [94.155179, 26.255144], [94.155181, 26.255001], [94.155223, 26.254839], [94.155288, 26.254688], [94.155335, 26.254593], [94.155401, 26.254514], [94.15547, 26.254467], [94.155532, 26.254446], [94.155601, 26.254436], [94.155661, 26.254439], [94.155743, 26.254478], [94.155819, 26.254524], [94.155887, 26.254541], [94.15594, 26.254537], [94.156017, 26.254504], [94.156139, 26.254406], [94.156235, 26.254316], [94.156343, 26.254159], [94.156383, 26.254013], [94.156425, 26.25381], [94.156457, 26.253676], [94.156518, 26.253577], [94.156646, 26.253426], [94.156737, 26.25326], [94.15679, 26.253105], [94.156803, 26.252965], [94.15679, 26.25271], [94.156811, 26.252597], [94.156847, 26.252496], [94.156925, 26.252368], [94.157018, 26.252241], [94.157136, 26.252065], [94.157188, 26.252013], [94.157244, 26.251999], [94.157291, 26.252022], [94.157337, 26.252074], [94.157378, 26.252193], [94.157413, 26.252316], [94.15745, 26.252369], [94.157528, 26.252399], [94.157634, 26.252398], [94.157731, 26.252348], [94.157859, 26.252264], [94.158056, 26.252133], [94.158219, 26.25207], [94.158393, 26.251973], [94.158524, 26.251884], [94.158617, 26.251851], [94.158697, 26.251854], [94.158767, 26.251888], [94.158812, 26.251952], [94.158857, 26.252049], [94.158916, 26.252119], [94.159033, 26.252167], [94.15916, 26.252167], [94.159299, 26.252121], [94.159502, 26.25201], [94.159689, 26.251906], [94.159906, 26.251798], [94.16, 26.251726], [94.160108, 26.251605], [94.160243, 26.251494], [94.160326, 26.251442], [94.160399, 26.251429], [94.160464, 26.251444], [94.160532, 26.251485], [94.160612, 26.251589], [94.160679, 26.251657], [94.160762, 26.251683], [94.160868, 26.251681], [94.160975, 26.251641], [94.16111, 26.251579], [94.161294, 26.251494], [94.161506, 26.251442], [94.161708, 26.251382], [94.161899, 26.251359], [94.162035, 26.251373], [94.162209, 26.25141], [94.162378, 26.251423], [94.162478, 26.2514], [94.162638, 26.251329], [94.162919, 26.25114], [94.163079, 26.25102], [94.163193, 26.25091], [94.163359, 26.25074], [94.163476, 26.250609], [94.163562, 26.250481], [94.163638, 26.250363], [94.163675, 26.250249], [94.163712, 26.250093], [94.16376, 26.249862], [94.163789, 26.249788], [94.163838, 26.249717], [94.163878, 26.249677], [94.163956, 26.249652], [94.164033, 26.249642], [94.164076, 26.249662], [94.164128, 26.24969], [94.164182, 26.249775], [94.164224, 26.249887], [94.16429, 26.25001], [94.164429, 26.250209], [94.164549, 26.250393], [94.164671, 26.250501], [94.164765, 26.250559], [94.164869, 26.250617], [94.164965, 26.250694], [94.165041, 26.250793], [94.165183, 26.250981], [94.165403, 26.251231], [94.165599, 26.251433], [94.165748, 26.25155], [94.165893, 26.251623], [94.166076, 26.251682], [94.166207, 26.251701], [94.166375, 26.251698], [94.166522, 26.251703], [94.166726, 26.251751], [94.166933, 26.251772], [94.167173, 26.251803], [94.167325, 26.251831], [94.167491, 26.251903], [94.167688, 26.252032], [94.16794, 26.252191], [94.168106, 26.252263], [94.168238, 26.252293], [94.168371, 26.252292], [94.168537, 26.252237], [94.168691, 26.252175], [94.168834, 26.252073], [94.168982, 26.251961], [94.169152, 26.251838], [94.169287, 26.251768], [94.169467, 26.251726], [94.169664, 26.251726], [94.169813, 26.251791], [94.169898, 26.251873], [94.170073, 26.252061], [94.17021, 26.252283], [94.170296, 26.252439], [94.170392, 26.252474], [94.170504, 26.252453], [94.17066, 26.25236], [94.170811, 26.252309], [94.170957, 26.252304], [94.171157, 26.252264], [94.171328, 26.252178], [94.171539, 26.252008], [94.171729, 26.251824], [94.171859, 26.251565], [94.17196, 26.251385], [94.172067, 26.251299], [94.172179, 26.251257], [94.17241, 26.251196], [94.17259, 26.251105], [94.172889, 26.251], [94.173156, 26.25094], [94.173359, 26.250977], [94.173455, 26.251068], [94.173515, 26.251262], [94.173575, 26.251579], [94.173622, 26.251691], [94.173752, 26.251779], [94.173947, 26.251852], [94.174051, 26.251921], [94.174191, 26.251984], [94.174316, 26.251982], [94.174436, 26.251914], [94.174563, 26.251842], [94.174709, 26.251714], [94.174888, 26.251649], [94.175081, 26.251574], [94.175226, 26.251502], [94.1754, 26.251483], [94.175497, 26.251492], [94.175593, 26.251534], [94.175632, 26.251616], [94.175684, 26.251721], [94.175749, 26.251803], [94.175842, 26.251861], [94.175985, 26.251917], [94.176259, 26.252019], [94.176482, 26.252131], [94.176719, 26.252257], [94.176872, 26.25229], [94.177028, 26.252253], [94.177158, 26.252173], [94.177267, 26.252087], [94.177366, 26.252052], [94.177462, 26.252078], [94.177535, 26.252138], [94.177629, 26.252271], [94.177725, 26.252381], [94.177832, 26.252437], [94.178027, 26.252479], [94.178302, 26.252486], [94.178549, 26.252493], [94.178729, 26.252486], [94.178945, 26.2524], [94.179171, 26.252295], [94.179348, 26.252243], [94.179579, 26.25219], [94.179797, 26.252047], [94.180213, 26.251863], [94.180437, 26.251688], [94.180627, 26.251579], [94.180861, 26.251555], [94.181131, 26.251567], [94.181267, 26.2516], [94.181378, 26.251756], [94.18154, 26.251987], [94.181706, 26.252094], [94.181922, 26.252148], [94.182057, 26.252262], [94.182151, 26.252525], [94.182184, 26.252637], [94.182278, 26.252766], [94.18245, 26.252892], [94.182689, 26.252992], [94.182907, 26.253071], [94.183087, 26.253113], [94.183336, 26.253122], [94.183479, 26.253127], [94.183568, 26.253195], [94.183604, 26.25333], [94.183609, 26.253445], [94.183592, 26.253555], [94.183573, 26.253647], [94.183522, 26.253729], [94.183439, 26.253814], [94.183356, 26.253918], [94.183323, 26.254072], [94.183325, 26.254373], [94.183336, 26.254723], [94.183311, 26.255193], [94.183306, 26.255328], [94.183337, 26.255416], [94.183586, 26.255809], [94.183751, 26.256043], [94.183875, 26.256318], [94.183904, 26.25649], [94.183929, 26.256642], [94.18399, 26.256753], [94.184118, 26.256826], [94.184312, 26.256868], [94.184461, 26.256957], [94.184567, 26.257096], [94.184693, 26.257208], [94.184824, 26.257238], [94.184957, 26.257224], [94.185097, 26.257149], [94.185227, 26.257036], [94.185333, 26.256971], [94.185433, 26.256963], [94.185534, 26.257001], [94.18559, 26.25708], [94.185684, 26.257214], [94.185808, 26.257286], [94.185929, 26.257325], [94.186243, 26.25727], [94.186422, 26.257262], [94.186583, 26.257302], [94.186694, 26.257411], [94.186809, 26.257692], [94.186899, 26.25792], [94.187001, 26.258074], [94.18714, 26.258159], [94.187354, 26.25825], [94.187645, 26.258357], [94.187821, 26.258436], [94.18797, 26.258486], [94.188076, 26.258496], [94.188198, 26.258444], [94.188315, 26.258351], [94.188479, 26.258236], [94.188597, 26.258175], [94.188748, 26.258102], [94.188863, 26.258011], [94.188953, 26.257896], [94.189065, 26.257791], [94.189176, 26.257728], [94.189327, 26.257672], [94.189483, 26.257623], [94.189656, 26.257554], [94.189771, 26.25753], [94.189924, 26.257512], [94.190087, 26.257514], [94.190247, 26.257532], [94.190364, 26.257526], [94.190443, 26.257514], [94.190517, 26.257459], [94.190589, 26.257364], [94.190668, 26.25718], [94.190698, 26.257015], [94.190749, 26.256754], [94.190765, 26.256628], [94.190781, 26.256511], [94.190849, 26.256418], [94.190916, 26.256384], [94.191065, 26.256307], [94.191178, 26.256246], [94.191259, 26.256167], [94.191327, 26.256054], [94.191408, 26.255951], [94.1915, 26.25586], [94.191566, 26.255769], [94.191571, 26.255719], [94.191559, 26.255676], [94.191523, 26.255567], [94.191446, 26.255476], [94.191302, 26.255262], [94.191212, 26.255138], [94.191182, 26.255057], [94.191173, 26.254975], [94.191243, 26.254821], [94.191322, 26.254712], [94.191369, 26.254609], [94.19136, 26.254522], [94.191295, 26.254392], [94.191266, 26.254283], [94.191254, 26.254115], [94.191279, 26.253972], [94.191356, 26.253743], [94.191448, 26.253588], [94.191566, 26.253385], [94.19173, 26.253088], [94.191809, 26.252933], [94.19198, 26.252635], [94.192107, 26.252356], [94.192185, 26.252247], [94.192244, 26.252146], [94.192264, 26.251988], [94.192271, 26.251794], [94.192309, 26.251675], [94.192359, 26.25159], [94.192433, 26.251513], [94.192528, 26.251447], [94.192663, 26.251384], [94.192801, 26.251331], [94.192909, 26.251277], [94.192993, 26.251216], [94.193083, 26.251131], [94.193146, 26.251091], [94.193195, 26.251083], [94.193272, 26.251093], [94.193405, 26.251174], [94.193547, 26.251242], [94.193642, 26.251257], [94.193718, 26.251232], [94.193797, 26.251178], [94.193849, 26.251091], [94.193892, 26.250941], [94.193901, 26.250773], [94.193935, 26.25061], [94.193969, 26.250476], [94.194054, 26.250343], [94.194158, 26.250169], [94.194228, 26.250037], [94.194336, 26.24989], [94.19442, 26.249756], [94.194485, 26.249582], [94.194562, 26.249435], [94.194665, 26.249348], [94.194825, 26.249263], [94.195001, 26.249261], [94.195204, 26.249305], [94.195387, 26.249358], [94.195508, 26.249388], [94.195639, 26.249364], [94.195732, 26.249295], [94.195797, 26.249194], [94.19584, 26.249051], [94.195896, 26.248917], [94.195966, 26.248818], [94.196095, 26.248727], [94.196176, 26.248634], [94.196232, 26.248497], [94.196248, 26.248379], [94.196252, 26.24826], [94.196286, 26.248161], [94.196356, 26.247979], [94.196453, 26.247838], [94.196554, 26.247708], [94.19669, 26.247589], [94.196834, 26.247482], [94.196997, 26.247425], [94.197085, 26.24736], [94.197151, 26.247271], [94.197148, 26.24716], [94.197212, 26.246849], [94.197239, 26.246705], [94.197302, 26.246598], [94.19743, 26.246521], [94.197667, 26.246416], [94.197906, 26.246349], [94.198095, 26.246244], [94.198192, 26.246184], [94.19842, 26.246012], [94.198582, 26.245876], [94.198776, 26.245692], [94.198819, 26.245624], [94.198787, 26.245518], [94.198639, 26.245391], [94.19849, 26.245288], [94.198291, 26.245128], [94.198129, 26.244979], [94.197994, 26.244837], [94.197834, 26.244562], [94.197775, 26.244386], [94.197694, 26.244071], [94.197644, 26.243828], [94.197647, 26.243636], [94.197667, 26.243412], [94.19759, 26.243274], [94.19755, 26.243153], [94.197581, 26.242874], [94.197604, 26.242635], [94.197599, 26.242475], [94.197565, 26.242358], [94.197363, 26.242192], [94.197227, 26.242083], [94.196977, 26.241871], [94.196819, 26.241697], [94.196716, 26.241541], [94.196565, 26.241365], [94.196456, 26.241208], [94.196425, 26.241106], [94.196452, 26.240975], [94.196492, 26.24088], [94.196614, 26.240745], [94.196828, 26.240583], [94.196997, 26.240508], [94.197308, 26.240387], [94.197622, 26.24029], [94.19798, 26.240263], [94.198427, 26.240237], [94.19869, 26.240255], [94.199038, 26.24032], [94.199177, 26.240348], [94.199299, 26.240346], [94.199387, 26.240308], [94.199458, 26.240238], [94.199575, 26.240143], [94.199708, 26.240077], [94.199855, 26.240014], [94.199989, 26.239943], [94.200052, 26.239876], [94.200146, 26.239735], [94.200242, 26.239569], [94.200341, 26.239475], [94.200449, 26.239408], [94.200583, 26.239282], [94.200663, 26.239178], [94.200733, 26.239077], [94.200814, 26.23899], [94.20092, 26.238935], [94.201001, 26.238914], [94.201261, 26.23893], [94.201403, 26.238919], [94.201686, 26.238903], [94.201869, 26.238937], [94.202028, 26.239028], [94.202142, 26.239103], [94.202298, 26.239155], [94.202471, 26.239177], [94.20264, 26.239188], [94.202817, 26.239165], [94.20295, 26.239112], [94.203103, 26.239007], [94.203173, 26.238926], [94.203267, 26.238892], [94.203378, 26.238912], [94.203512, 26.238975], [94.20357, 26.23899], [94.203653, 26.238969], [94.203711, 26.238912], [94.203754, 26.238847], [94.203809, 26.238755], [94.203902, 26.238684], [94.204006, 26.238625], [94.204137, 26.238598], [94.204287, 26.238523], [94.204463, 26.238358], [94.204681, 26.238228], [94.204889, 26.238083], [94.205001, 26.237945], [94.205078, 26.237858], [94.205285, 26.237737], [94.205549, 26.237571], [94.2057, 26.237466], [94.205851, 26.237363], [94.205982, 26.23731], [94.206266, 26.237264], [94.206818, 26.237197], [94.207073, 26.237191], [94.20724, 26.237191], [94.207346, 26.237177], [94.207445, 26.237118], [94.207506, 26.237029], [94.207565, 26.236928], [94.207646, 26.236837], [94.20779, 26.236756], [94.207949, 26.236666], [94.208035, 26.236645], [94.208123, 26.236653], [94.208189, 26.236685], [94.208292, 26.236788], [94.208363, 26.236887], [94.208404, 26.236939], [94.208458, 26.236974], [94.208533, 26.236986], [94.208613, 26.236969], [94.208708, 26.236878], [94.208784, 26.236775], [94.208903, 26.236701], [94.209008, 26.236651], [94.209127, 26.236654], [94.209306, 26.236681], [94.209481, 26.236741], [94.209578, 26.236772], [94.209671, 26.236771], [94.209759, 26.23675], [94.209808, 26.236693], [94.209831, 26.2366], [94.209867, 26.236533], [94.209943, 26.236467], [94.210056, 26.236435], [94.210224, 26.236432], [94.210446, 26.236377], [94.210655, 26.236291], [94.210844, 26.236249], [94.211023, 26.236256], [94.211252, 26.236298], [94.211404, 26.236317], [94.211554, 26.236307], [94.211729, 26.236272], [94.211929, 26.236218], [94.21206, 26.236216], [94.212184, 26.236271], [94.212292, 26.23637], [94.21242, 26.236519], [94.212524, 26.236588], [94.212619, 26.236623], [94.212707, 26.236623], [94.212805, 26.236581], [94.21284, 26.236536], [94.212844, 26.236485], [94.212777, 26.236299], [94.21272, 26.236133], [94.212675, 26.236036], [94.212655, 26.235941], [94.212657, 26.235854], [94.212702, 26.235775], [94.21279, 26.235729], [94.212903, 26.235723], [94.213045, 26.235703], [94.213243, 26.235662], [94.213493, 26.235591], [94.213669, 26.235537], [94.213808, 26.235495], [94.213976, 26.235373], [94.214087, 26.235316], [94.214279, 26.235292], [94.214503, 26.235292], [94.2147, 26.235313], [94.214865, 26.235313], [94.215027, 26.235277], [94.215203, 26.235234], [94.215389, 26.235222], [94.215525, 26.235194], [94.215645, 26.235156], [94.215757, 26.235122], [94.21593, 26.235136], [94.216076, 26.235156], [94.216177, 26.235158], [94.216236, 26.23511], [94.216273, 26.235017], [94.21622, 26.23491], [94.216121, 26.234816], [94.215927, 26.23473], [94.215757, 26.234666], [94.215549, 26.234671], [94.215416, 26.234687], [94.215238, 26.234673], [94.214979, 26.234616], [94.214798, 26.234618], [94.214604, 26.234647], [94.214476, 26.234647], [94.214386, 26.234628], [94.214332, 26.234551], [94.21433, 26.234489], [94.21438, 26.234382], [94.214455, 26.234313], [94.214673, 26.23421], [94.214785, 26.234143], [94.214875, 26.234026], [94.214998, 26.233775], [94.215072, 26.233625], [94.215118, 26.233439], [94.215166, 26.233236], [94.215208, 26.233114], [94.215309, 26.232994], [94.215482, 26.232894], [94.215733, 26.232813], [94.215919, 26.232763], [94.21602, 26.232729], [94.216068, 26.232667], [94.216132, 26.232574], [94.21623, 26.232503], [94.21635, 26.232464], [94.216537, 26.232424], [94.216662, 26.232354], [94.216795, 26.232183], [94.216944, 26.231989], [94.217048, 26.23182], [94.21716, 26.231652], [94.217285, 26.231523], [94.217346, 26.231445], [94.217354, 26.231363], [94.217314, 26.231246], [94.217202, 26.231077], [94.217133, 26.230948], [94.21701, 26.230893], [94.216843, 26.230879], [94.21663, 26.230888], [94.216518, 26.230893], [94.216321, 26.23086], [94.216153, 26.230857], [94.215983, 26.230864], [94.215855, 26.230879], [94.215767, 26.23085], [94.215714, 26.230793], [94.215687, 26.230721], [94.215711, 26.230623], [94.215785, 26.230419], [94.215919, 26.230245], [94.215988, 26.23016], [94.216165, 26.22991], [94.216237, 26.229793], [94.216277, 26.229715], [94.216272, 26.229638], [94.216232, 26.229592], [94.216176, 26.229583], [94.216107, 26.229605], [94.216024, 26.229684], [94.215955, 26.229727], [94.215851, 26.229731], [94.215769, 26.2297], [94.215651, 26.229595], [94.215542, 26.229481], [94.215452, 26.229399], [94.215247, 26.229397], [94.215095, 26.229387], [94.214893, 26.229352], [94.214712, 26.229306], [94.214555, 26.229199], [94.21427, 26.228986], [94.214105, 26.228917], [94.213974, 26.228821], [94.213871, 26.228683], [94.213813, 26.228637], [94.213752, 26.228622], [94.213673, 26.228629], [94.213543, 26.228635], [94.213463, 26.228599], [94.213391, 26.228513], [94.213341, 26.228406], [94.213331, 26.228357], [94.213293, 26.228318], [94.213246, 26.228306], [94.213197, 26.228317], [94.213146, 26.228356], [94.213077, 26.228451], [94.213011, 26.228492], [94.21292, 26.228497], [94.212811, 26.228427], [94.212638, 26.228365], [94.212558, 26.228275], [94.212547, 26.228191], [94.212567, 26.227821], [94.212563, 26.227682], [94.212541, 26.227611], [94.212502, 26.227582], [94.212432, 26.227571], [94.212287, 26.227581], [94.212111, 26.22761], [94.212026, 26.227608], [94.211938, 26.227582], [94.211869, 26.22752], [94.211809, 26.227453], [94.211761, 26.227328], [94.211766, 26.227175], [94.211809, 26.227003], [94.211827, 26.226879], [94.21183, 26.226759], [94.211742, 26.226669], [94.211628, 26.226611], [94.211527, 26.226597], [94.211372, 26.226623], [94.211279, 26.226642], [94.211154, 26.226623], [94.211095, 26.226573], [94.210981, 26.226458], [94.210893, 26.226291], [94.210816, 26.226005], [94.210723, 26.225783], [94.210712, 26.225658], [94.210754, 26.225575], [94.21085, 26.225508], [94.211042, 26.225408], [94.211348, 26.225255], [94.211465, 26.225183], [94.211564, 26.225078], [94.21163, 26.224985], [94.211724, 26.224847], [94.211766, 26.224739], [94.211737, 26.224658], [94.211636, 26.224548], [94.211556, 26.224492], [94.211531, 26.224437], [94.211524, 26.224392], [94.211564, 26.224313], [94.211653, 26.224207], [94.211716, 26.224129], [94.21187, 26.223882], [94.211894, 26.223803], [94.211886, 26.22371], [94.21189, 26.223546], [94.211934, 26.223442], [94.212074, 26.223145], [94.212185, 26.222987], [94.212316, 26.222887], [94.212468, 26.222842], [94.212771, 26.222825], [94.213136, 26.222815], [94.21333, 26.222782], [94.213487, 26.222772], [94.21358, 26.222765], [94.213647, 26.222725], [94.213791, 26.222605], [94.213884, 26.222555], [94.213985, 26.222505], [94.214056, 26.222466], [94.214082, 26.222433], [94.214111, 26.222389], [94.214114, 26.222337], [94.214057, 26.222257], [94.21398, 26.222131], [94.213917, 26.22207], [94.213783, 26.221984], [94.213703, 26.221905], [94.21366, 26.221831], [94.21365, 26.221747], [94.213671, 26.221674], [94.213696, 26.221555], [94.213695, 26.221494], [94.213682, 26.221423], [94.213631, 26.221362], [94.213535, 26.221311], [94.213478, 26.221276], [94.21343, 26.221196], [94.213443, 26.221099], [94.213481, 26.220995], [94.21349, 26.220913], [94.213492, 26.220827], [94.213495, 26.220702], [94.213523, 26.220546], [94.213507, 26.22032], [94.213491, 26.220211], [94.213536, 26.220077], [94.213566, 26.21996], [94.213558, 26.219836], [94.213488, 26.219723], [94.213409, 26.219502], [94.213374, 26.219283], [94.213385, 26.219122], [94.213403, 26.218956], [94.213438, 26.218827], [94.213527, 26.218695], [94.21357, 26.218529], [94.213564, 26.218414], [94.21353, 26.218321], [94.213469, 26.218254], [94.213298, 26.218192], [94.213186, 26.218144], [94.213109, 26.218068], [94.213045, 26.217886], [94.212872, 26.217287], [94.21284, 26.217139], [94.212771, 26.21706], [94.212595, 26.21701], [94.212462, 26.216993], [94.212334, 26.216952], [94.212271, 26.216878], [94.212249, 26.216761], [94.212268, 26.216503], [94.2123, 26.216374], [94.212374, 26.216279], [94.212518, 26.216157], [94.212633, 26.216053], [94.212647, 26.216018], [94.212633, 26.215974], [94.212598, 26.21594], [94.212531, 26.215909], [94.212396, 26.215899], [94.212236, 26.215856], [94.21205, 26.215789], [94.211831, 26.215589], [94.211735, 26.215536], [94.211682, 26.215484], [94.211688, 26.215371], [94.211717, 26.215207], [94.211688, 26.215087], [94.2116, 26.214944], [94.211517, 26.214829], [94.211515, 26.214712], [94.211552, 26.214588], [94.21161, 26.214478], [94.211605, 26.21439], [94.211546, 26.214299], [94.211456, 26.214208], [94.211376, 26.214077], [94.21128, 26.213857], [94.211254, 26.213649], [94.21119, 26.213578], [94.211083, 26.213544], [94.210889, 26.213542], [94.210727, 26.21358], [94.210644, 26.213625], [94.210546, 26.213633], [94.210412, 26.213571], [94.210231, 26.21347], [94.209997, 26.213277], [94.209875, 26.213205], [94.209792, 26.213207], [94.209704, 26.21325], [94.209616, 26.213258], [94.209507, 26.213234], [94.209427, 26.213222], [94.209353, 26.213224], [94.209217, 26.213241], [94.209079, 26.213188], [94.208954, 26.213122], [94.208818, 26.213071], [94.208655, 26.212973], [94.208534, 26.212847], [94.208453, 26.212703], [94.208383, 26.212531], [94.208359, 26.212373], [94.208367, 26.212256], [94.208386, 26.212203], [94.208385, 26.21217], [94.208364, 26.21214], [94.20832, 26.212115], [94.208148, 26.212082], [94.208042, 26.212017], [94.207991, 26.211932], [94.207959, 26.211838], [94.207959, 26.211743], [94.208014, 26.21161], [94.208046, 26.21145], [94.208059, 26.21134], [94.208075, 26.211257], [94.208078, 26.211223], [94.208083, 26.211147], [94.208088, 26.211071], [94.20807, 26.210985], [94.208043, 26.210946], [94.207961, 26.210922], [94.207835, 26.210915], [94.207708, 26.210913], [94.207593, 26.210913], [94.207423, 26.210856], [94.207282, 26.210798], [94.207151, 26.210729], [94.20705, 26.210655], [94.206981, 26.210578], [94.206952, 26.210457], [94.206917, 26.210313], [94.206866, 26.210065], [94.206816, 26.209931], [94.206744, 26.209883], [94.206645, 26.209891], [94.206574, 26.209922], [94.206512, 26.209989], [94.206478, 26.210096], [94.206421, 26.210189], [94.206335, 26.210252], [94.206253, 26.210275], [94.206184, 26.210257], [94.206097, 26.210201], [94.206007, 26.210101], [94.205955, 26.210003], [94.205872, 26.209875], [94.205778, 26.209737], [94.205674, 26.209624], [94.20559, 26.209566], [94.205551, 26.209492], [94.205537, 26.209395], [94.205507, 26.209254], [94.205497, 26.209218], [94.205472, 26.209193], [94.205414, 26.209174], [94.205317, 26.209153], [94.205261, 26.209123], [94.205231, 26.209068], [94.205217, 26.208984], [94.205241, 26.208867], [94.205234, 26.208764], [94.205216, 26.208741], [94.205186, 26.20873], [94.205108, 26.208731], [94.204996, 26.208733], [94.204797, 26.208722], [94.20468, 26.20869], [94.204594, 26.208607], [94.204488, 26.208492], [94.204424, 26.208382], [94.2044, 26.208289], [94.204379, 26.208218], [94.204405, 26.208103], [94.204456, 26.207983], [94.204504, 26.20778], [94.20448, 26.207587], [94.204339, 26.207343], [94.204134, 26.20709], [94.20391, 26.206899], [94.203697, 26.206758], [94.20346, 26.206679], [94.203162, 26.206583], [94.203, 26.206521], [94.202827, 26.206427], [94.202654, 26.206329], [94.202494, 26.206313], [94.202268, 26.206318], [94.202132, 26.206327], [94.202023, 26.206284], [94.201914, 26.206172], [94.201844, 26.206069], [94.201778, 26.205933], [94.20192, 26.205653], [94.201997, 26.205537], [94.202125, 26.205406], [94.202224, 26.20532], [94.20229, 26.205239], [94.202417, 26.205125], [94.202556, 26.205028], [94.202813, 26.204877], [94.202928, 26.204769], [94.203013, 26.204659], [94.203085, 26.204542], [94.203133, 26.204423], [94.20313, 26.204282], [94.203114, 26.204158], [94.203141, 26.204057], [94.203173, 26.203995], [94.203234, 26.203955], [94.203314, 26.203952], [94.203423, 26.203986], [94.203521, 26.204103], [94.203631, 26.204272], [94.203703, 26.204373], [94.203777, 26.204459], [94.20386, 26.204509], [94.203985, 26.20454], [94.204115, 26.20453], [94.20423, 26.204483], [94.204286, 26.204425], [94.204328, 26.204327], [94.204341, 26.204246], [94.204412, 26.204112], [94.204498, 26.204019], [94.20459, 26.20394], [94.204727, 26.203876], [94.204849, 26.203819], [94.205002, 26.203742], [94.205109, 26.203676], [94.205207, 26.203637], [94.205338, 26.203627], [94.20546, 26.203649], [94.205527, 26.203693], [94.205618, 26.203796], [94.205711, 26.203905], [94.20576, 26.203949], [94.205814, 26.203972], [94.205887, 26.203976], [94.205951, 26.20397], [94.206023, 26.203945], [94.206089, 26.203905], [94.206158, 26.203833], [94.206252, 26.203708], [94.206341, 26.203583], [94.206501, 26.203436], [94.206562, 26.203384], [94.206618, 26.203349], [94.206671, 26.203353], [94.206715, 26.203377], [94.206735, 26.203408], [94.206721, 26.203472], [94.206685, 26.203583], [94.206665, 26.203685], [94.206655, 26.203753], [94.206665, 26.203824], [94.206759, 26.204014], [94.206884, 26.204195], [94.207008, 26.204374], [94.207064, 26.204437], [94.207128, 26.20447], [94.207233, 26.204502], [94.207361, 26.204524], [94.207451, 26.204567], [94.207521, 26.20462], [94.207562, 26.204695], [94.207563, 26.204784], [94.207549, 26.204834], [94.207474, 26.204892], [94.20742, 26.204939], [94.207401, 26.20498], [94.207398, 26.205041], [94.207455, 26.205275], [94.207505, 26.205365], [94.207563, 26.205443], [94.207675, 26.205527], [94.207759, 26.20559], [94.207815, 26.205605], [94.207888, 26.205583], [94.207977, 26.205548], [94.20803, 26.205541], [94.208114, 26.205557], [94.208182, 26.205602], [94.208229, 26.205669], [94.208278, 26.205769], [94.208329, 26.205842], [94.208492, 26.206007], [94.208653, 26.206167], [94.208737, 26.206258], [94.208806, 26.206356], [94.208844, 26.206466], [94.208868, 26.206621], [94.208877, 26.20669], [94.208912, 26.206751], [94.208964, 26.206792], [94.209085, 26.206867], [94.209146, 26.206918], [94.209231, 26.207011], [94.209299, 26.207058], [94.209375, 26.207082], [94.20948, 26.207078], [94.209551, 26.207057], [94.209605, 26.207025], [94.209649, 26.206968], [94.209704, 26.206848], [94.209757, 26.206708], [94.209798, 26.206536], [94.209818, 26.206426], [94.209849, 26.206358], [94.210002, 26.206095], [94.210064, 26.206013], [94.21013, 26.205933], [94.210177, 26.205878], [94.210261, 26.205842], [94.210331, 26.205831], [94.210422, 26.205841], [94.210521, 26.205868], [94.210635, 26.20587], [94.210799, 26.205872], [94.210924, 26.205868], [94.210985, 26.205862], [94.211049, 26.205843], [94.21119, 26.205741], [94.211279, 26.205687], [94.211371, 26.205644], [94.211452, 26.205627], [94.211533, 26.205633], [94.211618, 26.205665], [94.211694, 26.205709], [94.211799, 26.205808], [94.211868, 26.205885], [94.211929, 26.205934], [94.211988, 26.205947], [94.212112, 26.205953], [94.212227, 26.20596], [94.212278, 26.205989], [94.212334, 26.206075], [94.212374, 26.206174], [94.212392, 26.206297], [94.212424, 26.206389], [94.212454, 26.206437], [94.212511, 26.206463], [94.212577, 26.206464], [94.212652, 26.206456], [94.212786, 26.206378], [94.212929, 26.20632], [94.213011, 26.20629], [94.213118, 26.206292], [94.213234, 26.206322], [94.213313, 26.206361], [94.213395, 26.206376], [94.21351, 26.206356], [94.213646, 26.206344], [94.213733, 26.206364], [94.213857, 26.2064], [94.21399, 26.206445], [94.214137, 26.206464], [94.214288, 26.206484], [94.2144, 26.206529], [94.214522, 26.206629], [94.21463, 26.206684], [94.214712, 26.206727], [94.214799, 26.206749], [94.21488, 26.206735], [94.214943, 26.206685], [94.214973, 26.206636], [94.215007, 26.206451], [94.215024, 26.206212], [94.215017, 26.206011], [94.214927, 26.205677], [94.214847, 26.205376], [94.214818, 26.205159], [94.214852, 26.204636], [94.214868, 26.204502], [94.214895, 26.204416], [94.21494, 26.204345], [94.215025, 26.204316], [94.215148, 26.20433], [94.215265, 26.204354], [94.215334, 26.204357], [94.21538, 26.204335], [94.215409, 26.204298], [94.215413, 26.204227], [94.215368, 26.204139], [94.215314, 26.20403], [94.21529, 26.203911], [94.21532, 26.203792], [94.215353, 26.203688], [94.215419, 26.203577], [94.215494, 26.2035], [94.215559, 26.203464], [94.21563, 26.203441], [94.21569, 26.203446], [94.21577, 26.203471], [94.215848, 26.203484], [94.215915, 26.203478], [94.215977, 26.203437], [94.21603, 26.203365], [94.216085, 26.203276], [94.216134, 26.203198], [94.216197, 26.203121], [94.216238, 26.203062], [94.216259, 26.203], [94.216266, 26.202919], [94.216286, 26.20283], [94.216315, 26.202746], [94.216365, 26.20267], [94.216442, 26.202625], [94.216515, 26.202589], [94.216577, 26.202569], [94.216624, 26.202571], [94.216678, 26.202596], [94.216712, 26.20262], [94.216735, 26.20266], [94.216746, 26.20272], [94.216733, 26.202786], [94.216724, 26.202844], [94.216736, 26.202896], [94.216776, 26.202934], [94.216846, 26.202955], [94.216981, 26.202961], [94.217114, 26.20297], [94.217243, 26.202976], [94.217339, 26.202989], [94.21742, 26.203014], [94.217473, 26.203021], [94.217522, 26.203015], [94.217566, 26.202984], [94.217617, 26.202929], [94.217672, 26.202882], [94.21773, 26.202863], [94.217789, 26.202869], [94.217861, 26.202893], [94.217961, 26.202944], [94.218032, 26.202974], [94.218092, 26.202982], [94.218152, 26.202965], [94.218226, 26.20293], [94.218283, 26.202879], [94.21833, 26.202834], [94.2184, 26.202806], [94.218467, 26.202795], [94.218559, 26.202789], [94.218668, 26.202804], [94.21879, 26.202821], [94.218938, 26.202822], [94.219044, 26.202824], [94.219121, 26.202839], [94.219192, 26.20287], [94.219242, 26.202934], [94.219282, 26.20301], [94.219303, 26.203117], [94.219303, 26.203278], [94.2193, 26.203497], [94.219295, 26.203684], [94.21928, 26.203804], [94.219252, 26.203894], [94.219178, 26.203986], [94.219075, 26.204093], [94.218973, 26.204168], [94.218949, 26.204224], [94.218969, 26.204329], [94.21895, 26.204436], [94.218902, 26.204544], [94.218857, 26.204646], [94.218835, 26.204744], [94.218849, 26.204849], [94.218867, 26.204917], [94.218899, 26.204953], [94.218955, 26.204974], [94.219009, 26.204973], [94.219112, 26.204936], [94.219214, 26.204897], [94.21943, 26.204863], [94.219614, 26.204849], [94.219769, 26.204857], [94.219889, 26.20489], [94.220023, 26.204962], [94.220123, 26.205003], [94.220238, 26.205007], [94.220327, 26.204994], [94.220426, 26.204962], [94.220502, 26.204928], [94.220551, 26.20492], [94.220633, 26.204925], [94.220699, 26.204932], [94.220775, 26.204931], [94.220825, 26.204929], [94.220882, 26.2049], [94.22094, 26.204877], [94.221017, 26.204864], [94.221104, 26.204872], [94.221193, 26.20489], [94.22126, 26.204894], [94.221355, 26.204876], [94.221493, 26.204841], [94.221591, 26.204833], [94.221651, 26.204845], [94.221702, 26.204878], [94.221754, 26.204942], [94.221782, 26.20502], [94.2218, 26.205148], [94.221827, 26.205282], [94.221833, 26.205364], [94.221833, 26.205439], [94.221821, 26.205512], [94.221739, 26.20567], [94.221656, 26.205817], [94.221614, 26.205883], [94.221593, 26.205945], [94.221571, 26.206072], [94.221546, 26.206204], [94.221548, 26.206277], [94.221568, 26.206322], [94.221603, 26.206362], [94.221676, 26.206401], [94.221788, 26.206429], [94.22191, 26.206452], [94.222044, 26.206445], [94.222127, 26.206418], [94.222188, 26.206401], [94.222278, 26.2064], [94.222504, 26.206424], [94.222701, 26.206442], [94.22283, 26.206463], [94.222919, 26.206505], [94.222975, 26.206541], [94.223032, 26.206563], [94.223126, 26.206569], [94.223302, 26.20655], [94.223477, 26.206563], [94.223625, 26.206596], [94.223716, 26.206616], [94.223796, 26.206629], [94.223863, 26.206623], [94.223905, 26.206606], [94.223952, 26.20656], [94.223985, 26.206493], [94.224007, 26.206413], [94.224023, 26.206341], [94.224045, 26.206274], [94.224067, 26.206227], [94.224113, 26.206185], [94.224151, 26.206165], [94.224222, 26.206159], [94.224306, 26.206163], [94.224438, 26.206129], [94.224517, 26.206107], [94.224605, 26.206107], [94.224667, 26.206129], [94.224721, 26.206178], [94.22487, 26.206384], [94.224925, 26.206501], [94.224949, 26.206581], [94.224976, 26.206668], [94.225018, 26.206731], [94.225091, 26.206813], [94.225216, 26.206913], [94.225357, 26.207], [94.225474, 26.207057], [94.225594, 26.207099], [94.225649, 26.207135], [94.225685, 26.207178], [94.22569, 26.207241], [94.225662, 26.207345], [94.225607, 26.20743], [94.225525, 26.20746], [94.225395, 26.207469], [94.22523, 26.207491], [94.224906, 26.207522], [94.224815, 26.207532], [94.224777, 26.207556], [94.224758, 26.207617], [94.224773, 26.207714], [94.224883, 26.207942], [94.224966, 26.208159], [94.224998, 26.208278], [94.225001, 26.208329], [94.224987, 26.208366], [94.224945, 26.208405], [94.224892, 26.208422], [94.224737, 26.208442], [94.224654, 26.208454], [94.224613, 26.208479], [94.224591, 26.208517], [94.224588, 26.208569], [94.224572, 26.208805], [94.224545, 26.208978], [94.224513, 26.20908], [94.224443, 26.209165], [94.224314, 26.209201], [94.224179, 26.209203], [94.224055, 26.209206], [94.223932, 26.209224], [94.223852, 26.209243], [94.223793, 26.209286], [94.223775, 26.209368], [94.223794, 26.209488], [94.22384, 26.209638], [94.223916, 26.209724], [94.224014, 26.209792], [94.224172, 26.209817], [94.22433, 26.209829], [94.224566, 26.209813], [94.224688, 26.20979], [94.224836, 26.209792], [94.224998, 26.209763], [94.225161, 26.209745], [94.225286, 26.209749], [94.225361, 26.20975], [94.225409, 26.209742], [94.22549, 26.209693], [94.225562, 26.209625], [94.225649, 26.209545], [94.225713, 26.209495], [94.225794, 26.209443], [94.22588, 26.209407], [94.225934, 26.209394], [94.226012, 26.209397], [94.226119, 26.209444], [94.226216, 26.209471], [94.226292, 26.209471], [94.226343, 26.209456], [94.226387, 26.209426], [94.22641, 26.20938], [94.226433, 26.209284], [94.226461, 26.20923], [94.226488, 26.209201], [94.226518, 26.20918], [94.226555, 26.209174], [94.226618, 26.209185], [94.226671, 26.209188], [94.226732, 26.209182], [94.226827, 26.209127], [94.226883, 26.209071], [94.226954, 26.209006], [94.227047, 26.208943], [94.227127, 26.208863], [94.227163, 26.208802], [94.227198, 26.208732], [94.227245, 26.208681], [94.227304, 26.208639], [94.227374, 26.208621], [94.227453, 26.20862], [94.227558, 26.208649], [94.227626, 26.208671], [94.227684, 26.208683], [94.227794, 26.208683], [94.227878, 26.208677], [94.228022, 26.208685], [94.228102, 26.208694], [94.228159, 26.208697], [94.228219, 26.208688], [94.228254, 26.208671], [94.228304, 26.208624], [94.228331, 26.208573], [94.228385, 26.208466], [94.228425, 26.208395], [94.228463, 26.208354], [94.228519, 26.208321], [94.22858, 26.2083], [94.228699, 26.208293], [94.228828, 26.208301], [94.228942, 26.208327], [94.229009, 26.20836], [94.22906, 26.208419], [94.229087, 26.208484], [94.22909, 26.208591], [94.229062, 26.208684], [94.229026, 26.208777], [94.229022, 26.208824], [94.229046, 26.208873], [94.229087, 26.208909], [94.229166, 26.208935], [94.229287, 26.20895], [94.229393, 26.208983], [94.22948, 26.209021], [94.229564, 26.209044], [94.229658, 26.209056], [94.229736, 26.209047], [94.229798, 26.209017], [94.229858, 26.208978], [94.22994, 26.20891], [94.229991, 26.208859], [94.230054, 26.208829], [94.230109, 26.208821], [94.230195, 26.208827], [94.230252, 26.20884], [94.230297, 26.208867], [94.230332, 26.208902], [94.230347, 26.208966], [94.230316, 26.209049], [94.230292, 26.209096], [94.230274, 26.209148], [94.23027, 26.209203], [94.23028, 26.209266], [94.230286, 26.209333], [94.230275, 26.209412], [94.230237, 26.20949], [94.230175, 26.209581], [94.230137, 26.209656], [94.230121, 26.209709], [94.230123, 26.209765], [94.230146, 26.209811], [94.23019, 26.209843], [94.230229, 26.209855], [94.230279, 26.209852], [94.230354, 26.209825], [94.230509, 26.209766], [94.23063, 26.20973], [94.230707, 26.209722], [94.230799, 26.209732], [94.230896, 26.209746], [94.23098, 26.209743], [94.23105, 26.209728], [94.231167, 26.20968], [94.231275, 26.209612], [94.231381, 26.209512], [94.231455, 26.209458], [94.231541, 26.209416], [94.231653, 26.20941], [94.231754, 26.209419], [94.231841, 26.209453], [94.231961, 26.209519], [94.232051, 26.209548], [94.23217, 26.209591], [94.232266, 26.209635], [94.232321, 26.209696], [94.232343, 26.209746], [94.232339, 26.209807], [94.232301, 26.209871], [94.232256, 26.209929], [94.232236, 26.209986], [94.232243, 26.210035], [94.232266, 26.210082], [94.232336, 26.210133], [94.232424, 26.210166], [94.232535, 26.210174], [94.232669, 26.210168], [94.232795, 26.210171], [94.232873, 26.210185], [94.232928, 26.210205], [94.232981, 26.21024], [94.233017, 26.210289], [94.233037, 26.210329], [94.233035, 26.21039], [94.233008, 26.21045], [94.232946, 26.210546], [94.232928, 26.210595], [94.232938, 26.210648], [94.232966, 26.21069], [94.232999, 26.210716], [94.233053, 26.210735], [94.233107, 26.21074], [94.233279, 26.210731], [94.233424, 26.210728], [94.233515, 26.210754], [94.233589, 26.210796], [94.233642, 26.210846], [94.233686, 26.210924], [94.233706, 26.211014], [94.233688, 26.211102], [94.233671, 26.211219], [94.233642, 26.211345], [94.233628, 26.211402], [94.233513, 26.211507], [94.233397, 26.211591], [94.233331, 26.211642], [94.233239, 26.211684], [94.233107, 26.211735], [94.233005, 26.211761], [94.232891, 26.211756], [94.232808, 26.211756], [94.232755, 26.211775], [94.232713, 26.211803], [94.232705, 26.211842], [94.232717, 26.211895], [94.232767, 26.211956], [94.23293, 26.212045], [94.233139, 26.212194], [94.233259, 26.212275], [94.233302, 26.212298], [94.233352, 26.212313], [94.233403, 26.212312], [94.233438, 26.212288], [94.233465, 26.212252], [94.233509, 26.21219], [94.233557, 26.212137], [94.233586, 26.212123], [94.233625, 26.212121], [94.233719, 26.212164], [94.233791, 26.212194], [94.233888, 26.21222], [94.234, 26.212238], [94.234125, 26.212264], [94.23419, 26.212295], [94.234227, 26.212339], [94.234248, 26.212399], [94.234242, 26.212469], [94.234213, 26.212564], [94.234204, 26.212635], [94.234228, 26.212704], [94.234294, 26.21284], [94.234318, 26.212905], [94.234323, 26.212969], [94.234292, 26.213055], [94.234255, 26.213113], [94.234213, 26.213176], [94.234177, 26.213247], [94.234167, 26.213304], [94.234179, 26.213357], [94.234216, 26.213406], [94.234263, 26.213447], [94.234317, 26.213477], [94.234375, 26.213487], [94.23443, 26.213468], [94.234487, 26.213425], [94.234548, 26.213398], [94.234624, 26.213381], [94.234688, 26.213394], [94.234796, 26.213464], [94.234904, 26.213552], [94.234969, 26.213588], [94.235014, 26.213588], [94.235062, 26.213574], [94.235109, 26.21354], [94.235149, 26.213484], [94.235173, 26.213405], [94.235187, 26.213255], [94.235215, 26.213037], [94.235244, 26.212943], [94.235287, 26.212858], [94.23536, 26.212794], [94.235454, 26.212725], [94.235522, 26.212682], [94.235568, 26.212669], [94.235614, 26.212672], [94.235652, 26.212688], [94.235681, 26.212716], [94.235704, 26.212763], [94.235718, 26.212866], [94.235715, 26.212973], [94.235693, 26.213041], [94.235671, 26.21313], [94.235683, 26.213253], [94.235734, 26.21349], [94.235785, 26.213655], [94.235878, 26.213826], [94.235951, 26.213914], [94.236082, 26.214006], [94.236181, 26.21406], [94.236266, 26.214125], [94.23633, 26.21419], [94.236378, 26.214281], [94.236411, 26.214334], [94.236446, 26.21438], [94.236505, 26.21441], [94.236573, 26.214417], [94.236648, 26.214394], [94.236778, 26.214345], [94.236955, 26.214298], [94.237065, 26.214292], [94.237143, 26.214309], [94.23721, 26.214343], [94.237296, 26.214398], [94.237371, 26.214498], [94.237391, 26.214548], [94.237384, 26.214603], [94.237366, 26.21465], [94.237337, 26.214712], [94.23731, 26.214732], [94.237254, 26.21475], [94.237206, 26.214775], [94.237187, 26.214824], [94.237177, 26.21489], [94.237187, 26.214921], [94.237241, 26.21496], [94.237287, 26.215001], [94.237338, 26.215051], [94.237374, 26.215112], [94.237421, 26.215145], [94.237489, 26.215153], [94.237597, 26.21513], [94.237705, 26.215105], [94.237826, 26.215058], [94.237924, 26.215024], [94.237998, 26.215035], [94.238102, 26.215112], [94.238215, 26.215243], [94.238262, 26.215313], [94.238275, 26.215385], [94.238275, 26.215485], [94.238273, 26.215551], [94.238286, 26.215601], [94.238322, 26.215627], [94.238408, 26.215629], [94.238505, 26.215584], [94.238589, 26.215538], [94.238758, 26.215462], [94.238904, 26.215449], [94.239056, 26.215455], [94.239144, 26.215487], [94.239207, 26.215533], [94.239222, 26.215588], [94.239214, 26.215655], [94.239139, 26.215756], [94.239052, 26.215864], [94.23896, 26.21599], [94.238911, 26.216091], [94.238863, 26.216241], [94.238851, 26.216381], [94.238857, 26.216453], [94.238878, 26.216491], [94.238906, 26.216515], [94.238935, 26.216526], [94.238964, 26.216517], [94.238997, 26.216491], [94.239065, 26.2164], [94.239124, 26.216328], [94.23917, 26.216246], [94.239225, 26.216149], [94.239277, 26.216105], [94.239349, 26.216088], [94.239454, 26.216082], [94.239554, 26.216083], [94.239613, 26.216099], [94.239672, 26.216137], [94.239726, 26.216203], [94.23977, 26.21629], [94.239829, 26.216397], [94.239898, 26.216479], [94.239929, 26.216504], [94.239968, 26.216513], [94.24001, 26.216506], [94.240051, 26.216475], [94.240088, 26.216419], [94.240155, 26.216356], [94.240193, 26.216334], [94.240247, 26.216327], [94.240302, 26.216348], [94.240365, 26.216428], [94.240445, 26.216523], [94.24064, 26.216779], [94.240788, 26.216955], [94.240909, 26.217112], [94.241001, 26.217243], [94.241085, 26.217404], [94.241149, 26.217485], [94.241258, 26.217571], [94.241358, 26.217643], [94.241443, 26.217741], [94.241515, 26.217867], [94.241583, 26.217994], [94.241676, 26.218108], [94.241733, 26.21819], [94.241767, 26.2183], [94.241771, 26.218426], [94.241794, 26.218552], [94.241832, 26.218701], [94.241903, 26.218812], [94.241994, 26.218931], [94.242076, 26.21908], [94.24214, 26.219158], [94.242226, 26.219188], [94.24234, 26.219218], [94.242501, 26.219317], [94.242691, 26.219463], [94.242777, 26.21956], [94.242824, 26.219673], [94.242872, 26.219762], [94.242939, 26.219807], [94.24307, 26.21985], [94.243168, 26.219881], [94.243239, 26.21992], [94.243414, 26.220061], [94.243617, 26.220242], [94.243897, 26.220494], [94.243996, 26.220597], [94.244055, 26.220734], [94.24412, 26.220916], [94.244187, 26.220991], [94.244258, 26.221012], [94.244421, 26.221022], [94.244537, 26.221058], [94.244623, 26.221117], [94.244711, 26.221212], [94.2448, 26.22133], [94.244931, 26.221465], [94.245029, 26.221576], [94.245116, 26.221638], [94.245197, 26.221653], [94.245256, 26.221638], [94.245331, 26.221582], [94.245427, 26.221439], [94.245498, 26.221351], [94.245588, 26.221301], [94.245683, 26.221295], [94.245793, 26.221315], [94.245925, 26.22139], [94.246158, 26.221495], [94.246346, 26.221557], [94.246487, 26.221608], [94.246693, 26.221709], [94.246807, 26.22176], [94.246836, 26.221769], [94.246945, 26.221802], [94.247029, 26.221846], [94.247071, 26.221898], [94.247123, 26.222016], [94.247182, 26.222139], [94.247234, 26.222202], [94.247327, 26.222246], [94.247413, 26.222252], [94.247522, 26.222239], [94.247616, 26.222219], [94.247917, 26.222067], [94.248378, 26.221858], [94.248501, 26.221795], [94.248578, 26.221682], [94.248608, 26.221537], [94.248623, 26.221294], [94.248629, 26.22109], [94.248618, 26.220991], [94.248533, 26.220877], [94.248262, 26.220578], [94.248065, 26.220324], [94.247818, 26.220058], [94.24745, 26.219749], [94.247168, 26.219514], [94.246872, 26.219206], [94.246708, 26.218974], [94.246618, 26.218762], [94.246557, 26.218596], [94.246493, 26.218474], [94.246402, 26.218373], [94.246221, 26.218259], [94.245914, 26.217991], [94.245792, 26.21784], [94.245736, 26.217739], [94.245669, 26.217617], [94.245549, 26.217516], [94.245391, 26.217333], [94.245155, 26.217013], [94.24479, 26.216562], [94.244577, 26.216345], [94.244499, 26.216241], [94.244438, 26.216112], [94.244373, 26.216025], [94.244267, 26.215954], [94.24413, 26.215832], [94.243979, 26.215661], [94.243792, 26.215409], [94.243661, 26.215297], [94.243483, 26.215187], [94.243379, 26.215059], [94.243331, 26.214877], [94.243323, 26.214781], [94.243338, 26.214705], [94.243367, 26.214613], [94.24335, 26.214545], [94.243304, 26.214507], [94.243208, 26.214466], [94.243114, 26.214421], [94.243031, 26.214365], [94.242902, 26.21411], [94.242745, 26.213866], [94.242675, 26.21371], [94.242655, 26.213598], [94.242651, 26.213482], [94.242645, 26.213371], [94.242619, 26.213253], [94.242585, 26.213201], [94.242529, 26.213156], [94.242423, 26.213112], [94.242334, 26.213061], [94.242248, 26.213012], [94.242184, 26.212928], [94.242128, 26.212795], [94.242111, 26.212668], [94.242032, 26.212529], [94.241944, 26.212384], [94.241928, 26.212321], [94.241936, 26.212273], [94.241957, 26.212226], [94.242007, 26.212156], [94.24206, 26.212072], [94.242071, 26.212002], [94.24203, 26.211937], [94.241978, 26.211896], [94.24186, 26.211843], [94.241743, 26.211758], [94.241631, 26.211631], [94.24142, 26.21143], [94.241389, 26.211364], [94.241396, 26.211284], [94.241417, 26.211222], [94.241471, 26.211127], [94.241492, 26.211032], [94.241436, 26.210948], [94.241345, 26.210796], [94.241274, 26.210658], [94.241141, 26.21058], [94.241031, 26.210475], [94.240983, 26.210374], [94.240941, 26.210257], [94.240897, 26.21012], [94.240897, 26.209982], [94.240948, 26.20984], [94.241003, 26.209728], [94.241067, 26.209654], [94.241207, 26.209594], [94.241293, 26.209542], [94.241317, 26.209487], [94.241311, 26.209443], [94.241271, 26.209404], [94.241183, 26.209388], [94.240952, 26.209391], [94.240869, 26.209368], [94.24081, 26.209303], [94.240786, 26.209215], [94.240803, 26.209098], [94.240841, 26.208966], [94.240857, 26.208873], [94.240843, 26.208809], [94.240814, 26.208754], [94.240767, 26.208728], [94.240696, 26.208711], [94.240613, 26.208723], [94.240523, 26.208741], [94.240404, 26.208776], [94.240302, 26.20878], [94.240217, 26.208741], [94.240166, 26.208686], [94.240138, 26.2086], [94.240111, 26.208472], [94.240091, 26.208362], [94.240045, 26.208263], [94.240001, 26.208142], [94.239978, 26.208046], [94.239988, 26.207887], [94.239988, 26.207776], [94.239958, 26.207609], [94.239931, 26.207483], [94.239942, 26.207353], [94.239965, 26.207188], [94.239952, 26.207129], [94.239899, 26.207077], [94.239795, 26.207023], [94.239726, 26.206976], [94.239709, 26.206916], [94.239724, 26.206866], [94.239834, 26.206795], [94.239994, 26.206717], [94.240062, 26.206676], [94.240086, 26.206639], [94.240092, 26.206586], [94.240048, 26.206462], [94.239992, 26.206327], [94.239925, 26.206199], [94.23983, 26.206063], [94.239697, 26.206003], [94.239579, 26.205968], [94.239471, 26.205957], [94.239355, 26.205972], [94.239183, 26.206046], [94.239042, 26.206088], [94.238936, 26.206081], [94.238838, 26.206041], [94.238782, 26.205968], [94.238766, 26.205879], [94.238785, 26.205826], [94.238829, 26.205755], [94.238893, 26.205679], [94.238965, 26.205585], [94.239024, 26.20547], [94.239062, 26.205354], [94.239065, 26.205296], [94.239034, 26.205248], [94.23897, 26.205212], [94.2389, 26.205188], [94.238787, 26.205181], [94.23868, 26.205174], [94.238566, 26.205168], [94.238501, 26.205144], [94.238481, 26.2051], [94.238491, 26.205048], [94.238523, 26.204929], [94.238582, 26.204698], [94.238585, 26.204503], [94.238561, 26.204325], [94.238523, 26.204241], [94.238467, 26.204137], [94.2384, 26.204073], [94.238277, 26.204044], [94.238074, 26.204032], [94.237955, 26.204044], [94.23787, 26.204022], [94.237823, 26.203969], [94.237803, 26.203893], [94.237822, 26.203802], [94.237813, 26.203698], [94.237798, 26.203659], [94.237741, 26.203631], [94.237656, 26.203598], [94.237609, 26.203536], [94.23759, 26.203455], [94.23759, 26.203298], [94.237587, 26.203163], [94.237563, 26.203107], [94.237487, 26.203062], [94.237381, 26.203015], [94.23721, 26.203008], [94.237086, 26.202987], [94.23693, 26.202933], [94.236787, 26.20283], [94.236724, 26.202743], [94.23672, 26.20263], [94.236715, 26.202508], [94.236734, 26.20241], [94.236811, 26.202306], [94.236836, 26.202234], [94.236803, 26.202169], [94.236762, 26.202136], [94.236675, 26.202117], [94.236553, 26.202092], [94.236449, 26.202063], [94.236343, 26.202009], [94.236234, 26.201962], [94.2361, 26.201917], [94.236025, 26.201858], [94.236003, 26.201791], [94.236023, 26.201741], [94.236069, 26.201688], [94.236171, 26.201641], [94.236276, 26.201571], [94.236331, 26.201516], [94.236361, 26.20142], [94.236378, 26.20131], [94.236384, 26.201195], [94.236347, 26.201108], [94.236316, 26.201005], [94.236316, 26.200907], [94.236309, 26.200813], [94.236273, 26.200774], [94.236174, 26.200697], [94.236128, 26.200611], [94.236143, 26.20054], [94.236182, 26.200436], [94.236203, 26.20034], [94.236176, 26.200264], [94.236103, 26.200167], [94.236009, 26.200064], [94.235981, 26.199948], [94.235951, 26.199593], [94.23596, 26.199323], [94.23599, 26.199155], [94.235977, 26.198992], [94.235935, 26.198843], [94.235875, 26.198605], [94.235858, 26.198528], [94.235863, 26.198453], [94.235889, 26.198404], [94.235944, 26.198388], [94.236078, 26.198406], [94.236246, 26.198453], [94.236404, 26.198511], [94.236487, 26.198553], [94.236601, 26.198659], [94.236678, 26.198776], [94.236733, 26.198819], [94.236852, 26.198881], [94.237027, 26.198915], [94.237127, 26.198963], [94.237181, 26.199011], [94.237222, 26.199129], [94.23723, 26.199265], [94.237229, 26.19939], [94.237229, 26.199513], [94.237239, 26.199613], [94.237283, 26.19968], [94.237344, 26.199723], [94.23746, 26.199735], [94.237591, 26.199708], [94.23769, 26.199714], [94.237846, 26.199748], [94.238006, 26.199778], [94.238136, 26.199794], [94.2382, 26.199826], [94.238248, 26.19988], [94.238281, 26.199962], [94.238318, 26.200117], [94.238362, 26.200205], [94.238454, 26.200291], [94.238557, 26.200341], [94.238679, 26.200358], [94.238804, 26.200386], [94.238872, 26.200419], [94.238919, 26.200476], [94.238935, 26.200542], [94.238956, 26.20068], [94.23899, 26.200783], [94.239022, 26.20084], [94.239089, 26.200889], [94.239175, 26.200919], [94.239279, 26.200929], [94.239367, 26.200922], [94.239445, 26.200924], [94.239546, 26.200956], [94.239624, 26.200998], [94.239701, 26.201064], [94.239775, 26.201165], [94.239843, 26.201239], [94.23991, 26.20128], [94.239992, 26.201302], [94.240072, 26.201301], [94.240156, 26.201307], [94.240216, 26.201331], [94.240278, 26.201386], [94.240343, 26.201515], [94.240384, 26.201579], [94.24043, 26.201623], [94.240533, 26.201671], [94.24063, 26.201701], [94.240752, 26.201718], [94.24085, 26.201719], [94.240898, 26.201708], [94.241004, 26.201656], [94.2411, 26.201591], [94.2412, 26.201542], [94.241286, 26.201499], [94.241357, 26.201445], [94.241411, 26.201368], [94.241456, 26.201322], [94.241495, 26.201293], [94.241561, 26.201284], [94.241625, 26.201295], [94.241814, 26.201383], [94.241944, 26.201441], [94.242073, 26.201484], [94.242141, 26.201493], [94.2422, 26.201488], [94.242268, 26.201445], [94.242301, 26.201394], [94.242328, 26.201298], [94.242347, 26.20117], [94.24235, 26.201016], [94.242349, 26.200914], [94.242378, 26.200816], [94.242402, 26.200766], [94.242469, 26.200693], [94.242532, 26.200647], [94.242593, 26.200589], [94.242625, 26.200538], [94.242633, 26.200468], [94.24263, 26.200393], [94.242591, 26.200274], [94.242564, 26.200202], [94.242526, 26.200146], [94.242474, 26.200074], [94.242439, 26.200021], [94.242414, 26.199948], [94.242412, 26.199842], [94.242426, 26.199703], [94.242411, 26.199573], [94.242392, 26.199449], [94.242345, 26.199321], [94.242276, 26.199208], [94.242197, 26.199137], [94.242132, 26.199084], [94.242085, 26.199037], [94.242071, 26.198965], [94.242069, 26.198906], [94.242096, 26.198842], [94.242121, 26.198786], [94.242218, 26.198714], [94.242335, 26.198667], [94.242449, 26.198624], [94.242568, 26.198552], [94.242635, 26.198488], [94.242663, 26.198425], [94.242687, 26.19833], [94.242701, 26.198243], [94.242736, 26.198157], [94.242809, 26.198096], [94.242886, 26.198055], [94.242937, 26.197987], [94.242946, 26.197913], [94.242948, 26.197807], [94.242917, 26.197616], [94.242886, 26.197418], [94.24285, 26.197252], [94.242807, 26.197114], [94.242737, 26.196962], [94.24269, 26.19688], [94.242659, 26.196794], [94.242643, 26.19661], [94.242618, 26.196393], [94.242555, 26.196174], [94.242481, 26.195979], [94.24241, 26.195889], [94.24234, 26.195814], [94.242258, 26.195732], [94.242225, 26.195643], [94.242237, 26.195529], [94.24227, 26.195387], [94.242245, 26.195271], [94.242227, 26.195181], [94.242238, 26.195056], [94.242293, 26.194956], [94.242341, 26.194855], [94.242348, 26.194687], [94.242332, 26.194542], [94.242329, 26.194291], [94.242319, 26.194182], [94.242297, 26.19408], [94.242282, 26.194007], [94.242277, 26.193941], [94.242299, 26.193877], [94.242331, 26.193832], [94.242395, 26.1938], [94.242529, 26.193814], [94.242756, 26.193839], [94.242885, 26.193841], [94.24294, 26.193814], [94.24297, 26.193777], [94.242972, 26.193739], [94.242962, 26.1937], [94.242878, 26.193628], [94.24276, 26.193552], [94.242688, 26.193489], [94.242659, 26.193423], [94.242634, 26.193321], [94.242608, 26.193191], [94.242584, 26.193063], [94.242598, 26.192992], [94.242677, 26.192895], [94.242856, 26.192721], [94.243, 26.192579], [94.243106, 26.192522], [94.243205, 26.192498], [94.24332, 26.192499], [94.243479, 26.192564], [94.243575, 26.192616], [94.243644, 26.192652], [94.243717, 26.192648], [94.243842, 26.192588], [94.244002, 26.192504], [94.244156, 26.192474], [94.244273, 26.192474], [94.244424, 26.192516], [94.244573, 26.192625], [94.244684, 26.192705], [94.244763, 26.192759], [94.244837, 26.192786], [94.244932, 26.192779], [94.245038, 26.192736], [94.245122, 26.192718], [94.245234, 26.192737], [94.245343, 26.192779], [94.245394, 26.192854], [94.245403, 26.192931], [94.245419, 26.192995], [94.245457, 26.193052], [94.24551, 26.193076], [94.245611, 26.19307], [94.245716, 26.193014], [94.245871, 26.192912], [94.246001, 26.192844], [94.246092, 26.192812], [94.246247, 26.192814], [94.246406, 26.192827], [94.246468, 26.192856], [94.246519, 26.192918], [94.246569, 26.192999], [94.246624, 26.193069], [94.246696, 26.193099], [94.24683, 26.193125], [94.246972, 26.193135], [94.247051, 26.193169], [94.247104, 26.193221], [94.247133, 26.193336], [94.247135, 26.193505], [94.247151, 26.193701], [94.247168, 26.193778], [94.247258, 26.193867], [94.247459, 26.194013], [94.247604, 26.194092], [94.247768, 26.194121], [94.247965, 26.194162], [94.248118, 26.194232], [94.248245, 26.194303], [94.248331, 26.194345], [94.248426, 26.194362], [94.248512, 26.194352], [94.248651, 26.194308], [94.248761, 26.19428], [94.248885, 26.19428], [94.248988, 26.194261], [94.249064, 26.194233], [94.249165, 26.194166], [94.249241, 26.194074], [94.249329, 26.194019], [94.249437, 26.194007], [94.249783, 26.194002], [94.250283, 26.194003], [94.250663, 26.194021], [94.250898, 26.194081], [94.25104, 26.194103], [94.251166, 26.194115], [94.251269, 26.194098], [94.251339, 26.194044], [94.251389, 26.193973], [94.251418, 26.193901], [94.251437, 26.193818], [94.251427, 26.193779], [94.251399, 26.193694], [94.251338, 26.193579], [94.251294, 26.193494], [94.251273, 26.193409], [94.251271, 26.193348], [94.251303, 26.193244], [94.25136, 26.193125], [94.251386, 26.193038], [94.251394, 26.192979], [94.251392, 26.192916], [94.25137, 26.192852], [94.25133, 26.192782], [94.251254, 26.192721], [94.251177, 26.192658], [94.251073, 26.192531], [94.250969, 26.192379], [94.250861, 26.192216], [94.250772, 26.192039], [94.25065, 26.191909], [94.250487, 26.191759], [94.250412, 26.191664], [94.250358, 26.191587], [94.250282, 26.191537], [94.250161, 26.191486], [94.250028, 26.191407], [94.249943, 26.191333], [94.249873, 26.191256], [94.249786, 26.191126], [94.249728, 26.191011], [94.249722, 26.190915], [94.249755, 26.190863], [94.249865, 26.190797], [94.249986, 26.190754], [94.250108, 26.190672], [94.250208, 26.190569], [94.250275, 26.190433], [94.250346, 26.190215], [94.25043, 26.19001], [94.250499, 26.189816], [94.250511, 26.189672], [94.250485, 26.189508], [94.250467, 26.18941], [94.25047, 26.189337], [94.250499, 26.189287], [94.250568, 26.189224], [94.250769, 26.189099], [94.25101, 26.18893], [94.251211, 26.188765], [94.25141, 26.188554], [94.251519, 26.188393], [94.251598, 26.188241], [94.251662, 26.188116], [94.251671, 26.188029], [94.251645, 26.187917], [94.251595, 26.18782], [94.251584, 26.18773], [94.251574, 26.187671], [94.251517, 26.187633], [94.251394, 26.187608], [94.251211, 26.18759], [94.251047, 26.187565], [94.250896, 26.187537], [94.250785, 26.187461], [94.250611, 26.187336], [94.25038, 26.187172], [94.250093, 26.187038], [94.24995, 26.186945], [94.249845, 26.186797], [94.24977, 26.186659], [94.249685, 26.186484], [94.249642, 26.186331], [94.24961, 26.186144], [94.249602, 26.185985], [94.249594, 26.185872], [94.249617, 26.185734], [94.249673, 26.185628], [94.249736, 26.185474], [94.249767, 26.185355], [94.249786, 26.18526], [94.249827, 26.185184], [94.249916, 26.185083], [94.250035, 26.184944], [94.250085, 26.184864], [94.250133, 26.184767], [94.250188, 26.184657], [94.2502, 26.184614], [94.250199, 26.18457], [94.250171, 26.184528], [94.250114, 26.184483], [94.250031, 26.184456], [94.249945, 26.184451], [94.249831, 26.184484], [94.249674, 26.184563], [94.249608, 26.184599], [94.249545, 26.184613], [94.249483, 26.184607], [94.249445, 26.184581], [94.249402, 26.184536], [94.24938, 26.184479], [94.249367, 26.184414], [94.249386, 26.184288], [94.249449, 26.184118], [94.249532, 26.183944], [94.249624, 26.183723], [94.249687, 26.183524], [94.249775, 26.183288], [94.249845, 26.183126], [94.249884, 26.183013], [94.249899, 26.182898], [94.249881, 26.182795], [94.249872, 26.182741], [94.249849, 26.182633], [94.249827, 26.182513], [94.249813, 26.182272], [94.249766, 26.181964], [94.249758, 26.181825], [94.249768, 26.181695], [94.249799, 26.181555], [94.249819, 26.18146], [94.249815, 26.18138], [94.249751, 26.181296], [94.249703, 26.18122], [94.249645, 26.181115], [94.249413, 26.180642], [94.249353, 26.180452], [94.249323, 26.180303], [94.249255, 26.179935], [94.249198, 26.179702], [94.249133, 26.179404], [94.249131, 26.179262], [94.249118, 26.179069], [94.249093, 26.178906], [94.249031, 26.178704], [94.248937, 26.1785], [94.248749, 26.178243], [94.248563, 26.177968], [94.248484, 26.177818], [94.248462, 26.177731], [94.248477, 26.177625], [94.248513, 26.177552], [94.248592, 26.177465], [94.24869, 26.17738], [94.248737, 26.177293], [94.248777, 26.17714], [94.248815, 26.177064], [94.248916, 26.176933], [94.249019, 26.176775], [94.249052, 26.176701], [94.249107, 26.17659], [94.249129, 26.176506], [94.249131, 26.176369], [94.249122, 26.176266], [94.249084, 26.176165], [94.24904, 26.176105], [94.248976, 26.176071], [94.248828, 26.176057], [94.248642, 26.176064], [94.248532, 26.176057], [94.248465, 26.176046], [94.24839, 26.176016], [94.248336, 26.175951], [94.248264, 26.175899], [94.248185, 26.175866], [94.247918, 26.175876], [94.247544, 26.175879], [94.247364, 26.175882], [94.247228, 26.175854], [94.247076, 26.175801], [94.247, 26.175733], [94.246971, 26.175663], [94.246976, 26.175598], [94.247073, 26.175468], [94.247199, 26.175365], [94.247314, 26.175264], [94.247368, 26.175202], [94.247397, 26.175145], [94.247391, 26.175094], [94.247376, 26.175028], [94.247348, 26.174988], [94.247306, 26.174972], [94.247199, 26.174974], [94.247071, 26.174977], [94.246978, 26.174962], [94.246892, 26.174924], [94.246829, 26.174871], [94.246798, 26.174798], [94.246793, 26.174728], [94.246802, 26.174672], [94.246818, 26.17457], [94.246857, 26.174469], [94.246882, 26.174396], [94.246898, 26.174307], [94.246902, 26.174219], [94.246876, 26.174102], [94.246837, 26.173989], [94.246772, 26.17382], [94.24671, 26.173615], [94.246622, 26.173419], [94.246563, 26.173291], [94.246489, 26.173044], [94.246466, 26.172949], [94.246428, 26.172863], [94.246377, 26.172774], [94.246321, 26.172701], [94.246303, 26.172653], [94.246301, 26.172585], [94.24632, 26.172491], [94.246378, 26.172359], [94.246416, 26.172273], [94.246455, 26.172173], [94.246484, 26.172131], [94.24655, 26.172086], [94.246757, 26.172033], [94.246963, 26.171983], [94.247158, 26.171941], [94.247298, 26.1719], [94.247426, 26.171824], [94.24751, 26.171746], [94.247713, 26.171628], [94.247882, 26.171552], [94.247991, 26.171495], [94.248061, 26.171434], [94.248079, 26.171385], [94.248085, 26.171335], [94.248049, 26.171205], [94.24801, 26.171155], [94.247945, 26.171099], [94.247805, 26.171012], [94.247578, 26.170895], [94.247412, 26.170782], [94.247348, 26.170714], [94.247279, 26.170587], [94.247236, 26.170479], [94.247226, 26.170331], [94.247226, 26.170156], [94.247179, 26.169987], [94.247081, 26.169795], [94.246944, 26.169582], [94.246756, 26.169359], [94.246695, 26.169247], [94.24666, 26.169154], [94.246671, 26.169063], [94.246723, 26.168889], [94.246736, 26.168808], [94.246727, 26.168702], [94.246664, 26.168561], [94.246544, 26.168453], [94.246382, 26.168385], [94.246233, 26.168361], [94.24604, 26.168356], [94.245584, 26.168339], [94.245344, 26.168314], [94.245206, 26.168264], [94.244966, 26.168082], [94.244883, 26.167986], [94.244802, 26.167889], [94.244763, 26.16781], [94.244757, 26.16774], [94.24482, 26.167602], [94.244895, 26.167472], [94.244959, 26.167274], [94.244985, 26.16713], [94.24495, 26.166919], [94.244907, 26.166618], [94.2448, 26.166377], [94.244731, 26.166229], [94.244676, 26.166152], [94.244577, 26.166079], [94.244399, 26.165921], [94.244333, 26.165801], [94.244164, 26.165542], [94.244057, 26.165299], [94.244002, 26.16514], [94.243802, 26.164727], [94.243618, 26.16452], [94.243392, 26.164295], [94.243284, 26.164177], [94.243255, 26.164105], [94.243239, 26.163982], [94.243205, 26.163867], [94.243119, 26.163769], [94.242966, 26.163633], [94.242797, 26.163539], [94.242585, 26.163472], [94.242414, 26.163415], [94.242303, 26.163384], [94.242214, 26.163348], [94.24214, 26.163301], [94.2421, 26.163245], [94.242003, 26.163126], [94.241918, 26.163054], [94.241758, 26.162916], [94.241576, 26.162818], [94.241463, 26.162711], [94.241388, 26.162575], [94.241342, 26.162431], [94.24129, 26.16225], [94.241214, 26.162084], [94.241146, 26.161925], [94.241075, 26.161805], [94.240921, 26.161645], [94.24079, 26.161492], [94.240739, 26.161397], [94.240723, 26.161297], [94.240736, 26.161167], [94.240758, 26.160978], [94.240732, 26.160884], [94.240693, 26.160773], [94.240673, 26.160667], [94.240689, 26.160556], [94.240723, 26.160448], [94.240768, 26.160349], [94.24077, 26.160278], [94.240727, 26.160193], [94.240638, 26.160086], [94.24053, 26.159985], [94.240436, 26.159852], [94.240358, 26.15968], [94.240283, 26.15946], [94.240263, 26.159292], [94.240249, 26.159123], [94.240202, 26.158981], [94.240125, 26.158893], [94.239988, 26.158774], [94.239834, 26.158621], [94.239561, 26.158328], [94.239436, 26.158216], [94.239274, 26.158078], [94.239203, 26.157992], [94.239092, 26.157815], [94.239022, 26.157733], [94.238906, 26.15763], [94.238812, 26.157528], [94.238745, 26.157437], [94.238718, 26.15738], [94.238722, 26.15732], [94.23875, 26.157249], [94.23879, 26.157177], [94.238881, 26.157072], [94.238952, 26.156982], [94.239002, 26.156863], [94.23904, 26.156697], [94.23907, 26.156515], [94.239103, 26.156418], [94.239146, 26.156356], [94.239202, 26.156319], [94.239344, 26.156266], [94.239757, 26.156183], [94.240039, 26.156116], [94.24021, 26.156061], [94.240347, 26.155994], [94.240405, 26.15592], [94.240431, 26.155858], [94.240435, 26.155783], [94.240406, 26.155665], [94.240383, 26.155555], [94.240389, 26.155483], [94.240401, 26.155441], [94.240442, 26.155366], [94.240495, 26.155276], [94.24055, 26.155165], [94.24058, 26.155061], [94.240601, 26.15491], [94.240605, 26.154731], [94.240623, 26.154661], [94.240657, 26.154573], [94.240686, 26.15448], [94.240689, 26.154412], [94.240671, 26.1543], [94.240671, 26.15422], [94.240683, 26.154168], [94.240712, 26.154136], [94.240855, 26.1541], [94.240964, 26.154077], [94.241049, 26.154053], [94.241087, 26.154025], [94.24111, 26.15398], [94.241113, 26.15394], [94.241092, 26.153885], [94.241002, 26.15379], [94.240862, 26.15364], [94.240685, 26.153469], [94.240533, 26.153327], [94.240439, 26.15325], [94.240362, 26.153164], [94.24032, 26.153096], [94.240302, 26.15301], [94.2403, 26.152916], [94.240302, 26.152787], [94.240283, 26.152704], [94.240224, 26.152552], [94.240198, 26.152452], [94.2402, 26.152409], [94.240218, 26.152376], [94.240291, 26.152312], [94.240447, 26.152205], [94.240575, 26.152126], [94.24067, 26.152091], [94.240753, 26.15208], [94.240802, 26.152083], [94.240864, 26.152119], [94.240951, 26.152173], [94.241061, 26.152228], [94.241212, 26.15228], [94.24149, 26.152348], [94.241748, 26.152408], [94.241994, 26.15248], [94.24207, 26.152489], [94.242146, 26.152474], [94.242209, 26.152442], [94.242249, 26.152395], [94.242305, 26.152263], [94.24233, 26.152197], [94.242381, 26.152135], [94.242459, 26.152081], [94.242638, 26.151965], [94.242693, 26.151884], [94.242722, 26.151801], [94.242789, 26.151648], [94.242852, 26.151576], [94.242973, 26.151506], [94.243169, 26.1514], [94.243347, 26.151289], [94.243467, 26.151228], [94.243619, 26.151168], [94.243822, 26.15113], [94.243978, 26.15109], [94.244084, 26.151035], [94.244187, 26.150962], [94.244275, 26.150903], [94.244345, 26.150868], [94.244416, 26.150866], [94.244474, 26.150888], [94.244511, 26.150924], [94.244522, 26.150977], [94.244507, 26.151109], [94.244464, 26.151309], [94.2444, 26.151459], [94.244303, 26.151608], [94.244247, 26.151741], [94.244232, 26.151874], [94.24423, 26.15204], [94.244223, 26.152199], [94.244212, 26.15227], [94.244181, 26.152378], [94.244164, 26.152496], [94.244187, 26.152632], [94.24422, 26.152762], [94.244248, 26.152864], [94.244267, 26.152967], [94.244257, 26.153117], [94.244265, 26.153198], [94.244318, 26.153302], [94.244395, 26.153388], [94.244558, 26.153483], [94.244786, 26.153546], [94.244998, 26.153579], [94.245168, 26.153615], [94.245286, 26.153666], [94.245345, 26.153732], [94.245371, 26.153808], [94.24536, 26.153873], [94.245319, 26.153934], [94.245214, 26.15403], [94.245101, 26.154133], [94.244962, 26.154255], [94.244908, 26.154334], [94.244894, 26.154394], [94.244905, 26.154443], [94.24493, 26.154477], [94.244976, 26.154494], [94.245026, 26.154493], [94.245117, 26.15446], [94.245261, 26.154388], [94.245426, 26.154333], [94.245573, 26.154285], [94.245745, 26.154251], [94.245905, 26.154213], [94.245964, 26.154175], [94.24602, 26.15413], [94.246095, 26.154105], [94.246212, 26.154115], [94.246379, 26.154111], [94.246597, 26.154093], [94.246959, 26.154062], [94.247251, 26.154063], [94.247424, 26.15406], [94.247729, 26.15409], [94.24797, 26.154039], [94.248206, 26.154008], [94.248496, 26.154068], [94.248909, 26.154191], [94.249338, 26.154309], [94.249668, 26.154428], [94.249803, 26.154482], [94.249912, 26.15454], [94.250003, 26.154612], [94.250206, 26.154812], [94.250371, 26.15499], [94.25051, 26.15513], [94.250701, 26.155253], [94.250985, 26.155413], [94.251142, 26.155521], [94.251213, 26.155546], [94.251296, 26.155561], [94.251375, 26.155563], [94.251448, 26.15552], [94.251484, 26.155472], [94.251504, 26.155407], [94.251498, 26.155313], [94.251464, 26.155239], [94.251378, 26.155165], [94.251209, 26.155044], [94.251151, 26.154975], [94.251124, 26.154901], [94.251127, 26.154817], [94.251175, 26.154664], [94.251218, 26.154536], [94.251321, 26.154381], [94.251519, 26.154201], [94.251694, 26.153998], [94.251783, 26.153898], [94.251815, 26.153841], [94.251828, 26.153761], [94.251808, 26.153691], [94.251748, 26.153649], [94.251658, 26.153631], [94.251582, 26.153629], [94.251469, 26.153637], [94.251378, 26.153617], [94.251321, 26.153587], [94.251261, 26.153513], [94.251211, 26.153405], [94.251144, 26.153219], [94.251106, 26.1531], [94.25111, 26.153064], [94.251131, 26.15304], [94.251177, 26.153026], [94.251241, 26.153014], [94.251321, 26.153011], [94.251427, 26.15299], [94.251481, 26.152943], [94.251516, 26.152856], [94.251537, 26.152767], [94.251515, 26.152639], [94.251494, 26.152515], [94.251498, 26.152449], [94.251547, 26.152384], [94.25163, 26.152324], [94.251716, 26.15226], [94.251784, 26.152147], [94.25191, 26.151943], [94.251984, 26.151862], [94.25211, 26.151781], [94.252233, 26.151741], [94.252414, 26.151748], [94.25252, 26.151781], [94.252626, 26.151866], [94.252732, 26.151975], [94.252853, 26.152117], [94.252954, 26.152223], [94.253038, 26.152278], [94.25321, 26.152318], [94.253348, 26.152353], [94.253542, 26.152391], [94.253617, 26.1524], [94.253746, 26.152389], [94.253945, 26.152376], [94.254143, 26.152385], [94.2543, 26.152396], [94.254442, 26.15243], [94.254535, 26.152477], [94.254641, 26.152556], [94.254697, 26.152596], [94.254756, 26.15261], [94.254843, 26.152609], [94.25495, 26.152568], [94.255042, 26.152518], [94.255095, 26.152449], [94.25511, 26.152362], [94.255107, 26.152262], [94.255121, 26.152191], [94.255173, 26.152112], [94.255266, 26.152001], [94.255436, 26.151858], [94.255557, 26.1518], [94.255731, 26.151739], [94.255925, 26.151669], [94.25618, 26.151561], [94.256288, 26.151539], [94.256375, 26.151537], [94.256455, 26.151547], [94.256518, 26.151577], [94.256592, 26.15162], [94.256687, 26.151698], [94.256811, 26.151828], [94.257027, 26.152005], [94.25713, 26.152112], [94.257232, 26.15225], [94.25732, 26.152413], [94.257368, 26.152522], [94.257426, 26.152612], [94.2575, 26.152719], [94.257552, 26.152856], [94.257588, 26.152938], [94.25766, 26.153004], [94.257708, 26.153024], [94.257779, 26.153023], [94.257827, 26.153003], [94.257873, 26.152949], [94.257883, 26.15289], [94.257865, 26.152791], [94.257802, 26.152686], [94.25772, 26.152561], [94.257653, 26.152419], [94.257596, 26.152215], [94.257562, 26.152025], [94.257548, 26.15189], [94.25756, 26.151741], [94.257576, 26.151557], [94.257554, 26.151344], [94.257535, 26.151037], [94.257515, 26.150781], [94.257496, 26.15061], [94.257464, 26.15052], [94.257398, 26.150468], [94.257287, 26.150405], [94.257081, 26.150283], [94.256921, 26.150201], [94.256797, 26.150168], [94.256646, 26.150135], [94.256482, 26.150045], [94.256332, 26.149953], [94.256202, 26.149902], [94.256086, 26.149839], [94.256021, 26.149769], [94.255986, 26.149669], [94.255942, 26.149448], [94.25586, 26.149173], [94.255778, 26.148971], [94.255706, 26.148779], [94.255671, 26.148647], [94.255616, 26.148574], [94.255543, 26.14852], [94.255464, 26.148503], [94.255365, 26.148515], [94.255268, 26.148559], [94.255106, 26.148662], [94.254909, 26.148789], [94.254768, 26.148836], [94.254677, 26.148859], [94.254549, 26.148856], [94.254376, 26.148803], [94.254053, 26.148623], [94.253689, 26.148429], [94.253202, 26.148199], [94.252742, 26.14796], [94.252577, 26.147877], [94.252482, 26.147855], [94.252416, 26.147878], [94.252374, 26.147921], [94.252362, 26.147983], [94.252369, 26.148086], [94.252369, 26.148196], [94.252361, 26.148256], [94.252326, 26.14831], [94.25227, 26.148345], [94.25218, 26.148369], [94.252099, 26.148364], [94.252, 26.14835], [94.251836, 26.148302], [94.251544, 26.148248], [94.251134, 26.148201], [94.250959, 26.14818], [94.250813, 26.14813], [94.250646, 26.148057], [94.250346, 26.147889], [94.250147, 26.147759], [94.249971, 26.147649], [94.249876, 26.147577], [94.249751, 26.147403], [94.249644, 26.147297], [94.249424, 26.147124], [94.249072, 26.146811], [94.248791, 26.146573], [94.248623, 26.146389], [94.248433, 26.146208], [94.24835, 26.146119], [94.248268, 26.14601], [94.248207, 26.145884], [94.2481, 26.145716], [94.248006, 26.145605], [94.247895, 26.145527], [94.247737, 26.145458], [94.247534, 26.145346], [94.247373, 26.145234], [94.247253, 26.145175], [94.247043, 26.145143], [94.2469, 26.145106], [94.246797, 26.145056], [94.246672, 26.144944], [94.246433, 26.144679], [94.246188, 26.144394], [94.245992, 26.144188], [94.245934, 26.144109], [94.245917, 26.143985], [94.24591, 26.143737], [94.245928, 26.143568], [94.245918, 26.143467], [94.24585, 26.143374], [94.245721, 26.143282], [94.245598, 26.14319], [94.24552, 26.143076], [94.245464, 26.142969], [94.245364, 26.142802], [94.24526, 26.142703], [94.245157, 26.142642], [94.245092, 26.142626], [94.245022, 26.142633], [94.244953, 26.142691], [94.244883, 26.142753], [94.24481, 26.142799], [94.244762, 26.142813], [94.2447, 26.142781], [94.244638, 26.142722], [94.244573, 26.142601], [94.244537, 26.142512], [94.244509, 26.142408], [94.244473, 26.14224], [94.2444, 26.142109], [94.244305, 26.141992], [94.244124, 26.141808], [94.244024, 26.141745], [94.243737, 26.141639], [94.243664, 26.141625], [94.243592, 26.14163], [94.243535, 26.141658], [94.243493, 26.14169], [94.243454, 26.141762], [94.243351, 26.141943], [94.243289, 26.142041], [94.243223, 26.142126], [94.243157, 26.142169], [94.243068, 26.142216], [94.242982, 26.14226], [94.242891, 26.142326], [94.242823, 26.142387], [94.24274, 26.142453], [94.242681, 26.142471], [94.242598, 26.142471], [94.242531, 26.14245], [94.242469, 26.142399], [94.242395, 26.142284], [94.242297, 26.142137], [94.242205, 26.142033], [94.242087, 26.141938], [94.241843, 26.141779], [94.241679, 26.141695], [94.24156, 26.141662], [94.241419, 26.141653], [94.24126, 26.141621], [94.241083, 26.141556], [94.240933, 26.1415], [94.240778, 26.141475], [94.240583, 26.141448], [94.240381, 26.141382], [94.240222, 26.141321], [94.240125, 26.141255], [94.240039, 26.141174], [94.239881, 26.141015], [94.239734, 26.140903], [94.239575, 26.140838], [94.239394, 26.140788], [94.239273, 26.140734], [94.239156, 26.140658], [94.239064, 26.140563], [94.238993, 26.140457], [94.238978, 26.140379], [94.238959, 26.140263], [94.23893, 26.140121], [94.238837, 26.139897], [94.238806, 26.139817], [94.238813, 26.139743], [94.238837, 26.139687], [94.238916, 26.139584], [94.239036, 26.13949], [94.239234, 26.139359], [94.239332, 26.139294], [94.239368, 26.139247], [94.239387, 26.139187], [94.239392, 26.139084], [94.239399, 26.138932], [94.23942, 26.138799], [94.239454, 26.138667], [94.239451, 26.138567], [94.239407, 26.138456], [94.239332, 26.138347], [94.23925, 26.138262], [94.23916, 26.138177], [94.239107, 26.138093], [94.239061, 26.13798], [94.238998, 26.137817], [94.238923, 26.137691], [94.238864, 26.137612], [94.238779, 26.137509], [94.238722, 26.137417], [94.238706, 26.13735], [94.238714, 26.137284], [94.238734, 26.137222], [94.238793, 26.137137], [94.238841, 26.137066], [94.238871, 26.136981], [94.238884, 26.136829], [94.238879, 26.13672], [94.23886, 26.136608], [94.238833, 26.13653], [94.238783, 26.136452], [94.238712, 26.136399], [94.238632, 26.136381], [94.238513, 26.136375], [94.2384, 26.136361], [94.238278, 26.136316], [94.238102, 26.136248], [94.237935, 26.136171], [94.237772, 26.136041], [94.237674, 26.135946], [94.237611, 26.135849], [94.237576, 26.135744], [94.237551, 26.135568], [94.237558, 26.135421], [94.237605, 26.135183], [94.237657, 26.134935], [94.237732, 26.134726], [94.237736, 26.134608], [94.237723, 26.134522], [94.237682, 26.134448], [94.237614, 26.134378], [94.237544, 26.134285], [94.237472, 26.134176], [94.237362, 26.134059], [94.237272, 26.133968], [94.237248, 26.133914], [94.237251, 26.133862], [94.237272, 26.133808], [94.237338, 26.133755], [94.2375, 26.133673], [94.237666, 26.133591], [94.237743, 26.133539], [94.237779, 26.133483], [94.237796, 26.133435], [94.237784, 26.133382], [94.237764, 26.133338], [94.237673, 26.133264], [94.237576, 26.133195], [94.237492, 26.133113], [94.237391, 26.133049], [94.23728, 26.133011], [94.237133, 26.132971], [94.237045, 26.132908], [94.237011, 26.132861], [94.236993, 26.132774], [94.236984, 26.132581], [94.236986, 26.132466], [94.236969, 26.132397], [94.236913, 26.132316], [94.236838, 26.13225], [94.236792, 26.13218], [94.236792, 26.132115], [94.236807, 26.132057], [94.23686, 26.13199], [94.236982, 26.131898], [94.237088, 26.131815], [94.237135, 26.13176], [94.237174, 26.131697], [94.237202, 26.131598], [94.237206, 26.131506], [94.237193, 26.131449], [94.237153, 26.131374], [94.237053, 26.131271], [94.236942, 26.131164], [94.236817, 26.130986], [94.236764, 26.130877], [94.236734, 26.130783], [94.236737, 26.130716], [94.236756, 26.13062], [94.236808, 26.130523], [94.236864, 26.13043], [94.236884, 26.130361], [94.236909, 26.130239], [94.236964, 26.130091], [94.236996, 26.129989], [94.237001, 26.129921], [94.236952, 26.129732], [94.236871, 26.129467], [94.236825, 26.129302], [94.236825, 26.129234], [94.236846, 26.129152], [94.236886, 26.12907], [94.236961, 26.128965], [94.237007, 26.128887], [94.237019, 26.1288], [94.237011, 26.12873], [94.236981, 26.128638], [94.236937, 26.128543], [94.236855, 26.128437], [94.236799, 26.128372], [94.236789, 26.128303], [94.236797, 26.12824], [94.23682, 26.128195], [94.236878, 26.12814], [94.236986, 26.128087], [94.237186, 26.127975], [94.237353, 26.127883], [94.237594, 26.127762], [94.237901, 26.127636], [94.238161, 26.127563], [94.238509, 26.12747], [94.238639, 26.127419], [94.238697, 26.127375], [94.238735, 26.127332], [94.238758, 26.127271], [94.238758, 26.127216], [94.238742, 26.127161], [94.238703, 26.1271], [94.238629, 26.127023], [94.238555, 26.126938], [94.238405, 26.126697], [94.238317, 26.126511], [94.238242, 26.126242], [94.238222, 26.126119], [94.238236, 26.12603], [94.238287, 26.125918], [94.238366, 26.125798], [94.238456, 26.125695], [94.238502, 26.125593], [94.238517, 26.125444], [94.238503, 26.125353], [94.238482, 26.1253], [94.238412, 26.125218], [94.238345, 26.125174], [94.238204, 26.125119], [94.238087, 26.125071], [94.238003, 26.125004], [94.237971, 26.124939], [94.23796, 26.124875], [94.237977, 26.124805], [94.238028, 26.124739], [94.238106, 26.124665], [94.238188, 26.124549], [94.238334, 26.124269], [94.238446, 26.124104], [94.238669, 26.123878], [94.238826, 26.123791], [94.238971, 26.123735], [94.239111, 26.12372], [94.239294, 26.123688], [94.239407, 26.123647], [94.239532, 26.12354], [94.239631, 26.123419], [94.239724, 26.123282], [94.239848, 26.123124], [94.240043, 26.123015], [94.240296, 26.122919], [94.240578, 26.122885], [94.240754, 26.122847], [94.240917, 26.122776], [94.241089, 26.122643], [94.241273, 26.122472], [94.241498, 26.122267], [94.241733, 26.122051], [94.241817, 26.121965], [94.241898, 26.121897], [94.241922, 26.121848], [94.241934, 26.121801], [94.241932, 26.121749], [94.241908, 26.121678], [94.241877, 26.121627], [94.241804, 26.12156], [94.241696, 26.121496], [94.241547, 26.121417], [94.241486, 26.121367], [94.241436, 26.121307], [94.241393, 26.121237], [94.241371, 26.121155], [94.241374, 26.121086], [94.241381, 26.121], [94.241376, 26.120938], [94.241356, 26.120847], [94.241305, 26.120751], [94.241228, 26.120605], [94.24119, 26.120491], [94.241159, 26.120373], [94.241104, 26.120231], [94.241087, 26.120163], [94.241087, 26.120099], [94.241103, 26.120043], [94.241147, 26.11994], [94.241169, 26.119849], [94.241177, 26.119735], [94.24116, 26.119674], [94.241132, 26.119624], [94.241096, 26.119581], [94.241037, 26.119535], [94.240976, 26.119489], [94.240953, 26.119447], [94.240953, 26.119409], [94.240968, 26.119351], [94.240993, 26.119275], [94.241002, 26.11921], [94.24099, 26.119137], [94.240968, 26.119071], [94.240941, 26.118978], [94.240941, 26.118924], [94.240959, 26.118886], [94.240986, 26.118862], [94.241029, 26.118846], [94.241076, 26.118843], [94.241138, 26.118853], [94.241212, 26.118877], [94.241297, 26.1189], [94.241442, 26.118921], [94.241641, 26.118929], [94.241806, 26.118939], [94.241914, 26.118936], [94.242002, 26.118948], [94.242058, 26.118966], [94.242169, 26.118994], [94.242245, 26.119007], [94.242314, 26.119022], [94.242394, 26.119043], [94.24249, 26.119082], [94.242559, 26.119099], [94.242609, 26.119099], [94.242648, 26.119088], [94.242681, 26.119064], [94.242701, 26.119029], [94.242712, 26.118996], [94.242707, 26.11896], [94.242693, 26.118929], [94.242636, 26.118874], [94.242568, 26.118817], [94.242507, 26.118735], [94.24248, 26.118664], [94.242451, 26.118542], [94.242451, 26.118457], [94.242466, 26.118359], [94.242493, 26.118268], [94.242501, 26.118157], [94.24248, 26.118037], [94.242442, 26.117922], [94.242423, 26.117818], [94.242431, 26.117748], [94.242451, 26.117695], [94.242498, 26.117657], [94.242584, 26.117663], [94.242698, 26.117718], [94.242813, 26.117809], [94.242957, 26.117884], [94.243058, 26.117899], [94.243164, 26.117875], [94.243237, 26.117818], [94.243394, 26.117638], [94.243483, 26.117574], [94.24356, 26.117539], [94.243617, 26.117535], [94.243752, 26.117566], [94.243951, 26.117655], [94.244041, 26.117691], [94.244138, 26.117687], [94.244228, 26.117638], [94.244317, 26.117549], [94.244452, 26.117415], [94.244601, 26.117345], [94.244723, 26.117291], [94.244923, 26.117225], [94.245139, 26.117158], [94.245343, 26.117065], [94.245527, 26.116932], [94.245726, 26.116826], [94.245894, 26.116772], [94.246072, 26.116724], [94.246243, 26.116722], [94.246457, 26.116729], [94.246677, 26.116755], [94.246853, 26.116801], [94.247065, 26.116851], [94.247214, 26.116864], [94.247348, 26.116858], [94.247444, 26.116825], [94.247522, 26.116761], [94.247611, 26.116651], [94.247774, 26.116438], [94.247935, 26.116222], [94.248026, 26.116081], [94.248083, 26.115957], [94.248104, 26.115854], [94.248101, 26.115779], [94.24808, 26.115709], [94.248022, 26.115633], [94.247946, 26.115585], [94.24788, 26.115522], [94.247824, 26.115355], [94.247788, 26.115248], [94.247722, 26.115096], [94.247699, 26.114999], [94.247641, 26.11482], [94.247593, 26.114716], [94.247511, 26.114552], [94.247479, 26.114466], [94.247485, 26.114404], [94.247498, 26.114321], [94.247531, 26.114236], [94.24756, 26.114152], [94.247576, 26.114065], [94.247562, 26.113964], [94.247519, 26.113847], [94.24743, 26.113714], [94.247321, 26.113605], [94.247113, 26.11346], [94.246927, 26.113309], [94.246801, 26.11322], [94.246662, 26.113146], [94.246536, 26.113066], [94.246492, 26.112978], [94.246483, 26.112901], [94.246495, 26.112807], [94.246524, 26.112694], [94.246561, 26.112535], [94.246565, 26.112449], [94.246552, 26.112371], [94.24651, 26.112271], [94.246429, 26.112142], [94.246379, 26.112048], [94.246362, 26.11197], [94.246369, 26.111898], [94.246405, 26.111813], [94.246469, 26.111733], [94.246574, 26.111571], [94.246617, 26.111483], [94.246668, 26.111404], [94.246746, 26.111352], [94.246905, 26.111308], [94.247027, 26.11127], [94.247208, 26.111209], [94.247408, 26.111196], [94.247636, 26.111193], [94.24779, 26.111181], [94.248087, 26.111155], [94.248386, 26.111108], [94.248521, 26.111074], [94.248571, 26.111056], [94.248615, 26.111037], [94.248866, 26.110797], [94.248946, 26.11071], [94.248993, 26.110618], [94.249052, 26.110478], [94.249145, 26.110338], [94.249249, 26.110221], [94.249342, 26.110121], [94.249389, 26.109997], [94.249384, 26.109857], [94.249416, 26.109602], [94.249411, 26.109474], [94.249394, 26.109241], [94.249382, 26.109077], [94.24939, 26.108888], [94.24942, 26.108799], [94.249462, 26.108717], [94.249557, 26.108692], [94.249678, 26.108684], [94.249773, 26.108685], [94.249878, 26.108679], [94.249964, 26.108658], [94.250043, 26.108614], [94.250115, 26.108561], [94.250246, 26.108498], [94.25041, 26.108454], [94.250725, 26.108453], [94.251018, 26.108479], [94.251294, 26.108575], [94.251395, 26.108609], [94.251469, 26.108654], [94.251562, 26.108679], [94.251721, 26.108678], [94.251893, 26.108645], [94.252113, 26.108524], [94.252299, 26.108433], [94.252436, 26.108391], [94.252516, 26.108389], [94.252592, 26.108405], [94.252665, 26.108454], [94.252713, 26.108517], [94.252758, 26.108602], [94.252812, 26.108665], [94.252888, 26.10875], [94.253001, 26.108811], [94.2531, 26.108839], [94.253207, 26.108847], [94.253303, 26.10886], [94.253409, 26.108856], [94.25352, 26.10884], [94.253636, 26.108808], [94.253679, 26.108784], [94.253701, 26.108765], [94.253717, 26.10874], [94.253724, 26.108717], [94.253724, 26.108694], [94.25372, 26.108672], [94.253712, 26.108648], [94.253715, 26.1086], [94.25373, 26.108554], [94.253688, 26.108476], [94.253659, 26.108424], [94.253604, 26.108347], [94.253557, 26.108289], [94.253532, 26.108211], [94.25352, 26.108094], [94.253528, 26.108035], [94.253538, 26.107992], [94.253561, 26.107912], [94.253591, 26.107835], [94.253623, 26.107771], [94.253668, 26.107711], [94.253707, 26.107666], [94.253712, 26.10766], [94.253765, 26.107625], [94.253821, 26.107606], [94.253881, 26.107604], [94.254033, 26.107617], [94.254124, 26.107611], [94.254204, 26.107591], [94.254219, 26.107584], [94.254303, 26.107546], [94.25441, 26.107479], [94.254529, 26.107436], [94.254669, 26.107423], [94.254839, 26.107426], [94.255023, 26.107446], [94.255123, 26.10746], [94.255216, 26.107462], [94.255354, 26.107454], [94.255475, 26.107443], [94.255525, 26.107425], [94.255562, 26.107394], [94.255572, 26.107349], [94.255556, 26.107295], [94.255523, 26.107266], [94.255477, 26.107227], [94.255402, 26.107189], [94.255319, 26.107161], [94.255214, 26.107126], [94.25511, 26.107092], [94.255043, 26.107079], [94.254972, 26.107037], [94.254926, 26.107005], [94.254889, 26.106957], [94.254859, 26.106911], [94.254843, 26.106865], [94.254825, 26.106811], [94.254824, 26.106764], [94.254839, 26.106689], [94.254866, 26.106613], [94.254901, 26.10657], [94.254919, 26.106547], [94.254984, 26.106478], [94.255029, 26.106425], [94.255054, 26.106394], [94.255079, 26.106364], [94.25514, 26.106307], [94.255201, 26.106253], [94.25528, 26.106201], [94.255358, 26.106161], [94.255425, 26.106112], [94.25545, 26.106094], [94.255501, 26.106027], [94.255537, 26.105948], [94.25558, 26.105839], [94.255627, 26.105753], [94.255666, 26.105717], [94.255714, 26.105692], [94.255792, 26.10567], [94.255864, 26.10566], [94.255937, 26.105645], [94.256011, 26.105641], [94.256104, 26.105641], [94.256195, 26.105649], [94.256277, 26.105685], [94.256336, 26.105697], [94.256397, 26.105695], [94.256528, 26.10568], [94.256651, 26.105667], [94.256769, 26.105653], [94.256975, 26.105632], [94.257187, 26.105608], [94.257319, 26.105587], [94.257462, 26.105577], [94.257596, 26.105575], [94.257726, 26.105565], [94.257831, 26.10555], [94.257933, 26.105532], [94.258028, 26.105498], [94.258114, 26.105458], [94.25816, 26.105426], [94.258194, 26.10539], [94.258236, 26.105334], [94.258247, 26.105293], [94.258247, 26.105253], [94.258242, 26.105197], [94.258226, 26.105148], [94.258186, 26.105008], [94.258156, 26.104866], [94.258112, 26.104703], [94.258102, 26.104677], [94.258065, 26.104581], [94.258043, 26.104474], [94.258036, 26.104364], [94.25805, 26.104295], [94.258068, 26.104223], [94.258079, 26.104159], [94.258072, 26.10409], [94.258027, 26.103971], [94.25797, 26.103857], [94.257912, 26.103774], [94.257837, 26.103713], [94.257784, 26.103663], [94.25773, 26.103568], [94.257697, 26.103503], [94.257657, 26.103424], [94.257576, 26.103312], [94.257499, 26.103259], [94.257381, 26.103203], [94.257313, 26.103173], [94.257274, 26.103131], [94.257251, 26.103069], [94.25725, 26.10303], [94.257282, 26.102841], [94.257296, 26.102718], [94.257287, 26.102621], [94.257259, 26.102513], [94.257237, 26.102422], [94.25723, 26.102313], [94.25723, 26.102309], [94.257247, 26.102213], [94.257307, 26.102074], [94.257361, 26.101939], [94.257385, 26.101811], [94.257398, 26.101702], [94.257398, 26.101655], [94.257398, 26.101627], [94.257361, 26.101555], [94.2573, 26.101502], [94.257226, 26.101464], [94.257118, 26.101441], [94.256921, 26.101433], [94.256757, 26.101443], [94.256657, 26.101438], [94.256592, 26.101415], [94.256526, 26.101379], [94.256465, 26.101319], [94.25642, 26.10126], [94.256373, 26.101191], [94.256335, 26.101104], [94.256306, 26.101003], [94.256278, 26.100866], [94.256251, 26.100743], [94.256242, 26.100624], [94.256248, 26.100525], [94.256255, 26.100442], [94.256272, 26.100367], [94.256309, 26.100251], [94.256356, 26.100152], [94.256441, 26.100028], [94.25653, 26.099895], [94.256599, 26.099797], [94.25664, 26.099747], [94.256685, 26.099704], [94.256756, 26.09965], [94.256844, 26.099606], [94.256897, 26.099582], [94.256958, 26.099564], [94.257008, 26.099545], [94.257055, 26.099522], [94.257098, 26.099487], [94.257129, 26.099446], [94.257147, 26.099397], [94.257157, 26.099349], [94.257158, 26.09929], [94.257154, 26.099236], [94.257148, 26.099186], [94.257143, 26.099135], [94.257128, 26.099044], [94.257119, 26.098998], [94.257105, 26.098932], [94.257073, 26.098862], [94.257023, 26.098775], [94.256938, 26.098663], [94.256838, 26.09856], [94.256752, 26.098491], [94.256674, 26.098419], [94.256635, 26.098374], [94.256611, 26.098328], [94.256589, 26.098286], [94.256571, 26.098239], [94.256554, 26.098179], [94.256547, 26.098114], [94.256542, 26.09806], [94.256544, 26.098007], [94.256514, 26.098038], [94.256499, 26.09808], [94.256488, 26.098132], [94.256487, 26.098184], [94.256496, 26.098267], [94.256494, 26.09836], [94.256484, 26.098453], [94.25647, 26.098553], [94.256453, 26.098648], [94.256444, 26.098749], [94.256431, 26.098842], [94.256422, 26.098893], [94.256406, 26.098943], [94.256384, 26.098979], [94.256357, 26.099008], [94.256298, 26.099055], [94.25622, 26.099111], [94.256149, 26.09917], [94.256104, 26.099213], [94.256077, 26.09927], [94.25607, 26.099316], [94.256076, 26.099372], [94.256095, 26.099429], [94.256108, 26.099483], [94.256129, 26.099538], [94.25615, 26.099648], [94.256156, 26.099703], [94.25616, 26.099755], [94.256157, 26.099795], [94.25615, 26.099835], [94.256133, 26.099872], [94.256106, 26.099891], [94.256057, 26.099899], [94.255982, 26.099894], [94.255577, 26.09987], [94.255437, 26.099766], [94.255365, 26.099636], [94.255272, 26.099246], [94.255307, 26.099194], [94.255357, 26.099109], [94.255387, 26.099065], [94.255428, 26.099027], [94.255468, 26.09898], [94.255486, 26.098925], [94.255481, 26.098842], [94.25545, 26.098775], [94.255336, 26.098472], [94.255309, 26.098401], [94.255272, 26.098343], [94.255225, 26.098303], [94.255181, 26.098269], [94.255134, 26.098218], [94.255117, 26.098168], [94.255115, 26.098111], [94.255113, 26.09805], [94.255108, 26.097992], [94.255085, 26.097858], [94.255019, 26.097738], [94.254943, 26.097691], [94.25487, 26.097676], [94.254805, 26.097649], [94.254745, 26.097605], [94.254665, 26.097547], [94.254586, 26.097541], [94.254535, 26.097528], [94.25449, 26.097516], [94.254448, 26.097497], [94.254448, 26.097497], [94.254414, 26.097473], [94.254395, 26.097448], [94.25438, 26.097434], [94.254351, 26.097416], [94.254318, 26.097406], [94.254262, 26.097395], [94.254208, 26.097377], [94.254168, 26.097351], [94.25414, 26.097322], [94.254089, 26.097286], [94.254035, 26.097251], [94.253947, 26.097226], [94.253867, 26.097213], [94.25376, 26.097188], [94.253687, 26.097173], [94.253636, 26.097173], [94.253596, 26.097177], [94.253557, 26.09719], [94.253482, 26.097234], [94.253405, 26.097284], [94.253255, 26.097383], [94.253048, 26.097507], [94.252931, 26.09758], [94.252851, 26.097641], [94.252816, 26.097681], [94.2528, 26.097716], [94.252795, 26.097752], [94.252788, 26.097788], [94.252767, 26.097819], [94.252721, 26.097846], [94.252618, 26.097897], [94.252487, 26.097945], [94.252389, 26.097985], [94.252487, 26.097945], [94.252618, 26.097897], [94.252721, 26.097846], [94.252767, 26.097819], [94.252788, 26.097788], [94.252795, 26.097752], [94.2528, 26.097716], [94.252816, 26.097681], [94.252851, 26.097641], [94.252931, 26.09758], [94.253048, 26.097507], [94.253255, 26.097383], [94.253405, 26.097284], [94.253482, 26.097234], [94.253557, 26.09719], [94.253596, 26.097177], [94.253636, 26.097173], [94.253687, 26.097173], [94.25376, 26.097188], [94.253867, 26.097213], [94.253947, 26.097226], [94.254035, 26.097251], [94.254089, 26.097286], [94.25414, 26.097322], [94.254168, 26.097351], [94.254208, 26.097377], [94.254262, 26.097395], [94.254318, 26.097406], [94.254351, 26.097416], [94.25438, 26.097434], [94.254395, 26.097448], [94.254414, 26.097473], [94.254448, 26.097497], [94.25449, 26.097516], [94.254535, 26.097528], [94.254586, 26.097541], [94.254665, 26.097547], [94.254655, 26.09754], [94.254565, 26.097489], [94.254531, 26.09746], [94.254519, 26.097427], [94.254512, 26.097389], [94.254515, 26.09735], [94.254526, 26.097279], [94.254525, 26.0972], [94.254501, 26.097128], [94.254388, 26.096854], [94.254279, 26.096695], [94.254082, 26.096624], [94.253824, 26.096609], [94.25356, 26.096647], [94.253424, 26.096669], [94.253231, 26.096611], [94.253135, 26.096536], [94.253103, 26.096511], [94.253044, 26.096466], [94.25324, 26.096393], [94.253436, 26.09631], [94.253584, 26.096284], [94.253738, 26.096252], [94.253885, 26.096215], [94.254031, 26.096208], [94.254157, 26.096223], [94.254253, 26.096259], [94.254355, 26.096248], [94.254453, 26.096196], [94.25444, 26.096138], [94.254432, 26.096068], [94.254451, 26.095975], [94.254485, 26.09589], [94.254542, 26.09584], [94.254634, 26.095777], [94.254717, 26.095725], [94.25484, 26.095688], [94.254982, 26.095657], [94.255112, 26.095619], [94.255257, 26.095592], [94.255408, 26.095564], [94.255513, 26.095531], [94.255603, 26.095461], [94.255656, 26.095385], [94.255707, 26.095313], [94.255766, 26.095255], [94.255827, 26.095139], [94.255932, 26.0951], [94.256028, 26.095091], [94.256178, 26.095097], [94.256356, 26.095094], [94.256522, 26.095083], [94.25668, 26.095061], [94.256755, 26.095071], [94.256817, 26.095096], [94.256911, 26.095158], [94.256997, 26.095221], [94.2571, 26.09527], [94.257189, 26.095309], [94.257312, 26.095331], [94.257355, 26.095327], [94.257385, 26.095306], [94.257411, 26.095272], [94.257416, 26.095232], [94.25744, 26.095166], [94.257463, 26.095121], [94.257499, 26.095086], [94.25754, 26.095043], [94.257626, 26.094973], [94.257705, 26.094912], [94.257764, 26.094875], [94.257846, 26.094815], [94.257961, 26.094753], [94.258022, 26.094683], [94.258036, 26.094622], [94.258035, 26.094575], [94.258025, 26.094539], [94.258008, 26.094502], [94.258, 26.094458], [94.258002, 26.094425], [94.258001, 26.094372], [94.258036, 26.094261], [94.258084, 26.094177], [94.258133, 26.094113], [94.258185, 26.094068], [94.258213, 26.094023], [94.25826, 26.09399], [94.258321, 26.093969], [94.258404, 26.093939], [94.258596, 26.093865], [94.258743, 26.093826], [94.258789, 26.093761], [94.258821, 26.093688], [94.258785, 26.093623], [94.258728, 26.093572], [94.258675, 26.093538], [94.258587, 26.093503], [94.258487, 26.093468], [94.258351, 26.093424], [94.258254, 26.093401], [94.25814, 26.093376], [94.258065, 26.093345], [94.257954, 26.093308], [94.257899, 26.093255], [94.257868, 26.093153], [94.257852, 26.093088], [94.257849, 26.093029], [94.257845, 26.093019], [94.257762, 26.092945], [94.25762, 26.092873], [94.257562, 26.09283], [94.257526, 26.092783], [94.257425, 26.092638], [94.257363, 26.092565], [94.257334, 26.092498], [94.257333, 26.09243], [94.257346, 26.092364], [94.257405, 26.092287], [94.257481, 26.092242], [94.257661, 26.092183], [94.257815, 26.09211], [94.257909, 26.092072], [94.25799, 26.092039], [94.258099, 26.091999], [94.258186, 26.091966], [94.258288, 26.091958], [94.258405, 26.091965], [94.258519, 26.091994], [94.258635, 26.092041], [94.258736, 26.092061], [94.258806, 26.092045], [94.258847, 26.092016], [94.258925, 26.091908], [94.259002, 26.091787], [94.259048, 26.091709], [94.259055, 26.091627], [94.259045, 26.091543], [94.259006, 26.091475], [94.258919, 26.091355], [94.258731, 26.091128], [94.258709, 26.091019], [94.258723, 26.090905], [94.258788, 26.090801], [94.258887, 26.090717], [94.258956, 26.090658], [94.258986, 26.090598], [94.259, 26.090556], [94.258997, 26.09051], [94.258972, 26.090444], [94.25895, 26.090374], [94.258932, 26.090312], [94.258931, 26.0903], [94.258924, 26.090235], [94.258923, 26.090184], [94.25893, 26.090138], [94.258965, 26.090028], [94.259043, 26.089915], [94.259114, 26.089803], [94.259153, 26.089685], [94.259184, 26.08962], [94.259255, 26.089572], [94.25939, 26.089526], [94.259499, 26.089513], [94.259588, 26.089503], [94.25966, 26.089492], [94.259733, 26.089475], [94.259805, 26.089455], [94.259922, 26.089402], [94.260037, 26.089343], [94.26017, 26.089285], [94.260252, 26.089264], [94.260318, 26.089256], [94.260397, 26.089267], [94.260466, 26.089262], [94.260534, 26.08925], [94.260603, 26.089231], [94.260684, 26.089204], [94.260752, 26.089195], [94.260811, 26.089197], [94.260898, 26.089185], [94.260953, 26.089172], [94.261027, 26.089148], [94.261113, 26.089101], [94.261208, 26.08904], [94.261311, 26.088977], [94.261442, 26.088896], [94.261549, 26.088836], [94.261625, 26.088785], [94.261688, 26.088728], [94.26174, 26.088673], [94.261828, 26.088616], [94.261888, 26.088572], [94.261943, 26.088514], [94.261994, 26.088472], [94.262051, 26.088439], [94.262112, 26.088418], [94.262179, 26.088408], [94.262285, 26.088356], [94.262352, 26.088323], [94.262424, 26.088274], [94.262481, 26.088221], [94.26256, 26.088145], [94.262617, 26.088069], [94.262674, 26.087995], [94.262722, 26.087927], [94.262766, 26.08786], [94.262817, 26.08776], [94.262839, 26.087667], [94.262845, 26.087605], [94.262813, 26.087539], [94.262748, 26.087499], [94.262638, 26.087451], [94.262521, 26.087415], [94.262473, 26.087399], [94.262404, 26.087377], [94.26227, 26.087286], [94.262253, 26.087275], [94.262144, 26.087219], [94.261982, 26.087152], [94.261744, 26.087087], [94.261484, 26.087022], [94.261359, 26.086977], [94.261238, 26.086931], [94.261197, 26.086907], [94.261174, 26.086883], [94.261153, 26.086855], [94.261135, 26.086826], [94.261116, 26.086784], [94.261107, 26.086743], [94.261109, 26.086686], [94.261118, 26.086627], [94.261132, 26.086573], [94.261156, 26.086523], [94.261219, 26.086444], [94.261257, 26.086387], [94.261283, 26.086332], [94.26131, 26.086268], [94.261325, 26.086201], [94.261328, 26.086142], [94.261321, 26.086081], [94.261327, 26.086009], [94.261338, 26.085953], [94.261364, 26.085871], [94.26139, 26.085811], [94.261426, 26.085742], [94.261461, 26.085678], [94.261538, 26.085577], [94.261616, 26.085497], [94.261685, 26.085343], [94.261765, 26.085166], [94.261812, 26.085051], [94.261897, 26.084923], [94.261972, 26.084868], [94.26207, 26.08484], [94.262212, 26.084827], [94.262405, 26.084809], [94.262528, 26.084807], [94.26264, 26.084781], [94.262774, 26.084742], [94.262899, 26.084695], [94.263056, 26.084639], [94.263215, 26.084599], [94.263425, 26.08454], [94.263493, 26.084514], [94.263542, 26.084472], [94.263573, 26.084432], [94.263588, 26.084393], [94.263588, 26.084349], [94.263575, 26.084314], [94.263545, 26.084251], [94.263499, 26.084199], [94.263429, 26.084117], [94.263364, 26.084008], [94.263309, 26.08389], [94.263273, 26.083798], [94.263244, 26.083709], [94.263227, 26.083607], [94.263226, 26.083437], [94.263258, 26.083289], [94.263291, 26.08317], [94.263309, 26.083087], [94.26333, 26.082947], [94.263341, 26.082832], [94.263337, 26.082704], [94.26334, 26.082605], [94.263349, 26.082484], [94.263362, 26.082371], [94.263376, 26.082258], [94.263404, 26.082133], [94.263418, 26.081985], [94.263424, 26.081874], [94.263412, 26.081762], [94.263396, 26.081647], [94.263378, 26.081558], [94.263348, 26.081436], [94.263325, 26.081345], [94.263296, 26.081268], [94.263247, 26.081161], [94.263195, 26.081025], [94.263127, 26.080882], [94.263044, 26.080787], [94.262929, 26.080699], [94.262876, 26.080653], [94.262852, 26.0806], [94.262837, 26.08054], [94.262838, 26.080463], [94.262859, 26.080389], [94.262914, 26.080296], [94.262986, 26.080218], [94.263088, 26.080116], [94.263136, 26.080069], [94.263168, 26.080027], [94.263204, 26.079979], [94.263223, 26.079931], [94.263242, 26.079881], [94.263242, 26.079825], [94.263203, 26.079746], [94.263139, 26.079689], [94.263047, 26.079611], [94.262929, 26.079516], [94.262852, 26.079442], [94.262806, 26.079392], [94.262771, 26.079339], [94.262753, 26.07927], [94.262751, 26.079193], [94.262775, 26.079079], [94.262797, 26.078992], [94.262825, 26.078898], [94.262851, 26.078824], [94.262904, 26.078733], [94.262959, 26.078631], [94.262991, 26.078539], [94.262997, 26.078447], [94.262986, 26.078365], [94.262962, 26.078297], [94.26292, 26.078222], [94.262883, 26.078165], [94.262862, 26.078113], [94.26284, 26.078031], [94.262828, 26.077968], [94.262802, 26.077869], [94.262772, 26.077775], [94.262747, 26.077709], [94.262734, 26.077675], [94.26269, 26.077586], [94.262637, 26.077531], [94.26258, 26.077493], [94.262517, 26.077461], [94.262465, 26.077417], [94.26236, 26.07732], [94.262274, 26.07724], [94.262168, 26.077122], [94.26213, 26.077028], [94.262055, 26.076933], [94.261948, 26.076844], [94.261847, 26.076779], [94.26174, 26.076702], [94.261654, 26.076635], [94.261579, 26.076556], [94.261495, 26.076467], [94.261436, 26.076387], [94.261304, 26.076195], [94.261232, 26.076061], [94.261188, 26.07596], [94.261158, 26.075891], [94.26111, 26.075753], [94.261044, 26.075624], [94.26097, 26.075509], [94.260901, 26.075409], [94.26082, 26.075342], [94.260753, 26.075262], [94.260701, 26.07518], [94.260671, 26.075099], [94.260656, 26.075036], [94.260628, 26.074973], [94.260564, 26.074877], [94.260495, 26.074776], [94.260455, 26.074723], [94.260442, 26.074658], [94.260442, 26.074556], [94.26045, 26.074455], [94.260448, 26.074347], [94.26044, 26.074242], [94.260417, 26.074154], [94.260405, 26.074056], [94.260383, 26.073976], [94.260333, 26.073892], [94.260212, 26.073769], [94.260095, 26.073668], [94.259976, 26.073549], [94.259858, 26.073373], [94.259744, 26.073168], [94.259636, 26.072957], [94.259583, 26.07286], [94.259548, 26.072757], [94.259519, 26.072631], [94.259505, 26.072509], [94.259503, 26.072411], [94.25951, 26.072343], [94.259519, 26.072253], [94.259516, 26.072143], [94.2595, 26.071997], [94.259497, 26.071837], [94.259495, 26.071773], [94.259506, 26.071734], [94.259441, 26.07163], [94.259404, 26.071553], [94.259363, 26.071482], [94.259327, 26.071401], [94.259337, 26.071312], [94.259332, 26.071188], [94.259354, 26.071065], [94.259403, 26.070915], [94.259426, 26.070819], [94.259418, 26.070711], [94.259385, 26.070579], [94.259374, 26.070418], [94.259372, 26.070314], [94.259396, 26.070216], [94.259427, 26.070135], [94.259475, 26.070061], [94.25949, 26.069952], [94.259484, 26.069885], [94.259483, 26.069829], [94.259451, 26.069749], [94.259396, 26.069657], [94.259374, 26.069526], [94.259368, 26.069385], [94.259362, 26.06925], [94.259369, 26.069129], [94.259398, 26.069001], [94.259488, 26.068899], [94.259553, 26.06876], [94.259597, 26.068637], [94.259606, 26.068541], [94.259609, 26.068461], [94.259594, 26.068402], [94.25955, 26.068343], [94.259411, 26.068234], [94.259359, 26.068176], [94.259331, 26.068133], [94.259321, 26.068063], [94.259315, 26.06799], [94.259291, 26.06793], [94.259264, 26.06789], [94.259233, 26.067827], [94.259222, 26.067745], [94.259222, 26.067645], [94.259197, 26.067544], [94.259158, 26.067417], [94.258985, 26.067069], [94.258904, 26.066836], [94.258862, 26.066692], [94.258798, 26.066598], [94.258708, 26.06649], [94.258614, 26.066384], [94.258517, 26.066234], [94.258456, 26.066105], [94.258428, 26.066024], [94.25844, 26.065883], [94.258475, 26.065737], [94.258473, 26.06566], [94.258454, 26.065539], [94.258386, 26.065363], [94.258332, 26.065154], [94.258265, 26.065009], [94.258178, 26.064882], [94.258057, 26.06477], [94.25794, 26.064643], [94.257858, 26.064518], [94.257804, 26.064393], [94.257679, 26.063998], [94.25759, 26.063845], [94.257524, 26.063728], [94.257479, 26.063628], [94.257472, 26.063556], [94.257484, 26.063483], [94.25749, 26.063416], [94.257501, 26.063329], [94.257494, 26.063237], [94.257469, 26.063177], [94.257399, 26.063079], [94.257303, 26.06291], [94.257216, 26.062714], [94.257148, 26.062549], [94.257095, 26.062325], [94.25707, 26.062005], [94.257018, 26.061868], [94.256962, 26.06171], [94.256835, 26.061381], [94.256696, 26.061071], [94.256427, 26.060569], [94.256354, 26.060402], [94.256266, 26.060255], [94.256225, 26.060197], [94.25618, 26.060116], [94.256141, 26.060001], [94.256117, 26.059897], [94.256118, 26.05972], [94.256125, 26.059566], [94.256102, 26.05949], [94.256059, 26.059428], [94.256, 26.059387], [94.255937, 26.059365], [94.255826, 26.059337], [94.25574, 26.0593], [94.255642, 26.059226], [94.255568, 26.059155], [94.255437, 26.05898], [94.255364, 26.058903], [94.255263, 26.058839], [94.255065, 26.058742], [94.254908, 26.058646], [94.254806, 26.058557], [94.25476, 26.058498], [94.254747, 26.058427], [94.254781, 26.058298], [94.254857, 26.058151], [94.254986, 26.058023], [94.255124, 26.057934], [94.255237, 26.057835], [94.255283, 26.057762], [94.255285, 26.057678], [94.25526, 26.05747], [94.255233, 26.057295], [94.255207, 26.057193], [94.255184, 26.057083], [94.255193, 26.057002], [94.255187, 26.056901], [94.255161, 26.056808], [94.255105, 26.056734], [94.255047, 26.056641], [94.254992, 26.056558], [94.254866, 26.05631], [94.25476, 26.056031], [94.254677, 26.055853], [94.254588, 26.055683], [94.254541, 26.055546], [94.254507, 26.055427], [94.254489, 26.055315], [94.254484, 26.055219], [94.254517, 26.054992], [94.254547, 26.054861], [94.254604, 26.054725], [94.254712, 26.054588], [94.254817, 26.05444], [94.254831, 26.054352], [94.254812, 26.054258], [94.254759, 26.054094], [94.254749, 26.053993], [94.254763, 26.053929], [94.254956, 26.053653], [94.255063, 26.053549], [94.255198, 26.053477], [94.255313, 26.053399], [94.255404, 26.053288], [94.255439, 26.053169], [94.255445, 26.053013], [94.255451, 26.052895], [94.25544, 26.052758], [94.255407, 26.052693], [94.255334, 26.052627], [94.255169, 26.052501], [94.25501, 26.052395], [94.254911, 26.052312], [94.254747, 26.052209], [94.25467, 26.052142], [94.254629, 26.052112], [94.254587, 26.052059], [94.25456, 26.052006], [94.254517, 26.051951], [94.254479, 26.051875], [94.254354, 26.051669], [94.254208, 26.051416], [94.254186, 26.051279], [94.254221, 26.051165], [94.254279, 26.050987], [94.254291, 26.050775], [94.254273, 26.050603], [94.254284, 26.050427], [94.254314, 26.050249], [94.254302, 26.05014], [94.254287, 26.050034], [94.254206, 26.049868], [94.254174, 26.049741], [94.254167, 26.049588], [94.25418, 26.049493], [94.254214, 26.049383], [94.254253, 26.049288], [94.254305, 26.049196], [94.254338, 26.049134], [94.254338, 26.049046], [94.254285, 26.048953], [94.254223, 26.04886], [94.254162, 26.048667], [94.254135, 26.048461], [94.254098, 26.048143], [94.254071, 26.047828], [94.254031, 26.047683], [94.25401, 26.047539], [94.254001, 26.047394], [94.253996, 26.047249], [94.253965, 26.047101], [94.253917, 26.046965], [94.253871, 26.046764], [94.253891, 26.046578], [94.253933, 26.046396], [94.253967, 26.046287], [94.254005, 26.046203], [94.254064, 26.046135], [94.254122, 26.046086], [94.254225, 26.045961], [94.254336, 26.045835], [94.254454, 26.045677], [94.254565, 26.045521], [94.254728, 26.045275], [94.254795, 26.045193], [94.254826, 26.045086], [94.254798, 26.044974], [94.254733, 26.044858], [94.254644, 26.044678], [94.254617, 26.044464], [94.254606, 26.044303], [94.254631, 26.044172], [94.25467, 26.044015], [94.254749, 26.043864], [94.254856, 26.043738], [94.254997, 26.043562], [94.255157, 26.043386], [94.255346, 26.043139], [94.255414, 26.043008], [94.255457, 26.042881], [94.25553, 26.042733], [94.255639, 26.042597], [94.255765, 26.042516], [94.255866, 26.042416], [94.256, 26.042237], [94.256068, 26.042129], [94.256155, 26.042036], [94.256219, 26.041986], [94.256312, 26.041954], [94.256414, 26.041933], [94.256489, 26.041878], [94.256532, 26.041795], [94.256567, 26.041693], [94.25659, 26.041546], [94.256632, 26.041415], [94.256659, 26.041259], [94.256653, 26.041107], [94.256592, 26.040694], [94.256578, 26.040513], [94.256586, 26.040436], [94.256614, 26.04036], [94.256707, 26.040241], [94.256779, 26.040189], [94.256831, 26.0401], [94.256833, 26.039974], [94.256805, 26.039899], [94.256752, 26.039842], [94.256738, 26.039753], [94.256734, 26.039665], [94.256717, 26.03954], [94.256706, 26.039437], [94.2567, 26.039326], [94.256726, 26.039229], [94.256792, 26.039057], [94.256899, 26.038928], [94.257058, 26.038868], [94.257252, 26.03884], [94.257384, 26.03884], [94.257468, 26.038821], [94.257535, 26.038763], [94.257556, 26.038696], [94.257551, 26.038611], [94.257484, 26.038502], [94.257439, 26.038391], [94.25741, 26.038274], [94.257413, 26.038181], [94.257445, 26.038103], [94.257493, 26.038036], [94.257552, 26.037984], [94.257652, 26.037947], [94.257752, 26.037933], [94.257922, 26.037941], [94.25806, 26.037928], [94.25815, 26.03791], [94.258227, 26.037879], [94.2583, 26.03781], [94.25834, 26.037722], [94.258373, 26.037637], [94.25841, 26.037564], [94.258471, 26.037497], [94.258522, 26.037419], [94.258551, 26.037343], [94.258533, 26.037261], [94.258472, 26.03717], [94.258408, 26.037097], [94.258342, 26.036999], [94.258298, 26.036905], [94.258301, 26.036811], [94.258338, 26.036702], [94.258423, 26.036586], [94.258569, 26.03647], [94.258681, 26.036371], [94.258719, 26.03627], [94.258698, 26.036178], [94.258659, 26.036131], [94.258625, 26.036033], [94.258597, 26.035889], [94.258545, 26.035732], [94.258475, 26.035621], [94.258338, 26.03545], [94.258203, 26.035287], [94.258062, 26.035084], [94.258018, 26.034904], [94.25792, 26.034744], [94.25782, 26.034591], [94.257727, 26.034407], [94.257708, 26.03431], [94.2577, 26.034149], [94.257712, 26.034038], [94.257651, 26.033897], [94.257489, 26.033711], [94.257264, 26.033492], [94.256883, 26.033162], [94.256569, 26.032929], [94.256234, 26.032674], [94.256051, 26.032553], [94.256002, 26.032428], [94.255953, 26.032257], [94.255911, 26.032168], [94.255747, 26.03209], [94.255553, 26.032051], [94.255383, 26.031934], [94.25532, 26.031781], [94.255311, 26.031644], [94.255394, 26.031462], [94.255507, 26.031344], [94.25563, 26.031193], [94.255687, 26.030904], [94.255772, 26.030656], [94.255775, 26.030388], [94.255696, 26.030288], [94.255607, 26.030039], [94.255479, 26.029643], [94.255509, 26.029365], [94.255541, 26.02925], [94.255607, 26.029128], [94.25587, 26.029065], [94.256147, 26.029051], [94.256434, 26.029058], [94.256669, 26.028997], [94.25699, 26.028863], [94.257161, 26.028788], [94.257486, 26.028622], [94.257741, 26.028418], [94.25802, 26.028146], [94.258163, 26.028085], [94.258373, 26.028045], [94.258565, 26.027981], [94.258716, 26.02794], [94.258926, 26.027825], [94.259091, 26.027715], [94.259232, 26.027609], [94.259391, 26.027496], [94.259473, 26.027399], [94.259506, 26.027319], [94.259504, 26.027238], [94.259487, 26.027212], [94.259463, 26.027188], [94.259416, 26.027169], [94.259367, 26.027171], [94.259312, 26.027189], [94.259086, 26.027259], [94.258763, 26.027351], [94.258678, 26.027426], [94.25858, 26.027517], [94.258438, 26.027643], [94.258292, 26.027679], [94.258126, 26.02769], [94.257973, 26.027738], [94.257709, 26.02792], [94.257616, 26.028026], [94.257424, 26.02806], [94.257088, 26.028064], [94.256935, 26.028008], [94.256835, 26.02795], [94.256697, 26.02787], [94.256491, 26.027828], [94.256068, 26.027786], [94.255811, 26.027708], [94.255684, 26.027626], [94.255633, 26.027516], [94.255625, 26.027349], [94.255666, 26.026949], [94.255704, 26.026455], [94.255698, 26.026141], [94.255687, 26.02581], [94.255705, 26.025571], [94.255687, 26.025466], [94.25557, 26.025269], [94.25552, 26.025057], [94.255547, 26.024544], [94.25556, 26.024304], [94.255677, 26.023966], [94.255925, 26.023462], [94.255989, 26.023338], [94.256008, 26.023236], [94.256006, 26.02315], [94.255981, 26.023067], [94.256, 26.02296], [94.256049, 26.02289], [94.256121, 26.022849], [94.256225, 26.02281], [94.256431, 26.022822], [94.256633, 26.022764], [94.256899, 26.022619], [94.257042, 26.022508], [94.257216, 26.022445], [94.257375, 26.022381], [94.257533, 26.022288], [94.257671, 26.022081], [94.25772, 26.021733], [94.25783, 26.021365], [94.257832, 26.021118], [94.257758, 26.020866], [94.257679, 26.020716], [94.257594, 26.020485], [94.257535, 26.020425], [94.257458, 26.020381], [94.257405, 26.020362], [94.257352, 26.020372], [94.257293, 26.020397], [94.257214, 26.020431], [94.257065, 26.020455], [94.25692, 26.020428], [94.256767, 26.020355], [94.256623, 26.020282], [94.256463, 26.020226], [94.256274, 26.020178], [94.256151, 26.020117], [94.255991, 26.019942], [94.255764, 26.019549], [94.255651, 26.01926], [94.255369, 26.018712], [94.255326, 26.018558], [94.255282, 26.018386], [94.255222, 26.018227], [94.255167, 26.018154], [94.255092, 26.018112], [94.255046, 26.018103], [94.254988, 26.018122], [94.254876, 26.018198], [94.254793, 26.018244], [94.254737, 26.018228], [94.254708, 26.018196], [94.254663, 26.018122], [94.254633, 26.018035], [94.254531, 26.017646], [94.25448, 26.017526], [94.254408, 26.017404], [94.254327, 26.01729], [94.254276, 26.01717], [94.254274, 26.017053], [94.254282, 26.016918], [94.254242, 26.016667], [94.254197, 26.016533], [94.254223, 26.016409], [94.254291, 26.016304], [94.254391, 26.016199], [94.254442, 26.016095], [94.254512, 26.01578], [94.254612, 26.015558], [94.254693, 26.015456], [94.254771, 26.015366], [94.255184, 26.015179], [94.2554, 26.015077], [94.255556, 26.014909], [94.255681, 26.014692], [94.255885, 26.014368], [94.255972, 26.014215], [94.256026, 26.014078], [94.25604, 26.013961], [94.256031, 26.013855], [94.255995, 26.013816], [94.255941, 26.013773], [94.255835, 26.01373], [94.255623, 26.013738], [94.255478, 26.013746], [94.255376, 26.013718], [94.255311, 26.013664], [94.25515, 26.013419], [94.255007, 26.013156], [94.25492, 26.013037], [94.254769, 26.012766], [94.254665, 26.012491], [94.254572, 26.012408], [94.254461, 26.012331], [94.25431, 26.012253], [94.254193, 26.012089], [94.254087, 26.011816], [94.254044, 26.011569], [94.254061, 26.011452], [94.254182, 26.011293], [94.254221, 26.011196], [94.254229, 26.011091], [94.254193, 26.010818], [94.254131, 26.010663], [94.254042, 26.010541], [94.253987, 26.010427], [94.254, 26.010278], [94.253993, 26.01012], [94.253946, 26.01002], [94.253855, 26.009903], [94.253768, 26.009811], [94.253715, 26.009726], [94.253696, 26.009608], [94.25373, 26.00944], [94.253753, 26.009309], [94.253698, 26.009192], [94.253647, 26.009056], [94.253594, 26.008919], [94.253574, 26.008664], [94.253541, 26.008326], [94.253315, 26.007653], [94.253285, 26.007483], [94.253315, 26.007306], [94.253353, 26.007093], [94.253458, 26.006807], [94.253566, 26.006682], [94.253757, 26.006574], [94.253976, 26.006403], [94.254224, 26.00609], [94.254395, 26.00584], [94.254573, 26.005426], [94.254671, 26.005158], [94.254727, 26.005012], [94.254724, 26.004845], [94.254629, 26.004571], [94.254512, 26.004343], [94.254463, 26.004133], [94.254482, 26.003973], [94.254539, 26.003841], [94.254701, 26.003661], [94.254773, 26.003508], [94.254769, 26.003332], [94.254693, 26.003135], [94.254613, 26.003033], [94.254573, 26.002982], [94.254403, 26.002846], [94.25424, 26.002761], [94.254176, 26.002602], [94.254209, 26.002527], [94.254262, 26.002453], [94.254273, 26.002341], [94.254246, 26.002236], [94.254168, 26.002147], [94.254017, 26.002052], [94.253962, 26.001988], [94.253927, 26.001933], [94.253938, 26.001763], [94.253919, 26.001597], [94.253779, 26.001397], [94.253443, 26.001068], [94.25327, 26.000952], [94.253211, 26.000864], [94.253217, 26.000769], [94.253307, 26.000599], [94.253315, 26.000429], [94.253278, 26.00023], [94.253249, 26.000063], [94.253164, 25.999798], [94.253028, 25.999588], [94.252794, 25.999479], [94.252356, 25.99935], [94.252023, 25.999207], [94.251872, 25.99897], [94.251661, 25.998603], [94.251419, 25.998223], [94.250667, 25.99756], [94.250109, 25.997321], [94.249944, 25.997197], [94.249743, 25.997043], [94.249621, 25.996887], [94.249428, 25.996824], [94.24907, 25.996769], [94.248539, 25.996755], [94.248331, 25.99676], [94.248182, 25.996759], [94.248118, 25.996745], [94.248053, 25.996719], [94.247954, 25.996672], [94.247869, 25.996604], [94.247778, 25.99644], [94.247567, 25.996059], [94.247439, 25.995821], [94.247356, 25.99568], [94.247118, 25.995396], [94.246835, 25.995224], [94.246552, 25.995144], [94.246189, 25.994933], [94.245973, 25.994818], [94.245708, 25.994715], [94.245097, 25.994652], [94.244904, 25.994681], [94.244483, 25.994645], [94.244074, 25.994458], [94.243855, 25.994362], [94.243735, 25.994244], [94.243687, 25.994172], [94.243632, 25.994126], [94.243556, 25.994093], [94.243488, 25.99409], [94.243372, 25.994119], [94.243195, 25.994201], [94.242896, 25.99435], [94.242683, 25.994397], [94.242533, 25.994389], [94.242402, 25.99435], [94.24225, 25.994124], [94.241964, 25.993793], [94.241585, 25.993174], [94.241459, 25.992936], [94.241355, 25.992753], [94.241321, 25.992549], [94.241369, 25.992204], [94.241401, 25.992019], [94.241361, 25.99188], [94.24127, 25.991762], [94.240947, 25.99162], [94.240389, 25.991373], [94.240268, 25.991251], [94.240186, 25.991068], [94.240079, 25.990948], [94.239774, 25.990826], [94.239547, 25.990675], [94.239454, 25.99049], [94.23939, 25.990382], [94.23936, 25.990267], [94.239427, 25.990147], [94.239491, 25.989983], [94.239553, 25.989827], [94.239481, 25.989633], [94.239259, 25.989098], [94.239248, 25.988932], [94.239302, 25.988687], [94.239515, 25.988514], [94.239865, 25.98832], [94.239956, 25.988176], [94.239943, 25.988025], [94.239884, 25.987744], [94.239873, 25.987561], [94.239838, 25.987444], [94.239766, 25.987374], [94.239657, 25.987316], [94.239478, 25.987256], [94.239214, 25.987055], [94.239123, 25.98698], [94.238989, 25.986904], [94.238855, 25.98681], [94.238755, 25.986788], [94.238657, 25.986791], [94.238527, 25.986851], [94.238409, 25.986931], [94.238348, 25.986955], [94.238273, 25.986952], [94.238132, 25.986894], [94.237948, 25.986803], [94.237689, 25.986685], [94.237029, 25.986447], [94.236917, 25.986406], [94.236742, 25.986376], [94.236632, 25.986306], [94.23633, 25.986062], [94.236096, 25.985887], [94.236051, 25.9858], [94.236017, 25.985692], [94.236003, 25.985541], [94.23597, 25.985446], [94.235839, 25.985253], [94.23575, 25.985192], [94.235679, 25.985164], [94.235539, 25.985152], [94.235437, 25.985164], [94.235359, 25.985193], [94.23529, 25.985276], [94.235257, 25.985349], [94.235216, 25.985522], [94.235196, 25.985569], [94.235154, 25.985593], [94.235053, 25.98563], [94.234944, 25.985641], [94.234838, 25.98563], [94.234738, 25.985603], [94.234595, 25.985549], [94.234474, 25.985437], [94.234391, 25.985284], [94.23427, 25.985118], [94.234157, 25.984989], [94.234006, 25.98477], [94.233977, 25.984703], [94.233975, 25.984626], [94.233994, 25.984571], [94.234055, 25.984466], [94.234134, 25.984374], [94.234247, 25.984327], [94.234387, 25.984283], [94.234527, 25.984249], [94.234685, 25.984225], [94.234859, 25.98412], [94.235101, 25.983882], [94.235127, 25.983746], [94.235082, 25.983624], [94.234989, 25.983503], [94.234957, 25.983435], [94.234938, 25.983366], [94.234937, 25.983324], [94.234965, 25.983285], [94.234988, 25.983249], [94.23504, 25.98322], [94.235237, 25.983159], [94.235433, 25.983088], [94.235531, 25.982996], [94.235614, 25.982884], [94.235724, 25.982745], [94.235841, 25.982657], [94.235996, 25.982517], [94.236034, 25.982331], [94.236045, 25.982079], [94.236105, 25.981988], [94.236234, 25.981866], [94.236351, 25.981754], [94.236441, 25.981487], [94.236419, 25.981309], [94.236344, 25.981084], [94.235992, 25.980882], [94.235394, 25.980594], [94.234962, 25.980332], [94.234815, 25.980293], [94.234599, 25.980075], [94.23438, 25.979928], [94.234255, 25.979842], [94.234177, 25.979729], [94.234084, 25.979559], [94.233996, 25.979419], [94.233849, 25.979191], [94.233744, 25.979058], [94.233713, 25.978962], [94.233654, 25.978827], [94.233585, 25.978732], [94.233502, 25.978605], [94.233467, 25.978521], [94.233457, 25.978428], [94.233477, 25.978323], [94.233496, 25.978223], [94.233503, 25.978141], [94.233495, 25.977985], [94.233465, 25.977854], [94.233411, 25.977727], [94.233321, 25.977618], [94.233244, 25.97756], [94.233149, 25.977504], [94.233066, 25.977431], [94.232987, 25.977344], [94.232922, 25.977223], [94.232855, 25.977088], [94.232761, 25.976937], [94.232658, 25.97683], [94.232527, 25.976711], [94.232214, 25.976359], [94.232006, 25.97621], [94.231843, 25.97613], [94.231678, 25.976073], [94.231565, 25.97601], [94.231488, 25.975914], [94.231472, 25.975778], [94.231568, 25.975655], [94.23187, 25.975369], [94.232062, 25.97518], [94.232206, 25.97506], [94.232357, 25.974947], [94.23254, 25.974875], [94.232651, 25.974818], [94.232734, 25.974744], [94.232762, 25.974696], [94.23277, 25.974647], [94.232766, 25.974582], [94.232743, 25.974522], [94.232596, 25.97434], [94.232445, 25.974209], [94.232252, 25.974123], [94.231974, 25.974157], [94.231808, 25.97421], [94.231675, 25.974284], [94.231563, 25.974304], [94.231408, 25.974301], [94.231296, 25.974287], [94.231135, 25.974277], [94.23097, 25.974282], [94.230794, 25.974306], [94.230527, 25.974272], [94.230457, 25.974198], [94.230305, 25.974028], [94.23019, 25.973867], [94.230123, 25.973713], [94.230073, 25.973271], [94.22995, 25.973058], [94.22984, 25.972892], [94.229632, 25.972841], [94.229442, 25.972899], [94.229175, 25.973163], [94.229077, 25.97325], [94.228927, 25.973456], [94.228783, 25.973588], [94.228331, 25.973816], [94.228056, 25.973855], [94.227787, 25.973792], [94.227691, 25.97373], [94.227592, 25.973679], [94.227466, 25.973663], [94.227354, 25.973667], [94.227242, 25.973689], [94.227063, 25.973744], [94.226911, 25.973732], [94.226791, 25.973667], [94.2267, 25.97353], [94.226668, 25.973329], [94.226638, 25.972997], [94.226599, 25.972609], [94.226519, 25.97228], [94.226527, 25.971971], [94.226617, 25.971619], [94.226721, 25.971389], [94.226791, 25.971289], [94.226807, 25.971207], [94.226768, 25.971145], [94.226655, 25.971069], [94.226604, 25.971049], [94.226397, 25.971], [94.226168, 25.970906], [94.226081, 25.97077], [94.226029, 25.970672], [94.225936, 25.970592], [94.225836, 25.970558], [94.225692, 25.970546], [94.225572, 25.970545], [94.225458, 25.970516], [94.225377, 25.970446], [94.225335, 25.970364], [94.225297, 25.970247], [94.225335, 25.970108], [94.225335, 25.969983], [94.225295, 25.969834], [94.225177, 25.969714], [94.224993, 25.969639], [94.224758, 25.969632], [94.224445, 25.969644], [94.22424, 25.969642], [94.223922, 25.969524], [94.223383, 25.969351], [94.223214, 25.969262], [94.223099, 25.969145], [94.222953, 25.968989], [94.222742, 25.968746], [94.222664, 25.968588], [94.222563, 25.968398], [94.222413, 25.968184], [94.222213, 25.968024], [94.22209, 25.967899], [94.222047, 25.967728], [94.222031, 25.967534], [94.221914, 25.967361], [94.221743, 25.967186], [94.221556, 25.966996], [94.221444, 25.966787], [94.22137, 25.96663], [94.22127, 25.96649], [94.221186, 25.966469], [94.221091, 25.96646], [94.220982, 25.966489], [94.220922, 25.966525], [94.220868, 25.966568], [94.220828, 25.966623], [94.220781, 25.966698], [94.220667, 25.966862], [94.220632, 25.96695], [94.220541, 25.967049], [94.220335, 25.967166], [94.220253, 25.967258], [94.220218, 25.967335], [94.220183, 25.967452], [94.220044, 25.967577], [94.219932, 25.967529], [94.219759, 25.967342], [94.219689, 25.967229], [94.219598, 25.967157], [94.219529, 25.967032], [94.219516, 25.966876], [94.219476, 25.966437], [94.219403, 25.966156], [94.219323, 25.966028], [94.219219, 25.96593], [94.21912, 25.965901], [94.219006, 25.965911], [94.218885, 25.96599], [94.21876, 25.9661], [94.218581, 25.966252], [94.21805, 25.966221], [94.2179, 25.966134], [94.217614, 25.965937], [94.217467, 25.965889], [94.217227, 25.965884], [94.217024, 25.965894], [94.216866, 25.965863], [94.216744, 25.965769], [94.216693, 25.965611], [94.216682, 25.96545], [94.216653, 25.96526], [94.216579, 25.965064], [94.21647, 25.964813], [94.216353, 25.964704], [94.21619, 25.964589], [94.215979, 25.964494], [94.215812, 25.964351], [94.21582, 25.963957], [94.215846, 25.963774], [94.215884, 25.963567], [94.215956, 25.963431], [94.216209, 25.96337], [94.216375, 25.963305], [94.216602, 25.963241], [94.216802, 25.963091], [94.216893, 25.962915], [94.216896, 25.962799], [94.216859, 25.962674], [94.216798, 25.962534], [94.2167, 25.962422], [94.216579, 25.962276], [94.216515, 25.962107], [94.216436, 25.961988], [94.216277, 25.961899], [94.216099, 25.961849], [94.215828, 25.961757], [94.215756, 25.96158], [94.21582, 25.961455], [94.215956, 25.961149], [94.215967, 25.960945], [94.216099, 25.960813], [94.216118, 25.960674], [94.216073, 25.960511], [94.216024, 25.960273], [94.216005, 25.9601], [94.215964, 25.95994], [94.215892, 25.959845], [94.215775, 25.959818], [94.215635, 25.959852], [94.215461, 25.95995], [94.215197, 25.960022], [94.214997, 25.960029], [94.214668, 25.959774], [94.214551, 25.959723], [94.214351, 25.959692], [94.214177, 25.959669], [94.21392, 25.959553], [94.213739, 25.959465], [94.213565, 25.959353], [94.213437, 25.959129], [94.213373, 25.958942], [94.213392, 25.958755], [94.21329, 25.958548], [94.213173, 25.958395], [94.213127, 25.958191], [94.21318, 25.957995], [94.213346, 25.957709], [94.213403, 25.957512], [94.213509, 25.957339], [94.213645, 25.957224], [94.213758, 25.957064], [94.213796, 25.956877], [94.213799, 25.95667], [94.21383, 25.956232], [94.213784, 25.956039], [94.213796, 25.955879], [94.213917, 25.955787], [94.214109, 25.955723], [94.214192, 25.955716], [94.214283, 25.95555], [94.214381, 25.955448], [94.214479, 25.955319], [94.214559, 25.955129], [94.214664, 25.954945], [94.214808, 25.954904], [94.214985, 25.954837], [94.215163, 25.954748], [94.215246, 25.954616], [94.215223, 25.954473], [94.215004, 25.954334], [94.214751, 25.954181], [94.214638, 25.954015], [94.214559, 25.953852], [94.214457, 25.953631], [94.214426, 25.953342], [94.214415, 25.953132], [94.2144, 25.952874], [94.214502, 25.952585], [94.214725, 25.952279], [94.214883, 25.952093], [94.214921, 25.951991], [94.21488, 25.951879], [94.214721, 25.951787], [94.214559, 25.951706], [94.214396, 25.951621], [94.214068, 25.951444], [94.213917, 25.951271], [94.213894, 25.951101], [94.213905, 25.950952], [94.214003, 25.95086], [94.214162, 25.950792], [94.214343, 25.950694], [94.214389, 25.950503], [94.214343, 25.950306], [94.214279, 25.950126], [94.214219, 25.94993], [94.214143, 25.949702], [94.214151, 25.949539], [94.2142, 25.949328], [94.214287, 25.949131], [94.214347, 25.949043], [94.214487, 25.948992], [94.2146, 25.948897], [94.214596, 25.948731], [94.214525, 25.948371], [94.214385, 25.948133], [94.214272, 25.947977], [94.214094, 25.94781], [94.213898, 25.947641], [94.213788, 25.947512], [94.213747, 25.947325], [94.213792, 25.947172], [94.213864, 25.946992], [94.213969, 25.946846], [94.214338, 25.946574], [94.214541, 25.946416], [94.214701, 25.946291], [94.214829, 25.946185], [94.214888, 25.946027], [94.214941, 25.945633], [94.215059, 25.945436], [94.215181, 25.945263], [94.21531, 25.945177], [94.215561, 25.945119], [94.215796, 25.945066], [94.215892, 25.944917], [94.215897, 25.94474], [94.215833, 25.944514], [94.215694, 25.944216], [94.215475, 25.943693], [94.215647, 25.942892], [94.215695, 25.942568], [94.215743, 25.942242], [94.215663, 25.941797], [94.215522, 25.941495], [94.215388, 25.941221], [94.215327, 25.941048], [94.21538, 25.940592], [94.215404, 25.940292], [94.215428, 25.940109], [94.215503, 25.939924], [94.215554, 25.939711], [94.215522, 25.939297], [94.2155, 25.939108], [94.215439, 25.939007], [94.215345, 25.938911], [94.215207, 25.938788], [94.215126, 25.938606], [94.215017, 25.938202], [94.215028, 25.938013], [94.215142, 25.937912], [94.215249, 25.937823], [94.215393, 25.937496], [94.215466, 25.937122], [94.215546, 25.936853], [94.215647, 25.936641], [94.215786, 25.936413], [94.215992, 25.936252], [94.216144, 25.936159], [94.216336, 25.936041], [94.216617, 25.935943], [94.216771, 25.93594], [94.217233, 25.936029], [94.217407, 25.935935], [94.217402, 25.935652], [94.21746, 25.935448], [94.217519, 25.93527], [94.217618, 25.93508], [94.217816, 25.934771], [94.217957, 25.934408], [94.218123, 25.934192], [94.218251, 25.934045], [94.218459, 25.933853], [94.218649, 25.93374], [94.2191, 25.933591], [94.219172, 25.933428], [94.219354, 25.933346], [94.219533, 25.933279], [94.219712, 25.933238], [94.219933, 25.933037], [94.220011, 25.932873], [94.220027, 25.932696], [94.220067, 25.932561], [94.220206, 25.932412], [94.220326, 25.932295], [94.220582, 25.932198], [94.22074, 25.932018], [94.220745, 25.931817], [94.220764, 25.931656], [94.220828, 25.93155], [94.221023, 25.931449], [94.221461, 25.931334], [94.221741, 25.931159], [94.221867, 25.931012], [94.221912, 25.930902], [94.221881, 25.93076], [94.221811, 25.93058], [94.22174, 25.930277], [94.221767, 25.929985], [94.221821, 25.929828], [94.221877, 25.929727], [94.221958, 25.929593], [94.222118, 25.929391], [94.22227, 25.929122], [94.222331, 25.928918], [94.222326, 25.928697], [94.222302, 25.928548], [94.222217, 25.928363], [94.222091, 25.928243], [94.222001, 25.928181], [94.221952, 25.928147], [94.221813, 25.928111], [94.221685, 25.928094], [94.221512, 25.928058], [94.221188, 25.928046], [94.220868, 25.927897], [94.220761, 25.927825], [94.2207, 25.927722], [94.220692, 25.92757], [94.220708, 25.927443], [94.22075, 25.927354], [94.220828, 25.927215], [94.221074, 25.926852], [94.221143, 25.926687], [94.221186, 25.926535], [94.221188, 25.926506], [94.22119, 25.926459], [94.221199, 25.926314], [94.221212, 25.926117], [94.221317, 25.925839], [94.221506, 25.925558], [94.221616, 25.925387], [94.221666, 25.925185], [94.221667, 25.92502], [94.221655, 25.924945], [94.221651, 25.924876], [94.221637, 25.924822], [94.221647, 25.924758], [94.221603, 25.924575], [94.221566, 25.924477], [94.221507, 25.924399], [94.221396, 25.924265], [94.221294, 25.924212], [94.221169, 25.924129], [94.221109, 25.924042], [94.221075, 25.923975], [94.221022, 25.923809], [94.220989, 25.923703], [94.22097, 25.923639], [94.220977, 25.923575], [94.221027, 25.923412], [94.221189, 25.923073], [94.221229, 25.92293], [94.221235, 25.922817], [94.221318, 25.922598], [94.221334, 25.922476], [94.221323, 25.922404], [94.221296, 25.922339], [94.221231, 25.922251], [94.221144, 25.922178], [94.22106, 25.92215], [94.220976, 25.922137], [94.220838, 25.922165], [94.220567, 25.922281], [94.220358, 25.922303], [94.220124, 25.922268], [94.219905, 25.922211], [94.219719, 25.922142], [94.219582, 25.922034], [94.219429, 25.921904], [94.219326, 25.921748], [94.21923, 25.921518], [94.219098, 25.921301], [94.218992, 25.921212], [94.218855, 25.921166], [94.218621, 25.921137], [94.218491, 25.921096], [94.218461, 25.921066], [94.218431, 25.920976], [94.218442, 25.920834], [94.218459, 25.92073], [94.218435, 25.920596], [94.218376, 25.920358], [94.218354, 25.920245], [94.218288, 25.9201], [94.218222, 25.920003], [94.218123, 25.919874], [94.218031, 25.919763], [94.217967, 25.919652], [94.217941, 25.9195], [94.217906, 25.919371], [94.217849, 25.919216], [94.217782, 25.919083], [94.217747, 25.918927], [94.21775, 25.918829], [94.217773, 25.918693], [94.217779, 25.91862], [94.217747, 25.918526], [94.217651, 25.918477], [94.2175, 25.918457], [94.217258, 25.918403], [94.216992, 25.918275], [94.216804, 25.918205], [94.216675, 25.918187], [94.216484, 25.918182], [94.216236, 25.918162], [94.215981, 25.918122], [94.215816, 25.918064], [94.215603, 25.917939], [94.215508, 25.917875], [94.215415, 25.917802], [94.215301, 25.91768], [94.215242, 25.917574], [94.215221, 25.91743], [94.215156, 25.917142], [94.215143, 25.917085], [94.215113, 25.917016], [94.215046, 25.916951], [94.214994, 25.916917], [94.21491, 25.916853], [94.214799, 25.916822], [94.214748, 25.916805], [94.21468, 25.916772], [94.214555, 25.916607], [94.214403, 25.916374], [94.21436, 25.916311], [94.214261, 25.91588], [94.214242, 25.91583], [94.214184, 25.915636], [94.213969, 25.915367], [94.213912, 25.915308], [94.213625, 25.914883], [94.213365, 25.914772], [94.213228, 25.914722], [94.212977, 25.914588], [94.212735, 25.91444], [94.212467, 25.914269], [94.21224, 25.914133], [94.212193, 25.914097], [94.212173, 25.914071], [94.21217, 25.914029], [94.212157, 25.913981], [94.211793, 25.9137], [94.211572, 25.913577], [94.211532, 25.913554], [94.211504, 25.913532], [94.211465, 25.913484], [94.211448, 25.913441], [94.211421, 25.913367], [94.211464, 25.913191], [94.211515, 25.913023], [94.211564, 25.912798], [94.211563, 25.912755], [94.211556, 25.912687], [94.21152, 25.912636], [94.211326, 25.912327], [94.211282, 25.912103], [94.211278, 25.911778], [94.211318, 25.911574], [94.211301, 25.911511], [94.211268, 25.911459], [94.21123, 25.911419], [94.211177, 25.911393], [94.211073, 25.911368], [94.210806, 25.911299], [94.210601, 25.911244], [94.210537, 25.91122], [94.210482, 25.911172], [94.210445, 25.911118], [94.210405, 25.910979], [94.210386, 25.910895], [94.210339, 25.910849], [94.21019, 25.910797], [94.209645, 25.910686], [94.209583, 25.910638], [94.20933, 25.910089], [94.209336, 25.909754], [94.209281, 25.909552], [94.209079, 25.909292], [94.209052, 25.90925], [94.209032, 25.909185], [94.209033, 25.909114], [94.209037, 25.908939], [94.209034, 25.908888], [94.208991, 25.908728], [94.20893, 25.908611], [94.2088, 25.908442], [94.208469, 25.907769], [94.208412, 25.907678], [94.208206, 25.907521], [94.208082, 25.907463], [94.208044, 25.907438], [94.207988, 25.907397], [94.207963, 25.907329], [94.207958, 25.907262], [94.208118, 25.907022], [94.208206, 25.9069], [94.208226, 25.906829], [94.208237, 25.906777], [94.208233, 25.906738], [94.208102, 25.906467], [94.207915, 25.906251], [94.20781, 25.906148], [94.207774, 25.906098], [94.20776, 25.906038], [94.207784, 25.905939], [94.207835, 25.90577], [94.207895, 25.905584], [94.207898, 25.905268], [94.207854, 25.905033], [94.207757, 25.90486], [94.207516, 25.904433], [94.207447, 25.904266], [94.207367, 25.904176], [94.207163, 25.904058], [94.207073, 25.903972], [94.206961, 25.903704], [94.206916, 25.903592], [94.206864, 25.903363], [94.206862, 25.903048], [94.206852, 25.902943], [94.206785, 25.902748], [94.206671, 25.902454], [94.206638, 25.902302], [94.20656, 25.901867], [94.206546, 25.901703], [94.206471, 25.901551], [94.20631, 25.901336], [94.206066, 25.901127], [94.205749, 25.900865], [94.205011, 25.90058], [94.204773, 25.900525], [94.204509, 25.900478], [94.204268, 25.900409], [94.204153, 25.900365], [94.204073, 25.900323], [94.204026, 25.900269], [94.20402, 25.90021], [94.204049, 25.900088], [94.204087, 25.899948], [94.204038, 25.899833], [94.203984, 25.899727], [94.203975, 25.899649], [94.204029, 25.899539], [94.204114, 25.899329], [94.204155, 25.898996], [94.204053, 25.898741], [94.203978, 25.898624], [94.20395, 25.89849], [94.203914, 25.898215], [94.20393, 25.898124], [94.204049, 25.897946], [94.204241, 25.897253], [94.204276, 25.897073], [94.204203, 25.896903], [94.204121, 25.896836], [94.203787, 25.896655], [94.203681, 25.896605], [94.203148, 25.896261], [94.202873, 25.896163], [94.202592, 25.896127], [94.202378, 25.896131], [94.202267, 25.896097], [94.202148, 25.89602], [94.201924, 25.895727], [94.201633, 25.895223], [94.201602, 25.895177], [94.201592, 25.894998], [94.201635, 25.894523], [94.201613, 25.894358], [94.201685, 25.894188], [94.201756, 25.894067], [94.201855, 25.89392], [94.201984, 25.89377], [94.201999, 25.893553], [94.201965, 25.893159], [94.201919, 25.893047], [94.201776, 25.89287], [94.201564, 25.892758], [94.201349, 25.892734], [94.201187, 25.892732], [94.201081, 25.892731], [94.200798, 25.892653], [94.200605, 25.8925], [94.200507, 25.892364], [94.200424, 25.892187], [94.200447, 25.892027], [94.200556, 25.891858], [94.200854, 25.891562], [94.201123, 25.891395], [94.201402, 25.891239], [94.201753, 25.891035], [94.201874, 25.890923], [94.201927, 25.890794], [94.201942, 25.890556], [94.201942, 25.890295], [94.201946, 25.890111], [94.201844, 25.889979], [94.201666, 25.889843], [94.20147, 25.889754], [94.201323, 25.889669], [94.201217, 25.889571], [94.201119, 25.889462], [94.201017, 25.88935], [94.200915, 25.889286], [94.20079, 25.889313], [94.200571, 25.88933], [94.200303, 25.889364], [94.200099, 25.889326], [94.199906, 25.889282], [94.199623, 25.889289], [94.199053, 25.889309], [94.198777, 25.889326], [94.198388, 25.889387], [94.198124, 25.889421], [94.198018, 25.889279], [94.197984, 25.889116], [94.197865, 25.888954], [94.1977, 25.888834], [94.197556, 25.888675], [94.197545, 25.888473], [94.197518, 25.888204], [94.197417, 25.887829], [94.19707, 25.887695], [94.196792, 25.887608], [94.196482, 25.887459], [94.19622, 25.887128], [94.195544, 25.886606], [94.195434, 25.886477], [94.195306, 25.886256], [94.195283, 25.886056], [94.195234, 25.8857], [94.195213, 25.885489], [94.195213, 25.885326], [94.195245, 25.885167], [94.195303, 25.884965], [94.195293, 25.884768], [94.195287, 25.884629], [94.195202, 25.884437], [94.195111, 25.884321], [94.194935, 25.884264], [94.194588, 25.884278], [94.194086, 25.884326], [94.193856, 25.884461], [94.193696, 25.884499], [94.193488, 25.884528], [94.193146, 25.88435], [94.192665, 25.88423], [94.192168, 25.884057], [94.191442, 25.883586], [94.191137, 25.883317], [94.190919, 25.882961], [94.190822, 25.882736], [94.190828, 25.882524], [94.190849, 25.882308], [94.190908, 25.882168], [94.190908, 25.881947], [94.190844, 25.881813], [94.190742, 25.881731], [94.190577, 25.881669], [94.190395, 25.881606], [94.190155, 25.881577], [94.190048, 25.881606], [94.189749, 25.881702], [94.189535, 25.881779], [94.189359, 25.881803], [94.189097, 25.881789], [94.188665, 25.881611], [94.188365, 25.881558], [94.188125, 25.881582], [94.187559, 25.881746], [94.187137, 25.881837], [94.186384, 25.881683], [94.186074, 25.881549], [94.185919, 25.881222], [94.185903, 25.880962], [94.185941, 25.880775], [94.185919, 25.880496], [94.185754, 25.88027], [94.185535, 25.880016], [94.185209, 25.87967], [94.185054, 25.879285], [94.184888, 25.879098], [94.184073, 25.87889], [94.183795, 25.878746], [94.183474, 25.878409], [94.183325, 25.878054], [94.183165, 25.877602], [94.182769, 25.877246], [94.182289, 25.87691], [94.181317, 25.876141], [94.18106, 25.875959], [94.180729, 25.875814], [94.180612, 25.875516], [94.18058, 25.875332], [94.180454, 25.875298], [94.180064, 25.875604], [94.179844, 25.875678], [94.179687, 25.875572], [94.179577, 25.875358], [94.179341, 25.875354], [94.179167, 25.875255], [94.178849, 25.874919], [94.178266, 25.874725], [94.177975, 25.874765], [94.177718, 25.874857], [94.177597, 25.875044], [94.177419, 25.875296], [94.177178, 25.875697], [94.177189, 25.875928], [94.177125, 25.876071], [94.176936, 25.876125], [94.176766, 25.876223], [94.176517, 25.876414], [94.176268, 25.876465], [94.176139, 25.876342], [94.176022, 25.876183], [94.175724, 25.875935], [94.175482, 25.875822], [94.175331, 25.875632], [94.175214, 25.875418], [94.175078, 25.875177], [94.174942, 25.875], [94.174485, 25.874603], [94.17447, 25.874422], [94.174538, 25.874246], [94.174693, 25.87412], [94.17473, 25.873926], [94.174617, 25.873784], [94.174406, 25.873685], [94.174243, 25.873576], [94.174209, 25.873389], [94.174375, 25.87322], [94.17444, 25.873063], [94.174436, 25.872652], [94.174425, 25.872339], [94.174345, 25.872176], [94.174183, 25.871989], [94.173915, 25.871758], [94.173563, 25.871571], [94.173386, 25.871422], [94.173314, 25.8708], [94.173401, 25.870566], [94.173439, 25.870358], [94.173412, 25.870042], [94.173367, 25.869913], [94.173292, 25.869855], [94.173118, 25.869862], [94.172899, 25.869872], [94.172529, 25.869896], [94.172068, 25.86993], [94.171554, 25.870042], [94.171282, 25.870052], [94.17115, 25.870018], [94.170999, 25.869866], [94.17089, 25.869733], [94.170806, 25.869645], [94.170659, 25.869543], [94.170553, 25.869533], [94.17041, 25.86955], [94.170236, 25.869628], [94.170176, 25.869757], [94.170112, 25.869815], [94.169949, 25.869862], [94.169764, 25.869937], [94.169553, 25.870032], [94.169345, 25.870012], [94.169254, 25.869815], [94.169054, 25.869376], [94.168642, 25.868945], [94.168227, 25.868211], [94.168099, 25.867663], [94.168034, 25.867341], [94.167959, 25.867174], [94.16777, 25.867167], [94.167615, 25.867229], [94.167438, 25.867426], [94.167045, 25.867609], [94.166637, 25.867997], [94.166286, 25.86835], [94.166157, 25.868574], [94.165946, 25.868737], [94.165761, 25.868669], [94.165395, 25.868265], [94.165194, 25.868003], [94.16456, 25.86767], [94.164314, 25.867534], [94.164073, 25.867341], [94.163888, 25.867154], [94.163733, 25.866892], [94.163657, 25.86662], [94.163631, 25.866376], [94.163529, 25.865992], [94.163442, 25.865665], [94.163351, 25.865414], [94.163087, 25.865227], [94.162596, 25.865139], [94.16246, 25.865057], [94.162309, 25.864887], [94.162135, 25.864721], [94.161965, 25.864571], [94.161844, 25.864466], [94.161588, 25.86432], [94.161078, 25.864245], [94.160779, 25.864153], [94.160693, 25.864061], [94.160704, 25.863902], [94.160798, 25.863728], [94.160946, 25.863555], [94.16115, 25.863273], [94.161225, 25.862953], [94.16118, 25.862654], [94.161119, 25.862461], [94.161259, 25.862148], [94.161348, 25.861882], [94.161331, 25.861523], [94.161357, 25.860908], [94.161217, 25.860683], [94.16101, 25.860547], [94.16087, 25.860466], [94.160579, 25.860415], [94.160345, 25.86035], [94.160205, 25.860153], [94.160156, 25.859936], [94.160186, 25.859626], [94.160103, 25.859229], [94.159945, 25.858974], [94.159673, 25.858729], [94.159484, 25.858488], [94.159197, 25.858049], [94.158755, 25.857557], [94.158544, 25.857417], [94.158461, 25.857281], [94.158287, 25.857203], [94.158155, 25.857142], [94.158087, 25.856986], [94.158072, 25.856782], [94.157985, 25.856642], [94.157849, 25.856408], [94.157781, 25.856085], [94.157837, 25.855749], [94.157834, 25.855562], [94.157769, 25.855405], [94.157686, 25.855225], [94.157565, 25.855055], [94.157426, 25.854858], [94.157339, 25.854603], [94.156946, 25.853944], [94.156746, 25.853733], [94.156659, 25.853539], [94.156625, 25.853332], [94.15675, 25.853111], [94.15692, 25.852894], [94.157048, 25.852639], [94.157022, 25.852323], [94.157029, 25.852007], [94.157022, 25.851791], [94.157008, 25.851731], [94.156973, 25.851674], [94.15684, 25.851561], [94.156595, 25.851446], [94.156368, 25.851351], [94.156247, 25.851283], [94.156179, 25.851113], [94.156247, 25.850929], [94.156349, 25.850735], [94.156334, 25.850661], [94.156259, 25.85047], [94.156383, 25.850266], [94.156519, 25.850168], [94.156682, 25.850018], [94.156897, 25.849692], [94.157132, 25.849461], [94.15715, 25.849346], [94.157129, 25.849255], [94.157065, 25.849203], [94.156886, 25.849135], [94.156516, 25.849077], [94.156342, 25.848859], [94.15624, 25.848638], [94.156104, 25.848523], [94.155881, 25.848496], [94.155647, 25.848567], [94.155435, 25.848679], [94.15519, 25.848802], [94.154933, 25.84889], [94.154514, 25.848842], [94.154197, 25.848513], [94.154102, 25.848285], [94.154049, 25.848047], [94.154102, 25.84785], [94.154091, 25.847632], [94.15405, 25.847558], [94.153955, 25.847541], [94.153854, 25.847543], [94.153774, 25.847592], [94.153672, 25.847785], [94.153483, 25.84804], [94.153305, 25.848183], [94.153086, 25.84819], [94.152931, 25.848071], [94.152799, 25.847863], [94.152542, 25.847564], [94.152373, 25.847469], [94.152191, 25.847428], [94.151844, 25.847422], [94.151504, 25.847391], [94.151304, 25.847265], [94.151224, 25.847089], [94.151281, 25.846929], [94.151451, 25.846749], [94.151727, 25.846371], [94.151742, 25.846086], [94.1517, 25.845943], [94.15167, 25.845763], [94.151715, 25.845596], [94.151814, 25.845359], [94.15181, 25.844951], [94.151814, 25.844883], [94.151859, 25.844675], [94.151953, 25.844573], [94.152048, 25.84441], [94.152051, 25.844189], [94.151987, 25.844016], [94.151919, 25.843873], [94.151636, 25.843679], [94.151119, 25.843669], [94.150677, 25.843815], [94.15028, 25.843781], [94.150204, 25.843761], [94.150152, 25.843713], [94.150077, 25.843483], [94.149967, 25.843224], [94.14985, 25.843003], [94.149748, 25.842741], [94.149638, 25.842544], [94.149427, 25.842452], [94.149068, 25.842459], [94.14863, 25.842466], [94.14843, 25.842381], [94.148214, 25.842371], [94.14806, 25.842384], [94.147954, 25.842378], [94.14788, 25.842302], [94.147874, 25.842201], [94.147976, 25.842031], [94.148087, 25.841971], [94.148145, 25.841866], [94.148143, 25.841759], [94.148052, 25.841664], [94.147871, 25.841603], [94.147648, 25.841565], [94.147469, 25.841513], [94.147394, 25.841456], [94.147374, 25.841367], [94.14738, 25.841208], [94.147497, 25.840994], [94.147637, 25.840576], [94.147727, 25.840403], [94.147708, 25.840087], [94.14775, 25.839842], [94.147697, 25.839672], [94.147565, 25.839539], [94.147529, 25.83943], [94.147544, 25.839353], [94.147608, 25.839309], [94.147803, 25.839305], [94.148041, 25.839301], [94.148343, 25.839301], [94.148713, 25.839288], [94.149125, 25.839451], [94.149347, 25.839553], [94.149714, 25.839539], [94.149963, 25.839556], [94.150167, 25.839604], [94.150371, 25.839716], [94.150582, 25.839791], [94.150813, 25.839849], [94.151217, 25.839954], [94.151379, 25.84011], [94.15153, 25.840331], [94.151704, 25.840461], [94.151848, 25.840525], [94.152074, 25.840515], [94.152675, 25.84028], [94.153124, 25.840022], [94.153343, 25.839944], [94.153543, 25.839828], [94.153672, 25.839706], [94.153777, 25.839526], [94.15383, 25.839346], [94.1538, 25.839155], [94.153732, 25.83886], [94.153694, 25.838605], [94.153743, 25.838418], [94.153702, 25.83819], [94.153573, 25.838003], [94.153468, 25.837867], [94.153475, 25.837684], [94.153572, 25.837238], [94.153619, 25.837187], [94.153902, 25.837078], [94.154042, 25.837], [94.154106, 25.836834], [94.1542, 25.836575], [94.154314, 25.836368], [94.154408, 25.836157], [94.154469, 25.835967], [94.154552, 25.83579], [94.15482, 25.83559], [94.154929, 25.835457], [94.154918, 25.835301], [94.15482, 25.835073], [94.15465, 25.834889], [94.154446, 25.834427], [94.154144, 25.833883], [94.153959, 25.833271], [94.153774, 25.832748], [94.153664, 25.832167], [94.153373, 25.831694], [94.153351, 25.831456], [94.153472, 25.831177], [94.153585, 25.830698], [94.153502, 25.830542], [94.153124, 25.830103], [94.152905, 25.829875], [94.152765, 25.829756], [94.152599, 25.829485], [94.152255, 25.829366], [94.151938, 25.829243], [94.151824, 25.82917], [94.151757, 25.829071], [94.151746, 25.828968], [94.151783, 25.828764], [94.15181, 25.828539], [94.15181, 25.828387], [94.151712, 25.828152], [94.151527, 25.827914], [94.151289, 25.827666], [94.151198, 25.827639], [94.151024, 25.827645], [94.150847, 25.827618], [94.150707, 25.827472], [94.150556, 25.827302], [94.150405, 25.827122], [94.150258, 25.826915], [94.150005, 25.826707], [94.149797, 25.826626], [94.149646, 25.826621], [94.149525, 25.826649], [94.149423, 25.826732], [94.149359, 25.826836], [94.149253, 25.827057], [94.149204, 25.827302], [94.148906, 25.827748], [94.14879, 25.827862], [94.148683, 25.827853], [94.148564, 25.827754], [94.148392, 25.827509], [94.148324, 25.827142], [94.148263, 25.826993], [94.148158, 25.826826], [94.14798, 25.826714], [94.14775, 25.826615], [94.147474, 25.826588], [94.147282, 25.82668], [94.147081, 25.82684], [94.146753, 25.826955], [94.146598, 25.826911], [94.146515, 25.826779], [94.14653, 25.826598], [94.146677, 25.826388], [94.146825, 25.826289], [94.146995, 25.826133], [94.147282, 25.82566], [94.147391, 25.825392], [94.147406, 25.825157], [94.147357, 25.82496], [94.147346, 25.824749], [94.147467, 25.824283], [94.147504, 25.824008], [94.147501, 25.823824], [94.147384, 25.823542], [94.147232, 25.823114], [94.146828, 25.822529], [94.14633, 25.822169], [94.145846, 25.821978], [94.145605, 25.821846], [94.145084, 25.821346], [94.144687, 25.820731], [94.144207, 25.819935], [94.144075, 25.819701], [94.143679, 25.819347], [94.143301, 25.818902], [94.143003, 25.818609], [94.142836, 25.818439], [94.142719, 25.818246], [94.142572, 25.818042], [94.142406, 25.817861], [94.142285, 25.81777], [94.142119, 25.817675], [94.141894, 25.817574], [94.141797, 25.817406], [94.141744, 25.817214], [94.141717, 25.817012], [94.141653, 25.816843], [94.141594, 25.816685], [94.141482, 25.816507], [94.141333, 25.816348], [94.141194, 25.816267], [94.141018, 25.816218], [94.140804, 25.816238], [94.140676, 25.81617], [94.140542, 25.815983], [94.140371, 25.815728], [94.140072, 25.815536], [94.139971, 25.815411], [94.139944, 25.815266], [94.13996, 25.81504], [94.140013, 25.814858], [94.140115, 25.814699], [94.140211, 25.814454], [94.140227, 25.814199], [94.140184, 25.813935], [94.140046, 25.813108], [94.139896, 25.812593], [94.139811, 25.812127], [94.1398, 25.811742], [94.139843, 25.811223], [94.139859, 25.810901], [94.139837, 25.810728], [94.139704, 25.810492], [94.139613, 25.8103], [94.139495, 25.810136], [94.13926, 25.810021], [94.139031, 25.809963], [94.138689, 25.809838], [94.138454, 25.80967], [94.138411, 25.809473], [94.138357, 25.808983], [94.138327, 25.808837], [94.138176, 25.808671], [94.13798, 25.808467], [94.137715, 25.808297], [94.137345, 25.808069], [94.137024, 25.807865], [94.136401, 25.807491], [94.136231, 25.807447], [94.135925, 25.807345], [94.13571, 25.807229], [94.13565, 25.807056], [94.135706, 25.806855], [94.135786, 25.806678], [94.135899, 25.806556], [94.136039, 25.806471], [94.136292, 25.806376], [94.136839, 25.806274], [94.137266, 25.806093], [94.137318, 25.805989], [94.137337, 25.80578], [94.137319, 25.805522], [94.1373, 25.805335], [94.137228, 25.805189], [94.137126, 25.805107], [94.136922, 25.804975], [94.136745, 25.804621], [94.136737, 25.804376], [94.136835, 25.80424], [94.136862, 25.80405], [94.136835, 25.80389], [94.136756, 25.803771], [94.136647, 25.803673], [94.136284, 25.803078], [94.136088, 25.802758], [94.135959, 25.802513], [94.135793, 25.801979], [94.13574, 25.801507], [94.13568, 25.800986], [94.135589, 25.800704], [94.135536, 25.800595], [94.135011, 25.800317], [94.134739, 25.800072], [94.134573, 25.799902], [94.134369, 25.799847], [94.134109, 25.799817], [94.133512, 25.799626], [94.132726, 25.799093], [94.132262, 25.798756], [94.132066, 25.798549], [94.131945, 25.798413], [94.131824, 25.798202], [94.131718, 25.797967], [94.131412, 25.797681], [94.131348, 25.797375], [94.131318, 25.797209], [94.131231, 25.797063], [94.131061, 25.79691], [94.130925, 25.796753], [94.130785, 25.796542], [94.130744, 25.796342], [94.130781, 25.796182], [94.130797, 25.795845], [94.130823, 25.795315], [94.130815, 25.794475], [94.130789, 25.793965], [94.130642, 25.79355], [94.130547, 25.79303], [94.130672, 25.792669], [94.130914, 25.792159], [94.130974, 25.791275], [94.131076, 25.790544], [94.131133, 25.789711], [94.131193, 25.789344], [94.131186, 25.789017], [94.131216, 25.788874], [94.131322, 25.788711], [94.131378, 25.788601], [94.131363, 25.788402], [94.131235, 25.788109], [94.131114, 25.787895], [94.131099, 25.787681], [94.131169, 25.787558], [94.131266, 25.787404], [94.131254, 25.787289], [94.131167, 25.787157], [94.131042, 25.786739], [94.13091, 25.786623], [94.130744, 25.786531], [94.130498, 25.786378], [94.130204, 25.786185], [94.129943, 25.785902], [94.129803, 25.785698], [94.129679, 25.785527], [94.129431, 25.785326], [94.128755, 25.784918], [94.128353, 25.784797], [94.128168, 25.784763], [94.127968, 25.78478], [94.127815, 25.784837], [94.127785, 25.784855], [94.127637, 25.78495], [94.127517, 25.785005], [94.127418, 25.785017], [94.127335, 25.785005], [94.127198, 25.784925], [94.127069, 25.784853], [94.126965, 25.78479], [94.126879, 25.784759], [94.126729, 25.78474], [94.126589, 25.784703], [94.126453, 25.784592], [94.126313, 25.784428], [94.126198, 25.784116], [94.126093, 25.783737], [94.126002, 25.783631], [94.125887, 25.78352], [94.125559, 25.783339], [94.125401, 25.783259], [94.125299, 25.783245], [94.125136, 25.783271], [94.125047, 25.783351], [94.125018, 25.783587], [94.12502, 25.783807], [94.124964, 25.783976], [94.12483, 25.784141], [94.124728, 25.784201], [94.124524, 25.784285], [94.124385, 25.784278], [94.124245, 25.784244], [94.123904, 25.784138], [94.123459, 25.784083], [94.123226, 25.784046], [94.122885, 25.7841], [94.122646, 25.784196], [94.122268, 25.784271], [94.122094, 25.78423], [94.121992, 25.784141], [94.121893, 25.783882], [94.121592, 25.783261], [94.121394, 25.783075], [94.121174, 25.782972], [94.120788, 25.78301], [94.12052, 25.783078], [94.120329, 25.783172], [94.120125, 25.783208], [94.119948, 25.783191], [94.119672, 25.78323], [94.119471, 25.783341], [94.119382, 25.783455], [94.11924, 25.7836], [94.119125, 25.783677], [94.119007, 25.78373], [94.118755, 25.783788], [94.118438, 25.783894], [94.118092, 25.784095], [94.117864, 25.784213], [94.117545, 25.784411], [94.117097, 25.784711], [94.116842, 25.784911], [94.116772, 25.78495], [94.116701, 25.784951], [94.116649, 25.784929], [94.116601, 25.784877], [94.116577, 25.784805], [94.116598, 25.784665], [94.11664, 25.784469], [94.11664, 25.784369], [94.116598, 25.784182], [94.116228, 25.783339], [94.116172, 25.78322], [94.116145, 25.782882], [94.116164, 25.782605], [94.116231, 25.782515], [94.116303, 25.782467], [94.116408, 25.782404], [94.116472, 25.782322], [94.116622, 25.781933], [94.116618, 25.781865], [94.116586, 25.781804], [94.116507, 25.781786], [94.116335, 25.781781], [94.116043, 25.781782], [94.115973, 25.78177], [94.115925, 25.78173], [94.115899, 25.78167], [94.115899, 25.78162], [94.115932, 25.781556], [94.116035, 25.781455], [94.116156, 25.781298], [94.116233, 25.780998], [94.116359, 25.780489], [94.116453, 25.780204], [94.116531, 25.780119], [94.116644, 25.780032], [94.116676, 25.779892], [94.11674, 25.779651], [94.116668, 25.7794], [94.116601, 25.779274], [94.116456, 25.779218], [94.116252, 25.779192], [94.116011, 25.779194], [94.11581, 25.779201], [94.115697, 25.779168], [94.115659, 25.77911], [94.11567, 25.778958], [94.115646, 25.778511], [94.115638, 25.778414], [94.115598, 25.77833], [94.115509, 25.778262], [94.115431, 25.778235], [94.115287, 25.778214], [94.115228, 25.778158], [94.115056, 25.777914], [94.114769, 25.777685], [94.114616, 25.777557], [94.114576, 25.777453], [94.114565, 25.777325], [94.114656, 25.776912], [94.114637, 25.776772], [94.114444, 25.776632], [94.11416, 25.776542], [94.113988, 25.776598], [94.113717, 25.77669], [94.113621, 25.776733], [94.113543, 25.776801], [94.113438, 25.776834], [94.113307, 25.776813], [94.113143, 25.776774], [94.112988, 25.776784], [94.112827, 25.776822], [94.112714, 25.776863], [94.112505, 25.776868], [94.112195, 25.776865], [94.11203, 25.776825], [94.111703, 25.776639], [94.111539, 25.776586], [94.111393, 25.776583], [94.111189, 25.776661], [94.111098, 25.776798], [94.111023, 25.77688], [94.110955, 25.776923], [94.110837, 25.776946], [94.110751, 25.776929], [94.110594, 25.776884], [94.11045, 25.776851], [94.110324, 25.776822], [94.110209, 25.776822], [94.11007, 25.776772], [94.109788, 25.776677], [94.109608, 25.776627], [94.109496, 25.776516], [94.109388, 25.776334], [94.109235, 25.776221], [94.108973, 25.776074], [94.108841, 25.775965], [94.108796, 25.77583], [94.108707, 25.775711], [94.108517, 25.775581], [94.108267, 25.775504], [94.108082, 25.775431], [94.107929, 25.775434], [94.107748, 25.775458], [94.10755, 25.775524], [94.107401, 25.775586], [94.107263, 25.775729], [94.107079, 25.775885], [94.106906, 25.775981], [94.106783, 25.775995], [94.106638, 25.776043], [94.106549, 25.776089], [94.106496, 25.776146], [94.106462, 25.776226], [94.10637, 25.776348], [94.106276, 25.776448], [94.106136, 25.776537], [94.106006, 25.776569], [94.105879, 25.77658], [94.10572, 25.776601], [94.105482, 25.776638], [94.105278, 25.77669], [94.105126, 25.776737], [94.104908, 25.776785], [94.104568, 25.776941], [94.104416, 25.776972], [94.104239, 25.776962], [94.104005, 25.776962], [94.103804, 25.777008], [94.103147, 25.77716], [94.102987, 25.777147], [94.102797, 25.777106], [94.102576, 25.77709], [94.102387, 25.777114], [94.102265, 25.777139], [94.102148, 25.777145], [94.102058, 25.777119], [94.101972, 25.777043], [94.101896, 25.776912], [94.10184, 25.776826], [94.101774, 25.77676], [94.101706, 25.776741], [94.101643, 25.77675], [94.10151, 25.776818], [94.101215, 25.776954], [94.100981, 25.777018], [94.100809, 25.777045], [94.1006, 25.777047], [94.100428, 25.777043], [94.100139, 25.777063], [94.100038, 25.777068], [94.099943, 25.77705], [94.099647, 25.776879], [94.099566, 25.776834], [94.099495, 25.776809], [94.09898, 25.776786], [94.098841, 25.776804], [94.098185, 25.777084], [94.097857, 25.777295], [94.09773, 25.777309], [94.097563, 25.777228], [94.097404, 25.777199], [94.097254, 25.777231], [94.096883, 25.777509], [94.096735, 25.777601], [94.09659, 25.77761], [94.096397, 25.777552], [94.096225, 25.777406], [94.095771, 25.776836], [94.095721, 25.776749], [94.09563, 25.776572], [94.09558, 25.77649], [94.095518, 25.776446], [94.095222, 25.776364], [94.094918, 25.776318], [94.094725, 25.776325], [94.094583, 25.776397], [94.094472, 25.776521], [94.094289, 25.776702], [94.09418, 25.776752], [94.094033, 25.776738], [94.093769, 25.776661], [94.09338, 25.776544], [94.093292, 25.77647], [94.093158, 25.776211], [94.093062, 25.776073], [94.092901, 25.775835], [94.092784, 25.775489], [94.092722, 25.77525], [94.092702, 25.775084], [94.092713, 25.774948], [94.092846, 25.774742], [94.092927, 25.774549], [94.092901, 25.774406], [94.092733, 25.774251], [94.092465, 25.774169], [94.092164, 25.774059], [94.091931, 25.773872], [94.091788, 25.773701], [94.091587, 25.773544], [94.091369, 25.773487], [94.091206, 25.773496], [94.091005, 25.773536], [94.090812, 25.773576], [94.090652, 25.773562], [94.090491, 25.773459], [94.090379, 25.773342], [94.090247, 25.773208], [94.09009, 25.773127], [94.089725, 25.773052], [94.089529, 25.773047], [94.089382, 25.773124], [94.089265, 25.773249], [94.089141, 25.773442], [94.089017, 25.773989], [94.088945, 25.774135], [94.088753, 25.77432], [94.088549, 25.774442], [94.088375, 25.774492], [94.088196, 25.774453], [94.087992, 25.77437], [94.087812, 25.774259], [94.087498, 25.774117], [94.087228, 25.774012], [94.086828, 25.773737], [94.086684, 25.773573], [94.086598, 25.773453], [94.086454, 25.773117], [94.08637, 25.772929], [94.086286, 25.772766], [94.08619, 25.772663], [94.086045, 25.772624], [94.085908, 25.772645], [94.08577, 25.772791], [94.085565, 25.773025], [94.085451, 25.773107], [94.085319, 25.773108], [94.085182, 25.773079], [94.08501, 25.77303], [94.084913, 25.773045], [94.084853, 25.773108], [94.084796, 25.773229], [94.084748, 25.773424], [94.08463, 25.773528], [94.084462, 25.773534], [94.084238, 25.773479], [94.083925, 25.773447], [94.083606, 25.773397], [94.083379, 25.773371], [94.083152, 25.773348], [94.083054, 25.773307], [94.083004, 25.773215], [94.083035, 25.773116], [94.083141, 25.772999], [94.08328, 25.77284], [94.08331, 25.772679], [94.083299, 25.772517], [94.083211, 25.772356], [94.08309, 25.772197], [94.082965, 25.771884], [94.082865, 25.771474], [94.082884, 25.771362], [94.082965, 25.771242], [94.083137, 25.771149], [94.083262, 25.771077], [94.083401, 25.77096], [94.083469, 25.770858], [94.083507, 25.77074], [94.083522, 25.770556], [94.083534, 25.770397], [94.083539, 25.770236], [94.083573, 25.770039], [94.083419, 25.769356], [94.0833, 25.768925], [94.083244, 25.768624], [94.083204, 25.768445], [94.083138, 25.768269], [94.083088, 25.768242], [94.082964, 25.768239], [94.082811, 25.768245], [94.082684, 25.768278], [94.082281, 25.768416], [94.081924, 25.768572], [94.08153, 25.768709], [94.081408, 25.768694], [94.081343, 25.768656], [94.08132, 25.768586], [94.081323, 25.768508], [94.081468, 25.768255], [94.081615, 25.767955], [94.081666, 25.76779], [94.081633, 25.767625], [94.08149, 25.767486], [94.081369, 25.767378], [94.081245, 25.767223], [94.081139, 25.767081], [94.081056, 25.766893], [94.081034, 25.766713], [94.081072, 25.766547], [94.081223, 25.766243], [94.081391, 25.765936], [94.081435, 25.765762], [94.08141, 25.76565], [94.081344, 25.765556], [94.081216, 25.765492], [94.081062, 25.765459], [94.080879, 25.765413], [94.080692, 25.765442], [94.080593, 25.765538], [94.080472, 25.765868], [94.080322, 25.766191], [94.080223, 25.766319], [94.080033, 25.766405], [94.079923, 25.766501], [94.079841, 25.766706], [94.079777, 25.767008], [94.079748, 25.767114], [94.079696, 25.767185], [94.079594, 25.767216], [94.079477, 25.767195], [94.079327, 25.767155], [94.079082, 25.767043], [94.078896, 25.767004], [94.078746, 25.766992], [94.078619, 25.767025], [94.078512, 25.767081], [94.078442, 25.767147], [94.078406, 25.767208], [94.078386, 25.767354], [94.07838, 25.767429], [94.078358, 25.767503], [94.078304, 25.76755], [94.078239, 25.767564], [94.078146, 25.767543], [94.07802, 25.767485], [94.077768, 25.767342], [94.077484, 25.767231], [94.077298, 25.76719], [94.077141, 25.767173], [94.07698, 25.767209], [94.076877, 25.767322], [94.076675, 25.767525], [94.076511, 25.767595], [94.076331, 25.767605], [94.076147, 25.767509], [94.076031, 25.767382], [94.075956, 25.767222], [94.075944, 25.76707], [94.076014, 25.766785], [94.076158, 25.766442], [94.076262, 25.766267], [94.076394, 25.766146], [94.076694, 25.765894], [94.0769, 25.765651], [94.07699, 25.765499], [94.077059, 25.765333], [94.077126, 25.765192], [94.077203, 25.765109], [94.07732, 25.764974], [94.077463, 25.764757], [94.077546, 25.764624], [94.077626, 25.764482], [94.077656, 25.764377], [94.077662, 25.764262], [94.077676, 25.764107], [94.077734, 25.763873], [94.077725, 25.76375], [94.077694, 25.763627], [94.077677, 25.76355], [94.077668, 25.763477], [94.077685, 25.763399], [94.077727, 25.763333], [94.077932, 25.763154], [94.078067, 25.763065], [94.078199, 25.762974], [94.078251, 25.762902], [94.078248, 25.762811], [94.07818, 25.76257], [94.078181, 25.762509], [94.078211, 25.762445], [94.078273, 25.762396], [94.078495, 25.762284], [94.078528, 25.762247], [94.07853, 25.762187], [94.078506, 25.762065], [94.078487, 25.761907], [94.078476, 25.761744], [94.078471, 25.761631], [94.07842, 25.761527], [94.078289, 25.761406], [94.07808, 25.761252], [94.0779, 25.761146], [94.077632, 25.761028], [94.077502, 25.760914], [94.077459, 25.760796], [94.077489, 25.760639], [94.07758, 25.760467], [94.077933, 25.76], [94.078279, 25.75966], [94.078623, 25.759357], [94.078938, 25.759146], [94.079253, 25.758843], [94.079392, 25.758585], [94.079443, 25.75819], [94.079516, 25.757425], [94.079528, 25.757272], [94.079589, 25.757145], [94.079613, 25.757035], [94.079642, 25.756892], [94.079596, 25.756585], [94.07954, 25.756373], [94.07952, 25.7562], [94.079496, 25.756036], [94.079456, 25.755847], [94.079419, 25.755687], [94.079393, 25.755442], [94.079368, 25.755242], [94.07937, 25.755044], [94.079388, 25.754831], [94.079417, 25.754584], [94.079427, 25.75443], [94.079439, 25.75429], [94.079435, 25.754154], [94.079415, 25.753976], [94.079469, 25.753814], [94.07955, 25.753703], [94.07962, 25.75354], [94.079662, 25.753415], [94.079676, 25.753319], [94.079664, 25.753192], [94.079612, 25.753073], [94.07955, 25.752975], [94.079493, 25.752851], [94.079474, 25.752729], [94.079453, 25.752624], [94.079408, 25.752547], [94.079306, 25.752473], [94.07922, 25.752349], [94.079202, 25.752244], [94.079196, 25.752079], [94.079226, 25.751966], [94.079209, 25.75187], [94.079144, 25.751792], [94.079031, 25.751707], [94.078915, 25.751639], [94.078853, 25.751555], [94.07883, 25.751464], [94.078778, 25.751326], [94.078686, 25.751203], [94.078394, 25.750857], [94.078111, 25.750515], [94.07803, 25.750354], [94.07791, 25.750092], [94.077739, 25.749811], [94.077541, 25.749583], [94.077422, 25.74946], [94.077292, 25.749366], [94.077129, 25.749269], [94.077043, 25.749116], [94.077034, 25.749002], [94.077065, 25.74893], [94.077165, 25.748881], [94.077299, 25.748884], [94.077479, 25.748935], [94.077657, 25.749014], [94.07779, 25.749089], [94.07797, 25.749171], [94.078109, 25.749177], [94.078235, 25.749148], [94.078373, 25.749096], [94.078492, 25.749054], [94.078629, 25.749112], [94.078735, 25.749179], [94.078828, 25.749183], [94.079072, 25.749158], [94.079306, 25.749173], [94.079569, 25.74925], [94.079719, 25.74929], [94.079886, 25.749271], [94.080049, 25.7492], [94.080239, 25.749115], [94.080352, 25.749065], [94.080466, 25.748987], [94.080534, 25.748909], [94.080567, 25.748808], [94.080558, 25.748648], [94.080519, 25.748454], [94.080489, 25.748292], [94.080475, 25.748177], [94.080518, 25.748066], [94.080625, 25.748013], [94.080784, 25.74803], [94.080927, 25.748052], [94.08107, 25.748057], [94.081204, 25.748032], [94.081296, 25.747997], [94.081388, 25.74793], [94.081445, 25.747847], [94.08148, 25.747732], [94.081553, 25.747641], [94.08169, 25.747515], [94.081837, 25.747409], [94.081971, 25.747341], [94.082053, 25.747271], [94.082109, 25.747192], [94.082164, 25.747022], [94.082227, 25.74685], [94.082313, 25.746702], [94.082446, 25.746577], [94.082568, 25.746508], [94.082713, 25.74645], [94.082828, 25.746351], [94.082972, 25.746111], [94.083107, 25.745929], [94.08321, 25.745787], [94.083287, 25.745692], [94.083371, 25.745499], [94.083381, 25.745327], [94.083349, 25.745182], [94.083318, 25.745037], [94.083242, 25.744924], [94.083143, 25.744803], [94.083081, 25.74471], [94.083034, 25.744617], [94.083026, 25.744489], [94.083037, 25.744277], [94.08298, 25.74413], [94.082766, 25.743986], [94.082668, 25.743892], [94.082575, 25.743753], [94.082567, 25.743626], [94.082593, 25.743509], [94.082646, 25.743385], [94.082707, 25.743195], [94.082772, 25.743026], [94.082871, 25.742878], [94.083108, 25.742604], [94.083234, 25.742484], [94.083326, 25.742416], [94.083573, 25.742311], [94.083827, 25.742243], [94.084017, 25.742185], [94.084128, 25.742115], [94.084225, 25.742003], [94.084258, 25.741915], [94.084261, 25.741825], [94.084266, 25.741661], [94.084301, 25.74153], [94.084369, 25.741343], [94.084435, 25.741228], [94.084533, 25.741147], [94.084683, 25.741095], [94.084778, 25.741034], [94.084819, 25.740969], [94.08484, 25.740909], [94.084849, 25.740756], [94.084818, 25.740582], [94.084804, 25.740407], [94.084807, 25.740163], [94.0848, 25.739972], [94.084735, 25.739767], [94.084627, 25.739597], [94.08394, 25.738877], [94.083713, 25.738703], [94.083541, 25.73859], [94.083274, 25.738505], [94.083111, 25.73846], [94.08305, 25.738383], [94.08303, 25.738274], [94.083072, 25.738142], [94.083181, 25.737981], [94.083322, 25.737725], [94.083413, 25.737535], [94.083468, 25.737377], [94.083515, 25.737218], [94.083537, 25.7371], [94.083553, 25.736934], [94.083618, 25.736681], [94.08361, 25.736526], [94.083552, 25.736351], [94.083307, 25.735929], [94.083014, 25.735448], [94.082914, 25.735308], [94.082878, 25.735184], [94.082911, 25.734983], [94.082981, 25.734798], [94.083061, 25.7346], [94.083237, 25.734274], [94.083451, 25.734072], [94.083695, 25.733911], [94.083965, 25.733835], [94.084227, 25.733771], [94.084328, 25.733737], [94.084401, 25.733678], [94.084434, 25.733575], [94.084426, 25.733471], [94.084353, 25.733319], [94.084219, 25.733209], [94.083939, 25.733092], [94.083741, 25.733033], [94.083537, 25.732945], [94.083298, 25.732791], [94.082945, 25.732533], [94.082548, 25.732301], [94.082454, 25.732236], [94.082153, 25.732068], [94.082047, 25.731974], [94.08199, 25.731894], [94.081979, 25.731817], [94.081991, 25.731734], [94.082034, 25.731647], [94.082289, 25.731279], [94.082432, 25.731046], [94.082617, 25.730703], [94.082693, 25.730541], [94.082776, 25.730485], [94.082888, 25.73046], [94.082995, 25.730452], [94.08316, 25.730435], [94.083329, 25.730362], [94.083493, 25.730253], [94.083543, 25.730126], [94.083613, 25.729977], [94.083558, 25.729878], [94.083451, 25.729782], [94.083291, 25.729679], [94.083103, 25.729505], [94.083034, 25.729419], [94.082987, 25.729337], [94.082932, 25.729195], [94.082842, 25.729046], [94.082788, 25.728977], [94.082638, 25.7289], [94.082495, 25.728841], [94.082339, 25.728749], [94.082206, 25.728638], [94.082091, 25.728491], [94.081993, 25.728442], [94.08185, 25.728452], [94.081684, 25.728469], [94.081263, 25.728486], [94.080978, 25.728506], [94.080696, 25.728486], [94.080356, 25.72847], [94.080182, 25.728417], [94.080089, 25.728374], [94.079968, 25.728292], [94.079777, 25.72823], [94.079598, 25.728182], [94.079449, 25.728107], [94.079411, 25.728006], [94.079452, 25.727853], [94.079554, 25.727599], [94.079536, 25.727375], [94.079474, 25.727236], [94.079481, 25.727098], [94.079591, 25.726969], [94.079723, 25.72691], [94.079942, 25.72686], [94.080151, 25.726824], [94.080349, 25.726735], [94.080484, 25.726537], [94.080543, 25.726309], [94.080598, 25.7259], [94.080554, 25.725696], [94.080491, 25.725525], [94.080425, 25.725323], [94.080338, 25.725132], [94.080253, 25.72497], [94.080114, 25.724809], [94.079994, 25.724654], [94.079934, 25.724578], [94.07995, 25.724487], [94.080029, 25.724425], [94.080172, 25.724417], [94.080352, 25.724393], [94.080526, 25.724375], [94.080634, 25.724344], [94.080689, 25.724299], [94.08073, 25.724241], [94.080723, 25.724061], [94.080683, 25.723935], [94.080673, 25.723854], [94.080695, 25.723785], [94.080768, 25.72364], [94.080771, 25.723511], [94.08073, 25.723474], [94.080692, 25.723438], [94.080596, 25.72339], [94.080435, 25.72333], [94.080312, 25.723271], [94.080275, 25.723198], [94.080285, 25.723113], [94.080389, 25.722999], [94.080635, 25.722854], [94.08077, 25.722804], [94.080939, 25.722794], [94.081063, 25.722824], [94.081212, 25.722866], [94.081306, 25.722883], [94.081399, 25.72287], [94.081576, 25.722793], [94.081783, 25.722684], [94.082003, 25.722632], [94.082228, 25.72256], [94.082349, 25.722496], [94.082441, 25.722392], [94.082548, 25.722288], [94.082677, 25.72222], [94.082731, 25.722209], [94.082786, 25.722219], [94.082863, 25.722241], [94.082939, 25.722278], [94.083011, 25.722312], [94.083162, 25.722383], [94.083262, 25.722418], [94.083377, 25.72245], [94.083439, 25.722455], [94.083506, 25.722443], [94.083555, 25.722413], [94.083594, 25.722373], [94.08365, 25.722285], [94.083707, 25.722197], [94.083848, 25.722022], [94.083946, 25.721932], [94.08402, 25.721846], [94.08408, 25.721751], [94.084158, 25.721668], [94.084294, 25.721529], [94.084363, 25.721431], [94.084435, 25.721319], [94.084525, 25.721204], [94.084654, 25.721089], [94.084736, 25.721041], [94.084773, 25.721034], [94.084805, 25.721032], [94.084843, 25.721039], [94.084877, 25.721051], [94.084974, 25.721092], [94.08509, 25.721157], [94.085185, 25.721215], [94.085246, 25.721245], [94.085309, 25.721263], [94.085369, 25.721269], [94.08543, 25.721258], [94.085474, 25.721232], [94.085503, 25.721199], [94.085565, 25.721051], [94.085587, 25.720823], [94.085642, 25.720678], [94.085682, 25.720566], [94.085737, 25.720493], [94.085849, 25.720406], [94.085972, 25.720299], [94.086068, 25.720157], [94.086081, 25.720072], [94.086075, 25.719886], [94.086068, 25.719701], [94.086071, 25.719482], [94.086065, 25.719279], [94.085993, 25.719053], [94.085916, 25.718958], [94.085859, 25.718789], [94.085856, 25.71871], [94.085878, 25.71855], [94.085889, 25.718366], [94.085836, 25.718231], [94.085808, 25.718083], [94.085706, 25.717773], [94.085661, 25.717585], [94.085644, 25.717416], [94.085636, 25.71728], [94.085643, 25.717097], [94.085612, 25.716951], [94.085596, 25.716796], [94.085598, 25.716686], [94.085583, 25.716569], [94.085606, 25.716424], [94.085612, 25.716275], [94.085567, 25.716192], [94.08549, 25.716147], [94.085285, 25.716045], [94.085064, 25.715935], [94.084781, 25.71587], [94.084633, 25.715832], [94.084522, 25.715767], [94.084448, 25.715692], [94.084395, 25.715563], [94.084355, 25.715302], [94.084348, 25.715207], [94.084361, 25.715142], [94.084395, 25.715112], [94.084445, 25.715083], [94.084486, 25.715076], [94.084608, 25.715101], [94.084709, 25.715157], [94.084869, 25.71519], [94.08495, 25.715189], [94.085091, 25.715187], [94.085265, 25.715184], [94.085483, 25.715191], [94.085557, 25.715191], [94.085595, 25.715191], [94.085796, 25.715163], [94.085985, 25.715163], [94.086122, 25.715175], [94.086211, 25.715168], [94.086296, 25.715083], [94.086355, 25.714999], [94.086448, 25.714896], [94.086571, 25.714859], [94.08665, 25.714791], [94.086741, 25.714686], [94.08679, 25.714424], [94.086814, 25.71428], [94.086833, 25.714235], [94.086867, 25.714197], [94.086908, 25.71417], [94.086979, 25.71415], [94.087062, 25.71414], [94.087209, 25.714136], [94.087382, 25.714123], [94.087521, 25.714109], [94.087662, 25.714069], [94.087768, 25.714048], [94.087902, 25.714031], [94.088032, 25.714023], [94.088134, 25.714012], [94.088349, 25.713981], [94.088501, 25.71395], [94.088594, 25.713874], [94.088627, 25.713773], [94.088617, 25.713659], [94.088592, 25.71356], [94.08855, 25.713442], [94.088537, 25.713334], [94.088579, 25.713211], [94.088641, 25.713085], [94.088655, 25.712883], [94.088622, 25.712789], [94.088565, 25.712708], [94.08851, 25.712604], [94.08846, 25.712526], [94.088432, 25.712472], [94.088419, 25.712358], [94.08846, 25.712266], [94.088541, 25.712214], [94.088722, 25.712175], [94.088895, 25.712141], [94.089053, 25.712124], [94.089213, 25.71209], [94.089344, 25.712001], [94.089516, 25.711767], [94.089613, 25.71161], [94.089687, 25.711454], [94.089667, 25.711333], [94.08965, 25.711158], [94.089674, 25.711008], [94.089693, 25.710874], [94.08971, 25.710764], [94.089692, 25.710668], [94.089639, 25.710576], [94.089614, 25.710464], [94.089636, 25.710391], [94.089671, 25.710355], [94.089818, 25.710242], [94.089898, 25.710186], [94.08998, 25.710124], [94.0901, 25.709983], [94.090259, 25.709845], [94.090322, 25.709763], [94.090336, 25.709702], [94.090365, 25.709467], [94.090348, 25.70933], [94.090314, 25.709222], [94.090199, 25.708991], [94.090098, 25.708752], [94.090013, 25.708532], [94.090013, 25.708376], [94.090073, 25.708256], [94.090292, 25.708082], [94.090499, 25.707932], [94.090563, 25.707879], [94.090713, 25.707747], [94.090832, 25.707592], [94.090847, 25.707373], [94.090778, 25.707118], [94.090625, 25.706879], [94.090523, 25.706648], [94.090433, 25.706356], [94.090446, 25.706212], [94.090459, 25.706078], [94.090483, 25.705821], [94.090508, 25.705697], [94.090544, 25.705524], [94.09058, 25.705295], [94.090669, 25.704978], [94.090743, 25.704788], [94.090837, 25.704681], [94.090995, 25.704581], [94.091093, 25.704555], [94.091216, 25.704533], [94.091352, 25.704544], [94.09151, 25.704537], [94.091614, 25.704508], [94.091714, 25.704446], [94.09178, 25.704354], [94.091797, 25.704331], [94.091841, 25.704276], [94.09187, 25.704199], [94.091879, 25.704135], [94.091881, 25.70403], [94.091847, 25.703881], [94.091808, 25.703802], [94.091765, 25.703711], [94.091703, 25.703596], [94.091687, 25.703488], [94.091684, 25.703364], [94.091733, 25.703213], [94.091863, 25.703083], [94.092211, 25.702862], [94.092428, 25.702761], [94.092521, 25.702717], [94.092612, 25.702674], [94.092836, 25.702662], [94.092948, 25.702656], [94.093108, 25.702617], [94.093263, 25.702531], [94.093548, 25.702334], [94.093681, 25.702188], [94.09373, 25.702125], [94.093787, 25.702049], [94.093811, 25.701934], [94.093806, 25.701742], [94.093865, 25.701523], [94.094031, 25.701202], [94.094144, 25.700988], [94.094173, 25.700796], [94.094187, 25.700546], [94.094245, 25.700435], [94.094295, 25.700391], [94.094346, 25.700344], [94.094544, 25.700218], [94.094618, 25.70015], [94.094827, 25.699978], [94.095076, 25.699655], [94.095301, 25.699381], [94.095658, 25.699273], [94.09591, 25.699195], [94.096071, 25.699089], [94.096229, 25.698951], [94.096468, 25.698698], [94.096581, 25.698637], [94.096677, 25.698649], [94.096785, 25.698748], [94.096879, 25.698881], [94.09694, 25.698966], [94.097005, 25.69899], [94.097128, 25.699013], [94.097256, 25.698962], [94.097339, 25.69889], [94.097463, 25.698734], [94.097557, 25.698551], [94.097636, 25.698414], [94.097702, 25.698286], [94.097872, 25.698011], [94.097984, 25.697798], [94.098066, 25.697667], [94.098149, 25.697525], [94.098255, 25.69739], [94.098324, 25.697268], [94.098356, 25.697145], [94.098358, 25.696999], [94.098343, 25.696896], [94.098341, 25.696809], [94.0983, 25.696701], [94.098286, 25.696522], [94.098294, 25.696399], [94.098283, 25.696271], [94.098238, 25.696169], [94.098172, 25.696074], [94.098012, 25.695863], [94.097934, 25.695756], [94.097881, 25.695692], [94.097821, 25.69562], [94.097737, 25.695499], [94.097722, 25.695454], [94.097747, 25.695347], [94.097916, 25.695138], [94.098037, 25.695011], [94.09813, 25.694911], [94.098214, 25.694747], [94.098318, 25.694531], [94.098384, 25.694357], [94.098453, 25.694162], [94.098465, 25.69397], [94.098489, 25.693838], [94.098524, 25.693726], [94.098573, 25.693593], [94.09864, 25.693462], [94.098672, 25.693279], [94.098715, 25.693093], [94.098813, 25.692941], [94.098945, 25.69281], [94.099023, 25.692741], [94.099077, 25.692652], [94.099092, 25.69261], [94.099113, 25.692554], [94.099116, 25.69244], [94.099094, 25.692307], [94.098952, 25.692104], [94.098825, 25.692012], [94.098681, 25.691907], [94.098617, 25.691817], [94.098617, 25.691691], [94.098623, 25.691549], [94.098617, 25.691427], [94.098534, 25.691299], [94.098417, 25.691172], [94.098278, 25.691127], [94.098138, 25.691129], [94.097954, 25.691162], [94.097642, 25.691239], [94.097396, 25.691321], [94.097125, 25.691449], [94.097035, 25.691469], [94.096949, 25.691476], [94.096873, 25.691457], [94.096821, 25.691421], [94.0968, 25.691394], [94.096793, 25.691344], [94.096819, 25.691197], [94.096872, 25.690984], [94.096914, 25.690855], [94.09702, 25.690724], [94.097095, 25.690682], [94.097301, 25.690576], [94.097425, 25.690496], [94.097508, 25.69043], [94.097563, 25.690372], [94.097699, 25.690232], [94.097818, 25.690112], [94.097919, 25.68997], [94.098012, 25.689761], [94.098076, 25.689631], [94.098137, 25.689478], [94.098266, 25.689217], [94.098493, 25.688938], [94.098488, 25.688767], [94.098532, 25.688655], [94.098577, 25.688548], [94.098875, 25.688059], [94.098972, 25.687852], [94.099116, 25.687693], [94.099257, 25.687598], [94.099447, 25.687515], [94.099616, 25.68746], [94.099687, 25.687455], [94.099757, 25.687479], [94.099787, 25.687523], [94.099816, 25.687584], [94.099853, 25.687654], [94.099905, 25.687716], [94.099987, 25.687772], [94.100063, 25.687789], [94.100127, 25.687787], [94.10021, 25.687762], [94.100281, 25.687725], [94.100345, 25.687685], [94.100427, 25.687619], [94.100756, 25.687363], [94.101007, 25.687145], [94.101132, 25.687078], [94.101273, 25.687067], [94.101405, 25.687041], [94.101469, 25.687016], [94.1016, 25.686952], [94.101743, 25.686818], [94.101842, 25.686679], [94.101895, 25.686555], [94.101923, 25.68646], [94.101929, 25.686378], [94.101908, 25.686256], [94.101832, 25.686093], [94.101813, 25.685985], [94.101827, 25.685894], [94.101893, 25.685773], [94.101999, 25.685647], [94.102172, 25.685463], [94.102269, 25.685316], [94.102282, 25.685296], [94.102397, 25.685141], [94.102445, 25.685099], [94.102545, 25.685029], [94.1027, 25.684913], [94.102768, 25.684854], [94.10289, 25.684603], [94.102932, 25.684394], [94.102957, 25.684228], [94.102989, 25.684045], [94.103019, 25.683853], [94.10302, 25.683776], [94.102996, 25.683702], [94.102971, 25.68365], [94.102936, 25.683607], [94.102873, 25.683533], [94.102823, 25.683483], [94.102731, 25.683385], [94.102714, 25.683318], [94.102743, 25.683227], [94.102856, 25.683148], [94.102954, 25.683112], [94.103035, 25.683094], [94.103261, 25.683085], [94.103425, 25.683104], [94.103597, 25.683149], [94.103689, 25.683192], [94.103733, 25.683265], [94.103752, 25.683382], [94.103772, 25.683489], [94.103783, 25.683616], [94.103809, 25.683739], [94.103888, 25.683855], [94.103966, 25.683883], [94.104094, 25.683879], [94.104236, 25.683843], [94.104413, 25.683793], [94.104599, 25.68375], [94.10484, 25.683685], [94.105004, 25.68367], [94.105168, 25.683665], [94.105276, 25.683637], [94.105397, 25.683596], [94.105579, 25.683536], [94.105664, 25.683493], [94.105802, 25.683457], [94.105986, 25.683449], [94.106064, 25.68346], [94.106157, 25.683456], [94.106259, 25.683433], [94.106411, 25.683354], [94.106607, 25.683195], [94.106688, 25.683104], [94.106841, 25.682919], [94.10689, 25.682857], [94.106989, 25.682767], [94.107123, 25.682686], [94.10722, 25.682649], [94.107294, 25.682585], [94.107343, 25.68246], [94.107428, 25.68224], [94.107591, 25.681902], [94.107591, 25.681809], [94.107581, 25.681701], [94.107566, 25.681627], [94.10754, 25.681538], [94.107506, 25.681406], [94.107498, 25.681307], [94.107512, 25.681239], [94.107533, 25.681182], [94.107573, 25.681132], [94.107663, 25.681076], [94.107771, 25.681035], [94.107879, 25.681004], [94.107982, 25.680972], [94.108098, 25.680941], [94.108221, 25.680877], [94.108468, 25.680727], [94.1088, 25.680493], [94.108994, 25.680307], [94.109176, 25.680087], [94.10924, 25.679946], [94.109265, 25.679857], [94.109301, 25.679614], [94.109304, 25.679586], [94.10932, 25.67948], [94.109355, 25.679376], [94.109491, 25.679068], [94.109552, 25.678942], [94.109604, 25.678777], [94.109617, 25.678695], [94.109609, 25.67862], [94.109579, 25.678423], [94.109524, 25.678186], [94.109491, 25.677992], [94.109482, 25.677651], [94.109498, 25.677324], [94.109512, 25.677144], [94.109508, 25.677002], [94.109503, 25.676915], [94.109482, 25.676847], [94.109402, 25.67676], [94.10923, 25.676613], [94.109044, 25.676431], [94.108971, 25.676335], [94.108924, 25.676247], [94.108861, 25.676096], [94.108793, 25.675884], [94.108757, 25.675772], [94.108732, 25.675694], [94.108684, 25.675629], [94.108633, 25.675558], [94.108569, 25.675451], [94.108563, 25.675371], [94.108588, 25.67529], [94.108639, 25.675186], [94.108677, 25.6751], [94.108683, 25.674859], [94.108661, 25.674558], [94.108651, 25.674453], [94.108641, 25.674341], [94.108641, 25.674341]]}, "leaflet_coordinates": [[26.144276, 91.736153], [26.144236, 91.736389], [26.144276, 91.73674], [26.144411, 91.737061], [26.144627, 91.737321], [26.144905, 91.737494], [26.145217, 91.737563], [26.145533, 91.737523], [26.145841, 91.737369], [26.145863, 91.737798], [26.146258, 91.737827], [26.146366, 91.737835], [26.146591, 91.737873], [26.146857, 91.737919], [26.146878, 91.737925], [26.147002, 91.737975], [26.147134, 91.738033], [26.147635, 91.738245], [26.147607, 91.738455], [26.147592, 91.73856], [26.147551, 91.738782], [26.147471, 91.739222], [26.147387, 91.739509], [26.147305, 91.739788], [26.147288, 91.739847], [26.147165, 91.740373], [26.147136, 91.740756], [26.146609, 91.740725], [26.146477, 91.740725], [26.14624, 91.740725], [26.146187, 91.740738], [26.145674, 91.740864], [26.145538, 91.740897], [26.145156, 91.741041], [26.144957, 91.741117], [26.144479, 91.741298], [26.14365, 91.741722], [26.143274, 91.741886], [26.143017, 91.741955], [26.142884, 91.74199], [26.142827, 91.741995], [26.142494, 91.742023], [26.142408, 91.74203], [26.142042, 91.741993], [26.141972, 91.741976], [26.141801, 91.741933], [26.141612, 91.741887], [26.141289, 91.741745], [26.140898, 91.74153], [26.140633, 91.741351], [26.13991, 91.740855], [26.139613, 91.740706], [26.139391, 91.740596], [26.139293, 91.740546], [26.138991, 91.74031], [26.138891, 91.740237], [26.138843, 91.740193], [26.138721, 91.740081], [26.137892, 91.739314], [26.13707, 91.738554], [26.136396, 91.737778], [26.136111, 91.737449], [26.135905, 91.737212], [26.135676, 91.736949], [26.135306, 91.736734], [26.135036, 91.73664], [26.134902, 91.736607], [26.134682, 91.736554], [26.134634, 91.736545], [26.134279, 91.736483], [26.134196, 91.736468], [26.133623, 91.736415], [26.133285, 91.736384], [26.133264, 91.736382], [26.132414, 91.736382], [26.132347, 91.736382], [26.131784, 91.736413], [26.131707, 91.736416], [26.131582, 91.73642], [26.131206, 91.736429], [26.130647, 91.736601], [26.130105, 91.736938], [26.130079, 91.736955], [26.129392, 91.737449], [26.12873, 91.738092], [26.128494, 91.738367], [26.128094, 91.738833], [26.12776, 91.739487], [26.127738, 91.73953], [26.127586, 91.739826], [26.127545, 91.739906], [26.127398, 91.740249], [26.127112, 91.740914], [26.126948, 91.741461], [26.126802, 91.742009], [26.12671, 91.742352], [26.126551, 91.743173], [26.126435, 91.743728], [26.126412, 91.743993], [26.126402, 91.744104], [26.126014, 91.745356], [26.125503, 91.747019], [26.125224, 91.747824], [26.124896, 91.748349], [26.124636, 91.748489], [26.123353, 91.748468], [26.123241, 91.748466], [26.123029, 91.748472], [26.122928, 91.74848], [26.121284, 91.748613], [26.121199, 91.74862], [26.120629, 91.748636], [26.120417, 91.748642], [26.119598, 91.748666], [26.118279, 91.748642], [26.118079, 91.748639], [26.118052, 91.748639], [26.117915, 91.748638], [26.116947, 91.748632], [26.116689, 91.748631], [26.116257, 91.748623], [26.115831, 91.748616], [26.115437, 91.748609], [26.115215, 91.748605], [26.114567, 91.748653], [26.114064, 91.748731], [26.11371, 91.748809], [26.113556, 91.748862], [26.113496, 91.748877], [26.113447, 91.748915], [26.112715, 91.749071], [26.112261, 91.749228], [26.111868, 91.749435], [26.111867, 91.750469], [26.111853, 91.750993], [26.111807, 91.752325], [26.111806, 91.752365], [26.111795, 91.752872], [26.111766, 91.754674], [26.111762, 91.755097], [26.111741, 91.756834], [26.11174, 91.756906], [26.111725, 91.758268], [26.111724, 91.758411], [26.111505, 91.758405], [26.111501, 91.758566], [26.111397, 91.765535], [26.111393, 91.767248], [26.111201, 91.776305], [26.1112, 91.777382], [26.111131, 91.778455], [26.111191, 91.77982], [26.111215, 91.781161], [26.111239, 91.782017], [26.111299, 91.783597], [26.11134, 91.784638], [26.111376, 91.786081], [26.111397, 91.788188], [26.111398, 91.788329], [26.111424, 91.78921], [26.111436, 91.789608], [26.111536, 91.791267], [26.111559, 91.791735], [26.111595, 91.792381], [26.111672, 91.79301], [26.1117, 91.793245], [26.111756, 91.793711], [26.112054, 91.795953], [26.112372, 91.798171], [26.112494, 91.799099], [26.11257, 91.799804], [26.112712, 91.801028], [26.112762, 91.801358], [26.112788, 91.801496], [26.112845, 91.801739], [26.112886, 91.801894], [26.112975, 91.802211], [26.113141, 91.802754], [26.11331, 91.803255], [26.113654, 91.804345], [26.114124, 91.805996], [26.114147, 91.806074], [26.114422, 91.807092], [26.114546, 91.807548], [26.11467, 91.807957], [26.114931, 91.808922], [26.115461, 91.810971], [26.115608, 91.811457], [26.115736, 91.811862], [26.115754, 91.811909], [26.115817, 91.812074], [26.115891, 91.812241], [26.116073, 91.812575], [26.116477, 91.813235], [26.117713, 91.815183], [26.117862, 91.815445], [26.117995, 91.815713], [26.11807, 91.81588], [26.11814, 91.816061], [26.118217, 91.816271], [26.118292, 91.816489], [26.118357, 91.816698], [26.11839, 91.816801], [26.118447, 91.817017], [26.1185, 91.817256], [26.118647, 91.818034], [26.118872, 91.819281], [26.118919, 91.819538], [26.119183, 91.820837], [26.119283, 91.821372], [26.11981, 91.824327], [26.119813, 91.824565], [26.119803, 91.824696], [26.119779, 91.824849], [26.119738, 91.825101], [26.119691, 91.82533], [26.119633, 91.82564], [26.119524, 91.826233], [26.119427, 91.826802], [26.119305, 91.827405], [26.11912, 91.82839], [26.118965, 91.82928], [26.118883, 91.829723], [26.118835, 91.830002], [26.118787, 91.830264], [26.118751, 91.830398], [26.118718, 91.830486], [26.118669, 91.830573], [26.118609, 91.830644], [26.11853, 91.830711], [26.118449, 91.830759], [26.118338, 91.830805], [26.11822, 91.830844], [26.118084, 91.8309], [26.11801, 91.830947], [26.11795, 91.831009], [26.117907, 91.831082], [26.117878, 91.831179], [26.117858, 91.831293], [26.117839, 91.831418], [26.117816, 91.831559], [26.117779, 91.831694], [26.117744, 91.831801], [26.117696, 91.831901], [26.117644, 91.831971], [26.117587, 91.83202], [26.117529, 91.832047], [26.117456, 91.832055], [26.117395, 91.832047], [26.117333, 91.832023], [26.117284, 91.831995], [26.11723, 91.831945], [26.117188, 91.831897], [26.117111, 91.831797], [26.11705, 91.83172], [26.117002, 91.831669], [26.116957, 91.831633], [26.116917, 91.831612], [26.11686, 91.831601], [26.116798, 91.8316], [26.116749, 91.83161], [26.116698, 91.831637], [26.116659, 91.831678], [26.116631, 91.831723], [26.116615, 91.831776], [26.116612, 91.831831], [26.116618, 91.831892], [26.116643, 91.831967], [26.116673, 91.832021], [26.116761, 91.832154], [26.116852, 91.832283], [26.116902, 91.832376], [26.11693, 91.832432], [26.116946, 91.832477], [26.116957, 91.832519], [26.116963, 91.832575], [26.11696, 91.832625], [26.116941, 91.832699], [26.116919, 91.832753], [26.116884, 91.83281], [26.116825, 91.832876], [26.116764, 91.832929], [26.116678, 91.83299], [26.116596, 91.833028], [26.116478, 91.833051], [26.116368, 91.833067], [26.116273, 91.833089], [26.116168, 91.833125], [26.116076, 91.833173], [26.116014, 91.833232], [26.115975, 91.833287], [26.11594, 91.833354], [26.11592, 91.833416], [26.115905, 91.833489], [26.115894, 91.833573], [26.115901, 91.833668], [26.115919, 91.833783], [26.115931, 91.833881], [26.115934, 91.833941], [26.115929, 91.833994], [26.115911, 91.834055], [26.115886, 91.834105], [26.115852, 91.834152], [26.115808, 91.834191], [26.115736, 91.834231], [26.115621, 91.834269], [26.115496, 91.834316], [26.115381, 91.834369], [26.115284, 91.834434], [26.115188, 91.834493], [26.115098, 91.834538], [26.114996, 91.83456], [26.114905, 91.83456], [26.114773, 91.834548], [26.114645, 91.834525], [26.114552, 91.834514], [26.114474, 91.834514], [26.114408, 91.83453], [26.114352, 91.834576], [26.114315, 91.834632], [26.114286, 91.834701], [26.114268, 91.834803], [26.11424, 91.834921], [26.1142, 91.835027], [26.114162, 91.835111], [26.114115, 91.835181], [26.114046, 91.835249], [26.113982, 91.835296], [26.113892, 91.835331], [26.113796, 91.835358], [26.113678, 91.835391], [26.113556, 91.835425], [26.113448, 91.835481], [26.113364, 91.83555], [26.113303, 91.835614], [26.113239, 91.835696], [26.113227, 91.835717], [26.113186, 91.83579], [26.113144, 91.835906], [26.11311, 91.836018], [26.113069, 91.836137], [26.113022, 91.836254], [26.112975, 91.836338], [26.112906, 91.836439], [26.112801, 91.83661], [26.11276, 91.836691], [26.112705, 91.836797], [26.112659, 91.836884], [26.112589, 91.836977], [26.112503, 91.837065], [26.112384, 91.837193], [26.112313, 91.837278], [26.112248, 91.837394], [26.112196, 91.837518], [26.112161, 91.837644], [26.112141, 91.837817], [26.11214, 91.837974], [26.112141, 91.838131], [26.112139, 91.838287], [26.112122, 91.838491], [26.112098, 91.838644], [26.112057, 91.838787], [26.112004, 91.838931], [26.111948, 91.839046], [26.111869, 91.839214], [26.111756, 91.83944], [26.111669, 91.839617], [26.11157, 91.839794], [26.111492, 91.839912], [26.111416, 91.839998], [26.11131, 91.840093], [26.111168, 91.840186], [26.111044, 91.840266], [26.110943, 91.840348], [26.110854, 91.840438], [26.110751, 91.840565], [26.110669, 91.840687], [26.11062, 91.840789], [26.110578, 91.840923], [26.110562, 91.841088], [26.110561, 91.841261], [26.110565, 91.841422], [26.11056, 91.841547], [26.110541, 91.841662], [26.110513, 91.841758], [26.110463, 91.841868], [26.110367, 91.842034], [26.110285, 91.842175], [26.110224, 91.842291], [26.110152, 91.84246], [26.110101, 91.842604], [26.110055, 91.842776], [26.110007, 91.842995], [26.109944, 91.843284], [26.109836, 91.84381], [26.109772, 91.844105], [26.109725, 91.84426], [26.109679, 91.844369], [26.109624, 91.844459], [26.109547, 91.844555], [26.109449, 91.844683], [26.10937, 91.844809], [26.109297, 91.844953], [26.109233, 91.845109], [26.109176, 91.845283], [26.109151, 91.845418], [26.109145, 91.845562], [26.109154, 91.845706], [26.109183, 91.845841], [26.109207, 91.845951], [26.109232, 91.846065], [26.109236, 91.846179], [26.109227, 91.846288], [26.109201, 91.846383], [26.109156, 91.846468], [26.109088, 91.846576], [26.108981, 91.846714], [26.108773, 91.846997], [26.108614, 91.84728], [26.108464, 91.847605], [26.108325, 91.847905], [26.108243, 91.84809], [26.108197, 91.848224], [26.108171, 91.848346], [26.108163, 91.848475], [26.108177, 91.848628], [26.108219, 91.848798], [26.108274, 91.848966], [26.108358, 91.849234], [26.10846, 91.849536], [26.108525, 91.84974], [26.108581, 91.849917], [26.108613, 91.850047], [26.108637, 91.85017], [26.108656, 91.850325], [26.108664, 91.850546], [26.108667, 91.850751], [26.108666, 91.850837], [26.108664, 91.850955], [26.108657, 91.85117], [26.108638, 91.851341], [26.108616, 91.851451], [26.108581, 91.851556], [26.108543, 91.851636], [26.108472, 91.851739], [26.108391, 91.851829], [26.108239, 91.851986], [26.108095, 91.852144], [26.10793, 91.85232], [26.107481, 91.852799], [26.107276, 91.853012], [26.107137, 91.853158], [26.107014, 91.853291], [26.106872, 91.853449], [26.106765, 91.853573], [26.106683, 91.853681], [26.106572, 91.853846], [26.106453, 91.854054], [26.106332, 91.854294], [26.106224, 91.85452], [26.106115, 91.854733], [26.105998, 91.854962], [26.105843, 91.855275], [26.105817, 91.855325], [26.105678, 91.855601], [26.105549, 91.855851], [26.105413, 91.856113], [26.105253, 91.85642], [26.105051, 91.856817], [26.104852, 91.857211], [26.104619, 91.857681], [26.104497, 91.857947], [26.104413, 91.85815], [26.104326, 91.85837], [26.104264, 91.858527], [26.104194, 91.858697], [26.104124, 91.85883], [26.104066, 91.858929], [26.103993, 91.859028], [26.103928, 91.859124], [26.10387, 91.859228], [26.103829, 91.859327], [26.10381, 91.859429], [26.1038, 91.85958], [26.103803, 91.859719], [26.103801, 91.859828], [26.103791, 91.859942], [26.103763, 91.860046], [26.103716, 91.86014], [26.103644, 91.860255], [26.103481, 91.860478], [26.103347, 91.860648], [26.103127, 91.860925], [26.102944, 91.861154], [26.102892, 91.861252], [26.102869, 91.861343], [26.102863, 91.861446], [26.102869, 91.861579], [26.102872, 91.861707], [26.102864, 91.861854], [26.102833, 91.861994], [26.102799, 91.862124], [26.102763, 91.862244], [26.102739, 91.862357], [26.102727, 91.862479], [26.102733, 91.862612], [26.102762, 91.862735], [26.102799, 91.862852], [26.102832, 91.862956], [26.102849, 91.863053], [26.102852, 91.863166], [26.102837, 91.863274], [26.102802, 91.86338], [26.10276, 91.863469], [26.102685, 91.863581], [26.102561, 91.863757], [26.102435, 91.863917], [26.102313, 91.864047], [26.102201, 91.864135], [26.102085, 91.86422], [26.101923, 91.864338], [26.101791, 91.864441], [26.101702, 91.864522], [26.101641, 91.864606], [26.101587, 91.864719], [26.101522, 91.864892], [26.101472, 91.86501], [26.101425, 91.865101], [26.101382, 91.865168], [26.101308, 91.865239], [26.101205, 91.86532], [26.100974, 91.865464], [26.100726, 91.865632], [26.100652, 91.86569], [26.100605, 91.865745], [26.100574, 91.865797], [26.100552, 91.865857], [26.100539, 91.865927], [26.100539, 91.865996], [26.100551, 91.866067], [26.100571, 91.866124], [26.1006, 91.866172], [26.100635, 91.86621], [26.100673, 91.866245], [26.100714, 91.866271], [26.100757, 91.86629], [26.10081, 91.866302], [26.100863, 91.866303], [26.100914, 91.866297], [26.100966, 91.866274], [26.101036, 91.866237], [26.101096, 91.866203], [26.101155, 91.86618], [26.101218, 91.86617], [26.101277, 91.866174], [26.10134, 91.866191], [26.101389, 91.866218], [26.101425, 91.86625], [26.101463, 91.866292], [26.101491, 91.866334], [26.101515, 91.866381], [26.101532, 91.866432], [26.101541, 91.86649], [26.101546, 91.86658], [26.101535, 91.866679], [26.101499, 91.86683], [26.10144, 91.867074], [26.101402, 91.867264], [26.101377, 91.867365], [26.101337, 91.867483], [26.101294, 91.867569], [26.101246, 91.867641], [26.101174, 91.867724], [26.101065, 91.867827], [26.100934, 91.867951], [26.1008, 91.868084], [26.1006, 91.868281], [26.100477, 91.868413], [26.10038, 91.868523], [26.100325, 91.868608], [26.100293, 91.868676], [26.100276, 91.868727], [26.100268, 91.868776], [26.100267, 91.86884], [26.100272, 91.868923], [26.100279, 91.868989], [26.100287, 91.869077], [26.10031, 91.86926], [26.100322, 91.869393], [26.100323, 91.869509], [26.100321, 91.869639], [26.100316, 91.869749], [26.100305, 91.869881], [26.100297, 91.87005], [26.100303, 91.870177], [26.100326, 91.8703], [26.100361, 91.870425], [26.100414, 91.870601], [26.100459, 91.87077], [26.100504, 91.870944], [26.100561, 91.871118], [26.1006, 91.871259], [26.100635, 91.871403], [26.100663, 91.871577], [26.100679, 91.871723], [26.100699, 91.871853], [26.100727, 91.871987], [26.100754, 91.872111], [26.100787, 91.872237], [26.100801, 91.872327], [26.100807, 91.872416], [26.100799, 91.872523], [26.100787, 91.872599], [26.100765, 91.872678], [26.100734, 91.872795], [26.100705, 91.872921], [26.100691, 91.87307], [26.100688, 91.873243], [26.100687, 91.873405], [26.100673, 91.873554], [26.100651, 91.87368], [26.100624, 91.873768], [26.100587, 91.87387], [26.100511, 91.874027], [26.100411, 91.87422], [26.100325, 91.874401], [26.100216, 91.874643], [26.100049, 91.875002], [26.099897, 91.875301], [26.099726, 91.875612], [26.099645, 91.875769], [26.099592, 91.875913], [26.09957, 91.875981], [26.099551, 91.876085], [26.099526, 91.876251], [26.099518, 91.876402], [26.099533, 91.876554], [26.09956, 91.876689], [26.099589, 91.876841], [26.099666, 91.877148], [26.09976, 91.877547], [26.099814, 91.87782], [26.099865, 91.878088], [26.099902, 91.878355], [26.099936, 91.878501], [26.099973, 91.878597], [26.100002, 91.878646], [26.100033, 91.878698], [26.100134, 91.878819], [26.100208, 91.878929], [26.100253, 91.879011], [26.100279, 91.879094], [26.100282, 91.879216], [26.100276, 91.879343], [26.100242, 91.879475], [26.100202, 91.879582], [26.100176, 91.879673], [26.100168, 91.879735], [26.100171, 91.879797], [26.100182, 91.87985], [26.100217, 91.879913], [26.100257, 91.879955], [26.100307, 91.879987], [26.100373, 91.880004], [26.100435, 91.880001], [26.100487, 91.87998], [26.100537, 91.879944], [26.100591, 91.87988], [26.100644, 91.879803], [26.100739, 91.879656], [26.100909, 91.879429], [26.101078, 91.87926], [26.101197, 91.879171], [26.101311, 91.879106], [26.101405, 91.879068], [26.101533, 91.879042], [26.101677, 91.87904], [26.10176, 91.879054], [26.101844, 91.87909], [26.101908, 91.879157], [26.101961, 91.879231], [26.10199, 91.879382], [26.101986, 91.879467], [26.101969, 91.879534], [26.101933, 91.879595], [26.101896, 91.879647], [26.101843, 91.879691], [26.101754, 91.879743], [26.101661, 91.879789], [26.101581, 91.879848], [26.101509, 91.879925], [26.101459, 91.880011], [26.101436, 91.880118], [26.101436, 91.880212], [26.101462, 91.880314], [26.101527, 91.880446], [26.101609, 91.880585], [26.101678, 91.88069], [26.101732, 91.880755], [26.101803, 91.880821], [26.101899, 91.880857], [26.101976, 91.880862], [26.102106, 91.880822], [26.102288, 91.88075], [26.102421, 91.880716], [26.102538, 91.880714], [26.102651, 91.880745], [26.102734, 91.880792], [26.102811, 91.880867], [26.102887, 91.88097], [26.102941, 91.881087], [26.102972, 91.881252], [26.102978, 91.881412], [26.102961, 91.881555], [26.102929, 91.881677], [26.102893, 91.881756], [26.102845, 91.881822], [26.102771, 91.881881], [26.102704, 91.881908], [26.102637, 91.881911], [26.10255, 91.881898], [26.102464, 91.881864], [26.102371, 91.881831], [26.102304, 91.881826], [26.102223, 91.881845], [26.10216, 91.881886], [26.102101, 91.881957], [26.102044, 91.882082], [26.101993, 91.882235], [26.101969, 91.88241], [26.101964, 91.882505], [26.101989, 91.882608], [26.10202, 91.882682], [26.10208, 91.882766], [26.102154, 91.882869], [26.102189, 91.882941], [26.102216, 91.883039], [26.102216, 91.883137], [26.10222, 91.883285], [26.102242, 91.883383], [26.102271, 91.883467], [26.102322, 91.883541], [26.102384, 91.883606], [26.102453, 91.883651], [26.102547, 91.883672], [26.102629, 91.883679], [26.102757, 91.883689], [26.102833, 91.883711], [26.102896, 91.883758], [26.102945, 91.883818], [26.102998, 91.883933], [26.103058, 91.884082], [26.103123, 91.884213], [26.103168, 91.884296], [26.10321, 91.884378], [26.103243, 91.884457], [26.103256, 91.884537], [26.103253, 91.884631], [26.103233, 91.884754], [26.103207, 91.884864], [26.103199, 91.884943], [26.103206, 91.885001], [26.103235, 91.88509], [26.103277, 91.885166], [26.10332, 91.885221], [26.103403, 91.885297], [26.103466, 91.885352], [26.10352, 91.885407], [26.103562, 91.885463], [26.103625, 91.88555], [26.103677, 91.885615], [26.103719, 91.885652], [26.103791, 91.885694], [26.103865, 91.885725], [26.104032, 91.885784], [26.10414, 91.885839], [26.104271, 91.88594], [26.104402, 91.886066], [26.10453, 91.886186], [26.104694, 91.886354], [26.104868, 91.886556], [26.104975, 91.886712], [26.105083, 91.886846], [26.105172, 91.886933], [26.105268, 91.887006], [26.105371, 91.88705], [26.105464, 91.887068], [26.105563, 91.887057], [26.10564, 91.88703], [26.105728, 91.88698], [26.105782, 91.886918], [26.105827, 91.886834], [26.105848, 91.886761], [26.105861, 91.886681], [26.105875, 91.886552], [26.105898, 91.886487], [26.105939, 91.886409], [26.106001, 91.886332], [26.106074, 91.886274], [26.10618, 91.886225], [26.106256, 91.886193], [26.106313, 91.886153], [26.106362, 91.886085], [26.106413, 91.885988], [26.106466, 91.885875], [26.106557, 91.885758], [26.106706, 91.885617], [26.106776, 91.885576], [26.106861, 91.885548], [26.107027, 91.885512], [26.107195, 91.885474], [26.107379, 91.885456], [26.107513, 91.885454], [26.107626, 91.885486], [26.107711, 91.885531], [26.107813, 91.885602], [26.107896, 91.885664], [26.107936, 91.885691], [26.10797, 91.885713], [26.10803, 91.885749], [26.108092, 91.885768], [26.108178, 91.88577], [26.108243, 91.885751], [26.108316, 91.885708], [26.108436, 91.885639], [26.108572, 91.885583], [26.108773, 91.885526], [26.108992, 91.885473], [26.109269, 91.885452], [26.109428, 91.885444], [26.10964, 91.88545], [26.109776, 91.885459], [26.109879, 91.88549], [26.109984, 91.885547], [26.110041, 91.885602], [26.110134, 91.885729], [26.110282, 91.885945], [26.110495, 91.886256], [26.110637, 91.88648], [26.110709, 91.886614], [26.110749, 91.886717], [26.110768, 91.88682], [26.110766, 91.886928], [26.110748, 91.88704], [26.1107, 91.887171], [26.11062, 91.887317], [26.110527, 91.887452], [26.110498, 91.887521], [26.110484, 91.887605], [26.110493, 91.887676], [26.110521, 91.887741], [26.110589, 91.887819], [26.110669, 91.887867], [26.110769, 91.88792], [26.110839, 91.887971], [26.110908, 91.888056], [26.110976, 91.888171], [26.11105, 91.888312], [26.111169, 91.888527], [26.111254, 91.888688], [26.11135, 91.888819], [26.111488, 91.888974], [26.111646, 91.889111], [26.111799, 91.889212], [26.11189, 91.889271], [26.11197, 91.889307], [26.112058, 91.889329], [26.112129, 91.889329], [26.112195, 91.889312], [26.112254, 91.889269], [26.11233, 91.889173], [26.112408, 91.889063], [26.112462, 91.889016], [26.112521, 91.888972], [26.112615, 91.888946], [26.112688, 91.888942], [26.112766, 91.888961], [26.112845, 91.889006], [26.11291, 91.889066], [26.112953, 91.889145], [26.112985, 91.889255], [26.113015, 91.889434], [26.113056, 91.889558], [26.113101, 91.889652], [26.113146, 91.889728], [26.113212, 91.889788], [26.113302, 91.889872], [26.11336, 91.889932], [26.113397, 91.889977], [26.113427, 91.890037], [26.113462, 91.89012], [26.113485, 91.890227], [26.113495, 91.890335], [26.113505, 91.890481], [26.113518, 91.890596], [26.113542, 91.89068], [26.113577, 91.890754], [26.113652, 91.890835], [26.113708, 91.890892], [26.113761, 91.890951], [26.113806, 91.891009], [26.113853, 91.891091], [26.113897, 91.891201], [26.113934, 91.891344], [26.113974, 91.891471], [26.114027, 91.891586], [26.114082, 91.891695], [26.11415, 91.891816], [26.114252, 91.891991], [26.11438, 91.892216], [26.114686, 91.892782], [26.11492, 91.89318], [26.114993, 91.893273], [26.115061, 91.893335], [26.115172, 91.893399], [26.115427, 91.89352], [26.116272, 91.893909], [26.117717, 91.894694], [26.11786, 91.894778], [26.118004, 91.89488], [26.118144, 91.894985], [26.11825, 91.895071], [26.118284, 91.895099], [26.118411, 91.895215], [26.118534, 91.895341], [26.118652, 91.895477], [26.118762, 91.895626], [26.118859, 91.895761], [26.118949, 91.895913], [26.11904, 91.896068], [26.119125, 91.896239], [26.119197, 91.896394], [26.119261, 91.896574], [26.119379, 91.896933], [26.119672, 91.898046], [26.119771, 91.898372], [26.12058, 91.901415], [26.120663, 91.901834], [26.120717, 91.902292], [26.120735, 91.902738], [26.120728, 91.903204], [26.120702, 91.905639], [26.120718, 91.907901], [26.120706, 91.909151], [26.120699, 91.909836], [26.120678, 91.91055], [26.12061, 91.91193], [26.120597, 91.912526], [26.120599, 91.913123], [26.120603, 91.914378], [26.120606, 91.915294], [26.120608, 91.916243], [26.120617, 91.91904], [26.120634, 91.919436], [26.120661, 91.919738], [26.120705, 91.920051], [26.121792, 91.926571], [26.121966, 91.927621], [26.122187, 91.928946], [26.122242, 91.92928], [26.122279, 91.929503], [26.122287, 91.92955], [26.122329, 91.929856], [26.122337, 91.929924], [26.122364, 91.930177], [26.122386, 91.930486], [26.122384, 91.930827], [26.122364, 91.931136], [26.122333, 91.93146], [26.122289, 91.931758], [26.122225, 91.93208], [26.122038, 91.932896], [26.121914, 91.93344], [26.121841, 91.933804], [26.121772, 91.934192], [26.121718, 91.934569], [26.121673, 91.934961], [26.121572, 91.935884], [26.121498, 91.936774], [26.121471, 91.9371], [26.121415, 91.937773], [26.121405, 91.937896], [26.121381, 91.93819], [26.121372, 91.938278], [26.121175, 91.940288], [26.121166, 91.940388], [26.121151, 91.940535], [26.121081, 91.941066], [26.121047, 91.941272], [26.121006, 91.941521], [26.12091, 91.942024], [26.120697, 91.942974], [26.120029, 91.945956], [26.119779, 91.947073], [26.119495, 91.948341], [26.119402, 91.948808], [26.119177, 91.949948], [26.118918, 91.951258], [26.118822, 91.951742], [26.118765, 91.952086], [26.118712, 91.952451], [26.118658, 91.952945], [26.118534, 91.954682], [26.118491, 91.955129], [26.118243, 91.95775], [26.118168, 91.95893], [26.118103, 91.959952], [26.118069, 91.960967], [26.118055, 91.961784], [26.118043, 91.962889], [26.118024, 91.964345], [26.11802, 91.964637], [26.118026, 91.96488], [26.11804, 91.965115], [26.11807, 91.965354], [26.118122, 91.965602], [26.118177, 91.965826], [26.118257, 91.966059], [26.118344, 91.96627], [26.118444, 91.966486], [26.118553, 91.966676], [26.118675, 91.966866], [26.118801, 91.967041], [26.118945, 91.967211], [26.119088, 91.967368], [26.119245, 91.967518], [26.119586, 91.967805], [26.120528, 91.968562], [26.120736, 91.968757], [26.120944, 91.96898], [26.121129, 91.969204], [26.121304, 91.969457], [26.121451, 91.969735], [26.121583, 91.970031], [26.121691, 91.970341], [26.121777, 91.97067], [26.122296, 91.973188], [26.122431, 91.973816], [26.122502, 91.97421], [26.122534, 91.974409], [26.122563, 91.974626], [26.122575, 91.974831], [26.122565, 91.975049], [26.122547, 91.975269], [26.12251, 91.975517], [26.122464, 91.975722], [26.122402, 91.975935], [26.122335, 91.976128], [26.122243, 91.976346], [26.122151, 91.976515], [26.122031, 91.976692], [26.121916, 91.976852], [26.121775, 91.977024], [26.121423, 91.97733], [26.120943, 91.977707], [26.119651, 91.978681], [26.119438, 91.97885], [26.119193, 91.979096], [26.119054, 91.979272], [26.118922, 91.9795], [26.118794, 91.979776], [26.118691, 91.980117], [26.118651, 91.980317], [26.118626, 91.98053], [26.118621, 91.980738], [26.118626, 91.980946], [26.118653, 91.981139], [26.118695, 91.981326], [26.118815, 91.981715], [26.119317, 91.982821], [26.11949, 91.983357], [26.119533, 91.983598], [26.119543, 91.983884], [26.119526, 91.984178], [26.119372, 91.985239], [26.119188, 91.986802], [26.119057, 91.987953], [26.118912, 91.988837], [26.118734, 91.989764], [26.118502, 91.990806], [26.118455, 91.991133], [26.118428, 91.991468], [26.118426, 91.991792], [26.118434, 91.992218], [26.118502, 91.992792], [26.118619, 91.993579], [26.118773, 91.994497], [26.118841, 91.995002], [26.118866, 91.995395], [26.118866, 91.99582], [26.118866, 91.99614], [26.118846, 91.996719], [26.118829, 91.997073], [26.118812, 91.99751], [26.118798, 91.997881], [26.118786, 91.998243], [26.118796, 91.998357], [26.118814, 91.998555], [26.118841, 91.998831], [26.118895, 91.999132], [26.118994, 91.999484], [26.119091, 91.99985], [26.11915, 92.000008], [26.119205, 92.000136], [26.119347, 92.000421], [26.119633, 92.000967], [26.119898, 92.001392], [26.12014, 92.00177], [26.120306, 92.002038], [26.120485, 92.002328], [26.120755, 92.002767], [26.121003, 92.003167], [26.1212, 92.003481], [26.121309, 92.003655], [26.121382, 92.003798], [26.121464, 92.003988], [26.121488, 92.004047], [26.121575, 92.004289], [26.121687, 92.004684], [26.121764, 92.005034], [26.121779, 92.0051], [26.121884, 92.005578], [26.121949, 92.006028], [26.122014, 92.006623], [26.122023, 92.006987], [26.122021, 92.00724], [26.12202, 92.00751], [26.122014, 92.008097], [26.122026, 92.008421], [26.122045, 92.008754], [26.122091, 92.009063], [26.122159, 92.009393], [26.12231, 92.009881], [26.122446, 92.010256], [26.122594, 92.010686], [26.122693, 92.011057], [26.122801, 92.011552], [26.122872, 92.011909], [26.122909, 92.012225], [26.122921, 92.012473], [26.122933, 92.01272], [26.122902, 92.013057], [26.122874, 92.013214], [26.122838, 92.013363], [26.122788, 92.013533], [26.122739, 92.013703], [26.122658, 92.01394], [26.122563, 92.014219], [26.122427, 92.014628], [26.122362, 92.014865], [26.122322, 92.015147], [26.122313, 92.015384], [26.122343, 92.015777], [26.122396, 92.016181], [26.122501, 92.016683], [26.122625, 92.017212], [26.12272, 92.017615], [26.122804, 92.018003], [26.122835, 92.018206], [26.122853, 92.018532], [26.122853, 92.018886], [26.122822, 92.019244], [26.122727, 92.019927], [26.122671, 92.020322], [26.12264, 92.020539], [26.122569, 92.021124], [26.122526, 92.02154], [26.122506, 92.021894], [26.122511, 92.022164], [26.122514, 92.022306], [26.122548, 92.022619], [26.122589, 92.022909], [26.122674, 92.023358], [26.122814, 92.024052], [26.122908, 92.024542], [26.12297, 92.024865], [26.123023, 92.02519], [26.123054, 92.025423], [26.123075, 92.025673], [26.123089, 92.02582], [26.123102, 92.025959], [26.123109, 92.026321], [26.12311, 92.026687], [26.12311, 92.026776], [26.123066, 92.027489], [26.123051, 92.028061], [26.123041, 92.028431], [26.123014, 92.028977], [26.123005, 92.029629], [26.123017, 92.02994], [26.123026, 92.030184], [26.12306, 92.030723], [26.123072, 92.030842], [26.123112, 92.031253], [26.123202, 92.031964], [26.123316, 92.032782], [26.123345, 92.032973], [26.123393, 92.033318], [26.123442, 92.03369], [26.123492, 92.034157], [26.123504, 92.03471], [26.123507, 92.035047], [26.123501, 92.03546], [26.123476, 92.035937], [26.123433, 92.036993], [26.123381, 92.038398], [26.123353, 92.039285], [26.123331, 92.039589], [26.123297, 92.040151], [26.123273, 92.040461], [26.123242, 92.040701], [26.123189, 92.040986], [26.122933, 92.041966], [26.122621, 92.043092], [26.122578, 92.043233], [26.122344, 92.044], [26.122221, 92.044373], [26.122088, 92.044699], [26.122049, 92.044787], [26.121644, 92.04569], [26.121404, 92.04626], [26.121149, 92.046899], [26.120954, 92.047447], [26.120791, 92.047913], [26.120424, 92.048962], [26.120204, 92.049473], [26.120057, 92.049783], [26.119827, 92.050175], [26.119361, 92.050989], [26.11904, 92.051464], [26.118935, 92.05162], [26.118405, 92.052421], [26.118213, 92.052693], [26.117947, 92.053032], [26.117791, 92.053224], [26.117572, 92.053454], [26.11725, 92.053746], [26.116913, 92.054034], [26.116669, 92.054253], [26.116249, 92.054631], [26.115921, 92.055135], [26.115825, 92.055336], [26.115728, 92.055575], [26.115657, 92.0559], [26.115616, 92.056268], [26.115562, 92.056988], [26.11552, 92.057318], [26.115482, 92.057546], [26.115436, 92.057743], [26.11536, 92.057948], [26.115278, 92.058132], [26.115157, 92.058337], [26.114944, 92.058608], [26.11481, 92.058766], [26.114629, 92.058977], [26.11416, 92.059499], [26.113903, 92.059813], [26.113855, 92.059872], [26.113239, 92.060643], [26.113045, 92.060912], [26.112596, 92.061531], [26.112466, 92.061745], [26.112351, 92.061983], [26.112259, 92.062229], [26.112183, 92.062495], [26.112137, 92.062813], [26.112133, 92.063099], [26.112151, 92.063402], [26.112209, 92.063755], [26.112268, 92.064011], [26.11234, 92.064267], [26.112568, 92.06514], [26.112919, 92.066479], [26.113059, 92.067009], [26.113209, 92.067534], [26.113435, 92.068251], [26.11345, 92.0683], [26.113636, 92.06883], [26.114033, 92.069968], [26.114483, 92.071232], [26.11462, 92.071613], [26.114658, 92.071727], [26.114698, 92.071848], [26.114765, 92.072102], [26.114827, 92.07244], [26.114878, 92.072867], [26.114901, 92.073118], [26.114915, 92.07334], [26.114921, 92.073438], [26.114944, 92.073769], [26.114956, 92.073935], [26.11497, 92.074171], [26.114983, 92.074532], [26.114974, 92.074854], [26.114959, 92.075048], [26.114912, 92.075379], [26.114895, 92.075475], [26.114852, 92.075712], [26.114791, 92.076167], [26.114259, 92.079125], [26.113889, 92.081254], [26.11385, 92.081595], [26.11383, 92.081874], [26.113836, 92.08206], [26.113858, 92.08225], [26.113904, 92.082483], [26.113977, 92.082736], [26.114071, 92.08296], [26.114185, 92.083165], [26.114405, 92.083473], [26.115181, 92.084452], [26.11562, 92.085112], [26.115904, 92.085556], [26.116065, 92.085845], [26.116166, 92.086097], [26.116237, 92.086304], [26.11629, 92.086507], [26.116327, 92.086746], [26.116339, 92.086979], [26.116328, 92.087202], [26.116216, 92.088542], [26.116203, 92.088757], [26.116204, 92.08901], [26.116219, 92.089262], [26.116287, 92.089709], [26.116433, 92.090352], [26.11679, 92.091927], [26.117095, 92.093271], [26.117231, 92.093802], [26.117361, 92.094196], [26.117394, 92.094286], [26.11749, 92.094545], [26.118013, 92.09566], [26.118254, 92.096173], [26.118414, 92.096602], [26.11846, 92.096783], [26.118538, 92.097083], [26.118816, 92.098984], [26.118939, 92.099818], [26.118972, 92.100146], [26.118976, 92.100409], [26.118977, 92.100486], [26.11896, 92.100824], [26.118912, 92.10117], [26.118845, 92.101481], [26.118744, 92.101806], [26.118623, 92.102101], [26.118477, 92.102418], [26.118135, 92.102973], [26.117712, 92.10366], [26.117501, 92.104004], [26.116656, 92.105301], [26.115983, 92.106197], [26.115954, 92.106234], [26.113159, 92.109812], [26.112114, 92.111186], [26.111543, 92.112048], [26.111452, 92.112178], [26.110869, 92.113164], [26.110306, 92.114095], [26.109893, 92.11478], [26.109447, 92.115543], [26.10904, 92.116242], [26.108799, 92.11664], [26.108449, 92.117249], [26.108184, 92.117736], [26.108091, 92.117907], [26.10793, 92.118307], [26.107785, 92.118668], [26.107718, 92.118916], [26.107659, 92.119233], [26.107594, 92.119738], [26.107566, 92.120134], [26.107505, 92.12098], [26.107373, 92.122659], [26.107296, 92.123604], [26.107295, 92.123624], [26.107205, 92.124493], [26.107185, 92.12469], [26.107036, 92.125942], [26.106861, 92.127322], [26.106826, 92.127547], [26.106686, 92.12821], [26.106525, 92.12882], [26.106456, 92.129095], [26.106396, 92.129332], [26.105856, 92.131029], [26.105628, 92.131744], [26.105187, 92.133147], [26.104859, 92.134405], [26.10442, 92.135671], [26.103364, 92.13988], [26.103252, 92.140587], [26.103226, 92.14095], [26.103009, 92.144912], [26.103007, 92.145636], [26.103079, 92.146486], [26.103209, 92.147776], [26.103243, 92.148191], [26.103399, 92.150064], [26.103963, 92.155254], [26.104254, 92.157596], [26.104591, 92.16019], [26.104662, 92.160892], [26.104742, 92.161348], [26.104793, 92.161563], [26.104861, 92.161775], [26.10493, 92.161975], [26.105017, 92.16218], [26.105216, 92.162591], [26.105325, 92.162787], [26.10545, 92.162984], [26.105716, 92.163345], [26.106247, 92.1639], [26.107043, 92.164723], [26.10725, 92.164937], [26.107497, 92.165223], [26.107634, 92.165363], [26.108226, 92.166], [26.108476, 92.166206], [26.108727, 92.166452], [26.109117, 92.166908], [26.109174, 92.166984], [26.109247, 92.167083], [26.109327, 92.167189], [26.109488, 92.167405], [26.109884, 92.168055], [26.110351, 92.168821], [26.110575, 92.169259], [26.110702, 92.169557], [26.110713, 92.16976], [26.110838, 92.170209], [26.110927, 92.170595], [26.111081, 92.171679], [26.111082, 92.171379], [26.111359, 92.173402], [26.111499, 92.174343], [26.111639, 92.175534], [26.111764, 92.176323], [26.112006, 92.177397], [26.112034, 92.177442], [26.11227, 92.17842], [26.112494, 92.179249], [26.112735, 92.180094], [26.113072, 92.18099], [26.113513, 92.182125], [26.11505, 92.185484], [26.116073, 92.187838], [26.116414, 92.188515], [26.116966, 92.189542], [26.117244, 92.19004], [26.117774, 92.191002], [26.1182, 92.191847], [26.118909, 92.193296], [26.11907, 92.193627], [26.119214, 92.193955], [26.119377, 92.194377], [26.119517, 92.194814], [26.119649, 92.195251], [26.119756, 92.195717], [26.120021, 92.197272], [26.120086, 92.197604], [26.120631, 92.199868], [26.120757, 92.200412], [26.120805, 92.200714], [26.12085, 92.201013], [26.120877, 92.201335], [26.120883, 92.201604], [26.120863, 92.202089], [26.120817, 92.20272], [26.120792, 92.203777], [26.120783, 92.204525], [26.120825, 92.205257], [26.120911, 92.206122], [26.120958, 92.206816], [26.12108, 92.20826], [26.1211, 92.208465], [26.121131, 92.208657], [26.121193, 92.209033], [26.12127, 92.209423], [26.121492, 92.210168], [26.121678, 92.210783], [26.122106, 92.212199], [26.122318, 92.212819], [26.122508, 92.213329], [26.122718, 92.213828], [26.123518, 92.215647], [26.123667, 92.215953], [26.123825, 92.21625], [26.124001, 92.216523], [26.124187, 92.216764], [26.125586, 92.218422], [26.125825, 92.218769], [26.125964, 92.219055], [26.12609, 92.219346], [26.12621, 92.219655], [26.126324, 92.220149], [26.126446, 92.220921], [26.126436, 92.221921], [26.126375, 92.22246], [26.126283, 92.222981], [26.126183, 92.223675], [26.126058, 92.224296], [26.124461, 92.229934], [26.124386, 92.230522], [26.124386, 92.230867], [26.124418, 92.231241], [26.124512, 92.23174], [26.125354, 92.235058], [26.12546, 92.235712], [26.125477, 92.235997], [26.125472, 92.236305], [26.125377, 92.237348], [26.125267, 92.238555], [26.125145, 92.239864], [26.125137, 92.240307], [26.125164, 92.240752], [26.125235, 92.24141], [26.125366, 92.242132], [26.125554, 92.242753], [26.125788, 92.243365], [26.126369, 92.244546], [26.126603, 92.245158], [26.126884, 92.246015], [26.127009, 92.246682], [26.127069, 92.24719], [26.127088, 92.247624], [26.127091, 92.247935], [26.127079, 92.251097], [26.127052, 92.251808], [26.126984, 92.252306], [26.126789, 92.252917], [26.126478, 92.253701], [26.1257, 92.255534], [26.125648, 92.255625], [26.125281, 92.256277], [26.12439, 92.257638], [26.124156, 92.258028], [26.124006, 92.258337], [26.123902, 92.258602], [26.123786, 92.258983], [26.123717, 92.259324], [26.123661, 92.259716], [26.123355, 92.263232], [26.123349, 92.263633], [26.123359, 92.263802], [26.123378, 92.264133], [26.123419, 92.264502], [26.123528, 92.265065], [26.123724, 92.266075], [26.123798, 92.266595], [26.123904, 92.267699], [26.123965, 92.268325], [26.124042, 92.268848], [26.124697, 92.272295], [26.125018, 92.273913], [26.125221, 92.274925], [26.125273, 92.275351], [26.12529, 92.275772], [26.125276, 92.276079], [26.125233, 92.276438], [26.125153, 92.276791], [26.12506, 92.277105], [26.124968, 92.277328], [26.124859, 92.277549], [26.124714, 92.277794], [26.124576, 92.278007], [26.124437, 92.278189], [26.124281, 92.278369], [26.123976, 92.278674], [26.123492, 92.278987], [26.122958, 92.279251], [26.122532, 92.27936], [26.122029, 92.279392], [26.121599, 92.279388], [26.121087, 92.279254], [26.120342, 92.278918], [26.120142, 92.278829], [26.118904, 92.278181], [26.116487, 92.276952], [26.116038, 92.276752], [26.115814, 92.276667], [26.115573, 92.276603], [26.115348, 92.276557], [26.115098, 92.27653], [26.114848, 92.276518], [26.114594, 92.276525], [26.114369, 92.276556], [26.114141, 92.276603], [26.113906, 92.276664], [26.113667, 92.276753], [26.113444, 92.276848], [26.113226, 92.276966], [26.113012, 92.2771], [26.112796, 92.277248], [26.11085, 92.278877], [26.110444, 92.27925], [26.109902, 92.279824], [26.109337, 92.280485], [26.10888, 92.281107], [26.107988, 92.282482], [26.10751, 92.283204], [26.10668, 92.284338], [26.105053, 92.286317], [26.104573, 92.286955], [26.104278, 92.28742], [26.103967, 92.287976], [26.103048, 92.289645], [26.102838, 92.290113], [26.102728, 92.290372], [26.102624, 92.290695], [26.102352, 92.291559], [26.101718, 92.293578], [26.101641, 92.293872], [26.101626, 92.293942], [26.101573, 92.294179], [26.101456, 92.294731], [26.101135, 92.296051], [26.100793, 92.297156], [26.100617, 92.297698], [26.100069, 92.299674], [26.09976, 92.300792], [26.099536, 92.3017], [26.099382, 92.302526], [26.099264, 92.303393], [26.099051, 92.305621], [26.099026, 92.305884], [26.098972, 92.306411], [26.098932, 92.306944], [26.098915, 92.307486], [26.098921, 92.308031], [26.098947, 92.308567], [26.098988, 92.309106], [26.099023, 92.309646], [26.099052, 92.309917], [26.099102, 92.310185], [26.099149, 92.310432], [26.099204, 92.31068], [26.099505, 92.311944], [26.099585, 92.312291], [26.099652, 92.312645], [26.099701, 92.312983], [26.099734, 92.31333], [26.099755, 92.313672], [26.099759, 92.314011], [26.099756, 92.314323], [26.099742, 92.314627], [26.099704, 92.31509], [26.099648, 92.315764], [26.099628, 92.316252], [26.099632, 92.316808], [26.099627, 92.317038], [26.099651, 92.318599], [26.099673, 92.318945], [26.099722, 92.319289], [26.099772, 92.319534], [26.09988, 92.319896], [26.100039, 92.320299], [26.100342, 92.320957], [26.101422, 92.32289], [26.102129, 92.323977], [26.102376, 92.324317], [26.102473, 92.324431], [26.10249, 92.324451], [26.102746, 92.324738], [26.102888, 92.324888], [26.104201, 92.325795], [26.104547, 92.326079], [26.105668, 92.327245], [26.105878, 92.32744], [26.105939, 92.327491], [26.106104, 92.327628], [26.106388, 92.327845], [26.10648, 92.327901], [26.107208, 92.328345], [26.108928, 92.329394], [26.109256, 92.329622], [26.109573, 92.329873], [26.109997, 92.330263], [26.110445, 92.330727], [26.110879, 92.331273], [26.111258, 92.33184], [26.113253, 92.334903], [26.113625, 92.335466], [26.114013, 92.336104], [26.114172, 92.336405], [26.114254, 92.336597], [26.114311, 92.336749], [26.11443, 92.337107], [26.114514, 92.337485], [26.114709, 92.338914], [26.114755, 92.339193], [26.114795, 92.339366], [26.11486, 92.33963], [26.114936, 92.339865], [26.115068, 92.340191], [26.115206, 92.34049], [26.115949, 92.342068], [26.116216, 92.34264], [26.116419, 92.343027], [26.116629, 92.343409], [26.116911, 92.343823], [26.117224, 92.344242], [26.117519, 92.344618], [26.118233, 92.345412], [26.118346, 92.345537], [26.118903, 92.346321], [26.119159, 92.346729], [26.11971, 92.347644], [26.119874, 92.347952], [26.12017, 92.348543], [26.120375, 92.348955], [26.120457, 92.349088], [26.120535, 92.349213], [26.120636, 92.349355], [26.120741, 92.34948], [26.120889, 92.349635], [26.121056, 92.34977], [26.121237, 92.349893], [26.121432, 92.349999], [26.121543, 92.35005], [26.122386, 92.35036], [26.122871, 92.350566], [26.123354, 92.350798], [26.123622, 92.350924], [26.124205, 92.351199], [26.125183, 92.351571], [26.126007, 92.351844], [26.126314, 92.351946], [26.126548, 92.352023], [26.126925, 92.352144], [26.127695, 92.352404], [26.128559, 92.352649], [26.128891, 92.352752], [26.129785, 92.353014], [26.129953, 92.353076], [26.130951, 92.353402], [26.132572, 92.353938], [26.133419, 92.354216], [26.133895, 92.354363], [26.134079, 92.354419], [26.134216, 92.354461], [26.136378, 92.355005], [26.137839, 92.355373], [26.138068, 92.355409], [26.138466, 92.355431], [26.138817, 92.355419], [26.139169, 92.355373], [26.139399, 92.355318], [26.140671, 92.35499], [26.141695, 92.354713], [26.142711, 92.354407], [26.146175, 92.353099], [26.146719, 92.352922], [26.147179, 92.352826], [26.147384, 92.352795], [26.147763, 92.352742], [26.149855, 92.352583], [26.150109, 92.352578], [26.15034, 92.352582], [26.150571, 92.352602], [26.150839, 92.352639], [26.151078, 92.352692], [26.151372, 92.352777], [26.152424, 92.353142], [26.15265, 92.353196], [26.15287, 92.353231], [26.153057, 92.353237], [26.153381, 92.353218], [26.153556, 92.353178], [26.154066, 92.353087], [26.154632, 92.352985], [26.154979, 92.352955], [26.155334, 92.352945], [26.15571, 92.352957], [26.155975, 92.352994], [26.157187, 92.353171], [26.15881, 92.353405], [26.159761, 92.353539], [26.162148, 92.353993], [26.162542, 92.354056], [26.162958, 92.354083], [26.163442, 92.354051], [26.163797, 92.353989], [26.164192, 92.35392], [26.164708, 92.353754], [26.164895, 92.353703], [26.165094, 92.353632], [26.166219, 92.353241], [26.166859, 92.353022], [26.167186, 92.352941], [26.167289, 92.352926], [26.167559, 92.352885], [26.167874, 92.352881], [26.1682, 92.352909], [26.16842, 92.352938], [26.168641, 92.352988], [26.168942, 92.353086], [26.169222, 92.353193], [26.169457, 92.353317], [26.169758, 92.353496], [26.169935, 92.353633], [26.170115, 92.353786], [26.170282, 92.353948], [26.170446, 92.354124], [26.170604, 92.354318], [26.170746, 92.354515], [26.170891, 92.354737], [26.171025, 92.354971], [26.171125, 92.355194], [26.171213, 92.355433], [26.1713, 92.355701], [26.171375, 92.355975], [26.171421, 92.356227], [26.171458, 92.356495], [26.171478, 92.356866], [26.171478, 92.357275], [26.171337, 92.359721], [26.171329, 92.359939], [26.171324, 92.360155], [26.17133, 92.360376], [26.171338, 92.360591], [26.171359, 92.360809], [26.171415, 92.361161], [26.171488, 92.361475], [26.171632, 92.361936], [26.171774, 92.362305], [26.171932, 92.362663], [26.172149, 92.363021], [26.172393, 92.363375], [26.172542, 92.363554], [26.172704, 92.36373], [26.172876, 92.363898], [26.17315, 92.364142], [26.173355, 92.364292], [26.173567, 92.364436], [26.174497, 92.364988], [26.175854, 92.365754], [26.176324, 92.366022], [26.176456, 92.366089], [26.177151, 92.366445], [26.177335, 92.366535], [26.178052, 92.366886], [26.178839, 92.367224], [26.181422, 92.368261], [26.18453, 92.369508], [26.185916, 92.370082], [26.186245, 92.370243], [26.186403, 92.370339], [26.186562, 92.370454], [26.186761, 92.370617], [26.186952, 92.370794], [26.187138, 92.370979], [26.187315, 92.371187], [26.187471, 92.371396], [26.187625, 92.371635], [26.187763, 92.371868], [26.187896, 92.372121], [26.188464, 92.373302], [26.188723, 92.373931], [26.188953, 92.374526], [26.189116, 92.375029], [26.189263, 92.37554], [26.189774, 92.37777], [26.189875, 92.378178], [26.190055, 92.378771], [26.190226, 92.379304], [26.190411, 92.37984], [26.190634, 92.380404], [26.190878, 92.380977], [26.192332, 92.384179], [26.192795, 92.38512], [26.193229, 92.38592], [26.193591, 92.386608], [26.193902, 92.387295], [26.19421, 92.387998], [26.194482, 92.388691], [26.19463, 92.389145], [26.194839, 92.389813], [26.194953, 92.390284], [26.195058, 92.390755], [26.195748, 92.39403], [26.196427, 92.397321], [26.196778, 92.399134], [26.197077, 92.400741], [26.197548, 92.403334], [26.197563, 92.403418], [26.197959, 92.405697], [26.198098, 92.406642], [26.198127, 92.407041], [26.198145, 92.407711], [26.198133, 92.409748], [26.19815, 92.41018], [26.198204, 92.410751], [26.198241, 92.41099], [26.198292, 92.411228], [26.198347, 92.411472], [26.198411, 92.41169], [26.19976, 92.416166], [26.199783, 92.41623], [26.20039, 92.418228], [26.200529, 92.418679], [26.200735, 92.41931], [26.200964, 92.420036], [26.20118, 92.420633], [26.201328, 92.420958], [26.201496, 92.421287], [26.201627, 92.421519], [26.201789, 92.421775], [26.201911, 92.421937], [26.202102, 92.42219], [26.202252, 92.422361], [26.202416, 92.422532], [26.202571, 92.422681], [26.202733, 92.422838], [26.202935, 92.423], [26.203146, 92.423169], [26.203352, 92.423319], [26.203571, 92.423469], [26.203928, 92.423704], [26.204404, 92.424001], [26.204775, 92.424258], [26.205017, 92.424434], [26.205177, 92.424591], [26.205439, 92.424818], [26.205649, 92.425015], [26.205829, 92.425213], [26.206024, 92.425428], [26.206207, 92.42566], [26.206327, 92.425825], [26.206436, 92.425975], [26.20657, 92.426195], [26.206714, 92.426467], [26.20685, 92.426742], [26.206963, 92.427029], [26.207098, 92.427368], [26.207184, 92.427659], [26.207244, 92.427909], [26.207291, 92.428169], [26.207333, 92.428435], [26.207379, 92.428778], [26.207408, 92.42925], [26.207406, 92.429758], [26.20739, 92.430026], [26.207371, 92.43024], [26.207326, 92.4306], [26.20706, 92.432345], [26.207044, 92.432536], [26.207019, 92.432819], [26.207005, 92.433295], [26.207017, 92.433559], [26.207043, 92.433825], [26.207116, 92.434236], [26.207258, 92.434806], [26.207345, 92.435062], [26.207558, 92.435541], [26.208117, 92.4368], [26.208938, 92.438648], [26.209784, 92.440444], [26.210012, 92.440928], [26.210175, 92.44127], [26.210415, 92.441766], [26.210488, 92.44193], [26.210631, 92.442249], [26.210808, 92.442656], [26.210953, 92.443006], [26.211107, 92.443388], [26.211284, 92.443841], [26.21145, 92.444308], [26.211581, 92.444687], [26.211708, 92.445091], [26.211833, 92.445494], [26.212372, 92.447359], [26.21252, 92.447873], [26.212635, 92.448266], [26.212731, 92.448611], [26.212795, 92.448885], [26.212846, 92.449134], [26.212879, 92.449349], [26.212908, 92.44962], [26.212934, 92.449961], [26.212946, 92.450354], [26.212951, 92.450942], [26.212956, 92.451802], [26.212957, 92.452486], [26.212948, 92.453118], [26.212936, 92.453511], [26.212915, 92.453895], [26.212862, 92.454661], [26.212806, 92.455415], [26.212778, 92.455768], [26.212765, 92.455929], [26.212718, 92.456409], [26.212676, 92.456733], [26.21263, 92.457024], [26.212533, 92.457564], [26.212488, 92.457782], [26.212402, 92.458196], [26.212321, 92.458579], [26.211957, 92.460278], [26.211886, 92.460621], [26.211804, 92.461056], [26.211681, 92.461731], [26.211582, 92.462504], [26.211444, 92.464097], [26.211299, 92.46602], [26.211059, 92.468939], [26.211003, 92.469582], [26.210924, 92.47021], [26.210811, 92.470985], [26.210683, 92.47187], [26.209865, 92.477249], [26.209638, 92.478717], [26.209593, 92.479028], [26.209515, 92.479529], [26.20947, 92.479771], [26.209397, 92.480074], [26.209334, 92.480318], [26.209233, 92.480604], [26.209137, 92.48087], [26.209048, 92.481073], [26.20894, 92.481316], [26.208804, 92.481568], [26.208758, 92.481647], [26.208674, 92.48179], [26.208438, 92.482179], [26.208121, 92.48269], [26.207422, 92.483739], [26.207094, 92.484222], [26.206549, 92.485013], [26.205808, 92.485995], [26.205521, 92.48637], [26.205329, 92.486668], [26.205184, 92.486944], [26.205059, 92.487212], [26.204973, 92.487438], [26.204893, 92.48766], [26.20485, 92.487845], [26.204734, 92.488377], [26.204624, 92.488985], [26.204478, 92.48984], [26.204418, 92.490184], [26.204318, 92.490772], [26.204279, 92.49112], [26.204272, 92.491445], [26.204282, 92.491776], [26.204304, 92.492035], [26.204331, 92.49227], [26.204369, 92.492502], [26.204436, 92.492832], [26.20453, 92.493105], [26.204614, 92.493325], [26.204715, 92.493564], [26.204826, 92.493787], [26.204936, 92.493992], [26.205076, 92.494213], [26.205258, 92.494462], [26.205379, 92.494606], [26.205539, 92.494786], [26.20568, 92.494928], [26.205887, 92.495116], [26.206195, 92.495359], [26.206219, 92.495377], [26.207379, 92.496235], [26.208406, 92.497045], [26.209298, 92.49771], [26.209492, 92.497841], [26.209808, 92.498028], [26.210079, 92.498185], [26.210328, 92.498321], [26.210743, 92.498545], [26.211098, 92.498735], [26.211541, 92.498954], [26.212144, 92.49925], [26.212514, 92.49943], [26.212875, 92.499626], [26.213691, 92.500098], [26.214437, 92.500538], [26.215306, 92.501067], [26.21651, 92.501801], [26.217392, 92.502324], [26.217796, 92.502565], [26.218047, 92.502726], [26.218239, 92.502866], [26.218472, 92.503032], [26.218691, 92.503217], [26.219005, 92.503519], [26.219286, 92.503837], [26.219666, 92.504271], [26.22043, 92.505207], [26.220795, 92.505729], [26.221332, 92.506586], [26.221857, 92.507454], [26.222216, 92.508075], [26.222512, 92.508614], [26.222801, 92.509161], [26.223022, 92.509527], [26.223118, 92.509671], [26.22342, 92.510011], [26.223732, 92.51029], [26.223913, 92.510438], [26.224156, 92.510599], [26.224406, 92.510746], [26.224656, 92.510875], [26.225041, 92.511028], [26.225811, 92.511283], [26.226276, 92.511427], [26.226966, 92.511642], [26.227779, 92.511903], [26.228369, 92.512109], [26.228646, 92.512208], [26.228925, 92.512318], [26.229136, 92.512416], [26.229314, 92.512522], [26.229521, 92.512648], [26.229689, 92.512771], [26.229918, 92.512954], [26.230082, 92.513101], [26.23021, 92.513238], [26.23036, 92.513415], [26.230513, 92.51362], [26.230634, 92.513816], [26.230675, 92.513889], [26.230777, 92.514073], [26.230835, 92.514195], [26.230892, 92.514316], [26.230999, 92.514567], [26.231073, 92.514775], [26.231272, 92.515436], [26.231546, 92.516402], [26.231911, 92.517715], [26.232062, 92.518297], [26.23218, 92.518912], [26.232273, 92.519419], [26.23236, 92.519968], [26.232445, 92.520497], [26.232508, 92.520968], [26.232549, 92.52118], [26.232594, 92.521362], [26.232655, 92.521574], [26.232724, 92.521777], [26.232816, 92.52203], [26.232909, 92.522229], [26.232999, 92.522411], [26.233092, 92.522581], [26.233225, 92.522791], [26.234231, 92.524216], [26.234864, 92.5251], [26.234884, 92.525128], [26.236471, 92.527349], [26.236587, 92.527501], [26.23666, 92.527596], [26.237146, 92.528272], [26.237272, 92.528457], [26.237382, 92.528632], [26.237518, 92.528867], [26.237641, 92.529095], [26.237753, 92.529319], [26.237889, 92.52961], [26.23801, 92.529892], [26.238147, 92.53023], [26.23828, 92.530556], [26.238373, 92.530763], [26.238455, 92.530946], [26.238587, 92.531198], [26.238706, 92.53139], [26.238872, 92.531631], [26.239002, 92.531797], [26.239175, 92.531995], [26.239413, 92.532233], [26.242714, 92.53572], [26.242938, 92.53596], [26.243112, 92.536152], [26.243341, 92.536406], [26.243538, 92.536647], [26.243747, 92.536939], [26.243949, 92.537249], [26.244167, 92.537629], [26.244342, 92.537967], [26.24449, 92.538303], [26.244736, 92.538892], [26.244923, 92.539343], [26.24521, 92.540018], [26.245277, 92.540156], [26.2456, 92.540818], [26.245801, 92.54123], [26.245884, 92.5414], [26.245931, 92.541532], [26.246374, 92.542765], [26.246442, 92.542933], [26.246552, 92.543194], [26.24693, 92.544062], [26.247779, 92.545993], [26.24826, 92.547079], [26.249064, 92.548895], [26.249345, 92.549527], [26.249677, 92.550248], [26.249893, 92.550711], [26.250121, 92.551179], [26.250502, 92.551931], [26.250803, 92.552495], [26.250994, 92.552837], [26.251145, 92.553106], [26.251491, 92.553715], [26.251764, 92.554189], [26.25216, 92.554873], [26.255982, 92.561342], [26.256562, 92.562297], [26.257745, 92.564056], [26.257843, 92.564195], [26.257933, 92.56433], [26.258346, 92.564901], [26.258457, 92.565064], [26.258977, 92.565837], [26.260188, 92.567512], [26.260319, 92.567708], [26.26043, 92.567891], [26.260553, 92.568097], [26.260675, 92.56834], [26.260776, 92.568569], [26.260872, 92.568804], [26.260941, 92.569004], [26.261008, 92.56922], [26.261087, 92.569493], [26.261156, 92.569771], [26.261266, 92.570252], [26.261435, 92.570963], [26.262093, 92.573393], [26.262293, 92.57414], [26.262656, 92.575508], [26.262868, 92.576295], [26.26307, 92.577037], [26.263154, 92.577308], [26.263259, 92.577624], [26.263367, 92.577929], [26.263483, 92.578251], [26.263623, 92.578593], [26.263712, 92.578807], [26.263809, 92.579007], [26.263924, 92.579242], [26.264056, 92.579498], [26.264256, 92.57986], [26.264459, 92.580213], [26.265871, 92.58276], [26.266405, 92.583643], [26.267168, 92.584822], [26.267906, 92.585888], [26.268322, 92.586521], [26.268853, 92.587447], [26.269034, 92.58775], [26.269155, 92.587941], [26.269262, 92.588104], [26.269418, 92.588322], [26.26953, 92.58847], [26.269719, 92.588715], [26.270172, 92.589276], [26.270858, 92.590121], [26.271166, 92.590496], [26.271522, 92.590938], [26.272144, 92.591745], [26.272607, 92.59235], [26.272827, 92.59263], [26.274525, 92.594716], [26.274958, 92.595257], [26.275852, 92.596311], [26.277393, 92.598041], [26.277887, 92.598576], [26.27828, 92.599012], [26.278563, 92.599334], [26.278932, 92.599726], [26.279336, 92.600137], [26.27965, 92.600451], [26.279914, 92.600707], [26.280263, 92.601027], [26.280689, 92.601429], [26.281001, 92.601713], [26.28128, 92.601961], [26.281665, 92.602311], [26.281892, 92.602522], [26.282109, 92.602731], [26.282339, 92.602963], [26.28285, 92.603482], [26.283379, 92.60402], [26.283904, 92.604532], [26.284169, 92.604792], [26.28442, 92.605037], [26.284694, 92.605305], [26.284906, 92.605537], [26.28512, 92.605785], [26.285248, 92.605943], [26.285389, 92.60614], [26.285555, 92.606368], [26.285722, 92.606634], [26.285871, 92.606903], [26.285989, 92.607138], [26.286129, 92.60742], [26.286296, 92.607782], [26.286478, 92.608176], [26.286641, 92.608537], [26.286769, 92.60881], [26.28687, 92.609018], [26.286998, 92.609257], [26.287137, 92.609508], [26.287337, 92.609747], [26.288186, 92.611178], [26.2882, 92.611201], [26.288395, 92.611527], [26.288953, 92.612751], [26.290632, 92.615699], [26.290741, 92.615822], [26.291375, 92.616504], [26.291961, 92.61714], [26.29231, 92.61753], [26.292654, 92.617889], [26.293218, 92.61843], [26.293676, 92.618849], [26.294057, 92.619221], [26.294509, 92.619584], [26.294933, 92.619903], [26.295429, 92.620238], [26.296114, 92.620654], [26.296481, 92.620881], [26.296715, 92.621023], [26.297216, 92.621327], [26.297846, 92.621644], [26.29866, 92.622013], [26.29947, 92.622465], [26.300089, 92.622898], [26.300175, 92.623003], [26.300626, 92.62367], [26.300992, 92.624236], [26.301294, 92.624608], [26.301854, 92.625225], [26.302525, 92.625879], [26.303263, 92.626585], [26.30368, 92.627019], [26.303806, 92.627237], [26.303944, 92.627527], [26.304214, 92.628324], [26.304349, 92.628619], [26.304518, 92.628824], [26.304734, 92.629011], [26.304966, 92.629196], [26.305324, 92.629485], [26.305406, 92.629588], [26.305699, 92.630053], [26.306198, 92.630968], [26.306462, 92.631448], [26.306703, 92.631767], [26.306992, 92.632112], [26.307441, 92.632514], [26.307747, 92.632872], [26.308064, 92.633311], [26.309102, 92.634815], [26.310482, 92.636858], [26.312248, 92.639401], [26.31246, 92.639706], [26.313101, 92.64064], [26.314099, 92.642104], [26.314679, 92.642931], [26.315338, 92.643901], [26.315778, 92.644553], [26.316076, 92.644994], [26.316564, 92.64569], [26.317252, 92.646674], [26.317704, 92.647365], [26.318199, 92.648092], [26.318741, 92.648888], [26.319587, 92.650127], [26.320187, 92.651013], [26.32066, 92.651696], [26.321139, 92.652431], [26.321549, 92.653005], [26.322164, 92.653818], [26.322366, 92.654005], [26.322587, 92.654263], [26.322826, 92.65446], [26.323708, 92.655093], [26.324429, 92.6556], [26.324634, 92.65572], [26.325082, 92.656076], [26.32519, 92.656258], [26.325234, 92.656331], [26.325534, 92.656496], [26.32602, 92.656788], [26.326804, 92.657325], [26.327799, 92.657986], [26.328603, 92.658583], [26.329571, 92.659275], [26.330229, 92.659739], [26.330259, 92.65976], [26.331091, 92.660336], [26.331357, 92.660507], [26.332881, 92.661591], [26.334051, 92.662439], [26.335011, 92.663075], [26.335902, 92.66369], [26.336687, 92.66421], [26.33745, 92.664765], [26.338509, 92.665517], [26.338801, 92.665725], [26.339233, 92.666035], [26.339626, 92.666326], [26.339933, 92.666553], [26.340876, 92.667216], [26.341702, 92.667799], [26.342427, 92.668324], [26.343027, 92.668747], [26.343586, 92.669133], [26.344418, 92.669727], [26.3453, 92.670347], [26.346075, 92.670896], [26.346662, 92.671317], [26.347229, 92.671743], [26.347808, 92.672145], [26.348096, 92.672319], [26.348852, 92.672843], [26.348971, 92.672937], [26.349027, 92.67305], [26.34918, 92.67316], [26.349635, 92.673497], [26.349728, 92.673548], [26.349809, 92.673592], [26.350107, 92.673755], [26.350247, 92.673873], [26.350515, 92.674098], [26.350848, 92.674344], [26.351008, 92.674463], [26.351246, 92.67464], [26.351488, 92.67486], [26.351543, 92.674934], [26.351556, 92.67502], [26.351427, 92.675349], [26.351443, 92.675395], [26.350866, 92.677018], [26.350675, 92.677468], [26.350097, 92.678834], [26.349988, 92.679087], [26.349661, 92.679809], [26.349526, 92.680107], [26.34919, 92.680916], [26.349052, 92.681263], [26.348979, 92.681311], [26.348677, 92.682129], [26.34835, 92.682986], [26.348076, 92.683738], [26.348057, 92.683792], [26.34807, 92.683813], [26.348075, 92.683838], [26.348072, 92.683863], [26.348694, 92.684207], [26.349142, 92.684441], [26.349399, 92.684548], [26.349506, 92.684591], [26.349559, 92.684627], [26.35, 92.684934], [26.350287, 92.685177], [26.350542, 92.685401], [26.351183, 92.685949], [26.351352, 92.686093], [26.351438, 92.686179], [26.351634, 92.686389], [26.35206, 92.686715], [26.352541, 92.687151], [26.352747, 92.687337], [26.353043, 92.687597], [26.353262, 92.687788], [26.353554, 92.688041], [26.353583, 92.688067], [26.353605, 92.688088], [26.353712, 92.688174], [26.354206, 92.688582], [26.354291, 92.688668], [26.354656, 92.689505], [26.354721, 92.689869], [26.354871, 92.690792], [26.354984, 92.691404], [26.355018, 92.691583], [26.355092, 92.691982], [26.35515, 92.692294], [26.355193, 92.692616], [26.355193, 92.692831], [26.355152, 92.693035], [26.354957, 92.694011], [26.354764, 92.694762], [26.354742, 92.694848], [26.354699, 92.695041], [26.354643, 92.695238], [26.354613, 92.695341], [26.354342, 92.696433], [26.354266, 92.696724], [26.354271, 92.696835], [26.354217, 92.697085], [26.353851, 92.698941], [26.353486, 92.700559], [26.353359, 92.701298], [26.353028, 92.703089], [26.352828, 92.704462], [26.352746, 92.704883], [26.352637, 92.705427], [26.352297, 92.707162], [26.352228, 92.707466], [26.352015, 92.7083], [26.351687, 92.709485], [26.351177, 92.710921], [26.350727, 92.712291], [26.350581, 92.713028], [26.350122, 92.713583], [26.348484, 92.714544], [26.348141, 92.714786], [26.347816, 92.71499], [26.347662, 92.715119], [26.347495, 92.715352], [26.347164, 92.716074], [26.346857, 92.716754], [26.346423, 92.717943], [26.345985, 92.718757], [26.345819, 92.718912], [26.345601, 92.719288], [26.345555, 92.719368], [26.345049, 92.720259], [26.344979, 92.720382], [26.344829, 92.720683], [26.344271, 92.721863], [26.344204, 92.722024], [26.343606, 92.723472], [26.343018, 92.724851], [26.342983, 92.724931], [26.342855, 92.725403], [26.342597, 92.726712], [26.342232, 92.728751], [26.342189, 92.729244], [26.341975, 92.731991], [26.342125, 92.733386], [26.342919, 92.735016], [26.343927, 92.736797], [26.344528, 92.737913], [26.34485, 92.738879], [26.344872, 92.739072], [26.345012, 92.740896], [26.345068, 92.741186], [26.345082, 92.74136], [26.345082, 92.741442], [26.345072, 92.741552], [26.345093, 92.741587], [26.345124, 92.741657], [26.345144, 92.741731], [26.345152, 92.741807], [26.345149, 92.741884], [26.345134, 92.74196], [26.345098, 92.742054], [26.345044, 92.742137], [26.345052, 92.742308], [26.345076, 92.742464], [26.345157, 92.742776], [26.345224, 92.743029], [26.345285, 92.743335], [26.345333, 92.743667], [26.345359, 92.743949], [26.345375, 92.744203], [26.345377, 92.744458], [26.345386, 92.744827], [26.345389, 92.745132], [26.345394, 92.745437], [26.345422, 92.746339], [26.345439, 92.746669], [26.345468, 92.746996], [26.345501, 92.747245], [26.345536, 92.747475], [26.345571, 92.747678], [26.345615, 92.747945], [26.345684, 92.748352], [26.345754, 92.748799], [26.345818, 92.749209], [26.345864, 92.74953], [26.345906, 92.749864], [26.345949, 92.750231], [26.346014, 92.750843], [26.346076, 92.751442], [26.346109, 92.751759], [26.346154, 92.75211], [26.346215, 92.752651], [26.346237, 92.752878], [26.346267, 92.753179], [26.346317, 92.753537], [26.346372, 92.753878], [26.34643, 92.754153], [26.346483, 92.754389], [26.346537, 92.75458], [26.346597, 92.754752], [26.34666, 92.754928], [26.346743, 92.75516], [26.346893, 92.755541], [26.347064, 92.755935], [26.347241, 92.756321], [26.347446, 92.756748], [26.347652, 92.757166], [26.347794, 92.757418], [26.347934, 92.757644], [26.348126, 92.757914], [26.348311, 92.758148], [26.348508, 92.758381], [26.348741, 92.758625], [26.34895, 92.758824], [26.349145, 92.758995], [26.349376, 92.759183], [26.349599, 92.759347], [26.34983, 92.7595], [26.350066, 92.759636], [26.350361, 92.759797], [26.350712, 92.759956], [26.350979, 92.76006], [26.351183, 92.760122], [26.351448, 92.760184], [26.351707, 92.760235], [26.352017, 92.760288], [26.352248, 92.76031], [26.352493, 92.760323], [26.352667, 92.760327], [26.352892, 92.760322], [26.353156, 92.760304], [26.353515, 92.760261], [26.353877, 92.760202], [26.354255, 92.760135], [26.354476, 92.760095], [26.354651, 92.760076], [26.354904, 92.760049], [26.355185, 92.760028], [26.355466, 92.760028], [26.355762, 92.760039], [26.356055, 92.760063], [26.356331, 92.760106], [26.356553, 92.760149], [26.356771, 92.760205], [26.357016, 92.760269], [26.357247, 92.760342], [26.357555, 92.760454], [26.357781, 92.760546], [26.358008, 92.760653], [26.358188, 92.760755], [26.35841, 92.760876], [26.358665, 92.761037], [26.358937, 92.76124], [26.359184, 92.761433], [26.359437, 92.761656], [26.359646, 92.761849], [26.359838, 92.762042], [26.359992, 92.762219], [26.360123, 92.762376], [26.360303, 92.762606], [26.360465, 92.762834], [26.361299, 92.764124], [26.361801, 92.764926], [26.362679, 92.766296], [26.363023, 92.766817], [26.363178, 92.767059], [26.363303, 92.767265], [26.363427, 92.767486], [26.363531, 92.767679], [26.363654, 92.767935], [26.363776, 92.768213], [26.363922, 92.76856], [26.364039, 92.768874], [26.364128, 92.769129], [26.364223, 92.769437], [26.364306, 92.769734], [26.364372, 92.770031], [26.364491, 92.770532], [26.36468, 92.771435], [26.364779, 92.771889], [26.36489, 92.772288], [26.365007, 92.772629], [26.365139, 92.772964], [26.365351, 92.773428], [26.365553, 92.773847], [26.365675, 92.774107], [26.365774, 92.774372], [26.365839, 92.774568], [26.365901, 92.774847], [26.36594, 92.775137], [26.365947, 92.775405], [26.365921, 92.775676], [26.36588, 92.775942], [26.365796, 92.776229], [26.365671, 92.77662], [26.365488, 92.777132], [26.365358, 92.777511], [26.365274, 92.777816], [26.365178, 92.778243], [26.365106, 92.778712], [26.365065, 92.779125], [26.365043, 92.779541], [26.365046, 92.779941], [26.36506, 92.780496], [26.365065, 92.78095], [26.365142, 92.782021], [26.365173, 92.782382], [26.365202, 92.782674], [26.365284, 92.783181], [26.365343, 92.783411], [26.365404, 92.783631], [26.365731, 92.784664], [26.365882, 92.785144], [26.365943, 92.785359], [26.36606, 92.785756], [26.366128, 92.786009], [26.366172, 92.786235], [26.36619, 92.786408], [26.366191, 92.786551], [26.36617, 92.786799], [26.366137, 92.787057], [26.366095, 92.787354], [26.366043, 92.787775], [26.366012, 92.788307], [26.366033, 92.788677], [26.366161, 92.789055], [26.366217, 92.789203], [26.366228, 92.78922], [26.366411, 92.789564], [26.366455, 92.789644], [26.366629, 92.789953], [26.366765, 92.79018], [26.366803, 92.790243], [26.366992, 92.790565], [26.367042, 92.790651], [26.367435, 92.79133], [26.367497, 92.791437], [26.367824, 92.792008], [26.36812, 92.792528], [26.368151, 92.792578], [26.368199, 92.792662], [26.368362, 92.792961], [26.368453, 92.793128], [26.368636, 92.793435], [26.368724, 92.79357], [26.368802, 92.793682], [26.368926, 92.793802], [26.369015, 92.793877], [26.36917, 92.793974], [26.369347, 92.794068], [26.369564, 92.794154], [26.369811, 92.794232], [26.370001, 92.794277], [26.370053, 92.794284], [26.370222, 92.79428], [26.370335, 92.79427], [26.370411, 92.794258], [26.370587, 92.794217], [26.370723, 92.794156], [26.370806, 92.794115], [26.371012, 92.794024], [26.37122, 92.793947], [26.371385, 92.793876], [26.371606, 92.79381], [26.371808, 92.793777], [26.371952, 92.793776], [26.372331, 92.793825], [26.372813, 92.793938], [26.373399, 92.794057], [26.373918, 92.794181], [26.374214, 92.794245], [26.3745, 92.794317], [26.374545, 92.794328], [26.374899, 92.794433], [26.375206, 92.79454], [26.376085, 92.794862], [26.376941, 92.79513], [26.377503, 92.79528], [26.377982, 92.795401], [26.378702, 92.795575], [26.379452, 92.795734], [26.380046, 92.795835], [26.380718, 92.795962], [26.381182, 92.796055], [26.381776, 92.796184], [26.382465, 92.796334], [26.383201, 92.796509], [26.383664, 92.796619], [26.384407, 92.796798], [26.385051, 92.796951], [26.385615, 92.797099], [26.386158, 92.797214], [26.38705, 92.797429], [26.387665, 92.797579], [26.388403, 92.797769], [26.389188, 92.797965], [26.390017, 92.798177], [26.390628, 92.798319], [26.391103, 92.798443], [26.391637, 92.798569], [26.391942, 92.798609], [26.392134, 92.798614], [26.392381, 92.798593], [26.392641, 92.798555], [26.392884, 92.798477], [26.393085, 92.798405], [26.393489, 92.798239], [26.39402, 92.798027], [26.394453, 92.797882], [26.394851, 92.797775], [26.395219, 92.797678], [26.395558, 92.797638], [26.39587, 92.797625], [26.396166, 92.797641], [26.39648, 92.797692], [26.396793, 92.797769], [26.3971, 92.797874], [26.397362, 92.797995], [26.397686, 92.798169], [26.397939, 92.798362], [26.398177, 92.798577], [26.398453, 92.798869], [26.398659, 92.799143], [26.398847, 92.799419], [26.399032, 92.79976], [26.399265, 92.800269], [26.399496, 92.800779], [26.399844, 92.801586], [26.400149, 92.802259], [26.40055, 92.803085], [26.400805, 92.80363], [26.401009, 92.804099], [26.401252, 92.804684], [26.401454, 92.805237], [26.40173, 92.805966], [26.401874, 92.806385], [26.402054, 92.806873], [26.402374, 92.807833], [26.402619, 92.808501], [26.40278, 92.808994], [26.402929, 92.809547], [26.403044, 92.810062], [26.403202, 92.810759], [26.403351, 92.811376], [26.403572, 92.812025], [26.403856, 92.812868], [26.404108, 92.813619], [26.404255, 92.814026], [26.404425, 92.814431], [26.404634, 92.814836], [26.40492, 92.815306], [26.40517, 92.815697], [26.40536, 92.81596], [26.405667, 92.816387], [26.405956, 92.816765], [26.406191, 92.817108], [26.406393, 92.817467], [26.406476, 92.817658], [26.40652, 92.81776], [26.406667, 92.818189], [26.406792, 92.818648], [26.406993, 92.819356], [26.407126, 92.819812], [26.407241, 92.82015], [26.40746, 92.820694], [26.407642, 92.821145], [26.407779, 92.821523], [26.407995, 92.822132], [26.408214, 92.82281], [26.408413, 92.823422], [26.408541, 92.823913], [26.408615, 92.824272], [26.408675, 92.824618], [26.408771, 92.825238], [26.408826, 92.825528], [26.408935, 92.825978], [26.409105, 92.826571], [26.409316, 92.827282], [26.409535, 92.82806], [26.409739, 92.828706], [26.409893, 92.829149], [26.410088, 92.829661], [26.410306, 92.830229], [26.410434, 92.830543], [26.410743, 92.831316], [26.410848, 92.831549], [26.411503, 92.833255], [26.412103, 92.834682], [26.412641, 92.835884], [26.412968, 92.836562], [26.413208, 92.83701], [26.413339, 92.837288], [26.413773, 92.838036], [26.414325, 92.838959], [26.414699, 92.83959], [26.415039, 92.840194], [26.415341, 92.840728], [26.415505, 92.841025], [26.415729, 92.841436], [26.416052, 92.842057], [26.416375, 92.842701], [26.416682, 92.843389], [26.416692, 92.843411], [26.416805, 92.843738], [26.417027, 92.844422], [26.417256, 92.845155], [26.417423, 92.845672], [26.417546, 92.845968], [26.417739, 92.846389], [26.417861, 92.846605], [26.41813, 92.847036], [26.418447, 92.847412], [26.418584, 92.847554], [26.418841, 92.847794], [26.419158, 92.848059], [26.419292, 92.848138], [26.419636, 92.848354], [26.420009, 92.848523], [26.420373, 92.84866], [26.420766, 92.848764], [26.421032, 92.848816], [26.421499, 92.848853], [26.421942, 92.848887], [26.422448, 92.848916], [26.422933, 92.848945], [26.423377, 92.848987], [26.423728, 92.849022], [26.424204, 92.849063], [26.424711, 92.849115], [26.425186, 92.849178], [26.425556, 92.849246], [26.42558, 92.849249], [26.425976, 92.849298], [26.426432, 92.849387], [26.426872, 92.84944], [26.427264, 92.849488], [26.427785, 92.849535], [26.428194, 92.849579], [26.428728, 92.849592], [26.429198, 92.849639], [26.429572, 92.849704], [26.429901, 92.849795], [26.430232, 92.849889], [26.430542, 92.850011], [26.430845, 92.850196], [26.431109, 92.850355], [26.431358, 92.85052], [26.431555, 92.850663], [26.431694, 92.850782], [26.43197, 92.851053], [26.43208, 92.851192], [26.432326, 92.851526], [26.432433, 92.851679], [26.432637, 92.851971], [26.43273, 92.852169], [26.432866, 92.852481], [26.432959, 92.852682], [26.433096, 92.853084], [26.433138, 92.853276], [26.433249, 92.853781], [26.433325, 92.85422], [26.433383, 92.854839], [26.433453, 92.855414], [26.433512, 92.856364], [26.433635, 92.858136], [26.43369, 92.85928], [26.433714, 92.860035], [26.43373, 92.860557], [26.433731, 92.861167], [26.433766, 92.861818], [26.43376, 92.862349], [26.433823, 92.863112], [26.433883, 92.863658], [26.433971, 92.864174], [26.434083, 92.864912], [26.434319, 92.865719], [26.434444, 92.866146], [26.434613, 92.866621], [26.434763, 92.867038], [26.434943, 92.867466], [26.435176, 92.868033], [26.435423, 92.868531], [26.435659, 92.868982], [26.435885, 92.86936], [26.435989, 92.869525], [26.436192, 92.869887], [26.436381, 92.870212], [26.436502, 92.870397], [26.436708, 92.870774], [26.436916, 92.871136], [26.436995, 92.871272], [26.437173, 92.87166], [26.437245, 92.87185], [26.437357, 92.872179], [26.437421, 92.872429], [26.437517, 92.872797], [26.437578, 92.873113], [26.437649, 92.87357], [26.437691, 92.874041], [26.437735, 92.874599], [26.437749, 92.875], [26.437772, 92.875564], [26.437793, 92.875886], [26.437799, 92.875983], [26.437819, 92.876587], [26.437876, 92.877639], [26.437967, 92.878552], [26.438014, 92.879353], [26.438073, 92.880037], [26.438116, 92.880719], [26.43813, 92.881505], [26.438107, 92.881873], [26.438073, 92.882885], [26.438034, 92.883766], [26.438016, 92.884308], [26.438002, 92.88494], [26.438017, 92.885478], [26.438072, 92.886026], [26.438134, 92.88656], [26.438305, 92.887213], [26.438469, 92.887697], [26.43871, 92.888254], [26.438952, 92.88871], [26.439147, 92.888992], [26.439293, 92.889205], [26.439787, 92.889762], [26.440257, 92.890158], [26.440812, 92.890598], [26.441574, 92.891255], [26.441679, 92.891338], [26.442229, 92.891769], [26.442858, 92.892313], [26.443231, 92.892675], [26.443422, 92.892831], [26.443563, 92.893024], [26.443676, 92.893177], [26.443902, 92.893602], [26.44443, 92.894613], [26.4449, 92.895451], [26.445372, 92.896267], [26.445804, 92.897096], [26.445947, 92.897388], [26.446278, 92.89805], [26.446454, 92.898423], [26.446801, 92.899056], [26.447003, 92.899361], [26.447278, 92.899794], [26.447473, 92.900121], [26.447867, 92.900625], [26.448111, 92.900977], [26.448594, 92.901548], [26.448803, 92.90183], [26.449177, 92.902315], [26.449382, 92.902585], [26.449718, 92.903018], [26.449997, 92.903379], [26.450397, 92.90388], [26.450673, 92.904265], [26.451062, 92.904881], [26.451324, 92.905267], [26.451734, 92.905912], [26.451934, 92.906183], [26.452397, 92.906829], [26.452707, 92.907312], [26.452905, 92.907621], [26.453248, 92.90816], [26.453504, 92.908516], [26.453856, 92.909085], [26.454257, 92.909664], [26.454488, 92.910035], [26.454788, 92.910543], [26.454955, 92.910853], [26.455173, 92.911275], [26.455341, 92.911726], [26.455638, 92.912372], [26.456033, 92.913348], [26.456482, 92.914372], [26.456677, 92.914868], [26.456812, 92.91521], [26.457129, 92.915943], [26.458054, 92.918179], [26.458633, 92.919617], [26.458971, 92.920577], [26.459715, 92.922208], [26.460078, 92.922973], [26.460416, 92.923658], [26.460653, 92.924091], [26.460886, 92.924382], [26.461126, 92.924632], [26.461369, 92.924812], [26.461673, 92.925032], [26.462191, 92.925314], [26.462667, 92.925604], [26.463028, 92.925856], [26.463379, 92.926118], [26.463731, 92.926403], [26.463858, 92.926525], [26.464159, 92.926797], [26.464297, 92.926947], [26.464584, 92.927214], [26.464701, 92.927314], [26.465077, 92.927693], [26.465384, 92.927993], [26.465872, 92.928457], [26.466167, 92.928752], [26.466346, 92.928923], [26.466654, 92.929217], [26.466823, 92.92938], [26.46709, 92.929636], [26.467461, 92.930002], [26.467834, 92.930372], [26.468262, 92.930755], [26.46865, 92.931145], [26.469113, 92.931555], [26.469634, 92.931984], [26.470135, 92.932406], [26.470511, 92.932723], [26.470891, 92.933032], [26.471331, 92.933404], [26.47176, 92.933763], [26.472154, 92.934091], [26.472556, 92.934417], [26.472984, 92.934756], [26.473401, 92.93513], [26.473736, 92.935412], [26.474172, 92.93577], [26.474649, 92.936171], [26.475067, 92.936514], [26.475427, 92.936819], [26.475803, 92.937144], [26.476179, 92.937455], [26.476566, 92.937734], [26.476873, 92.937999], [26.477227, 92.938286], [26.47756, 92.938561], [26.477988, 92.938906], [26.478325, 92.939179], [26.479069, 92.939771], [26.479832, 92.94039], [26.48052, 92.94094], [26.481507, 92.941733], [26.482372, 92.94243], [26.482868, 92.942803], [26.483433, 92.943256], [26.483688, 92.943409], [26.48393, 92.943517], [26.484238, 92.94364], [26.484633, 92.943731], [26.485191, 92.943797], [26.485946, 92.943867], [26.486697, 92.943955], [26.487225, 92.944017], [26.487695, 92.944116], [26.488082, 92.944277], [26.488333, 92.944455], [26.488489, 92.94458], [26.488791, 92.944905], [26.48905, 92.945264], [26.489279, 92.945652], [26.489573, 92.94612], [26.489978, 92.946804], [26.490281, 92.947189], [26.490693, 92.947702], [26.491086, 92.948133], [26.491465, 92.948558], [26.49152, 92.948623], [26.49177, 92.948919], [26.492147, 92.94923], [26.492478, 92.94942], [26.492833, 92.949609], [26.493222, 92.949741], [26.493946, 92.949965], [26.494727, 92.950207], [26.495255, 92.950366], [26.496043, 92.950631], [26.496753, 92.950859], [26.497143, 92.950999], [26.497661, 92.951205], [26.497891, 92.951289], [26.498049, 92.951347], [26.498434, 92.951491], [26.498852, 92.951677], [26.499204, 92.951818], [26.499674, 92.952055], [26.500088, 92.952214], [26.500458, 92.952398], [26.500644, 92.952488], [26.500888, 92.952635], [26.501029, 92.952755], [26.501273, 92.952953], [26.501616, 92.953295], [26.501985, 92.953651], [26.50231, 92.953902], [26.502718, 92.954146], [26.50312, 92.95434], [26.503525, 92.954524], [26.503975, 92.954703], [26.504353, 92.954842], [26.504767, 92.955016], [26.505252, 92.95521], [26.505612, 92.955302], [26.505993, 92.955375], [26.506319, 92.955392], [26.506794, 92.95537], [26.507129, 92.955349], [26.507496, 92.955321], [26.507864, 92.9553], [26.50817, 92.955279], [26.508496, 92.955266], [26.508826, 92.955275], [26.509138, 92.955275], [26.509538, 92.955244], [26.509938, 92.955249], [26.510328, 92.955241], [26.510582, 92.955233], [26.510994, 92.955226], [26.511466, 92.955227], [26.511871, 92.955228], [26.512245, 92.955226], [26.512566, 92.95524], [26.512813, 92.95526], [26.513219, 92.955328], [26.513429, 92.955357], [26.513806, 92.955447], [26.51417, 92.955522], [26.514777, 92.955603], [26.515154, 92.95565], [26.515376, 92.955647], [26.515921, 92.955616], [26.516188, 92.955582], [26.516624, 92.95551], [26.517194, 92.955338], [26.517604, 92.95518], [26.518126, 92.955015], [26.518672, 92.954812], [26.519216, 92.954641], [26.51968, 92.954469], [26.520105, 92.954327], [26.520537, 92.954191], [26.521026, 92.954015], [26.521364, 92.953893], [26.521723, 92.953729], [26.522153, 92.953502], [26.522477, 92.953324], [26.522777, 92.9531], [26.522891, 92.953025], [26.523323, 92.952721], [26.523482, 92.952614], [26.523629, 92.952515], [26.52372, 92.952446], [26.523795, 92.95238], [26.524012, 92.952203], [26.524394, 92.951922], [26.52477, 92.951637], [26.525236, 92.951297], [26.525576, 92.951061], [26.525975, 92.950778], [26.526427, 92.950476], [26.526796, 92.950229], [26.527198, 92.949965], [26.527639, 92.94966], [26.527985, 92.949436], [26.52845, 92.948959], [26.528706, 92.948646], [26.528817, 92.948483], [26.529113, 92.948019], [26.529252, 92.94775], [26.52944, 92.947241], [26.529717, 92.946528], [26.529799, 92.946276], [26.529937, 92.945878], [26.530049, 92.945557], [26.530174, 92.945127], [26.530286, 92.944712], [26.53043, 92.944158], [26.530499, 92.94384], [26.530597, 92.943291], [26.530641, 92.942906], [26.530709, 92.942391], [26.530733, 92.942112], [26.530771, 92.941581], [26.530792, 92.941221], [26.530809, 92.940655], [26.530816, 92.940254], [26.530847, 92.939685], [26.530868, 92.939316], [26.530929, 92.938798], [26.530987, 92.938445], [26.531114, 92.93795], [26.531216, 92.937631], [26.531323, 92.93727], [26.531389, 92.936968], [26.531471, 92.936587], [26.531492, 92.936303], [26.53148, 92.935925], [26.531467, 92.935729], [26.53145, 92.935434], [26.531386, 92.934482], [26.531395, 92.934168], [26.531406, 92.933788], [26.531449, 92.933183], [26.531556, 92.93223], [26.531657, 92.931563], [26.531799, 92.931011], [26.531911, 92.930765], [26.531994, 92.930582], [26.532197, 92.930268], [26.532521, 92.92982], [26.53283, 92.929485], [26.53314, 92.929231], [26.533408, 92.929062], [26.533888, 92.928815], [26.534703, 92.928532], [26.535543, 92.928322], [26.537103, 92.928079], [26.537561, 92.928079], [26.538156, 92.928099], [26.538178, 92.927997], [26.538276, 92.928018], [26.539922, 92.928371], [26.541424, 92.928844], [26.544961, 92.930377], [26.546018, 92.930835], [26.546906, 92.931384], [26.547297, 92.931625], [26.548098, 92.9323], [26.548636, 92.93279], [26.549643, 92.933386], [26.549835, 92.9335], [26.550522, 92.933865], [26.550878, 92.93419], [26.551182, 92.934467], [26.552045, 92.935474], [26.552267, 92.93579], [26.552646, 92.936332], [26.553054, 92.936847], [26.554899, 92.9385], [26.55638, 92.939637], [26.556959, 92.940087], [26.557818, 92.940817], [26.559448, 92.942147], [26.561165, 92.9438], [26.561482, 92.944385], [26.561873, 92.945108], [26.562474, 92.946203], [26.563118, 92.946847], [26.56389, 92.947619], [26.565135, 92.948649], [26.566122, 92.949357], [26.567431, 92.950623], [26.568396, 92.952061], [26.568465, 92.952211], [26.568868, 92.953091], [26.569233, 92.953992], [26.569641, 92.955258], [26.569899, 92.956472], [26.570028, 92.957682], [26.570048, 92.957876], [26.570195, 92.960662], [26.570316, 92.961954], [26.57049, 92.963125], [26.570797, 92.964548], [26.57088, 92.965799], [26.570974, 92.96661], [26.571162, 92.967015], [26.571741, 92.967703], [26.572382, 92.968336], [26.572462, 92.968417], [26.572859, 92.968815], [26.572945, 92.968901], [26.574383, 92.970192], [26.575627, 92.971222], [26.576014, 92.971351], [26.577559, 92.971737], [26.578331, 92.971888], [26.580048, 92.972167], [26.581595, 92.972553], [26.581936, 92.972639], [26.583159, 92.972961], [26.584103, 92.973325], [26.584275, 92.97339], [26.585949, 92.973583], [26.586399, 92.973969], [26.586549, 92.974463], [26.58655, 92.975154], [26.586549, 92.975879], [26.586464, 92.977746], [26.586335, 92.979677], [26.586077, 92.98178], [26.586099, 92.982788], [26.58612, 92.983518], [26.585991, 92.984204], [26.585574, 92.98524], [26.585326, 92.985857], [26.584768, 92.987166], [26.584661, 92.987337], [26.584618, 92.987402], [26.584597, 92.987444], [26.584382, 92.988024], [26.583674, 92.989676], [26.583631, 92.989805], [26.583289, 92.99061], [26.583073, 92.991071], [26.582423, 92.992578], [26.582172, 92.993186], [26.582021, 92.99358], [26.581829, 92.994145], [26.581398, 92.995403], [26.581214, 92.995873], [26.581149, 92.99606], [26.581061, 92.996296], [26.580481, 92.997849], [26.580417, 92.998024], [26.580019, 92.999115], [26.57991, 92.99941], [26.579597, 93.000276], [26.57943, 93.000729], [26.579185, 93.001482], [26.579049, 93.001969], [26.578941, 93.002405], [26.578863, 93.002938], [26.578819, 93.003279], [26.578784, 93.003638], [26.578763, 93.004104], [26.578774, 93.004671], [26.578772, 93.005816], [26.578827, 93.00743], [26.578841, 93.008416], [26.578843, 93.008572], [26.578814, 93.009031], [26.578697, 93.010682], [26.578663, 93.011339], [26.578636, 93.011848], [26.578609, 93.012371], [26.578551, 93.01278], [26.57851, 93.012984], [26.578448, 93.013166], [26.578307, 93.013497], [26.578187, 93.013699], [26.578102, 93.013814], [26.578042, 93.013892], [26.577966, 93.013988], [26.577801, 93.014166], [26.577555, 93.01436], [26.577218, 93.014635], [26.576932, 93.014869], [26.576616, 93.015118], [26.576486, 93.015229], [26.575445, 93.016026], [26.57522, 93.01621], [26.575155, 93.016262], [26.573444, 93.01761], [26.573273, 93.017749], [26.572761, 93.018155], [26.57216, 93.018622], [26.571334, 93.019282], [26.570722, 93.019775], [26.570251, 93.020154], [26.570054, 93.020333], [26.569867, 93.020546], [26.569503, 93.020999], [26.569136, 93.021495], [26.568997, 93.021684], [26.568724, 93.022038], [26.568547, 93.02231], [26.568456, 93.022452], [26.568392, 93.022585], [26.568331, 93.022725], [26.56824, 93.022989], [26.568186, 93.023194], [26.568095, 93.023636], [26.568077, 93.023855], [26.568047, 93.024548], [26.568004, 93.025216], [26.567988, 93.025665], [26.567979, 93.025857], [26.567934, 93.026371], [26.567912, 93.026676], [26.567889, 93.027166], [26.567839, 93.028158], [26.567764, 93.029192], [26.567676, 93.030992], [26.56763, 93.031785], [26.567564, 93.033128], [26.567453, 93.035382], [26.56739, 93.036445], [26.567383, 93.03694], [26.567416, 93.037301], [26.56745, 93.037541], [26.567509, 93.037822], [26.56809, 93.039936], [26.568302, 93.040687], [26.56851, 93.041353], [26.568686, 93.042162], [26.568754, 93.042577], [26.568813, 93.043014], [26.56888, 93.043789], [26.568923, 93.044159], [26.568959, 93.044347], [26.569022, 93.04458], [26.569135, 93.044858], [26.569326, 93.045244], [26.570285, 93.046863], [26.570527, 93.047322], [26.570621, 93.047508], [26.570684, 93.047682], [26.570749, 93.047959], [26.570773, 93.048134], [26.570792, 93.048403], [26.570761, 93.04955], [26.570744, 93.049841], [26.570707, 93.050109], [26.570643, 93.050357], [26.570516, 93.050662], [26.569941, 93.051796], [26.569679, 93.052448], [26.569637, 93.052643], [26.569634, 93.052798], [26.569651, 93.053332], [26.569707, 93.054578], [26.569712, 93.055105], [26.5697, 93.055419], [26.569674, 93.056058], [26.569579, 93.057295], [26.569483, 93.058259], [26.569479, 93.058289], [26.569443, 93.058514], [26.569382, 93.0588], [26.569323, 93.05898], [26.569065, 93.059606], [26.568761, 93.060305], [26.568611, 93.060669], [26.568461, 93.06119], [26.5683, 93.061967], [26.568128, 93.062999], [26.568079, 93.063182], [26.567967, 93.06349], [26.567921, 93.063609], [26.56768, 93.064069], [26.56724, 93.064915], [26.567149, 93.065172], [26.567069, 93.06545], [26.566996, 93.065881], [26.56696, 93.066142], [26.566955, 93.066327], [26.566968, 93.066532], [26.567005, 93.066751], [26.567123, 93.067195], [26.56716, 93.067308], [26.567431, 93.068125], [26.567522, 93.06835], [26.567979, 93.069515], [26.568304, 93.070341], [26.568546, 93.070872], [26.569598, 93.072438], [26.570821, 93.073447], [26.572081, 93.075074], [26.572366, 93.075442], [26.572753, 93.07596], [26.572942, 93.076225], [26.573408, 93.076879], [26.574015, 93.077731], [26.574325, 93.078035], [26.574745, 93.078421], [26.575079, 93.078651], [26.576222, 93.07944], [26.576725, 93.079869], [26.576751, 93.079909], [26.577022, 93.080326], [26.577128, 93.080562], [26.577224, 93.080798], [26.577296, 93.081019], [26.577332, 93.081265], [26.577368, 93.081526], [26.577371, 93.081755], [26.577351, 93.081998], [26.577222, 93.082761], [26.577184, 93.08299], [26.577135, 93.083239], [26.577086, 93.083435], [26.577019, 93.083671], [26.576958, 93.083832], [26.576918, 93.083915], [26.57688, 93.083959], [26.576807, 93.084042], [26.576706, 93.084133], [26.57617, 93.084614], [26.575845, 93.084866], [26.575771, 93.084922], [26.575526, 93.085106], [26.575371, 93.085183], [26.575207, 93.085264], [26.574936, 93.085374], [26.574804, 93.085446], [26.574754, 93.085473], [26.574635, 93.08557], [26.574595, 93.085644], [26.574516, 93.085788], [26.574505, 93.085817], [26.574437, 93.085983], [26.574344, 93.086362], [26.574329, 93.086517], [26.574339, 93.086588], [26.574351, 93.086662], [26.574472, 93.087208], [26.574516, 93.087447], [26.574523, 93.087488], [26.574544, 93.087691], [26.5745, 93.089124], [26.574483, 93.089563], [26.574452, 93.090422], [26.57443, 93.09142], [26.574421, 93.09185], [26.574411, 93.092333], [26.574405, 93.09253], [26.574368, 93.092667], [26.574345, 93.092721], [26.57431, 93.092803], [26.574211, 93.092973], [26.573931, 93.093418], [26.573704, 93.093778], [26.57339, 93.094275], [26.573331, 93.094368], [26.573272, 93.094524], [26.573242, 93.094691], [26.573243, 93.09497], [26.573274, 93.095168], [26.573355, 93.09536], [26.573667, 93.095836], [26.573746, 93.095956], [26.573863, 93.096179], [26.57398, 93.096401], [26.574083, 93.096667], [26.574166, 93.096881], [26.574264, 93.097205], [26.574292, 93.097299], [26.574326, 93.097549], [26.574343, 93.097956], [26.574368, 93.098436], [26.57442, 93.098646], [26.574533, 93.098889], [26.574598, 93.099149], [26.574638, 93.099426], [26.574619, 93.099711], [26.574582, 93.099989], [26.574506, 93.100179], [26.574372, 93.100312], [26.574213, 93.100409], [26.573999, 93.100535], [26.573799, 93.100645], [26.573715, 93.100724], [26.573567, 93.100869], [26.573456, 93.101059], [26.57341, 93.101205], [26.573419, 93.101352], [26.573471, 93.101471], [26.573584, 93.101601], [26.573823, 93.101817], [26.57404, 93.10208], [26.574147, 93.102264], [26.574161, 93.102495], [26.574082, 93.102672], [26.573723, 93.103236], [26.573656, 93.103335], [26.573593, 93.103563], [26.573542, 93.103938], [26.573602, 93.104572], [26.573642, 93.104722], [26.574154, 93.105636], [26.574361, 93.105998], [26.574423, 93.106217], [26.574425, 93.106435], [26.574395, 93.106572], [26.574277, 93.106886], [26.574213, 93.107088], [26.574205, 93.107229], [26.574318, 93.107883], [26.574389, 93.10807], [26.574451, 93.108175], [26.574619, 93.108311], [26.574743, 93.108419], [26.574842, 93.108615], [26.574876, 93.108873], [26.574876, 93.109002], [26.574802, 93.109544], [26.574734, 93.110194], [26.57474, 93.110287], [26.574812, 93.110719], [26.574822, 93.110858], [26.574804, 93.110937], [26.574773, 93.110997], [26.574729, 93.111074], [26.574679, 93.111122], [26.574446, 93.111346], [26.5744, 93.111423], [26.57438, 93.111544], [26.574419, 93.111885], [26.574455, 93.112062], [26.574572, 93.112344], [26.574635, 93.112599], [26.574637, 93.112798], [26.574614, 93.113053], [26.574548, 93.113264], [26.574482, 93.113395], [26.57396, 93.114049], [26.573353, 93.114774], [26.573317, 93.11482], [26.573273, 93.114876], [26.573218, 93.114957], [26.573154, 93.115036], [26.57305, 93.115164], [26.573021, 93.115199], [26.572666, 93.115654], [26.572044, 93.11646], [26.571565, 93.117073], [26.570916, 93.117797], [26.570027, 93.11883], [26.569051, 93.119921], [26.568909, 93.120078], [26.568541, 93.120533], [26.568427, 93.120736], [26.568332, 93.120933], [26.568267, 93.121185], [26.568226, 93.121424], [26.5682, 93.121608], [26.568162, 93.122008], [26.568154, 93.122491], [26.568053, 93.126319], [26.567968, 93.129546], [26.567983, 93.129775], [26.568045, 93.130203], [26.568215, 93.131021], [26.568535, 93.132374], [26.568883, 93.13408], [26.569513, 93.136742], [26.569675, 93.137219], [26.56981, 93.137607], [26.570308, 93.138727], [26.570533, 93.139242], [26.570702, 93.139628], [26.570938, 93.140251], [26.571035, 93.140507], [26.571229, 93.141017], [26.571509, 93.141649], [26.572065, 93.142905], [26.572566, 93.143919], [26.57347, 93.145069], [26.573594, 93.145315], [26.573861, 93.14605], [26.574354, 93.147585], [26.57536, 93.151054], [26.575442, 93.151305], [26.575519, 93.151512], [26.575603, 93.151698], [26.575688, 93.151842], [26.575964, 93.152234], [26.576112, 93.152486], [26.576209, 93.152736], [26.57633, 93.153092], [26.57638, 93.153336], [26.576397, 93.153597], [26.57638, 93.15388], [26.576204, 93.155372], [26.576203, 93.155554], [26.576234, 93.155983], [26.576273, 93.156526], [26.576281, 93.156802], [26.57625, 93.157066], [26.576156, 93.157774], [26.576118, 93.158555], [26.576203, 93.159629], [26.576277, 93.160192], [26.57632, 93.160614], [26.576321, 93.160859], [26.576274, 93.161193], [26.57617, 93.161846], [26.575934, 93.162856], [26.57588, 93.163403], [26.57585, 93.163826], [26.575866, 93.165124], [26.57593, 93.166717], [26.576023, 93.168385], [26.576068, 93.168826], [26.576116, 93.169414], [26.576171, 93.169939], [26.576289, 93.170544], [26.576385, 93.170857], [26.576481, 93.171205], [26.576526, 93.1714], [26.576556, 93.171631], [26.576546, 93.171915], [26.576516, 93.172169], [26.576414, 93.17253], [26.576104, 93.173547], [26.575799, 93.174276], [26.575559, 93.174633], [26.574822, 93.175568], [26.574492, 93.176032], [26.574144, 93.176576], [26.573987, 93.17695], [26.573903, 93.177235], [26.573844, 93.177475], [26.573673, 93.178511], [26.573643, 93.178949], [26.573632, 93.179822], [26.573641, 93.180403], [26.573665, 93.181375], [26.573722, 93.182134], [26.573751, 93.182436], [26.573794, 93.182908], [26.573817, 93.18322], [26.573879, 93.184045], [26.573894, 93.184309], [26.573953, 93.185352], [26.574051, 93.187113], [26.574087, 93.188203], [26.574122, 93.18909], [26.574145, 93.189448], [26.574202, 93.190558], [26.574267, 93.191587], [26.574309, 93.192199], [26.57448, 93.193722], [26.574542, 93.194081], [26.574685, 93.194914], [26.5749, 93.196163], [26.574948, 93.196485], [26.575107, 93.197741], [26.575126, 93.197848], [26.575168, 93.198107], [26.575181, 93.198211], [26.57529, 93.199044], [26.575439, 93.19997], [26.575558, 93.200703], [26.57558, 93.200835], [26.575719, 93.201686], [26.575758, 93.202048], [26.575769, 93.202366], [26.575763, 93.202774], [26.57569, 93.203354], [26.575253, 93.206265], [26.574901, 93.209341], [26.574788, 93.210287], [26.574737, 93.210823], [26.574716, 93.213464], [26.574673, 93.218206], [26.574652, 93.219085], [26.574634, 93.222192], [26.57463, 93.222776], [26.57463, 93.225973], [26.574652, 93.227926], [26.574652, 93.228849], [26.57463, 93.231466], [26.574716, 93.235114], [26.574845, 93.236831], [26.574974, 93.238397], [26.575068, 93.239452], [26.575145, 93.240329], [26.575446, 93.243182], [26.575682, 93.245435], [26.575896, 93.247624], [26.576154, 93.251143], [26.576305, 93.252459], [26.576365, 93.253212], [26.576411, 93.253782], [26.576433, 93.25404], [26.576788, 93.255756], [26.576819, 93.255907], [26.577141, 93.256679], [26.577868, 93.258184], [26.578647, 93.259635], [26.578916, 93.260251], [26.579029, 93.260756], [26.578977, 93.261192], [26.578339, 93.262809], [26.578285, 93.262935], [26.578162, 93.263289], [26.578137, 93.263424], [26.578116, 93.263576], [26.578116, 93.263969], [26.578135, 93.264454], [26.578189, 93.26497], [26.578208, 93.265243], [26.578228, 93.265556], [26.57828, 93.266191], [26.57829, 93.266439], [26.578329, 93.266867], [26.578473, 93.267782], [26.578501, 93.267944], [26.578628, 93.26865], [26.578655, 93.268838], [26.578701, 93.269125], [26.578722, 93.269346], [26.57874, 93.26961], [26.578738, 93.269962], [26.578717, 93.270325], [26.578696, 93.270518], [26.578691, 93.270634], [26.578658, 93.270866], [26.57857, 93.271305], [26.578138, 93.272638], [26.578055, 93.272887], [26.57792, 93.273363], [26.577788, 93.273851], [26.577566, 93.275127], [26.577413, 93.276135], [26.577418, 93.276225], [26.577297, 93.277201], [26.576936, 93.279655], [26.576847, 93.280344], [26.576831, 93.28056], [26.576819, 93.280767], [26.576812, 93.280956], [26.57681, 93.281068], [26.576811, 93.281183], [26.576814, 93.281294], [26.576821, 93.281397], [26.5769, 93.281881], [26.577001, 93.28238], [26.577114, 93.282934], [26.577245, 93.283461], [26.577439, 93.284208], [26.57763, 93.284858], [26.577851, 93.285625], [26.578481, 93.287809], [26.579095, 93.290262], [26.579247, 93.290826], [26.579366, 93.291287], [26.5798, 93.29301], [26.579989, 93.293771], [26.580302, 93.295066], [26.580597, 93.296327], [26.580781, 93.297067], [26.580949, 93.297658], [26.581206, 93.298624], [26.581709, 93.300147], [26.581963, 93.300833], [26.582061, 93.301103], [26.582117, 93.301287], [26.582243, 93.301722], [26.582299, 93.301979], [26.582531, 93.303126], [26.582597, 93.303425], [26.582658, 93.303732], [26.58272, 93.304227], [26.582956, 93.305859], [26.583165, 93.306993], [26.583616, 93.309024], [26.584008, 93.310963], [26.584082, 93.311543], [26.584167, 93.312199], [26.584245, 93.31275], [26.584356, 93.313471], [26.584404, 93.313775], [26.584503, 93.314302], [26.584597, 93.314691], [26.584769, 93.315148], [26.585174, 93.316137], [26.585254, 93.316446], [26.585283, 93.316539], [26.585308, 93.316705], [26.585323, 93.316879], [26.585357, 93.317333], [26.585401, 93.317654], [26.585435, 93.317931], [26.585494, 93.318117], [26.585519, 93.318236], [26.585552, 93.318514], [26.585558, 93.31883], [26.585519, 93.319953], [26.585498, 93.321583], [26.585558, 93.322138], [26.585537, 93.322983], [26.585549, 93.32329], [26.58559, 93.323504], [26.585725, 93.324533], [26.585788, 93.324929], [26.585798, 93.325134], [26.585792, 93.325295], [26.585764, 93.325466], [26.585519, 93.326624], [26.585512, 93.326704], [26.585483, 93.327029], [26.585464, 93.327353], [26.585495, 93.32786], [26.58559, 93.329039], [26.585535, 93.32934], [26.585478, 93.329644], [26.58536, 93.329938], [26.585271, 93.330089], [26.585197, 93.330272], [26.585165, 93.330422], [26.585004, 93.331475], [26.584943, 93.331723], [26.584901, 93.331887], [26.58485, 93.332046], [26.584834, 93.332096], [26.584812, 93.332162], [26.584511, 93.332849], [26.58435, 93.333257], [26.584271, 93.333527], [26.584196, 93.333869], [26.584125, 93.33491], [26.58404, 93.335884], [26.584037, 93.336074], [26.584032, 93.336416], [26.584041, 93.336676], [26.584054, 93.336805], [26.584072, 93.336888], [26.584092, 93.336966], [26.584125, 93.33708], [26.584207, 93.337292], [26.584216, 93.337302], [26.584229, 93.337303], [26.584405, 93.337654], [26.584556, 93.337926], [26.585231, 93.339029], [26.585726, 93.33988], [26.585912, 93.340274], [26.586022, 93.340492], [26.586172, 93.340901], [26.58623, 93.341108], [26.586257, 93.341209], [26.586274, 93.341273], [26.586291, 93.341442], [26.586307, 93.341611], [26.586313, 93.342505], [26.586297, 93.343095], [26.586231, 93.34376], [26.586206, 93.344436], [26.586206, 93.344582], [26.58621, 93.344939], [26.586222, 93.345129], [26.58624, 93.345397], [26.5863, 93.346414], [26.586305, 93.346966], [26.586356, 93.34789], [26.586356, 93.348096], [26.586356, 93.348663], [26.586352, 93.348812], [26.58634, 93.349273], [26.586335, 93.349453], [26.586334, 93.349975], [26.586355, 93.351093], [26.586356, 93.351152], [26.586402, 93.351975], [26.58641, 93.35261], [26.586414, 93.353264], [26.586421, 93.353727], [26.586444, 93.354682], [26.586472, 93.355463], [26.586489, 93.355642], [26.586539, 93.356175], [26.586594, 93.356763], [26.586661, 93.358162], [26.586666, 93.358319], [26.586736, 93.359417], [26.586752, 93.359563], [26.586776, 93.359778], [26.586828, 93.36027], [26.586871, 93.36055], [26.586899, 93.360697], [26.586915, 93.36078], [26.586983, 93.361133], [26.587172, 93.362117], [26.58773, 93.364756], [26.587922, 93.365852], [26.587962, 93.366241], [26.587966, 93.366694], [26.587966, 93.367031], [26.587858, 93.368833], [26.587837, 93.369112], [26.587365, 93.372223], [26.587386, 93.374434], [26.587536, 93.378296], [26.587579, 93.379669], [26.587602, 93.380299], [26.587665, 93.382008], [26.587751, 93.384347], [26.587778, 93.385535], [26.587837, 93.388145], [26.587884, 93.390161], [26.587923, 93.391793], [26.587947, 93.392043], [26.588137, 93.393982], [26.588334, 93.395315], [26.588391, 93.39567], [26.588528, 93.396337], [26.588648, 93.39687], [26.588807, 93.397487], [26.58908, 93.398605], [26.589477, 93.400398], [26.589523, 93.400605], [26.589544, 93.400703], [26.589573, 93.400848], [26.589596, 93.400982], [26.589636, 93.401184], [26.58964, 93.401231], [26.58969, 93.401514], [26.589744, 93.401848], [26.58977, 93.402117], [26.589803, 93.402461], [26.589893, 93.403393], [26.589894, 93.403471], [26.589893, 93.403497], [26.589883, 93.403688], [26.58978, 93.404409], [26.589753, 93.404568], [26.589733, 93.404662], [26.58964, 93.405115], [26.589525, 93.405671], [26.58946, 93.406022], [26.589415, 93.406359], [26.589396, 93.406499], [26.589355, 93.406861], [26.589331, 93.407074], [26.589296, 93.407371], [26.589154, 93.409313], [26.589143, 93.409452], [26.589132, 93.409666], [26.589133, 93.409921], [26.589144, 93.410079], [26.589163, 93.410369], [26.589241, 93.411054], [26.589319, 93.411519], [26.589425, 93.41207], [26.589505, 93.412392], [26.589626, 93.412874], [26.589661, 93.413014], [26.58994, 93.414409], [26.590189, 93.415587], [26.590648, 93.417757], [26.590683, 93.417959], [26.590762, 93.418411], [26.590833, 93.418948], [26.590861, 93.419377], [26.590865, 93.419669], [26.59086, 93.419821], [26.59085, 93.42001], [26.590755, 93.421168], [26.590691, 93.422027], [26.590629, 93.424899], [26.590614, 93.425255], [26.590611, 93.42532], [26.590576, 93.426177], [26.59054, 93.426688], [26.590463, 93.427806], [26.590455, 93.42797], [26.590433, 93.429067], [26.590429, 93.429472], [26.590415, 93.429792], [26.590418, 93.429875], [26.590416, 93.430076], [26.590417, 93.430304], [26.590466, 93.431028], [26.59051, 93.431693], [26.590535, 93.432097], [26.590712, 93.434537], [26.590889, 93.43519], [26.591006, 93.435641], [26.591196, 93.436296], [26.59139, 93.436773], [26.591699, 93.437476], [26.59256, 93.439075], [26.593024, 93.439971], [26.593415, 93.440665], [26.593437, 93.440704], [26.59364, 93.441108], [26.593822, 93.44144], [26.594426, 93.442674], [26.59492, 93.443602], [26.59531, 93.44437], [26.595975, 93.445649], [26.596506, 93.446746], [26.598566, 93.450673], [26.598995, 93.45151], [26.600627, 93.454599], [26.602042, 93.45741], [26.602364, 93.458033], [26.603158, 93.459578], [26.604445, 93.461959], [26.605668, 93.464363], [26.605837, 93.464725], [26.606183, 93.465478], [26.606317, 93.465835], [26.606934, 93.467817], [26.607287, 93.469432], [26.60744, 93.47013], [26.607685, 93.471251], [26.607913, 93.472176], [26.608214, 93.473404], [26.608307, 93.473783], [26.608865, 93.475735], [26.609391, 93.477562], [26.609638, 93.478417], [26.610153, 93.480111], [26.610204, 93.480278], [26.610239, 93.480392], [26.610347, 93.480899], [26.610453, 93.4814], [26.610539, 93.482194], [26.610625, 93.484962], [26.610715, 93.486577], [26.610775, 93.487666], [26.610904, 93.489404], [26.611011, 93.490477], [26.611304, 93.492568], [26.611338, 93.492783], [26.611352, 93.492874], [26.611492, 93.493426], [26.611635, 93.493899], [26.611807, 93.494521], [26.611993, 93.495256], [26.612341, 93.496571], [26.612856, 93.498395], [26.613355, 93.500146], [26.613391, 93.500314], [26.613446, 93.500649], [26.613605, 93.501724], [26.613665, 93.502074], [26.613685, 93.502187], [26.613715, 93.502327], [26.61438, 93.504167], [26.614487, 93.504424], [26.614834, 93.505381], [26.615438, 93.507048], [26.61556, 93.507385], [26.61564, 93.50761], [26.615804, 93.508067], [26.615857, 93.508216], [26.615922, 93.508396], [26.61613, 93.508978], [26.616182, 93.509123], [26.616339, 93.509588], [26.616659, 93.510538], [26.61691, 93.511281], [26.616949, 93.511381], [26.616984, 93.511473], [26.617156, 93.51187], [26.617471, 93.512622], [26.617491, 93.512669], [26.617577, 93.512903], [26.617701, 93.513308], [26.617781, 93.51355], [26.617899, 93.513906], [26.618135, 93.51459], [26.618169, 93.514653], [26.618214, 93.514737], [26.6183, 93.514871], [26.618387, 93.514978], [26.618756, 93.515434], [26.618971, 93.515657], [26.619024, 93.51571], [26.619203, 93.515888], [26.619487, 93.516169], [26.619711, 93.516402], [26.620329, 93.517047], [26.620657, 93.51739], [26.620804, 93.517564], [26.620869, 93.517669], [26.620935, 93.517811], [26.620941, 93.517828], [26.621001, 93.517995], [26.621087, 93.518269], [26.621182, 93.518629], [26.621933, 93.521311], [26.623178, 93.525667], [26.623263, 93.525968], [26.623554, 93.527043], [26.624272, 93.529701], [26.624859, 93.531407], [26.625265, 93.532339], [26.625476, 93.532714], [26.625696, 93.533126], [26.625844, 93.533394], [26.625993, 93.533647], [26.626317, 93.534205], [26.626478, 93.53451], [26.626759, 93.53501], [26.626844, 93.535174], [26.627233, 93.535924], [26.627684, 93.537018], [26.628735, 93.539529], [26.62895, 93.540022], [26.62998, 93.542512], [26.630731, 93.544357], [26.631267, 93.545644], [26.632386, 93.548285], [26.632576, 93.548734], [26.632773, 93.5492], [26.633649, 93.551266], [26.634228, 93.552618], [26.634593, 93.553455], [26.63548, 93.555641], [26.635516, 93.555729], [26.636184, 93.557301], [26.636739, 93.558605], [26.637318, 93.560021], [26.638644, 93.563235], [26.638814, 93.563646], [26.640043, 93.566372], [26.640644, 93.567789], [26.640735, 93.568006], [26.640892, 93.568473], [26.641095, 93.569183], [26.641186, 93.571498], [26.641248, 93.572531], [26.641301, 93.57321], [26.641331, 93.573389], [26.641352, 93.573539], [26.641451, 93.574314], [26.641544, 93.575363], [26.641545, 93.575858], [26.641545, 93.575977], [26.641477, 93.578602], [26.641395, 93.58223], [26.641395, 93.582745], [26.641309, 93.585556], [26.6413, 93.585987], [26.641266, 93.587508], [26.641245, 93.588345], [26.641223, 93.589118], [26.641189, 93.589723], [26.641116, 93.591027], [26.641074, 93.592089], [26.64103, 93.593195], [26.640999, 93.593743], [26.640987, 93.593946], [26.64094, 93.594574], [26.640923, 93.594804], [26.640895, 93.595335], [26.640837, 93.596413], [26.640819, 93.596764], [26.640812, 93.596889], [26.640785, 93.5974], [26.640773, 93.597636], [26.640752, 93.598004], [26.640733, 93.598358], [26.640708, 93.598795], [26.640708, 93.598803], [26.640702, 93.598957], [26.640698, 93.599089], [26.640692, 93.599243], [26.640687, 93.599374], [26.640685, 93.599393], [26.640623, 93.600061], [26.640608, 93.600317], [26.640537, 93.601584], [26.64043, 93.602893], [26.640414, 93.603138], [26.640408, 93.603237], [26.640408, 93.603516], [26.640387, 93.603859], [26.640387, 93.603902], [26.640387, 93.604095], [26.640365, 93.604224], [26.640336, 93.604808], [26.640322, 93.605082], [26.640312, 93.605394], [26.640309, 93.605498], [26.640279, 93.606434], [26.640266, 93.606594], [26.640236, 93.606949], [26.640234, 93.607037], [26.640148, 93.608336], [26.640101, 93.609176], [26.640108, 93.609588], [26.640065, 93.610554], [26.640043, 93.610919], [26.640016, 93.61135], [26.639991, 93.611593], [26.639971, 93.61183], [26.63985, 93.612528], [26.639747, 93.613021], [26.639544, 93.613996], [26.639421, 93.614588], [26.639164, 93.616004], [26.638949, 93.61712], [26.638606, 93.618965], [26.638557, 93.619272], [26.638134, 93.621926], [26.637834, 93.624118], [26.637781, 93.624501], [26.637554, 93.626003], [26.637082, 93.629265], [26.636674, 93.632076], [26.636181, 93.635552], [26.635838, 93.637848], [26.635602, 93.639371], [26.635516, 93.639994], [26.635322, 93.641249], [26.635001, 93.642848], [26.634795, 93.643349], [26.633692, 93.645272], [26.63352, 93.646045], [26.633027, 93.64877], [26.632597, 93.649972], [26.631568, 93.65201], [26.63115, 93.652945], [26.631031, 93.653212], [26.630941, 93.653436], [26.63058, 93.654327], [26.63013, 93.655722], [26.630044, 93.656666], [26.630065, 93.657074], [26.630366, 93.659263], [26.630389, 93.65965], [26.630495, 93.661387], [26.630817, 93.66364], [26.630817, 93.663898], [26.630818, 93.664541], [26.63058, 93.665668], [26.630482, 93.66622], [26.630473, 93.666751], [26.630636, 93.667449], [26.631138, 93.668854], [26.631954, 93.670764], [26.632773, 93.672262], [26.632834, 93.672373], [26.63322, 93.673017], [26.634742, 93.675384], [26.635194, 93.676086], [26.63709, 93.679186], [26.637662, 93.680205], [26.637747, 93.680441], [26.638198, 93.683188], [26.63852, 93.686557], [26.638691, 93.688445], [26.638799, 93.689454], [26.638992, 93.691578], [26.639099, 93.692629], [26.639507, 93.694346], [26.639614, 93.694582], [26.640305, 93.696049], [26.640505, 93.69649], [26.640608, 93.696753], [26.64068, 93.697016], [26.640687, 93.697307], [26.64062, 93.697932], [26.640583, 93.698971], [26.640624, 93.69968], [26.640689, 93.700398], [26.64081, 93.701187], [26.640841, 93.701538], [26.640841, 93.701813], [26.640805, 93.702025], [26.64071, 93.702295], [26.640573, 93.702523], [26.64019, 93.70298], [26.639563, 93.703668], [26.639358, 93.703905], [26.639163, 93.704068], [26.638877, 93.704156], [26.638622, 93.704206], [26.638342, 93.704285], [26.638012, 93.704391], [26.63789, 93.704449], [26.637736, 93.704567], [26.637452, 93.704828], [26.63639, 93.706246], [26.635768, 93.707113], [26.635148, 93.707961], [26.634401, 93.708965], [26.63406, 93.709463], [26.63266, 93.711298], [26.632405, 93.711689], [26.632314, 93.712024], [26.63228, 93.712403], [26.632388, 93.713315], [26.632512, 93.713937], [26.632555, 93.714602], [26.632533, 93.714817], [26.632391, 93.715621], [26.6323, 93.716099], [26.63218, 93.716504], [26.631949, 93.717021], [26.631568, 93.717759], [26.631396, 93.718202], [26.631289, 93.718593], [26.631134, 93.719704], [26.631094, 93.72035], [26.631162, 93.720814], [26.631353, 93.721208], [26.631535, 93.721597], [26.631572, 93.721962], [26.631565, 93.722244], [26.631396, 93.723829], [26.631289, 93.724837], [26.63116, 93.725932], [26.631095, 93.726575], [26.631066, 93.726828], [26.631025, 93.727187], [26.630999, 93.727505], [26.630926, 93.727375], [26.630825, 93.727322], [26.630693, 93.727289], [26.630349, 93.727568], [26.629552, 93.728265], [26.62902, 93.728779], [26.628898, 93.728901], [26.628739, 93.728958], [26.628388, 93.728922], [26.627792, 93.728761], [26.627396, 93.728617], [26.627131, 93.728466], [26.627016, 93.728372], [26.62682, 93.728129], [26.626354, 93.727456], [26.625539, 93.7261], [26.625352, 93.725902], [26.625113, 93.725766], [26.624963, 93.725742], [26.624634, 93.725753], [26.62305, 93.725947], [26.62275, 93.72594], [26.622611, 93.725903], [26.62225, 93.725682], [26.621928, 93.725423], [26.621705, 93.725329], [26.621122, 93.725247], [26.620191, 93.725264], [26.619806, 93.725336], [26.619369, 93.725473], [26.617008, 93.726662], [26.616419, 93.727087], [26.614327, 93.728423], [26.614006, 93.728595], [26.613756, 93.728794], [26.613459, 93.729125], [26.613124, 93.72967], [26.612941, 93.729904], [26.611567, 93.730981], [26.610979, 93.731489], [26.610354, 93.731852], [26.61011, 93.731927], [26.609053, 93.732082], [26.608227, 93.732152], [26.607742, 93.732261], [26.607259, 93.732503], [26.606932, 93.732627], [26.606633, 93.732664], [26.606514, 93.73264], [26.60632, 93.732527], [26.605902, 93.732178], [26.605515, 93.731896], [26.605261, 93.731475], [26.605164, 93.731202], [26.605105, 93.730786], [26.605066, 93.730654], [26.604922, 93.7304], [26.604579, 93.730142], [26.604453, 93.730105], [26.603838, 93.730072], [26.603148, 93.729996], [26.602783, 93.729988], [26.60236, 93.729893], [26.602141, 93.729772], [26.601614, 93.729708], [26.601433, 93.729629], [26.601257, 93.729592], [26.600923, 93.72964], [26.600634, 93.729793], [26.60013, 93.729998], [26.599796, 93.7302], [26.599543, 93.730312], [26.599182, 93.730424], [26.599068, 93.730484], [26.598968, 93.730588], [26.598735, 93.730759], [26.598628, 93.730879], [26.598434, 93.731376], [26.598204, 93.731853], [26.598155, 93.732046], [26.597996, 93.732385], [26.59779, 93.732675], [26.597681, 93.73277], [26.597434, 93.732893], [26.597151, 93.732973], [26.596603, 93.733031], [26.596372, 93.733137], [26.596169, 93.733293], [26.5961, 93.733384], [26.595933, 93.733833], [26.595714, 93.735083], [26.595562, 93.735549], [26.595474, 93.735709], [26.595351, 93.735841], [26.595051, 93.736045], [26.594728, 93.736211], [26.594551, 93.736268], [26.593848, 93.736586], [26.592843, 93.737092], [26.592051, 93.737692], [26.591767, 93.737841], [26.590916, 93.738419], [26.589916, 93.738846], [26.589601, 93.73895], [26.589402, 93.739037], [26.589109, 93.739203], [26.588949, 93.739488], [26.588888, 93.739726], [26.58878, 93.740352], [26.588671, 93.741211], [26.588686, 93.741588], [26.588716, 93.741904], [26.588897, 93.74247], [26.589017, 93.742838], [26.589051, 93.743131], [26.588969, 93.743497], [26.588868, 93.743653], [26.588629, 93.743986], [26.588247, 93.744345], [26.587983, 93.744638], [26.587853, 93.744878], [26.587714, 93.745109], [26.58748, 93.745674], [26.587371, 93.746052], [26.586887, 93.747456], [26.586589, 93.748472], [26.586487, 93.749048], [26.586377, 93.750001], [26.586406, 93.75057], [26.586392, 93.75124], [26.586304, 93.751714], [26.586205, 93.752026], [26.58608, 93.752245], [26.585542, 93.752924], [26.585163, 93.753294], [26.584956, 93.753537], [26.58453, 93.754033], [26.584177, 93.754441], [26.583833, 93.754766], [26.583144, 93.755548], [26.582601, 93.75618], [26.582474, 93.756306], [26.582134, 93.756687], [26.581682, 93.757153], [26.58134, 93.75742], [26.580613, 93.757982], [26.580502, 93.758093], [26.580041, 93.758431], [26.579148, 93.759054], [26.578696, 93.759402], [26.578458, 93.759554], [26.578121, 93.7599], [26.577637, 93.760486], [26.577518, 93.760663], [26.576908, 93.761572], [26.576402, 93.762393], [26.57615, 93.762802], [26.576027, 93.762965], [26.575228, 93.763933], [26.574727, 93.764643], [26.57448, 93.765076], [26.574256, 93.765495], [26.574106, 93.765716], [26.573877, 93.765995], [26.573349, 93.766524], [26.573133, 93.76667], [26.572568, 93.767195], [26.571787, 93.767825], [26.571766, 93.767842], [26.571686, 93.767906], [26.571588, 93.767988], [26.571543, 93.768024], [26.571317, 93.768214], [26.570387, 93.768989], [26.569329, 93.770022], [26.569296, 93.770053], [26.565871, 93.773393], [26.56553, 93.773726], [26.56526, 93.774068], [26.565223, 93.774115], [26.565134, 93.77424], [26.564965, 93.774477], [26.564723, 93.774869], [26.564644, 93.774998], [26.564303, 93.775623], [26.563299, 93.777656], [26.563165, 93.777957], [26.562889, 93.778579], [26.56231, 93.779691], [26.562057, 93.780108], [26.561345, 93.781119], [26.56071, 93.781843], [26.560042, 93.782519], [26.559341, 93.783102], [26.556932, 93.785203], [26.556615, 93.785523], [26.556078, 93.786173], [26.555718, 93.786745], [26.555271, 93.787732], [26.553929, 93.791304], [26.551946, 93.796204], [26.551846, 93.796632], [26.551806, 93.797023], [26.551828, 93.797411], [26.551959, 93.79809], [26.552331, 93.79953], [26.552411, 93.800037], [26.552479, 93.801777], [26.552578, 93.802986], [26.553248, 93.808419], [26.553286, 93.808895], [26.553277, 93.809597], [26.553201, 93.810279], [26.553088, 93.810716], [26.552949, 93.811129], [26.55257, 93.811906], [26.552012, 93.812936], [26.551306, 93.814543], [26.551163, 93.814971], [26.550851, 93.816233], [26.550422, 93.818632], [26.550375, 93.819055], [26.550129, 93.820444], [26.550074, 93.820897], [26.549787, 93.822394], [26.549736, 93.822801], [26.549721, 93.823202], [26.549754, 93.824047], [26.549822, 93.824485], [26.549921, 93.824896], [26.550107, 93.825483], [26.550376, 93.825975], [26.55066, 93.826392], [26.550915, 93.826676], [26.551082, 93.826874], [26.551516, 93.82739], [26.551815, 93.827712], [26.551968, 93.827865], [26.552307, 93.82828], [26.552697, 93.828733], [26.55303, 93.829227], [26.553206, 93.829567], [26.553496, 93.83024], [26.55372, 93.831046], [26.553971, 93.832016], [26.554283, 93.834116], [26.55433, 93.834293], [26.55441, 93.834843], [26.554509, 93.835199], [26.554696, 93.835701], [26.555263, 93.836799], [26.555392, 93.837162], [26.555478, 93.837506], [26.555568, 93.838109], [26.555604, 93.838574], [26.555593, 93.839023], [26.555657, 93.839851], [26.555671, 93.840006], [26.555709, 93.840932], [26.555678, 93.841265], [26.555521, 93.841717], [26.555387, 93.841955], [26.554973, 93.842542], [26.554303, 93.843333], [26.554036, 93.843716], [26.553941, 93.843886], [26.553896, 93.843967], [26.553806, 93.84422], [26.553719, 93.844619], [26.553679, 93.845164], [26.553658, 93.846203], [26.553633, 93.847427], [26.553673, 93.847751], [26.553702, 93.848484], [26.553761, 93.849017], [26.553806, 93.849422], [26.553923, 93.850018], [26.554075, 93.850557], [26.554104, 93.850975], [26.553682, 93.852531], [26.553458, 93.853702], [26.553192, 93.855312], [26.552982, 93.856632], [26.552789, 93.857445], [26.552516, 93.858044], [26.552082, 93.858771], [26.551939, 93.859132], [26.551745, 93.860182], [26.551585, 93.860832], [26.550676, 93.86298], [26.550473, 93.863657], [26.549979, 93.864875], [26.549636, 93.865348], [26.547923, 93.867169], [26.547113, 93.867978], [26.54664, 93.86849], [26.545874, 93.869268], [26.544978, 93.87006], [26.544069, 93.871023], [26.543601, 93.871573], [26.543409, 93.87184], [26.542775, 93.873288], [26.542564, 93.873695], [26.541876, 93.874793], [26.541504, 93.875306], [26.541252, 93.875589], [26.540842, 93.875962], [26.540159, 93.876519], [26.539325, 93.877247], [26.538549, 93.878007], [26.538327, 93.878208], [26.536696, 93.879689], [26.535932, 93.880443], [26.535549, 93.880752], [26.533812, 93.882272], [26.533579, 93.88245], [26.533395, 93.882673], [26.53324, 93.882816], [26.532798, 93.882967], [26.53184, 93.883012], [26.531332, 93.88295], [26.530556, 93.882771], [26.530125, 93.882636], [26.52986, 93.882598], [26.529372, 93.8824], [26.529006, 93.882301], [26.528817, 93.882322], [26.528465, 93.882424], [26.528319, 93.882531], [26.528052, 93.882621], [26.527443, 93.882905], [26.527119, 93.88311], [26.526506, 93.88359], [26.526235, 93.883839], [26.526168, 93.883912], [26.525542, 93.884595], [26.525198, 93.885095], [26.524871, 93.885685], [26.524533, 93.886452], [26.524472, 93.886545], [26.523835, 93.888608], [26.523801, 93.888782], [26.523786, 93.889305], [26.523852, 93.890356], [26.523796, 93.890652], [26.52366, 93.890935], [26.523578, 93.891251], [26.523209, 93.89217], [26.522536, 93.893482], [26.520978, 93.897806], [26.52036, 93.899256], [26.520062, 93.899833], [26.519492, 93.900799], [26.519254, 93.901152], [26.518857, 93.901664], [26.517593, 93.903064], [26.517068, 93.903579], [26.516823, 93.90388], [26.516039, 93.904679], [26.515523, 93.905164], [26.515104, 93.905498], [26.514426, 93.906117], [26.514181, 93.906419], [26.514051, 93.906579], [26.513542, 93.90737], [26.51284, 93.908316], [26.512577, 93.908769], [26.512475, 93.90889], [26.51228, 93.909052], [26.512058, 93.909148], [26.511764, 93.909203], [26.51139, 93.909272], [26.510001, 93.909383], [26.5093, 93.909267], [26.508971, 93.909279], [26.508821, 93.909208], [26.508674, 93.909187], [26.508362, 93.90925], [26.507921, 93.909439], [26.507732, 93.9096], [26.507579, 93.909824], [26.507224, 93.910501], [26.506513, 93.912008], [26.505939, 93.913338], [26.505828, 93.913595], [26.505566, 93.91416], [26.505165, 93.915025], [26.504857, 93.915418], [26.504543, 93.915576], [26.504446, 93.915651], [26.504321, 93.915822], [26.504287, 93.915869], [26.504221, 93.916], [26.503891, 93.917195], [26.503439, 93.918096], [26.503232, 93.918338], [26.503382, 93.918779], [26.503419, 93.919038], [26.503465, 93.919363], [26.503471, 93.919734], [26.503346, 93.920928], [26.503317, 93.921612], [26.503394, 93.922368], [26.50337, 93.922706], [26.503132, 93.924089], [26.503111, 93.924207], [26.502693, 93.926633], [26.502301, 93.927443], [26.502294, 93.927557], [26.502272, 93.92792], [26.502307, 93.929061], [26.502476, 93.930224], [26.502503, 93.930447], [26.502485, 93.930693], [26.502324, 93.930923], [26.501015, 93.932139], [26.50052, 93.932598], [26.500041, 93.933131], [26.498723, 93.934594], [26.498321, 93.935393], [26.498069, 93.935787], [26.497968, 93.936247], [26.498111, 93.936528], [26.498379, 93.936697], [26.499471, 93.937467], [26.499639, 93.93771], [26.501855, 93.942373], [26.501901, 93.942748], [26.501825, 93.949568], [26.501889, 93.949906], [26.502048, 93.950591], [26.502304, 93.951168], [26.502539, 93.95142], [26.502634, 93.951523], [26.503612, 93.952619], [26.504142, 93.95319], [26.505186, 93.95402], [26.505256, 93.954101], [26.505598, 93.954468], [26.506937, 93.955936], [26.507286, 93.95626], [26.508126, 93.957052], [26.508324, 93.957225], [26.508427, 93.957387], [26.508685, 93.958065], [26.508837, 93.95902], [26.509177, 93.960386], [26.509223, 93.960636], [26.509303, 93.960911], [26.509357, 93.961139], [26.509514, 93.961161], [26.509696, 93.961157], [26.510262, 93.961107], [26.510427, 93.961137], [26.510633, 93.961236], [26.510793, 93.961365], [26.510927, 93.961461], [26.511173, 93.961532], [26.511171, 93.961617], [26.511099, 93.962819], [26.511056, 93.963397], [26.510988, 93.964314], [26.510905, 93.965432], [26.510696, 93.966934], [26.510594, 93.967678], [26.510625, 93.967688], [26.510643, 93.967708], [26.510653, 93.967734], [26.510652, 93.967766], [26.510637, 93.967794], [26.510614, 93.967811], [26.510585, 93.967815], [26.510301, 93.968335], [26.50992, 93.968791], [26.509694, 93.969061], [26.509483, 93.969378], [26.509296, 93.969907], [26.509222, 93.970359], [26.509142, 93.970729], [26.508784, 93.971515], [26.508484, 93.972292], [26.508206, 93.973015], [26.508163, 93.973219], [26.508091, 93.973561], [26.508054, 93.973789], [26.508034, 93.97424], [26.508138, 93.974731], [26.508224, 93.975003], [26.508406, 93.975701], [26.508576, 93.976309], [26.508733, 93.977032], [26.508851, 93.977344], [26.509008, 93.977649], [26.509179, 93.977932], [26.509426, 93.978261], [26.51016, 93.978927], [26.510292, 93.979055], [26.510408, 93.979108], [26.510539, 93.97954], [26.510672, 93.980029], [26.510649, 93.980398], [26.510632, 93.980998], [26.510659, 93.981259], [26.510665, 93.981342], [26.510704, 93.981852], [26.511289, 93.987454], [26.511318, 93.987729], [26.511458, 93.989067], [26.511742, 93.992123], [26.511976, 93.994271], [26.512268, 93.996816], [26.512374, 93.997095], [26.512499, 93.99734], [26.512965, 93.998133], [26.513145, 93.998521], [26.513259, 93.998891], [26.513489, 93.999518], [26.513553, 93.999834], [26.513549, 94.000056], [26.513547, 94.00021], [26.513447, 94.000585], [26.513318, 94.000964], [26.513082, 94.001523], [26.512979, 94.002223], [26.512958, 94.002738], [26.51298, 94.003156], [26.512983, 94.003211], [26.513144, 94.004534], [26.513453, 94.004537], [26.513764, 94.004517], [26.514057, 94.004549], [26.514743, 94.004715], [26.514926, 94.00391], [26.514743, 94.004715], [26.514057, 94.004549], [26.513764, 94.004517], [26.513453, 94.004537], [26.513144, 94.004534], [26.512983, 94.003211], [26.51298, 94.003156], [26.512958, 94.002738], [26.512979, 94.002223], [26.513082, 94.001523], [26.513318, 94.000964], [26.513447, 94.000585], [26.513547, 94.00021], [26.513549, 94.000056], [26.513553, 93.999834], [26.513489, 93.999518], [26.513259, 93.998891], [26.513145, 93.998521], [26.512965, 93.998133], [26.512499, 93.99734], [26.512374, 93.997095], [26.512268, 93.996816], [26.511976, 93.994271], [26.511742, 93.992123], [26.511458, 93.989067], [26.511289, 93.987454], [26.510704, 93.981852], [26.510665, 93.981342], [26.510659, 93.981259], [26.510632, 93.980998], [26.510649, 93.980398], [26.510672, 93.980029], [26.510539, 93.97954], [26.510408, 93.979108], [26.510292, 93.979055], [26.51016, 93.978927], [26.509426, 93.978261], [26.509179, 93.977932], [26.509008, 93.977649], [26.508851, 93.977344], [26.508733, 93.977032], [26.508576, 93.976309], [26.508406, 93.975701], [26.508224, 93.975003], [26.508138, 93.974731], [26.508034, 93.97424], [26.508054, 93.973789], [26.507986, 93.973717], [26.507927, 93.973695], [26.507866, 93.973694], [26.507784, 93.973697], [26.507679, 93.973735], [26.507628, 93.973712], [26.507226, 93.973521], [26.506871, 93.973256], [26.506507, 93.972989], [26.506195, 93.972832], [26.50585, 93.972728], [26.505468, 93.972651], [26.505331, 93.972637], [26.504377, 93.97253], [26.503774, 93.97253], [26.503398, 93.972566], [26.503161, 93.972588], [26.50286, 93.972596], [26.50268, 93.972561], [26.502578, 93.972533], [26.502496, 93.972501], [26.502226, 93.972443], [26.50192, 93.972398], [26.50166, 93.972368], [26.501297, 93.972327], [26.500799, 93.972283], [26.499878, 93.97218], [26.499304, 93.972213], [26.498467, 93.972311], [26.497785, 93.972222], [26.497401, 93.97233], [26.495688, 93.973043], [26.495116, 93.973251], [26.495025, 93.973284], [26.494767, 93.973358], [26.494633, 93.973416], [26.494522, 93.973525], [26.494371, 93.973734], [26.493887, 93.974376], [26.493378, 93.974953], [26.493172, 93.975152], [26.49283, 93.975366], [26.492805, 93.975375], [26.492336, 93.975546], [26.488387, 93.976548], [26.487574, 93.976628], [26.48741, 93.976627], [26.487244, 93.976784], [26.487058, 93.977004], [26.485312, 93.979467], [26.48446, 93.980474], [26.483574, 93.98144], [26.478704, 93.98602], [26.473535, 93.990674], [26.47273, 93.991375], [26.472372, 93.99178], [26.472306, 93.991872], [26.471315, 93.993266], [26.471151, 93.99345], [26.470898, 93.993598], [26.470303, 93.993868], [26.470112, 93.994015], [26.469895, 93.994245], [26.469581, 93.99488], [26.467473, 93.99561], [26.466837, 93.99581], [26.465941, 93.996253], [26.464529, 93.996868], [26.464252, 93.996944], [26.463987, 93.996954], [26.46374, 93.996925], [26.463151, 93.996725], [26.462498, 93.996454], [26.462276, 93.996392], [26.462106, 93.996382], [26.459294, 93.996854], [26.458983, 93.996921], [26.458761, 93.997016], [26.458599, 93.997116], [26.458225, 93.997432], [26.457878, 93.997726], [26.457737, 93.997898], [26.457656, 93.998007], [26.457054, 93.999454], [26.456909, 93.999804], [26.456866, 94.000047], [26.456841, 94.000214], [26.456841, 94.000362], [26.456896, 94.000714], [26.457112, 94.001382], [26.457775, 94.003431], [26.458739, 94.006033], [26.458532, 94.006224], [26.458354, 94.006519], [26.457927, 94.007474], [26.457784, 94.007768], [26.457492, 94.008039], [26.456851, 94.008596], [26.454307, 94.010143], [26.454139, 94.010176], [26.453914, 94.0102], [26.453633, 94.010176], [26.453307, 94.010083], [26.453073, 94.010044], [26.452931, 94.010057], [26.452804, 94.010116], [26.452624, 94.010298], [26.451843, 94.011093], [26.450285, 94.013224], [26.450077, 94.013482], [26.449842, 94.013719], [26.449495, 94.013976], [26.449088, 94.014281], [26.448759, 94.014522], [26.448187, 94.014975], [26.446613, 94.016399], [26.445927, 94.017081], [26.444867, 94.018176], [26.44278, 94.020191], [26.440705, 94.022293], [26.438877, 94.024092], [26.43729, 94.02551], [26.435654, 94.026871], [26.435638, 94.026885], [26.43063, 94.031231], [26.430021, 94.031759], [26.42966, 94.032051], [26.428673, 94.032811], [26.427051, 94.03419], [26.426453, 94.034699], [26.4183, 94.041635], [26.414458, 94.044903], [26.414127, 94.045152], [26.412266, 94.046353], [26.411385, 94.046828], [26.410509, 94.047148], [26.402575, 94.04936], [26.40214, 94.0495], [26.401712, 94.04968], [26.40044, 94.05039], [26.398849, 94.051279], [26.396018, 94.052979], [26.395026, 94.053827], [26.394313, 94.054504], [26.393928, 94.054986], [26.3934, 94.055914], [26.392815, 94.056731], [26.392418, 94.057181], [26.39219, 94.057356], [26.391163, 94.057767], [26.390731, 94.057923], [26.390182, 94.058002], [26.38947, 94.057969], [26.388735, 94.057813], [26.388285, 94.057839], [26.387701, 94.057858], [26.387182, 94.057943], [26.386779, 94.058145], [26.386628, 94.058244], [26.386499, 94.058386], [26.386364, 94.058684], [26.386248, 94.058855], [26.386067, 94.059005], [26.385133, 94.059585], [26.384713, 94.059826], [26.384036, 94.060289], [26.383744, 94.060406], [26.383434, 94.060445], [26.383003, 94.060341], [26.382302, 94.059982], [26.382022, 94.059728], [26.381158, 94.058679], [26.38086, 94.058308], [26.380562, 94.058021], [26.380201, 94.057858], [26.378351, 94.057401], [26.377953, 94.057277], [26.377358, 94.057316], [26.376809, 94.057525], [26.37647, 94.057779], [26.375875, 94.05845], [26.375495, 94.058848], [26.375034, 94.059252], [26.374053, 94.05991], [26.373376, 94.06019], [26.372927, 94.060359], [26.372483, 94.060411], [26.372076, 94.060405], [26.371707, 94.060411], [26.369938, 94.060104], [26.369536, 94.060034], [26.36612, 94.059166], [26.365907, 94.059153], [26.365703, 94.059172], [26.364885, 94.059531], [26.364389, 94.059817], [26.363966, 94.060225], [26.363051, 94.061229], [26.362643, 94.061646], [26.362158, 94.062447], [26.361106, 94.064138], [26.36075, 94.064711], [26.359478, 94.067119], [26.359176, 94.067608], [26.358906, 94.068044], [26.358486, 94.06867], [26.358147, 94.06897], [26.35761, 94.069165], [26.355543, 94.070208], [26.353382, 94.071407], [26.34933, 94.073964], [26.347578, 94.075004], [26.344854, 94.076676], [26.341718, 94.078449], [26.341375, 94.078655], [26.336609, 94.081567], [26.334336, 94.082918], [26.333866, 94.083198], [26.331715, 94.084477], [26.329873, 94.085573], [26.329602, 94.085753], [26.327387, 94.087227], [26.326128, 94.088065], [26.323153, 94.090052], [26.321657, 94.091013], [26.320137, 94.091921], [26.319194, 94.092528], [26.31843, 94.093019], [26.317416, 94.093672], [26.316671, 94.094152], [26.316214, 94.094282], [26.315598, 94.094434], [26.315039, 94.094467], [26.314477, 94.094499], [26.312615, 94.094843], [26.310314, 94.095209], [26.305741, 94.096184], [26.301163, 94.097124], [26.299816, 94.097603], [26.299501, 94.097811], [26.29921, 94.09813], [26.299146, 94.098285], [26.298806, 94.099387], [26.298537, 94.100242], [26.298429, 94.100677], [26.298367, 94.100912], [26.298316, 94.101155], [26.298239, 94.101426], [26.298134, 94.101751], [26.298041, 94.102141], [26.297978, 94.102282], [26.297928, 94.102411], [26.297937, 94.102546], [26.297946, 94.102695], [26.297918, 94.10284], [26.297897, 94.102977], [26.297903, 94.103131], [26.297903, 94.103282], [26.297881, 94.103405], [26.297851, 94.103527], [26.297807, 94.103666], [26.297784, 94.103793], [26.297788, 94.1039], [26.297813, 94.10403], [26.297882, 94.10432], [26.297929, 94.10454], [26.297941, 94.104623], [26.297933, 94.104653], [26.297914, 94.104679], [26.297892, 94.104691], [26.297864, 94.104697], [26.29778, 94.104679], [26.297517, 94.104585], [26.297337, 94.104547], [26.297109, 94.10448], [26.296933, 94.104421], [26.296877, 94.10441], [26.296838, 94.104425], [26.296817, 94.104445], [26.296807, 94.104476], [26.296809, 94.10452], [26.296823, 94.10459], [26.296861, 94.104679], [26.296925, 94.104787], [26.29701, 94.104911], [26.297097, 94.105026], [26.297171, 94.105143], [26.297244, 94.105285], [26.297308, 94.105437], [26.297376, 94.10557], [26.29744, 94.105682], [26.297549, 94.105801], [26.297654, 94.105883], [26.297705, 94.105933], [26.297735, 94.105987], [26.297748, 94.106035], [26.297745, 94.106081], [26.297706, 94.106143], [26.297636, 94.106177], [26.297538, 94.1062], [26.297454, 94.106268], [26.297356, 94.106364], [26.297258, 94.106427], [26.297109, 94.106476], [26.297027, 94.106562], [26.29695, 94.106694], [26.296897, 94.106869], [26.296845, 94.106965], [26.296794, 94.106988], [26.296736, 94.106975], [26.296689, 94.106934], [26.296622, 94.106845], [26.296547, 94.106705], [26.296447, 94.106596], [26.296363, 94.106564], [26.296302, 94.106567], [26.29623, 94.106606], [26.296186, 94.106684], [26.296141, 94.106806], [26.296055, 94.106923], [26.295904, 94.107017], [26.295622, 94.107121], [26.295405, 94.107194], [26.295312, 94.107269], [26.29527, 94.107347], [26.29527, 94.107443], [26.295286, 94.107592], [26.295328, 94.107753], [26.295388, 94.107987], [26.295433, 94.108171], [26.295409, 94.108281], [26.295358, 94.10832], [26.295263, 94.108325], [26.295127, 94.108291], [26.29478, 94.108169], [26.294631, 94.108132], [26.294535, 94.108174], [26.294419, 94.108343], [26.294316, 94.108457], [26.294153, 94.108629], [26.294015, 94.108788], [26.293927, 94.10891], [26.293885, 94.109022], [26.293855, 94.109167], [26.293855, 94.109287], [26.293897, 94.109461], [26.29389, 94.109625], [26.293848, 94.109703], [26.293773, 94.109742], [26.29368, 94.109732], [26.293598, 94.109651], [26.293577, 94.109563], [26.293556, 94.109435], [26.293531, 94.109269], [26.293451, 94.1091], [26.29333, 94.108879], [26.293234, 94.108652], [26.292962, 94.10834], [26.292799, 94.108187], [26.292677, 94.108109], [26.292542, 94.108099], [26.292461, 94.10813], [26.292409, 94.108169], [26.292363, 94.108283], [26.292349, 94.108382], [26.292351, 94.108732], [26.292357, 94.108894], [26.292351, 94.109133], [26.292381, 94.109344], [26.292374, 94.109461], [26.292321, 94.109568], [26.29226, 94.109687], [26.292218, 94.109843], [26.292204, 94.109973], [26.292218, 94.110075], [26.292286, 94.110223], [26.292318, 94.110374], [26.292295, 94.110493], [26.292225, 94.110587], [26.292118, 94.110647], [26.29202, 94.110639], [26.291857, 94.110574], [26.291712, 94.110532], [26.291617, 94.110527], [26.291506, 94.110551], [26.291458, 94.110603], [26.291423, 94.110696], [26.291421, 94.110799], [26.291436, 94.110889], [26.29146, 94.110967], [26.291499, 94.111102], [26.291515, 94.111185], [26.291487, 94.111276], [26.291422, 94.111385], [26.291415, 94.111466], [26.291431, 94.111544], [26.291473, 94.111614], [26.29158, 94.11171], [26.291669, 94.111827], [26.291688, 94.111918], [26.291676, 94.112043], [26.291657, 94.112204], [26.291681, 94.112319], [26.291753, 94.112405], [26.291879, 94.112483], [26.292007, 94.112563], [26.29211, 94.112633], [26.292145, 94.112722], [26.292156, 94.112823], [26.292106, 94.112917], [26.292035, 94.112964], [26.291923, 94.112969], [26.291691, 94.112965], [26.291583, 94.112982], [26.291506, 94.113042], [26.291461, 94.113138], [26.291402, 94.113323], [26.291334, 94.113491], [26.291245, 94.113598], [26.291133, 94.113663], [26.291052, 94.113673], [26.290835, 94.113645], [26.290667, 94.113619], [26.290525, 94.113621], [26.290457, 94.113638], [26.29033, 94.11367], [26.29024, 94.113703], [26.29021, 94.113714], [26.290095, 94.113744], [26.290012, 94.113749], [26.289928, 94.113723], [26.289849, 94.11369], [26.289772, 94.113679], [26.289671, 94.11368], [26.289574, 94.113707], [26.289482, 94.113753], [26.28941, 94.113811], [26.289326, 94.113885], [26.289262, 94.113932], [26.289196, 94.113954], [26.289132, 94.113959], [26.289058, 94.113947], [26.288991, 94.113913], [26.288879, 94.113831], [26.288812, 94.11377], [26.288737, 94.113732], [26.288674, 94.113727], [26.288587, 94.113745], [26.288511, 94.113756], [26.288409, 94.113751], [26.288329, 94.113739], [26.288235, 94.113715], [26.288154, 94.113663], [26.288032, 94.113586], [26.287955, 94.113547], [26.287806, 94.113482], [26.287612, 94.113407], [26.287491, 94.11338], [26.287336, 94.113376], [26.287216, 94.113352], [26.28709, 94.113311], [26.28694, 94.113262], [26.28683, 94.113233], [26.286705, 94.113217], [26.286615, 94.113235], [26.286538, 94.11327], [26.286491, 94.113309], [26.286469, 94.113359], [26.286465, 94.113423], [26.286482, 94.113488], [26.286529, 94.113554], [26.286647, 94.113646], [26.286753, 94.11371], [26.28684, 94.113731], [26.286956, 94.113762], [26.287032, 94.113774], [26.287069, 94.113811], [26.28711, 94.113887], [26.287124, 94.114013], [26.287123, 94.114129], [26.287111, 94.11423], [26.287096, 94.11432], [26.287066, 94.114374], [26.287002, 94.114438], [26.286939, 94.114467], [26.286831, 94.114507], [26.286705, 94.114517], [26.286608, 94.114524], [26.286508, 94.114568], [26.286384, 94.114656], [26.28627, 94.114765], [26.286121, 94.114887], [26.285938, 94.114983], [26.285782, 94.115068], [26.285723, 94.115116], [26.285699, 94.115181], [26.285702, 94.115246], [26.285734, 94.115293], [26.285791, 94.11532], [26.285878, 94.115315], [26.285967, 94.115291], [26.286079, 94.115269], [26.28614, 94.115255], [26.286198, 94.115258], [26.28626, 94.115273], [26.286328, 94.115326], [26.286373, 94.115388], [26.286404, 94.115453], [26.286432, 94.115565], [26.286482, 94.115743], [26.286503, 94.115862], [26.286484, 94.116011], [26.286444, 94.116208], [26.286349, 94.116461], [26.286293, 94.11664], [26.286302, 94.116809], [26.28636, 94.117092], [26.286393, 94.117272], [26.286393, 94.117467], [26.286325, 94.117778], [26.286309, 94.117993], [26.286324, 94.118159], [26.28633, 94.118269], [26.286332, 94.118311], [26.286214, 94.118547], [26.286067, 94.118818], [26.286, 94.118983], [26.285955, 94.119093], [26.285857, 94.119359], [26.285757, 94.119489], [26.28567, 94.119608], [26.28561, 94.119736], [26.285565, 94.119964], [26.285482, 94.120196], [26.285391, 94.120341], [26.285297, 94.120477], [26.285251, 94.120588], [26.285225, 94.120742], [26.285241, 94.120895], [26.285295, 94.121056], [26.285339, 94.121173], [26.285349, 94.121272], [26.285316, 94.121395], [26.285255, 94.121465], [26.285171, 94.121506], [26.285092, 94.121509], [26.28502, 94.121473], [26.284938, 94.121392], [26.284871, 94.121231], [26.284831, 94.121043], [26.284768, 94.120861], [26.284701, 94.120786], [26.284619, 94.120752], [26.284493, 94.120734], [26.284344, 94.120724], [26.284157, 94.120711], [26.284062, 94.120724], [26.283971, 94.120768], [26.283905, 94.120849], [26.283861, 94.120956], [26.283848, 94.121055], [26.283837, 94.121182], [26.283804, 94.12129], [26.283751, 94.121435], [26.28365, 94.121627], [26.283537, 94.121841], [26.283428, 94.122061], [26.283264, 94.12253], [26.283171, 94.122681], [26.283031, 94.12287], [26.282921, 94.122985], [26.282824, 94.123113], [26.282762, 94.123209], [26.28271, 94.12341], [26.282683, 94.123596], [26.282663, 94.123675], [26.282578, 94.123827], [26.282486, 94.123991], [26.282429, 94.124174], [26.282401, 94.124289], [26.282346, 94.124385], [26.282274, 94.12448], [26.282137, 94.124595], [26.281979, 94.124698], [26.281792, 94.12482], [26.281699, 94.124892], [26.281631, 94.12498], [26.281582, 94.125084], [26.281509, 94.125252], [26.281477, 94.125427], [26.281481, 94.125563], [26.281507, 94.125737], [26.281562, 94.125911], [26.281632, 94.126068], [26.281702, 94.1262], [26.281805, 94.126314], [26.28188, 94.126451], [26.281916, 94.126557], [26.281971, 94.126674], [26.282044, 94.126758], [26.282179, 94.126882], [26.28226, 94.12696], [26.282304, 94.127052], [26.282317, 94.127129], [26.282313, 94.127195], [26.282226, 94.127331], [26.282153, 94.127451], [26.282134, 94.127515], [26.282147, 94.127585], [26.282211, 94.127646], [26.282325, 94.127737], [26.282398, 94.127826], [26.282455, 94.127931], [26.282477, 94.128036], [26.282496, 94.128196], [26.282575, 94.128426], [26.282651, 94.128751], [26.282807, 94.129252], [26.282864, 94.129386], [26.282958, 94.12953], [26.282992, 94.129612], [26.283006, 94.129698], [26.283003, 94.129768], [26.282986, 94.129877], [26.282932, 94.129962], [26.282879, 94.129999], [26.282823, 94.130014], [26.282743, 94.130021], [26.282652, 94.130008], [26.28242, 94.129975], [26.28233, 94.129951], [26.282231, 94.129969], [26.282061, 94.130036], [26.281931, 94.130068], [26.28177, 94.130059], [26.281564, 94.130058], [26.281447, 94.130064], [26.281327, 94.130101], [26.281205, 94.130114], [26.281106, 94.130089], [26.281063, 94.130055], [26.280995, 94.129993], [26.28095, 94.129958], [26.280908, 94.129948], [26.280863, 94.129959], [26.280821, 94.129976], [26.28063, 94.130085], [26.280382, 94.130197], [26.280235, 94.130244], [26.280116, 94.130254], [26.279896, 94.130252], [26.279598, 94.13024], [26.279227, 94.130255], [26.278961, 94.130283], [26.278817, 94.130276], [26.278653, 94.130277], [26.278381, 94.130306], [26.278249, 94.130337], [26.278128, 94.130395], [26.278039, 94.130424], [26.277918, 94.130454], [26.27772, 94.130496], [26.27761, 94.130535], [26.277524, 94.130591], [26.2774, 94.13071], [26.277306, 94.130824], [26.277221, 94.130905], [26.276967, 94.131116], [26.276879, 94.131194], [26.276803, 94.131295], [26.276738, 94.13137], [26.27668, 94.13145], [26.276594, 94.131591], [26.276537, 94.13167], [26.276442, 94.131731], [26.276241, 94.131788], [26.276124, 94.131826], [26.27597, 94.131849], [26.275619, 94.131855], [26.275536, 94.131851], [26.275424, 94.131863], [26.275184, 94.131926], [26.275083, 94.131927], [26.274962, 94.131912], [26.274839, 94.131897], [26.274659, 94.131933], [26.274454, 94.132035], [26.273932, 94.132359], [26.273707, 94.132489], [26.273541, 94.13256], [26.273117, 94.13262], [26.27282, 94.132666], [26.272641, 94.132715], [26.272549, 94.132727], [26.272415, 94.132735], [26.272346, 94.132752], [26.272232, 94.132809], [26.272048, 94.13293], [26.271916, 94.133004], [26.271851, 94.133047], [26.271805, 94.133102], [26.271766, 94.133203], [26.271751, 94.133285], [26.271743, 94.133385], [26.271758, 94.133488], [26.271787, 94.133546], [26.271837, 94.133588], [26.271921, 94.133631], [26.272043, 94.133657], [26.272165, 94.133724], [26.272188, 94.133784], [26.272185, 94.133833], [26.272154, 94.133879], [26.272094, 94.133921], [26.272015, 94.133932], [26.271876, 94.133925], [26.271697, 94.133917], [26.271595, 94.133953], [26.27146, 94.134035], [26.271323, 94.134181], [26.271224, 94.134334], [26.271185, 94.134401], [26.271157, 94.134465], [26.271113, 94.134633], [26.271045, 94.134749], [26.270984, 94.134815], [26.270906, 94.134876], [26.270755, 94.134983], [26.270624, 94.13507], [26.270549, 94.135133], [26.270498, 94.135203], [26.270427, 94.135347], [26.270372, 94.135516], [26.270266, 94.135705], [26.270151, 94.135834], [26.27, 94.135938], [26.269841, 94.136008], [26.269695, 94.136069], [26.269632, 94.13611], [26.269591, 94.13619], [26.269586, 94.136276], [26.269611, 94.136366], [26.269649, 94.136515], [26.269664, 94.136658], [26.269664, 94.136773], [26.269632, 94.13689], [26.269558, 94.137125], [26.269511, 94.137303], [26.269496, 94.137435], [26.269495, 94.13754], [26.269516, 94.13766], [26.269531, 94.1378], [26.269516, 94.137884], [26.269469, 94.137965], [26.269404, 94.138031], [26.269285, 94.138102], [26.269156, 94.138169], [26.2691, 94.138211], [26.269069, 94.138271], [26.269069, 94.138355], [26.2691, 94.13848], [26.269166, 94.138668], [26.26923, 94.138932], [26.269284, 94.139256], [26.269322, 94.139526], [26.269334, 94.139694], [26.269318, 94.139809], [26.26928, 94.139894], [26.269212, 94.139962], [26.269122, 94.140031], [26.269089, 94.140062], [26.269066, 94.140111], [26.269067, 94.140162], [26.26909, 94.140214], [26.26913, 94.140283], [26.269192, 94.140408], [26.269227, 94.140508], [26.269229, 94.140638], [26.269203, 94.140788], [26.269173, 94.14089], [26.269152, 94.140993], [26.269174, 94.141061], [26.26921, 94.141161], [26.269271, 94.141257], [26.269357, 94.141412], [26.269381, 94.14151], [26.269361, 94.141616], [26.269296, 94.141755], [26.269175, 94.141969], [26.269125, 94.142133], [26.26912, 94.14225], [26.269142, 94.142406], [26.269142, 94.142558], [26.269088, 94.142713], [26.26903, 94.142816], [26.26897, 94.142876], [26.26889, 94.142924], [26.268793, 94.142978], [26.268744, 94.143033], [26.26869, 94.143124], [26.268654, 94.143168], [26.268567, 94.143219], [26.268474, 94.14326], [26.268414, 94.14329], [26.26838, 94.143316], [26.268356, 94.14336], [26.268348, 94.143413], [26.268349, 94.143531], [26.268341, 94.143655], [26.268315, 94.143723], [26.268258, 94.143779], [26.268182, 94.143821], [26.268133, 94.143901], [26.268084, 94.143975], [26.268033, 94.143998], [26.267974, 94.144001], [26.267918, 94.14397], [26.267835, 94.143893], [26.267785, 94.143862], [26.267733, 94.143847], [26.267686, 94.143879], [26.26764, 94.143931], [26.267568, 94.144027], [26.267509, 94.144186], [26.267484, 94.144333], [26.267479, 94.144483], [26.267498, 94.144624], [26.267558, 94.144774], [26.267561, 94.144883], [26.267534, 94.144984], [26.267466, 94.145126], [26.267431, 94.145172], [26.267391, 94.145196], [26.267333, 94.145205], [26.267253, 94.145174], [26.267148, 94.14512], [26.267, 94.145068], [26.266887, 94.145042], [26.26681, 94.145056], [26.266775, 94.145082], [26.266746, 94.145127], [26.266716, 94.145224], [26.266678, 94.145304], [26.266651, 94.145321], [26.266571, 94.145324], [26.266485, 94.145326], [26.266426, 94.14536], [26.26639, 94.145422], [26.266382, 94.145515], [26.266415, 94.145632], [26.26639, 94.145732], [26.266345, 94.145784], [26.266277, 94.145796], [26.266226, 94.145768], [26.266188, 94.145714], [26.266077, 94.145578], [26.265983, 94.145471], [26.265892, 94.145389], [26.26582, 94.145363], [26.26575, 94.145379], [26.265701, 94.14543], [26.26567, 94.145525], [26.26568, 94.145604], [26.265708, 94.14574], [26.265758, 94.14599], [26.265835, 94.146197], [26.265842, 94.146312], [26.26582, 94.146418], [26.265746, 94.146587], [26.265694, 94.146751], [26.265676, 94.146873], [26.26565, 94.147017], [26.265614, 94.14713], [26.265548, 94.147208], [26.265483, 94.147246], [26.265408, 94.147243], [26.265301, 94.147203], [26.265182, 94.147109], [26.265082, 94.14702], [26.265014, 94.146896], [26.264959, 94.146753], [26.264896, 94.146652], [26.264782, 94.146618], [26.264651, 94.146628], [26.264448, 94.146678], [26.264276, 94.146706], [26.264138, 94.146709], [26.263987, 94.146688], [26.263873, 94.146663], [26.263826, 94.1466], [26.263801, 94.146494], [26.263801, 94.146315], [26.263778, 94.14622], [26.263737, 94.146154], [26.263643, 94.146123], [26.263533, 94.146133], [26.263446, 94.146198], [26.263392, 94.146247], [26.263351, 94.146338], [26.263346, 94.146436], [26.26337, 94.146511], [26.263399, 94.146611], [26.263383, 94.146718], [26.263336, 94.14677], [26.26328, 94.146779], [26.2632, 94.146767], [26.263079, 94.146695], [26.262979, 94.146671], [26.262907, 94.14668], [26.262856, 94.146713], [26.262825, 94.146758], [26.26281, 94.146821], [26.262845, 94.146949], [26.262953, 94.147133], [26.263118, 94.14738], [26.263251, 94.147526], [26.263365, 94.147687], [26.263396, 94.14777], [26.263384, 94.147859], [26.263349, 94.147908], [26.263253, 94.147955], [26.263176, 94.148002], [26.263142, 94.148033], [26.263128, 94.148098], [26.263142, 94.148226], [26.263188, 94.148367], [26.263334, 94.148534], [26.263476, 94.14872], [26.263534, 94.148799], [26.263562, 94.148868], [26.263566, 94.148928], [26.263552, 94.148991], [26.263515, 94.149053], [26.263459, 94.149097], [26.263336, 94.149146], [26.263214, 94.149224], [26.263102, 94.149266], [26.262935, 94.149315], [26.262734, 94.149396], [26.262641, 94.149458], [26.26248, 94.149565], [26.26213, 94.149735], [26.262025, 94.149788], [26.261924, 94.149817], [26.261735, 94.149843], [26.261464, 94.149869], [26.261308, 94.1499], [26.261161, 94.149962], [26.260933, 94.150074], [26.260767, 94.150116], [26.260581, 94.150161], [26.260427, 94.150213], [26.260317, 94.150301], [26.260207, 94.150434], [26.260086, 94.150631], [26.260024, 94.150743], [26.259986, 94.15088], [26.259985, 94.151022], [26.26002, 94.151131], [26.260082, 94.151216], [26.260175, 94.151315], [26.260265, 94.151464], [26.260321, 94.151608], [26.260413, 94.151748], [26.260605, 94.151978], [26.26074, 94.15218], [26.260778, 94.152281], [26.260776, 94.1524], [26.260745, 94.152513], [26.26069, 94.152584], [26.260614, 94.152634], [26.260506, 94.152695], [26.260438, 94.152754], [26.260387, 94.152827], [26.260346, 94.152922], [26.260256, 94.1531], [26.260161, 94.153252], [26.260111, 94.153306], [26.260015, 94.153345], [26.259897, 94.153369], [26.259628, 94.153399], [26.259447, 94.15341], [26.259293, 94.153409], [26.259136, 94.153453], [26.258948, 94.153514], [26.258877, 94.153564], [26.258827, 94.153625], [26.258811, 94.153694], [26.258827, 94.153758], [26.258869, 94.153823], [26.258946, 94.153891], [26.25901, 94.153953], [26.259036, 94.153998], [26.259032, 94.154073], [26.259009, 94.154155], [26.25893, 94.154241], [26.258858, 94.154307], [26.258724, 94.154401], [26.258643, 94.154469], [26.258533, 94.154573], [26.258436, 94.15464], [26.258328, 94.154692], [26.258165, 94.154748], [26.258024, 94.154818], [26.25792, 94.154879], [26.257755, 94.154998], [26.257621, 94.155106], [26.257455, 94.155188], [26.257207, 94.155276], [26.257019, 94.155322], [26.256813, 94.155355], [26.256655, 94.155394], [26.256468, 94.155452], [26.256366, 94.155465], [26.256247, 94.155449], [26.255857, 94.155337], [26.255595, 94.155283], [26.255266, 94.155195], [26.255144, 94.155179], [26.255001, 94.155181], [26.254839, 94.155223], [26.254688, 94.155288], [26.254593, 94.155335], [26.254514, 94.155401], [26.254467, 94.15547], [26.254446, 94.155532], [26.254436, 94.155601], [26.254439, 94.155661], [26.254478, 94.155743], [26.254524, 94.155819], [26.254541, 94.155887], [26.254537, 94.15594], [26.254504, 94.156017], [26.254406, 94.156139], [26.254316, 94.156235], [26.254159, 94.156343], [26.254013, 94.156383], [26.25381, 94.156425], [26.253676, 94.156457], [26.253577, 94.156518], [26.253426, 94.156646], [26.25326, 94.156737], [26.253105, 94.15679], [26.252965, 94.156803], [26.25271, 94.15679], [26.252597, 94.156811], [26.252496, 94.156847], [26.252368, 94.156925], [26.252241, 94.157018], [26.252065, 94.157136], [26.252013, 94.157188], [26.251999, 94.157244], [26.252022, 94.157291], [26.252074, 94.157337], [26.252193, 94.157378], [26.252316, 94.157413], [26.252369, 94.15745], [26.252399, 94.157528], [26.252398, 94.157634], [26.252348, 94.157731], [26.252264, 94.157859], [26.252133, 94.158056], [26.25207, 94.158219], [26.251973, 94.158393], [26.251884, 94.158524], [26.251851, 94.158617], [26.251854, 94.158697], [26.251888, 94.158767], [26.251952, 94.158812], [26.252049, 94.158857], [26.252119, 94.158916], [26.252167, 94.159033], [26.252167, 94.15916], [26.252121, 94.159299], [26.25201, 94.159502], [26.251906, 94.159689], [26.251798, 94.159906], [26.251726, 94.16], [26.251605, 94.160108], [26.251494, 94.160243], [26.251442, 94.160326], [26.251429, 94.160399], [26.251444, 94.160464], [26.251485, 94.160532], [26.251589, 94.160612], [26.251657, 94.160679], [26.251683, 94.160762], [26.251681, 94.160868], [26.251641, 94.160975], [26.251579, 94.16111], [26.251494, 94.161294], [26.251442, 94.161506], [26.251382, 94.161708], [26.251359, 94.161899], [26.251373, 94.162035], [26.25141, 94.162209], [26.251423, 94.162378], [26.2514, 94.162478], [26.251329, 94.162638], [26.25114, 94.162919], [26.25102, 94.163079], [26.25091, 94.163193], [26.25074, 94.163359], [26.250609, 94.163476], [26.250481, 94.163562], [26.250363, 94.163638], [26.250249, 94.163675], [26.250093, 94.163712], [26.249862, 94.16376], [26.249788, 94.163789], [26.249717, 94.163838], [26.249677, 94.163878], [26.249652, 94.163956], [26.249642, 94.164033], [26.249662, 94.164076], [26.24969, 94.164128], [26.249775, 94.164182], [26.249887, 94.164224], [26.25001, 94.16429], [26.250209, 94.164429], [26.250393, 94.164549], [26.250501, 94.164671], [26.250559, 94.164765], [26.250617, 94.164869], [26.250694, 94.164965], [26.250793, 94.165041], [26.250981, 94.165183], [26.251231, 94.165403], [26.251433, 94.165599], [26.25155, 94.165748], [26.251623, 94.165893], [26.251682, 94.166076], [26.251701, 94.166207], [26.251698, 94.166375], [26.251703, 94.166522], [26.251751, 94.166726], [26.251772, 94.166933], [26.251803, 94.167173], [26.251831, 94.167325], [26.251903, 94.167491], [26.252032, 94.167688], [26.252191, 94.16794], [26.252263, 94.168106], [26.252293, 94.168238], [26.252292, 94.168371], [26.252237, 94.168537], [26.252175, 94.168691], [26.252073, 94.168834], [26.251961, 94.168982], [26.251838, 94.169152], [26.251768, 94.169287], [26.251726, 94.169467], [26.251726, 94.169664], [26.251791, 94.169813], [26.251873, 94.169898], [26.252061, 94.170073], [26.252283, 94.17021], [26.252439, 94.170296], [26.252474, 94.170392], [26.252453, 94.170504], [26.25236, 94.17066], [26.252309, 94.170811], [26.252304, 94.170957], [26.252264, 94.171157], [26.252178, 94.171328], [26.252008, 94.171539], [26.251824, 94.171729], [26.251565, 94.171859], [26.251385, 94.17196], [26.251299, 94.172067], [26.251257, 94.172179], [26.251196, 94.17241], [26.251105, 94.17259], [26.251, 94.172889], [26.25094, 94.173156], [26.250977, 94.173359], [26.251068, 94.173455], [26.251262, 94.173515], [26.251579, 94.173575], [26.251691, 94.173622], [26.251779, 94.173752], [26.251852, 94.173947], [26.251921, 94.174051], [26.251984, 94.174191], [26.251982, 94.174316], [26.251914, 94.174436], [26.251842, 94.174563], [26.251714, 94.174709], [26.251649, 94.174888], [26.251574, 94.175081], [26.251502, 94.175226], [26.251483, 94.1754], [26.251492, 94.175497], [26.251534, 94.175593], [26.251616, 94.175632], [26.251721, 94.175684], [26.251803, 94.175749], [26.251861, 94.175842], [26.251917, 94.175985], [26.252019, 94.176259], [26.252131, 94.176482], [26.252257, 94.176719], [26.25229, 94.176872], [26.252253, 94.177028], [26.252173, 94.177158], [26.252087, 94.177267], [26.252052, 94.177366], [26.252078, 94.177462], [26.252138, 94.177535], [26.252271, 94.177629], [26.252381, 94.177725], [26.252437, 94.177832], [26.252479, 94.178027], [26.252486, 94.178302], [26.252493, 94.178549], [26.252486, 94.178729], [26.2524, 94.178945], [26.252295, 94.179171], [26.252243, 94.179348], [26.25219, 94.179579], [26.252047, 94.179797], [26.251863, 94.180213], [26.251688, 94.180437], [26.251579, 94.180627], [26.251555, 94.180861], [26.251567, 94.181131], [26.2516, 94.181267], [26.251756, 94.181378], [26.251987, 94.18154], [26.252094, 94.181706], [26.252148, 94.181922], [26.252262, 94.182057], [26.252525, 94.182151], [26.252637, 94.182184], [26.252766, 94.182278], [26.252892, 94.18245], [26.252992, 94.182689], [26.253071, 94.182907], [26.253113, 94.183087], [26.253122, 94.183336], [26.253127, 94.183479], [26.253195, 94.183568], [26.25333, 94.183604], [26.253445, 94.183609], [26.253555, 94.183592], [26.253647, 94.183573], [26.253729, 94.183522], [26.253814, 94.183439], [26.253918, 94.183356], [26.254072, 94.183323], [26.254373, 94.183325], [26.254723, 94.183336], [26.255193, 94.183311], [26.255328, 94.183306], [26.255416, 94.183337], [26.255809, 94.183586], [26.256043, 94.183751], [26.256318, 94.183875], [26.25649, 94.183904], [26.256642, 94.183929], [26.256753, 94.18399], [26.256826, 94.184118], [26.256868, 94.184312], [26.256957, 94.184461], [26.257096, 94.184567], [26.257208, 94.184693], [26.257238, 94.184824], [26.257224, 94.184957], [26.257149, 94.185097], [26.257036, 94.185227], [26.256971, 94.185333], [26.256963, 94.185433], [26.257001, 94.185534], [26.25708, 94.18559], [26.257214, 94.185684], [26.257286, 94.185808], [26.257325, 94.185929], [26.25727, 94.186243], [26.257262, 94.186422], [26.257302, 94.186583], [26.257411, 94.186694], [26.257692, 94.186809], [26.25792, 94.186899], [26.258074, 94.187001], [26.258159, 94.18714], [26.25825, 94.187354], [26.258357, 94.187645], [26.258436, 94.187821], [26.258486, 94.18797], [26.258496, 94.188076], [26.258444, 94.188198], [26.258351, 94.188315], [26.258236, 94.188479], [26.258175, 94.188597], [26.258102, 94.188748], [26.258011, 94.188863], [26.257896, 94.188953], [26.257791, 94.189065], [26.257728, 94.189176], [26.257672, 94.189327], [26.257623, 94.189483], [26.257554, 94.189656], [26.25753, 94.189771], [26.257512, 94.189924], [26.257514, 94.190087], [26.257532, 94.190247], [26.257526, 94.190364], [26.257514, 94.190443], [26.257459, 94.190517], [26.257364, 94.190589], [26.25718, 94.190668], [26.257015, 94.190698], [26.256754, 94.190749], [26.256628, 94.190765], [26.256511, 94.190781], [26.256418, 94.190849], [26.256384, 94.190916], [26.256307, 94.191065], [26.256246, 94.191178], [26.256167, 94.191259], [26.256054, 94.191327], [26.255951, 94.191408], [26.25586, 94.1915], [26.255769, 94.191566], [26.255719, 94.191571], [26.255676, 94.191559], [26.255567, 94.191523], [26.255476, 94.191446], [26.255262, 94.191302], [26.255138, 94.191212], [26.255057, 94.191182], [26.254975, 94.191173], [26.254821, 94.191243], [26.254712, 94.191322], [26.254609, 94.191369], [26.254522, 94.19136], [26.254392, 94.191295], [26.254283, 94.191266], [26.254115, 94.191254], [26.253972, 94.191279], [26.253743, 94.191356], [26.253588, 94.191448], [26.253385, 94.191566], [26.253088, 94.19173], [26.252933, 94.191809], [26.252635, 94.19198], [26.252356, 94.192107], [26.252247, 94.192185], [26.252146, 94.192244], [26.251988, 94.192264], [26.251794, 94.192271], [26.251675, 94.192309], [26.25159, 94.192359], [26.251513, 94.192433], [26.251447, 94.192528], [26.251384, 94.192663], [26.251331, 94.192801], [26.251277, 94.192909], [26.251216, 94.192993], [26.251131, 94.193083], [26.251091, 94.193146], [26.251083, 94.193195], [26.251093, 94.193272], [26.251174, 94.193405], [26.251242, 94.193547], [26.251257, 94.193642], [26.251232, 94.193718], [26.251178, 94.193797], [26.251091, 94.193849], [26.250941, 94.193892], [26.250773, 94.193901], [26.25061, 94.193935], [26.250476, 94.193969], [26.250343, 94.194054], [26.250169, 94.194158], [26.250037, 94.194228], [26.24989, 94.194336], [26.249756, 94.19442], [26.249582, 94.194485], [26.249435, 94.194562], [26.249348, 94.194665], [26.249263, 94.194825], [26.249261, 94.195001], [26.249305, 94.195204], [26.249358, 94.195387], [26.249388, 94.195508], [26.249364, 94.195639], [26.249295, 94.195732], [26.249194, 94.195797], [26.249051, 94.19584], [26.248917, 94.195896], [26.248818, 94.195966], [26.248727, 94.196095], [26.248634, 94.196176], [26.248497, 94.196232], [26.248379, 94.196248], [26.24826, 94.196252], [26.248161, 94.196286], [26.247979, 94.196356], [26.247838, 94.196453], [26.247708, 94.196554], [26.247589, 94.19669], [26.247482, 94.196834], [26.247425, 94.196997], [26.24736, 94.197085], [26.247271, 94.197151], [26.24716, 94.197148], [26.246849, 94.197212], [26.246705, 94.197239], [26.246598, 94.197302], [26.246521, 94.19743], [26.246416, 94.197667], [26.246349, 94.197906], [26.246244, 94.198095], [26.246184, 94.198192], [26.246012, 94.19842], [26.245876, 94.198582], [26.245692, 94.198776], [26.245624, 94.198819], [26.245518, 94.198787], [26.245391, 94.198639], [26.245288, 94.19849], [26.245128, 94.198291], [26.244979, 94.198129], [26.244837, 94.197994], [26.244562, 94.197834], [26.244386, 94.197775], [26.244071, 94.197694], [26.243828, 94.197644], [26.243636, 94.197647], [26.243412, 94.197667], [26.243274, 94.19759], [26.243153, 94.19755], [26.242874, 94.197581], [26.242635, 94.197604], [26.242475, 94.197599], [26.242358, 94.197565], [26.242192, 94.197363], [26.242083, 94.197227], [26.241871, 94.196977], [26.241697, 94.196819], [26.241541, 94.196716], [26.241365, 94.196565], [26.241208, 94.196456], [26.241106, 94.196425], [26.240975, 94.196452], [26.24088, 94.196492], [26.240745, 94.196614], [26.240583, 94.196828], [26.240508, 94.196997], [26.240387, 94.197308], [26.24029, 94.197622], [26.240263, 94.19798], [26.240237, 94.198427], [26.240255, 94.19869], [26.24032, 94.199038], [26.240348, 94.199177], [26.240346, 94.199299], [26.240308, 94.199387], [26.240238, 94.199458], [26.240143, 94.199575], [26.240077, 94.199708], [26.240014, 94.199855], [26.239943, 94.199989], [26.239876, 94.200052], [26.239735, 94.200146], [26.239569, 94.200242], [26.239475, 94.200341], [26.239408, 94.200449], [26.239282, 94.200583], [26.239178, 94.200663], [26.239077, 94.200733], [26.23899, 94.200814], [26.238935, 94.20092], [26.238914, 94.201001], [26.23893, 94.201261], [26.238919, 94.201403], [26.238903, 94.201686], [26.238937, 94.201869], [26.239028, 94.202028], [26.239103, 94.202142], [26.239155, 94.202298], [26.239177, 94.202471], [26.239188, 94.20264], [26.239165, 94.202817], [26.239112, 94.20295], [26.239007, 94.203103], [26.238926, 94.203173], [26.238892, 94.203267], [26.238912, 94.203378], [26.238975, 94.203512], [26.23899, 94.20357], [26.238969, 94.203653], [26.238912, 94.203711], [26.238847, 94.203754], [26.238755, 94.203809], [26.238684, 94.203902], [26.238625, 94.204006], [26.238598, 94.204137], [26.238523, 94.204287], [26.238358, 94.204463], [26.238228, 94.204681], [26.238083, 94.204889], [26.237945, 94.205001], [26.237858, 94.205078], [26.237737, 94.205285], [26.237571, 94.205549], [26.237466, 94.2057], [26.237363, 94.205851], [26.23731, 94.205982], [26.237264, 94.206266], [26.237197, 94.206818], [26.237191, 94.207073], [26.237191, 94.20724], [26.237177, 94.207346], [26.237118, 94.207445], [26.237029, 94.207506], [26.236928, 94.207565], [26.236837, 94.207646], [26.236756, 94.20779], [26.236666, 94.207949], [26.236645, 94.208035], [26.236653, 94.208123], [26.236685, 94.208189], [26.236788, 94.208292], [26.236887, 94.208363], [26.236939, 94.208404], [26.236974, 94.208458], [26.236986, 94.208533], [26.236969, 94.208613], [26.236878, 94.208708], [26.236775, 94.208784], [26.236701, 94.208903], [26.236651, 94.209008], [26.236654, 94.209127], [26.236681, 94.209306], [26.236741, 94.209481], [26.236772, 94.209578], [26.236771, 94.209671], [26.23675, 94.209759], [26.236693, 94.209808], [26.2366, 94.209831], [26.236533, 94.209867], [26.236467, 94.209943], [26.236435, 94.210056], [26.236432, 94.210224], [26.236377, 94.210446], [26.236291, 94.210655], [26.236249, 94.210844], [26.236256, 94.211023], [26.236298, 94.211252], [26.236317, 94.211404], [26.236307, 94.211554], [26.236272, 94.211729], [26.236218, 94.211929], [26.236216, 94.21206], [26.236271, 94.212184], [26.23637, 94.212292], [26.236519, 94.21242], [26.236588, 94.212524], [26.236623, 94.212619], [26.236623, 94.212707], [26.236581, 94.212805], [26.236536, 94.21284], [26.236485, 94.212844], [26.236299, 94.212777], [26.236133, 94.21272], [26.236036, 94.212675], [26.235941, 94.212655], [26.235854, 94.212657], [26.235775, 94.212702], [26.235729, 94.21279], [26.235723, 94.212903], [26.235703, 94.213045], [26.235662, 94.213243], [26.235591, 94.213493], [26.235537, 94.213669], [26.235495, 94.213808], [26.235373, 94.213976], [26.235316, 94.214087], [26.235292, 94.214279], [26.235292, 94.214503], [26.235313, 94.2147], [26.235313, 94.214865], [26.235277, 94.215027], [26.235234, 94.215203], [26.235222, 94.215389], [26.235194, 94.215525], [26.235156, 94.215645], [26.235122, 94.215757], [26.235136, 94.21593], [26.235156, 94.216076], [26.235158, 94.216177], [26.23511, 94.216236], [26.235017, 94.216273], [26.23491, 94.21622], [26.234816, 94.216121], [26.23473, 94.215927], [26.234666, 94.215757], [26.234671, 94.215549], [26.234687, 94.215416], [26.234673, 94.215238], [26.234616, 94.214979], [26.234618, 94.214798], [26.234647, 94.214604], [26.234647, 94.214476], [26.234628, 94.214386], [26.234551, 94.214332], [26.234489, 94.21433], [26.234382, 94.21438], [26.234313, 94.214455], [26.23421, 94.214673], [26.234143, 94.214785], [26.234026, 94.214875], [26.233775, 94.214998], [26.233625, 94.215072], [26.233439, 94.215118], [26.233236, 94.215166], [26.233114, 94.215208], [26.232994, 94.215309], [26.232894, 94.215482], [26.232813, 94.215733], [26.232763, 94.215919], [26.232729, 94.21602], [26.232667, 94.216068], [26.232574, 94.216132], [26.232503, 94.21623], [26.232464, 94.21635], [26.232424, 94.216537], [26.232354, 94.216662], [26.232183, 94.216795], [26.231989, 94.216944], [26.23182, 94.217048], [26.231652, 94.21716], [26.231523, 94.217285], [26.231445, 94.217346], [26.231363, 94.217354], [26.231246, 94.217314], [26.231077, 94.217202], [26.230948, 94.217133], [26.230893, 94.21701], [26.230879, 94.216843], [26.230888, 94.21663], [26.230893, 94.216518], [26.23086, 94.216321], [26.230857, 94.216153], [26.230864, 94.215983], [26.230879, 94.215855], [26.23085, 94.215767], [26.230793, 94.215714], [26.230721, 94.215687], [26.230623, 94.215711], [26.230419, 94.215785], [26.230245, 94.215919], [26.23016, 94.215988], [26.22991, 94.216165], [26.229793, 94.216237], [26.229715, 94.216277], [26.229638, 94.216272], [26.229592, 94.216232], [26.229583, 94.216176], [26.229605, 94.216107], [26.229684, 94.216024], [26.229727, 94.215955], [26.229731, 94.215851], [26.2297, 94.215769], [26.229595, 94.215651], [26.229481, 94.215542], [26.229399, 94.215452], [26.229397, 94.215247], [26.229387, 94.215095], [26.229352, 94.214893], [26.229306, 94.214712], [26.229199, 94.214555], [26.228986, 94.21427], [26.228917, 94.214105], [26.228821, 94.213974], [26.228683, 94.213871], [26.228637, 94.213813], [26.228622, 94.213752], [26.228629, 94.213673], [26.228635, 94.213543], [26.228599, 94.213463], [26.228513, 94.213391], [26.228406, 94.213341], [26.228357, 94.213331], [26.228318, 94.213293], [26.228306, 94.213246], [26.228317, 94.213197], [26.228356, 94.213146], [26.228451, 94.213077], [26.228492, 94.213011], [26.228497, 94.21292], [26.228427, 94.212811], [26.228365, 94.212638], [26.228275, 94.212558], [26.228191, 94.212547], [26.227821, 94.212567], [26.227682, 94.212563], [26.227611, 94.212541], [26.227582, 94.212502], [26.227571, 94.212432], [26.227581, 94.212287], [26.22761, 94.212111], [26.227608, 94.212026], [26.227582, 94.211938], [26.22752, 94.211869], [26.227453, 94.211809], [26.227328, 94.211761], [26.227175, 94.211766], [26.227003, 94.211809], [26.226879, 94.211827], [26.226759, 94.21183], [26.226669, 94.211742], [26.226611, 94.211628], [26.226597, 94.211527], [26.226623, 94.211372], [26.226642, 94.211279], [26.226623, 94.211154], [26.226573, 94.211095], [26.226458, 94.210981], [26.226291, 94.210893], [26.226005, 94.210816], [26.225783, 94.210723], [26.225658, 94.210712], [26.225575, 94.210754], [26.225508, 94.21085], [26.225408, 94.211042], [26.225255, 94.211348], [26.225183, 94.211465], [26.225078, 94.211564], [26.224985, 94.21163], [26.224847, 94.211724], [26.224739, 94.211766], [26.224658, 94.211737], [26.224548, 94.211636], [26.224492, 94.211556], [26.224437, 94.211531], [26.224392, 94.211524], [26.224313, 94.211564], [26.224207, 94.211653], [26.224129, 94.211716], [26.223882, 94.21187], [26.223803, 94.211894], [26.22371, 94.211886], [26.223546, 94.21189], [26.223442, 94.211934], [26.223145, 94.212074], [26.222987, 94.212185], [26.222887, 94.212316], [26.222842, 94.212468], [26.222825, 94.212771], [26.222815, 94.213136], [26.222782, 94.21333], [26.222772, 94.213487], [26.222765, 94.21358], [26.222725, 94.213647], [26.222605, 94.213791], [26.222555, 94.213884], [26.222505, 94.213985], [26.222466, 94.214056], [26.222433, 94.214082], [26.222389, 94.214111], [26.222337, 94.214114], [26.222257, 94.214057], [26.222131, 94.21398], [26.22207, 94.213917], [26.221984, 94.213783], [26.221905, 94.213703], [26.221831, 94.21366], [26.221747, 94.21365], [26.221674, 94.213671], [26.221555, 94.213696], [26.221494, 94.213695], [26.221423, 94.213682], [26.221362, 94.213631], [26.221311, 94.213535], [26.221276, 94.213478], [26.221196, 94.21343], [26.221099, 94.213443], [26.220995, 94.213481], [26.220913, 94.21349], [26.220827, 94.213492], [26.220702, 94.213495], [26.220546, 94.213523], [26.22032, 94.213507], [26.220211, 94.213491], [26.220077, 94.213536], [26.21996, 94.213566], [26.219836, 94.213558], [26.219723, 94.213488], [26.219502, 94.213409], [26.219283, 94.213374], [26.219122, 94.213385], [26.218956, 94.213403], [26.218827, 94.213438], [26.218695, 94.213527], [26.218529, 94.21357], [26.218414, 94.213564], [26.218321, 94.21353], [26.218254, 94.213469], [26.218192, 94.213298], [26.218144, 94.213186], [26.218068, 94.213109], [26.217886, 94.213045], [26.217287, 94.212872], [26.217139, 94.21284], [26.21706, 94.212771], [26.21701, 94.212595], [26.216993, 94.212462], [26.216952, 94.212334], [26.216878, 94.212271], [26.216761, 94.212249], [26.216503, 94.212268], [26.216374, 94.2123], [26.216279, 94.212374], [26.216157, 94.212518], [26.216053, 94.212633], [26.216018, 94.212647], [26.215974, 94.212633], [26.21594, 94.212598], [26.215909, 94.212531], [26.215899, 94.212396], [26.215856, 94.212236], [26.215789, 94.21205], [26.215589, 94.211831], [26.215536, 94.211735], [26.215484, 94.211682], [26.215371, 94.211688], [26.215207, 94.211717], [26.215087, 94.211688], [26.214944, 94.2116], [26.214829, 94.211517], [26.214712, 94.211515], [26.214588, 94.211552], [26.214478, 94.21161], [26.21439, 94.211605], [26.214299, 94.211546], [26.214208, 94.211456], [26.214077, 94.211376], [26.213857, 94.21128], [26.213649, 94.211254], [26.213578, 94.21119], [26.213544, 94.211083], [26.213542, 94.210889], [26.21358, 94.210727], [26.213625, 94.210644], [26.213633, 94.210546], [26.213571, 94.210412], [26.21347, 94.210231], [26.213277, 94.209997], [26.213205, 94.209875], [26.213207, 94.209792], [26.21325, 94.209704], [26.213258, 94.209616], [26.213234, 94.209507], [26.213222, 94.209427], [26.213224, 94.209353], [26.213241, 94.209217], [26.213188, 94.209079], [26.213122, 94.208954], [26.213071, 94.208818], [26.212973, 94.208655], [26.212847, 94.208534], [26.212703, 94.208453], [26.212531, 94.208383], [26.212373, 94.208359], [26.212256, 94.208367], [26.212203, 94.208386], [26.21217, 94.208385], [26.21214, 94.208364], [26.212115, 94.20832], [26.212082, 94.208148], [26.212017, 94.208042], [26.211932, 94.207991], [26.211838, 94.207959], [26.211743, 94.207959], [26.21161, 94.208014], [26.21145, 94.208046], [26.21134, 94.208059], [26.211257, 94.208075], [26.211223, 94.208078], [26.211147, 94.208083], [26.211071, 94.208088], [26.210985, 94.20807], [26.210946, 94.208043], [26.210922, 94.207961], [26.210915, 94.207835], [26.210913, 94.207708], [26.210913, 94.207593], [26.210856, 94.207423], [26.210798, 94.207282], [26.210729, 94.207151], [26.210655, 94.20705], [26.210578, 94.206981], [26.210457, 94.206952], [26.210313, 94.206917], [26.210065, 94.206866], [26.209931, 94.206816], [26.209883, 94.206744], [26.209891, 94.206645], [26.209922, 94.206574], [26.209989, 94.206512], [26.210096, 94.206478], [26.210189, 94.206421], [26.210252, 94.206335], [26.210275, 94.206253], [26.210257, 94.206184], [26.210201, 94.206097], [26.210101, 94.206007], [26.210003, 94.205955], [26.209875, 94.205872], [26.209737, 94.205778], [26.209624, 94.205674], [26.209566, 94.20559], [26.209492, 94.205551], [26.209395, 94.205537], [26.209254, 94.205507], [26.209218, 94.205497], [26.209193, 94.205472], [26.209174, 94.205414], [26.209153, 94.205317], [26.209123, 94.205261], [26.209068, 94.205231], [26.208984, 94.205217], [26.208867, 94.205241], [26.208764, 94.205234], [26.208741, 94.205216], [26.20873, 94.205186], [26.208731, 94.205108], [26.208733, 94.204996], [26.208722, 94.204797], [26.20869, 94.20468], [26.208607, 94.204594], [26.208492, 94.204488], [26.208382, 94.204424], [26.208289, 94.2044], [26.208218, 94.204379], [26.208103, 94.204405], [26.207983, 94.204456], [26.20778, 94.204504], [26.207587, 94.20448], [26.207343, 94.204339], [26.20709, 94.204134], [26.206899, 94.20391], [26.206758, 94.203697], [26.206679, 94.20346], [26.206583, 94.203162], [26.206521, 94.203], [26.206427, 94.202827], [26.206329, 94.202654], [26.206313, 94.202494], [26.206318, 94.202268], [26.206327, 94.202132], [26.206284, 94.202023], [26.206172, 94.201914], [26.206069, 94.201844], [26.205933, 94.201778], [26.205653, 94.20192], [26.205537, 94.201997], [26.205406, 94.202125], [26.20532, 94.202224], [26.205239, 94.20229], [26.205125, 94.202417], [26.205028, 94.202556], [26.204877, 94.202813], [26.204769, 94.202928], [26.204659, 94.203013], [26.204542, 94.203085], [26.204423, 94.203133], [26.204282, 94.20313], [26.204158, 94.203114], [26.204057, 94.203141], [26.203995, 94.203173], [26.203955, 94.203234], [26.203952, 94.203314], [26.203986, 94.203423], [26.204103, 94.203521], [26.204272, 94.203631], [26.204373, 94.203703], [26.204459, 94.203777], [26.204509, 94.20386], [26.20454, 94.203985], [26.20453, 94.204115], [26.204483, 94.20423], [26.204425, 94.204286], [26.204327, 94.204328], [26.204246, 94.204341], [26.204112, 94.204412], [26.204019, 94.204498], [26.20394, 94.20459], [26.203876, 94.204727], [26.203819, 94.204849], [26.203742, 94.205002], [26.203676, 94.205109], [26.203637, 94.205207], [26.203627, 94.205338], [26.203649, 94.20546], [26.203693, 94.205527], [26.203796, 94.205618], [26.203905, 94.205711], [26.203949, 94.20576], [26.203972, 94.205814], [26.203976, 94.205887], [26.20397, 94.205951], [26.203945, 94.206023], [26.203905, 94.206089], [26.203833, 94.206158], [26.203708, 94.206252], [26.203583, 94.206341], [26.203436, 94.206501], [26.203384, 94.206562], [26.203349, 94.206618], [26.203353, 94.206671], [26.203377, 94.206715], [26.203408, 94.206735], [26.203472, 94.206721], [26.203583, 94.206685], [26.203685, 94.206665], [26.203753, 94.206655], [26.203824, 94.206665], [26.204014, 94.206759], [26.204195, 94.206884], [26.204374, 94.207008], [26.204437, 94.207064], [26.20447, 94.207128], [26.204502, 94.207233], [26.204524, 94.207361], [26.204567, 94.207451], [26.20462, 94.207521], [26.204695, 94.207562], [26.204784, 94.207563], [26.204834, 94.207549], [26.204892, 94.207474], [26.204939, 94.20742], [26.20498, 94.207401], [26.205041, 94.207398], [26.205275, 94.207455], [26.205365, 94.207505], [26.205443, 94.207563], [26.205527, 94.207675], [26.20559, 94.207759], [26.205605, 94.207815], [26.205583, 94.207888], [26.205548, 94.207977], [26.205541, 94.20803], [26.205557, 94.208114], [26.205602, 94.208182], [26.205669, 94.208229], [26.205769, 94.208278], [26.205842, 94.208329], [26.206007, 94.208492], [26.206167, 94.208653], [26.206258, 94.208737], [26.206356, 94.208806], [26.206466, 94.208844], [26.206621, 94.208868], [26.20669, 94.208877], [26.206751, 94.208912], [26.206792, 94.208964], [26.206867, 94.209085], [26.206918, 94.209146], [26.207011, 94.209231], [26.207058, 94.209299], [26.207082, 94.209375], [26.207078, 94.20948], [26.207057, 94.209551], [26.207025, 94.209605], [26.206968, 94.209649], [26.206848, 94.209704], [26.206708, 94.209757], [26.206536, 94.209798], [26.206426, 94.209818], [26.206358, 94.209849], [26.206095, 94.210002], [26.206013, 94.210064], [26.205933, 94.21013], [26.205878, 94.210177], [26.205842, 94.210261], [26.205831, 94.210331], [26.205841, 94.210422], [26.205868, 94.210521], [26.20587, 94.210635], [26.205872, 94.210799], [26.205868, 94.210924], [26.205862, 94.210985], [26.205843, 94.211049], [26.205741, 94.21119], [26.205687, 94.211279], [26.205644, 94.211371], [26.205627, 94.211452], [26.205633, 94.211533], [26.205665, 94.211618], [26.205709, 94.211694], [26.205808, 94.211799], [26.205885, 94.211868], [26.205934, 94.211929], [26.205947, 94.211988], [26.205953, 94.212112], [26.20596, 94.212227], [26.205989, 94.212278], [26.206075, 94.212334], [26.206174, 94.212374], [26.206297, 94.212392], [26.206389, 94.212424], [26.206437, 94.212454], [26.206463, 94.212511], [26.206464, 94.212577], [26.206456, 94.212652], [26.206378, 94.212786], [26.20632, 94.212929], [26.20629, 94.213011], [26.206292, 94.213118], [26.206322, 94.213234], [26.206361, 94.213313], [26.206376, 94.213395], [26.206356, 94.21351], [26.206344, 94.213646], [26.206364, 94.213733], [26.2064, 94.213857], [26.206445, 94.21399], [26.206464, 94.214137], [26.206484, 94.214288], [26.206529, 94.2144], [26.206629, 94.214522], [26.206684, 94.21463], [26.206727, 94.214712], [26.206749, 94.214799], [26.206735, 94.21488], [26.206685, 94.214943], [26.206636, 94.214973], [26.206451, 94.215007], [26.206212, 94.215024], [26.206011, 94.215017], [26.205677, 94.214927], [26.205376, 94.214847], [26.205159, 94.214818], [26.204636, 94.214852], [26.204502, 94.214868], [26.204416, 94.214895], [26.204345, 94.21494], [26.204316, 94.215025], [26.20433, 94.215148], [26.204354, 94.215265], [26.204357, 94.215334], [26.204335, 94.21538], [26.204298, 94.215409], [26.204227, 94.215413], [26.204139, 94.215368], [26.20403, 94.215314], [26.203911, 94.21529], [26.203792, 94.21532], [26.203688, 94.215353], [26.203577, 94.215419], [26.2035, 94.215494], [26.203464, 94.215559], [26.203441, 94.21563], [26.203446, 94.21569], [26.203471, 94.21577], [26.203484, 94.215848], [26.203478, 94.215915], [26.203437, 94.215977], [26.203365, 94.21603], [26.203276, 94.216085], [26.203198, 94.216134], [26.203121, 94.216197], [26.203062, 94.216238], [26.203, 94.216259], [26.202919, 94.216266], [26.20283, 94.216286], [26.202746, 94.216315], [26.20267, 94.216365], [26.202625, 94.216442], [26.202589, 94.216515], [26.202569, 94.216577], [26.202571, 94.216624], [26.202596, 94.216678], [26.20262, 94.216712], [26.20266, 94.216735], [26.20272, 94.216746], [26.202786, 94.216733], [26.202844, 94.216724], [26.202896, 94.216736], [26.202934, 94.216776], [26.202955, 94.216846], [26.202961, 94.216981], [26.20297, 94.217114], [26.202976, 94.217243], [26.202989, 94.217339], [26.203014, 94.21742], [26.203021, 94.217473], [26.203015, 94.217522], [26.202984, 94.217566], [26.202929, 94.217617], [26.202882, 94.217672], [26.202863, 94.21773], [26.202869, 94.217789], [26.202893, 94.217861], [26.202944, 94.217961], [26.202974, 94.218032], [26.202982, 94.218092], [26.202965, 94.218152], [26.20293, 94.218226], [26.202879, 94.218283], [26.202834, 94.21833], [26.202806, 94.2184], [26.202795, 94.218467], [26.202789, 94.218559], [26.202804, 94.218668], [26.202821, 94.21879], [26.202822, 94.218938], [26.202824, 94.219044], [26.202839, 94.219121], [26.20287, 94.219192], [26.202934, 94.219242], [26.20301, 94.219282], [26.203117, 94.219303], [26.203278, 94.219303], [26.203497, 94.2193], [26.203684, 94.219295], [26.203804, 94.21928], [26.203894, 94.219252], [26.203986, 94.219178], [26.204093, 94.219075], [26.204168, 94.218973], [26.204224, 94.218949], [26.204329, 94.218969], [26.204436, 94.21895], [26.204544, 94.218902], [26.204646, 94.218857], [26.204744, 94.218835], [26.204849, 94.218849], [26.204917, 94.218867], [26.204953, 94.218899], [26.204974, 94.218955], [26.204973, 94.219009], [26.204936, 94.219112], [26.204897, 94.219214], [26.204863, 94.21943], [26.204849, 94.219614], [26.204857, 94.219769], [26.20489, 94.219889], [26.204962, 94.220023], [26.205003, 94.220123], [26.205007, 94.220238], [26.204994, 94.220327], [26.204962, 94.220426], [26.204928, 94.220502], [26.20492, 94.220551], [26.204925, 94.220633], [26.204932, 94.220699], [26.204931, 94.220775], [26.204929, 94.220825], [26.2049, 94.220882], [26.204877, 94.22094], [26.204864, 94.221017], [26.204872, 94.221104], [26.20489, 94.221193], [26.204894, 94.22126], [26.204876, 94.221355], [26.204841, 94.221493], [26.204833, 94.221591], [26.204845, 94.221651], [26.204878, 94.221702], [26.204942, 94.221754], [26.20502, 94.221782], [26.205148, 94.2218], [26.205282, 94.221827], [26.205364, 94.221833], [26.205439, 94.221833], [26.205512, 94.221821], [26.20567, 94.221739], [26.205817, 94.221656], [26.205883, 94.221614], [26.205945, 94.221593], [26.206072, 94.221571], [26.206204, 94.221546], [26.206277, 94.221548], [26.206322, 94.221568], [26.206362, 94.221603], [26.206401, 94.221676], [26.206429, 94.221788], [26.206452, 94.22191], [26.206445, 94.222044], [26.206418, 94.222127], [26.206401, 94.222188], [26.2064, 94.222278], [26.206424, 94.222504], [26.206442, 94.222701], [26.206463, 94.22283], [26.206505, 94.222919], [26.206541, 94.222975], [26.206563, 94.223032], [26.206569, 94.223126], [26.20655, 94.223302], [26.206563, 94.223477], [26.206596, 94.223625], [26.206616, 94.223716], [26.206629, 94.223796], [26.206623, 94.223863], [26.206606, 94.223905], [26.20656, 94.223952], [26.206493, 94.223985], [26.206413, 94.224007], [26.206341, 94.224023], [26.206274, 94.224045], [26.206227, 94.224067], [26.206185, 94.224113], [26.206165, 94.224151], [26.206159, 94.224222], [26.206163, 94.224306], [26.206129, 94.224438], [26.206107, 94.224517], [26.206107, 94.224605], [26.206129, 94.224667], [26.206178, 94.224721], [26.206384, 94.22487], [26.206501, 94.224925], [26.206581, 94.224949], [26.206668, 94.224976], [26.206731, 94.225018], [26.206813, 94.225091], [26.206913, 94.225216], [26.207, 94.225357], [26.207057, 94.225474], [26.207099, 94.225594], [26.207135, 94.225649], [26.207178, 94.225685], [26.207241, 94.22569], [26.207345, 94.225662], [26.20743, 94.225607], [26.20746, 94.225525], [26.207469, 94.225395], [26.207491, 94.22523], [26.207522, 94.224906], [26.207532, 94.224815], [26.207556, 94.224777], [26.207617, 94.224758], [26.207714, 94.224773], [26.207942, 94.224883], [26.208159, 94.224966], [26.208278, 94.224998], [26.208329, 94.225001], [26.208366, 94.224987], [26.208405, 94.224945], [26.208422, 94.224892], [26.208442, 94.224737], [26.208454, 94.224654], [26.208479, 94.224613], [26.208517, 94.224591], [26.208569, 94.224588], [26.208805, 94.224572], [26.208978, 94.224545], [26.20908, 94.224513], [26.209165, 94.224443], [26.209201, 94.224314], [26.209203, 94.224179], [26.209206, 94.224055], [26.209224, 94.223932], [26.209243, 94.223852], [26.209286, 94.223793], [26.209368, 94.223775], [26.209488, 94.223794], [26.209638, 94.22384], [26.209724, 94.223916], [26.209792, 94.224014], [26.209817, 94.224172], [26.209829, 94.22433], [26.209813, 94.224566], [26.20979, 94.224688], [26.209792, 94.224836], [26.209763, 94.224998], [26.209745, 94.225161], [26.209749, 94.225286], [26.20975, 94.225361], [26.209742, 94.225409], [26.209693, 94.22549], [26.209625, 94.225562], [26.209545, 94.225649], [26.209495, 94.225713], [26.209443, 94.225794], [26.209407, 94.22588], [26.209394, 94.225934], [26.209397, 94.226012], [26.209444, 94.226119], [26.209471, 94.226216], [26.209471, 94.226292], [26.209456, 94.226343], [26.209426, 94.226387], [26.20938, 94.22641], [26.209284, 94.226433], [26.20923, 94.226461], [26.209201, 94.226488], [26.20918, 94.226518], [26.209174, 94.226555], [26.209185, 94.226618], [26.209188, 94.226671], [26.209182, 94.226732], [26.209127, 94.226827], [26.209071, 94.226883], [26.209006, 94.226954], [26.208943, 94.227047], [26.208863, 94.227127], [26.208802, 94.227163], [26.208732, 94.227198], [26.208681, 94.227245], [26.208639, 94.227304], [26.208621, 94.227374], [26.20862, 94.227453], [26.208649, 94.227558], [26.208671, 94.227626], [26.208683, 94.227684], [26.208683, 94.227794], [26.208677, 94.227878], [26.208685, 94.228022], [26.208694, 94.228102], [26.208697, 94.228159], [26.208688, 94.228219], [26.208671, 94.228254], [26.208624, 94.228304], [26.208573, 94.228331], [26.208466, 94.228385], [26.208395, 94.228425], [26.208354, 94.228463], [26.208321, 94.228519], [26.2083, 94.22858], [26.208293, 94.228699], [26.208301, 94.228828], [26.208327, 94.228942], [26.20836, 94.229009], [26.208419, 94.22906], [26.208484, 94.229087], [26.208591, 94.22909], [26.208684, 94.229062], [26.208777, 94.229026], [26.208824, 94.229022], [26.208873, 94.229046], [26.208909, 94.229087], [26.208935, 94.229166], [26.20895, 94.229287], [26.208983, 94.229393], [26.209021, 94.22948], [26.209044, 94.229564], [26.209056, 94.229658], [26.209047, 94.229736], [26.209017, 94.229798], [26.208978, 94.229858], [26.20891, 94.22994], [26.208859, 94.229991], [26.208829, 94.230054], [26.208821, 94.230109], [26.208827, 94.230195], [26.20884, 94.230252], [26.208867, 94.230297], [26.208902, 94.230332], [26.208966, 94.230347], [26.209049, 94.230316], [26.209096, 94.230292], [26.209148, 94.230274], [26.209203, 94.23027], [26.209266, 94.23028], [26.209333, 94.230286], [26.209412, 94.230275], [26.20949, 94.230237], [26.209581, 94.230175], [26.209656, 94.230137], [26.209709, 94.230121], [26.209765, 94.230123], [26.209811, 94.230146], [26.209843, 94.23019], [26.209855, 94.230229], [26.209852, 94.230279], [26.209825, 94.230354], [26.209766, 94.230509], [26.20973, 94.23063], [26.209722, 94.230707], [26.209732, 94.230799], [26.209746, 94.230896], [26.209743, 94.23098], [26.209728, 94.23105], [26.20968, 94.231167], [26.209612, 94.231275], [26.209512, 94.231381], [26.209458, 94.231455], [26.209416, 94.231541], [26.20941, 94.231653], [26.209419, 94.231754], [26.209453, 94.231841], [26.209519, 94.231961], [26.209548, 94.232051], [26.209591, 94.23217], [26.209635, 94.232266], [26.209696, 94.232321], [26.209746, 94.232343], [26.209807, 94.232339], [26.209871, 94.232301], [26.209929, 94.232256], [26.209986, 94.232236], [26.210035, 94.232243], [26.210082, 94.232266], [26.210133, 94.232336], [26.210166, 94.232424], [26.210174, 94.232535], [26.210168, 94.232669], [26.210171, 94.232795], [26.210185, 94.232873], [26.210205, 94.232928], [26.21024, 94.232981], [26.210289, 94.233017], [26.210329, 94.233037], [26.21039, 94.233035], [26.21045, 94.233008], [26.210546, 94.232946], [26.210595, 94.232928], [26.210648, 94.232938], [26.21069, 94.232966], [26.210716, 94.232999], [26.210735, 94.233053], [26.21074, 94.233107], [26.210731, 94.233279], [26.210728, 94.233424], [26.210754, 94.233515], [26.210796, 94.233589], [26.210846, 94.233642], [26.210924, 94.233686], [26.211014, 94.233706], [26.211102, 94.233688], [26.211219, 94.233671], [26.211345, 94.233642], [26.211402, 94.233628], [26.211507, 94.233513], [26.211591, 94.233397], [26.211642, 94.233331], [26.211684, 94.233239], [26.211735, 94.233107], [26.211761, 94.233005], [26.211756, 94.232891], [26.211756, 94.232808], [26.211775, 94.232755], [26.211803, 94.232713], [26.211842, 94.232705], [26.211895, 94.232717], [26.211956, 94.232767], [26.212045, 94.23293], [26.212194, 94.233139], [26.212275, 94.233259], [26.212298, 94.233302], [26.212313, 94.233352], [26.212312, 94.233403], [26.212288, 94.233438], [26.212252, 94.233465], [26.21219, 94.233509], [26.212137, 94.233557], [26.212123, 94.233586], [26.212121, 94.233625], [26.212164, 94.233719], [26.212194, 94.233791], [26.21222, 94.233888], [26.212238, 94.234], [26.212264, 94.234125], [26.212295, 94.23419], [26.212339, 94.234227], [26.212399, 94.234248], [26.212469, 94.234242], [26.212564, 94.234213], [26.212635, 94.234204], [26.212704, 94.234228], [26.21284, 94.234294], [26.212905, 94.234318], [26.212969, 94.234323], [26.213055, 94.234292], [26.213113, 94.234255], [26.213176, 94.234213], [26.213247, 94.234177], [26.213304, 94.234167], [26.213357, 94.234179], [26.213406, 94.234216], [26.213447, 94.234263], [26.213477, 94.234317], [26.213487, 94.234375], [26.213468, 94.23443], [26.213425, 94.234487], [26.213398, 94.234548], [26.213381, 94.234624], [26.213394, 94.234688], [26.213464, 94.234796], [26.213552, 94.234904], [26.213588, 94.234969], [26.213588, 94.235014], [26.213574, 94.235062], [26.21354, 94.235109], [26.213484, 94.235149], [26.213405, 94.235173], [26.213255, 94.235187], [26.213037, 94.235215], [26.212943, 94.235244], [26.212858, 94.235287], [26.212794, 94.23536], [26.212725, 94.235454], [26.212682, 94.235522], [26.212669, 94.235568], [26.212672, 94.235614], [26.212688, 94.235652], [26.212716, 94.235681], [26.212763, 94.235704], [26.212866, 94.235718], [26.212973, 94.235715], [26.213041, 94.235693], [26.21313, 94.235671], [26.213253, 94.235683], [26.21349, 94.235734], [26.213655, 94.235785], [26.213826, 94.235878], [26.213914, 94.235951], [26.214006, 94.236082], [26.21406, 94.236181], [26.214125, 94.236266], [26.21419, 94.23633], [26.214281, 94.236378], [26.214334, 94.236411], [26.21438, 94.236446], [26.21441, 94.236505], [26.214417, 94.236573], [26.214394, 94.236648], [26.214345, 94.236778], [26.214298, 94.236955], [26.214292, 94.237065], [26.214309, 94.237143], [26.214343, 94.23721], [26.214398, 94.237296], [26.214498, 94.237371], [26.214548, 94.237391], [26.214603, 94.237384], [26.21465, 94.237366], [26.214712, 94.237337], [26.214732, 94.23731], [26.21475, 94.237254], [26.214775, 94.237206], [26.214824, 94.237187], [26.21489, 94.237177], [26.214921, 94.237187], [26.21496, 94.237241], [26.215001, 94.237287], [26.215051, 94.237338], [26.215112, 94.237374], [26.215145, 94.237421], [26.215153, 94.237489], [26.21513, 94.237597], [26.215105, 94.237705], [26.215058, 94.237826], [26.215024, 94.237924], [26.215035, 94.237998], [26.215112, 94.238102], [26.215243, 94.238215], [26.215313, 94.238262], [26.215385, 94.238275], [26.215485, 94.238275], [26.215551, 94.238273], [26.215601, 94.238286], [26.215627, 94.238322], [26.215629, 94.238408], [26.215584, 94.238505], [26.215538, 94.238589], [26.215462, 94.238758], [26.215449, 94.238904], [26.215455, 94.239056], [26.215487, 94.239144], [26.215533, 94.239207], [26.215588, 94.239222], [26.215655, 94.239214], [26.215756, 94.239139], [26.215864, 94.239052], [26.21599, 94.23896], [26.216091, 94.238911], [26.216241, 94.238863], [26.216381, 94.238851], [26.216453, 94.238857], [26.216491, 94.238878], [26.216515, 94.238906], [26.216526, 94.238935], [26.216517, 94.238964], [26.216491, 94.238997], [26.2164, 94.239065], [26.216328, 94.239124], [26.216246, 94.23917], [26.216149, 94.239225], [26.216105, 94.239277], [26.216088, 94.239349], [26.216082, 94.239454], [26.216083, 94.239554], [26.216099, 94.239613], [26.216137, 94.239672], [26.216203, 94.239726], [26.21629, 94.23977], [26.216397, 94.239829], [26.216479, 94.239898], [26.216504, 94.239929], [26.216513, 94.239968], [26.216506, 94.24001], [26.216475, 94.240051], [26.216419, 94.240088], [26.216356, 94.240155], [26.216334, 94.240193], [26.216327, 94.240247], [26.216348, 94.240302], [26.216428, 94.240365], [26.216523, 94.240445], [26.216779, 94.24064], [26.216955, 94.240788], [26.217112, 94.240909], [26.217243, 94.241001], [26.217404, 94.241085], [26.217485, 94.241149], [26.217571, 94.241258], [26.217643, 94.241358], [26.217741, 94.241443], [26.217867, 94.241515], [26.217994, 94.241583], [26.218108, 94.241676], [26.21819, 94.241733], [26.2183, 94.241767], [26.218426, 94.241771], [26.218552, 94.241794], [26.218701, 94.241832], [26.218812, 94.241903], [26.218931, 94.241994], [26.21908, 94.242076], [26.219158, 94.24214], [26.219188, 94.242226], [26.219218, 94.24234], [26.219317, 94.242501], [26.219463, 94.242691], [26.21956, 94.242777], [26.219673, 94.242824], [26.219762, 94.242872], [26.219807, 94.242939], [26.21985, 94.24307], [26.219881, 94.243168], [26.21992, 94.243239], [26.220061, 94.243414], [26.220242, 94.243617], [26.220494, 94.243897], [26.220597, 94.243996], [26.220734, 94.244055], [26.220916, 94.24412], [26.220991, 94.244187], [26.221012, 94.244258], [26.221022, 94.244421], [26.221058, 94.244537], [26.221117, 94.244623], [26.221212, 94.244711], [26.22133, 94.2448], [26.221465, 94.244931], [26.221576, 94.245029], [26.221638, 94.245116], [26.221653, 94.245197], [26.221638, 94.245256], [26.221582, 94.245331], [26.221439, 94.245427], [26.221351, 94.245498], [26.221301, 94.245588], [26.221295, 94.245683], [26.221315, 94.245793], [26.22139, 94.245925], [26.221495, 94.246158], [26.221557, 94.246346], [26.221608, 94.246487], [26.221709, 94.246693], [26.22176, 94.246807], [26.221769, 94.246836], [26.221802, 94.246945], [26.221846, 94.247029], [26.221898, 94.247071], [26.222016, 94.247123], [26.222139, 94.247182], [26.222202, 94.247234], [26.222246, 94.247327], [26.222252, 94.247413], [26.222239, 94.247522], [26.222219, 94.247616], [26.222067, 94.247917], [26.221858, 94.248378], [26.221795, 94.248501], [26.221682, 94.248578], [26.221537, 94.248608], [26.221294, 94.248623], [26.22109, 94.248629], [26.220991, 94.248618], [26.220877, 94.248533], [26.220578, 94.248262], [26.220324, 94.248065], [26.220058, 94.247818], [26.219749, 94.24745], [26.219514, 94.247168], [26.219206, 94.246872], [26.218974, 94.246708], [26.218762, 94.246618], [26.218596, 94.246557], [26.218474, 94.246493], [26.218373, 94.246402], [26.218259, 94.246221], [26.217991, 94.245914], [26.21784, 94.245792], [26.217739, 94.245736], [26.217617, 94.245669], [26.217516, 94.245549], [26.217333, 94.245391], [26.217013, 94.245155], [26.216562, 94.24479], [26.216345, 94.244577], [26.216241, 94.244499], [26.216112, 94.244438], [26.216025, 94.244373], [26.215954, 94.244267], [26.215832, 94.24413], [26.215661, 94.243979], [26.215409, 94.243792], [26.215297, 94.243661], [26.215187, 94.243483], [26.215059, 94.243379], [26.214877, 94.243331], [26.214781, 94.243323], [26.214705, 94.243338], [26.214613, 94.243367], [26.214545, 94.24335], [26.214507, 94.243304], [26.214466, 94.243208], [26.214421, 94.243114], [26.214365, 94.243031], [26.21411, 94.242902], [26.213866, 94.242745], [26.21371, 94.242675], [26.213598, 94.242655], [26.213482, 94.242651], [26.213371, 94.242645], [26.213253, 94.242619], [26.213201, 94.242585], [26.213156, 94.242529], [26.213112, 94.242423], [26.213061, 94.242334], [26.213012, 94.242248], [26.212928, 94.242184], [26.212795, 94.242128], [26.212668, 94.242111], [26.212529, 94.242032], [26.212384, 94.241944], [26.212321, 94.241928], [26.212273, 94.241936], [26.212226, 94.241957], [26.212156, 94.242007], [26.212072, 94.24206], [26.212002, 94.242071], [26.211937, 94.24203], [26.211896, 94.241978], [26.211843, 94.24186], [26.211758, 94.241743], [26.211631, 94.241631], [26.21143, 94.24142], [26.211364, 94.241389], [26.211284, 94.241396], [26.211222, 94.241417], [26.211127, 94.241471], [26.211032, 94.241492], [26.210948, 94.241436], [26.210796, 94.241345], [26.210658, 94.241274], [26.21058, 94.241141], [26.210475, 94.241031], [26.210374, 94.240983], [26.210257, 94.240941], [26.21012, 94.240897], [26.209982, 94.240897], [26.20984, 94.240948], [26.209728, 94.241003], [26.209654, 94.241067], [26.209594, 94.241207], [26.209542, 94.241293], [26.209487, 94.241317], [26.209443, 94.241311], [26.209404, 94.241271], [26.209388, 94.241183], [26.209391, 94.240952], [26.209368, 94.240869], [26.209303, 94.24081], [26.209215, 94.240786], [26.209098, 94.240803], [26.208966, 94.240841], [26.208873, 94.240857], [26.208809, 94.240843], [26.208754, 94.240814], [26.208728, 94.240767], [26.208711, 94.240696], [26.208723, 94.240613], [26.208741, 94.240523], [26.208776, 94.240404], [26.20878, 94.240302], [26.208741, 94.240217], [26.208686, 94.240166], [26.2086, 94.240138], [26.208472, 94.240111], [26.208362, 94.240091], [26.208263, 94.240045], [26.208142, 94.240001], [26.208046, 94.239978], [26.207887, 94.239988], [26.207776, 94.239988], [26.207609, 94.239958], [26.207483, 94.239931], [26.207353, 94.239942], [26.207188, 94.239965], [26.207129, 94.239952], [26.207077, 94.239899], [26.207023, 94.239795], [26.206976, 94.239726], [26.206916, 94.239709], [26.206866, 94.239724], [26.206795, 94.239834], [26.206717, 94.239994], [26.206676, 94.240062], [26.206639, 94.240086], [26.206586, 94.240092], [26.206462, 94.240048], [26.206327, 94.239992], [26.206199, 94.239925], [26.206063, 94.23983], [26.206003, 94.239697], [26.205968, 94.239579], [26.205957, 94.239471], [26.205972, 94.239355], [26.206046, 94.239183], [26.206088, 94.239042], [26.206081, 94.238936], [26.206041, 94.238838], [26.205968, 94.238782], [26.205879, 94.238766], [26.205826, 94.238785], [26.205755, 94.238829], [26.205679, 94.238893], [26.205585, 94.238965], [26.20547, 94.239024], [26.205354, 94.239062], [26.205296, 94.239065], [26.205248, 94.239034], [26.205212, 94.23897], [26.205188, 94.2389], [26.205181, 94.238787], [26.205174, 94.23868], [26.205168, 94.238566], [26.205144, 94.238501], [26.2051, 94.238481], [26.205048, 94.238491], [26.204929, 94.238523], [26.204698, 94.238582], [26.204503, 94.238585], [26.204325, 94.238561], [26.204241, 94.238523], [26.204137, 94.238467], [26.204073, 94.2384], [26.204044, 94.238277], [26.204032, 94.238074], [26.204044, 94.237955], [26.204022, 94.23787], [26.203969, 94.237823], [26.203893, 94.237803], [26.203802, 94.237822], [26.203698, 94.237813], [26.203659, 94.237798], [26.203631, 94.237741], [26.203598, 94.237656], [26.203536, 94.237609], [26.203455, 94.23759], [26.203298, 94.23759], [26.203163, 94.237587], [26.203107, 94.237563], [26.203062, 94.237487], [26.203015, 94.237381], [26.203008, 94.23721], [26.202987, 94.237086], [26.202933, 94.23693], [26.20283, 94.236787], [26.202743, 94.236724], [26.20263, 94.23672], [26.202508, 94.236715], [26.20241, 94.236734], [26.202306, 94.236811], [26.202234, 94.236836], [26.202169, 94.236803], [26.202136, 94.236762], [26.202117, 94.236675], [26.202092, 94.236553], [26.202063, 94.236449], [26.202009, 94.236343], [26.201962, 94.236234], [26.201917, 94.2361], [26.201858, 94.236025], [26.201791, 94.236003], [26.201741, 94.236023], [26.201688, 94.236069], [26.201641, 94.236171], [26.201571, 94.236276], [26.201516, 94.236331], [26.20142, 94.236361], [26.20131, 94.236378], [26.201195, 94.236384], [26.201108, 94.236347], [26.201005, 94.236316], [26.200907, 94.236316], [26.200813, 94.236309], [26.200774, 94.236273], [26.200697, 94.236174], [26.200611, 94.236128], [26.20054, 94.236143], [26.200436, 94.236182], [26.20034, 94.236203], [26.200264, 94.236176], [26.200167, 94.236103], [26.200064, 94.236009], [26.199948, 94.235981], [26.199593, 94.235951], [26.199323, 94.23596], [26.199155, 94.23599], [26.198992, 94.235977], [26.198843, 94.235935], [26.198605, 94.235875], [26.198528, 94.235858], [26.198453, 94.235863], [26.198404, 94.235889], [26.198388, 94.235944], [26.198406, 94.236078], [26.198453, 94.236246], [26.198511, 94.236404], [26.198553, 94.236487], [26.198659, 94.236601], [26.198776, 94.236678], [26.198819, 94.236733], [26.198881, 94.236852], [26.198915, 94.237027], [26.198963, 94.237127], [26.199011, 94.237181], [26.199129, 94.237222], [26.199265, 94.23723], [26.19939, 94.237229], [26.199513, 94.237229], [26.199613, 94.237239], [26.19968, 94.237283], [26.199723, 94.237344], [26.199735, 94.23746], [26.199708, 94.237591], [26.199714, 94.23769], [26.199748, 94.237846], [26.199778, 94.238006], [26.199794, 94.238136], [26.199826, 94.2382], [26.19988, 94.238248], [26.199962, 94.238281], [26.200117, 94.238318], [26.200205, 94.238362], [26.200291, 94.238454], [26.200341, 94.238557], [26.200358, 94.238679], [26.200386, 94.238804], [26.200419, 94.238872], [26.200476, 94.238919], [26.200542, 94.238935], [26.20068, 94.238956], [26.200783, 94.23899], [26.20084, 94.239022], [26.200889, 94.239089], [26.200919, 94.239175], [26.200929, 94.239279], [26.200922, 94.239367], [26.200924, 94.239445], [26.200956, 94.239546], [26.200998, 94.239624], [26.201064, 94.239701], [26.201165, 94.239775], [26.201239, 94.239843], [26.20128, 94.23991], [26.201302, 94.239992], [26.201301, 94.240072], [26.201307, 94.240156], [26.201331, 94.240216], [26.201386, 94.240278], [26.201515, 94.240343], [26.201579, 94.240384], [26.201623, 94.24043], [26.201671, 94.240533], [26.201701, 94.24063], [26.201718, 94.240752], [26.201719, 94.24085], [26.201708, 94.240898], [26.201656, 94.241004], [26.201591, 94.2411], [26.201542, 94.2412], [26.201499, 94.241286], [26.201445, 94.241357], [26.201368, 94.241411], [26.201322, 94.241456], [26.201293, 94.241495], [26.201284, 94.241561], [26.201295, 94.241625], [26.201383, 94.241814], [26.201441, 94.241944], [26.201484, 94.242073], [26.201493, 94.242141], [26.201488, 94.2422], [26.201445, 94.242268], [26.201394, 94.242301], [26.201298, 94.242328], [26.20117, 94.242347], [26.201016, 94.24235], [26.200914, 94.242349], [26.200816, 94.242378], [26.200766, 94.242402], [26.200693, 94.242469], [26.200647, 94.242532], [26.200589, 94.242593], [26.200538, 94.242625], [26.200468, 94.242633], [26.200393, 94.24263], [26.200274, 94.242591], [26.200202, 94.242564], [26.200146, 94.242526], [26.200074, 94.242474], [26.200021, 94.242439], [26.199948, 94.242414], [26.199842, 94.242412], [26.199703, 94.242426], [26.199573, 94.242411], [26.199449, 94.242392], [26.199321, 94.242345], [26.199208, 94.242276], [26.199137, 94.242197], [26.199084, 94.242132], [26.199037, 94.242085], [26.198965, 94.242071], [26.198906, 94.242069], [26.198842, 94.242096], [26.198786, 94.242121], [26.198714, 94.242218], [26.198667, 94.242335], [26.198624, 94.242449], [26.198552, 94.242568], [26.198488, 94.242635], [26.198425, 94.242663], [26.19833, 94.242687], [26.198243, 94.242701], [26.198157, 94.242736], [26.198096, 94.242809], [26.198055, 94.242886], [26.197987, 94.242937], [26.197913, 94.242946], [26.197807, 94.242948], [26.197616, 94.242917], [26.197418, 94.242886], [26.197252, 94.24285], [26.197114, 94.242807], [26.196962, 94.242737], [26.19688, 94.24269], [26.196794, 94.242659], [26.19661, 94.242643], [26.196393, 94.242618], [26.196174, 94.242555], [26.195979, 94.242481], [26.195889, 94.24241], [26.195814, 94.24234], [26.195732, 94.242258], [26.195643, 94.242225], [26.195529, 94.242237], [26.195387, 94.24227], [26.195271, 94.242245], [26.195181, 94.242227], [26.195056, 94.242238], [26.194956, 94.242293], [26.194855, 94.242341], [26.194687, 94.242348], [26.194542, 94.242332], [26.194291, 94.242329], [26.194182, 94.242319], [26.19408, 94.242297], [26.194007, 94.242282], [26.193941, 94.242277], [26.193877, 94.242299], [26.193832, 94.242331], [26.1938, 94.242395], [26.193814, 94.242529], [26.193839, 94.242756], [26.193841, 94.242885], [26.193814, 94.24294], [26.193777, 94.24297], [26.193739, 94.242972], [26.1937, 94.242962], [26.193628, 94.242878], [26.193552, 94.24276], [26.193489, 94.242688], [26.193423, 94.242659], [26.193321, 94.242634], [26.193191, 94.242608], [26.193063, 94.242584], [26.192992, 94.242598], [26.192895, 94.242677], [26.192721, 94.242856], [26.192579, 94.243], [26.192522, 94.243106], [26.192498, 94.243205], [26.192499, 94.24332], [26.192564, 94.243479], [26.192616, 94.243575], [26.192652, 94.243644], [26.192648, 94.243717], [26.192588, 94.243842], [26.192504, 94.244002], [26.192474, 94.244156], [26.192474, 94.244273], [26.192516, 94.244424], [26.192625, 94.244573], [26.192705, 94.244684], [26.192759, 94.244763], [26.192786, 94.244837], [26.192779, 94.244932], [26.192736, 94.245038], [26.192718, 94.245122], [26.192737, 94.245234], [26.192779, 94.245343], [26.192854, 94.245394], [26.192931, 94.245403], [26.192995, 94.245419], [26.193052, 94.245457], [26.193076, 94.24551], [26.19307, 94.245611], [26.193014, 94.245716], [26.192912, 94.245871], [26.192844, 94.246001], [26.192812, 94.246092], [26.192814, 94.246247], [26.192827, 94.246406], [26.192856, 94.246468], [26.192918, 94.246519], [26.192999, 94.246569], [26.193069, 94.246624], [26.193099, 94.246696], [26.193125, 94.24683], [26.193135, 94.246972], [26.193169, 94.247051], [26.193221, 94.247104], [26.193336, 94.247133], [26.193505, 94.247135], [26.193701, 94.247151], [26.193778, 94.247168], [26.193867, 94.247258], [26.194013, 94.247459], [26.194092, 94.247604], [26.194121, 94.247768], [26.194162, 94.247965], [26.194232, 94.248118], [26.194303, 94.248245], [26.194345, 94.248331], [26.194362, 94.248426], [26.194352, 94.248512], [26.194308, 94.248651], [26.19428, 94.248761], [26.19428, 94.248885], [26.194261, 94.248988], [26.194233, 94.249064], [26.194166, 94.249165], [26.194074, 94.249241], [26.194019, 94.249329], [26.194007, 94.249437], [26.194002, 94.249783], [26.194003, 94.250283], [26.194021, 94.250663], [26.194081, 94.250898], [26.194103, 94.25104], [26.194115, 94.251166], [26.194098, 94.251269], [26.194044, 94.251339], [26.193973, 94.251389], [26.193901, 94.251418], [26.193818, 94.251437], [26.193779, 94.251427], [26.193694, 94.251399], [26.193579, 94.251338], [26.193494, 94.251294], [26.193409, 94.251273], [26.193348, 94.251271], [26.193244, 94.251303], [26.193125, 94.25136], [26.193038, 94.251386], [26.192979, 94.251394], [26.192916, 94.251392], [26.192852, 94.25137], [26.192782, 94.25133], [26.192721, 94.251254], [26.192658, 94.251177], [26.192531, 94.251073], [26.192379, 94.250969], [26.192216, 94.250861], [26.192039, 94.250772], [26.191909, 94.25065], [26.191759, 94.250487], [26.191664, 94.250412], [26.191587, 94.250358], [26.191537, 94.250282], [26.191486, 94.250161], [26.191407, 94.250028], [26.191333, 94.249943], [26.191256, 94.249873], [26.191126, 94.249786], [26.191011, 94.249728], [26.190915, 94.249722], [26.190863, 94.249755], [26.190797, 94.249865], [26.190754, 94.249986], [26.190672, 94.250108], [26.190569, 94.250208], [26.190433, 94.250275], [26.190215, 94.250346], [26.19001, 94.25043], [26.189816, 94.250499], [26.189672, 94.250511], [26.189508, 94.250485], [26.18941, 94.250467], [26.189337, 94.25047], [26.189287, 94.250499], [26.189224, 94.250568], [26.189099, 94.250769], [26.18893, 94.25101], [26.188765, 94.251211], [26.188554, 94.25141], [26.188393, 94.251519], [26.188241, 94.251598], [26.188116, 94.251662], [26.188029, 94.251671], [26.187917, 94.251645], [26.18782, 94.251595], [26.18773, 94.251584], [26.187671, 94.251574], [26.187633, 94.251517], [26.187608, 94.251394], [26.18759, 94.251211], [26.187565, 94.251047], [26.187537, 94.250896], [26.187461, 94.250785], [26.187336, 94.250611], [26.187172, 94.25038], [26.187038, 94.250093], [26.186945, 94.24995], [26.186797, 94.249845], [26.186659, 94.24977], [26.186484, 94.249685], [26.186331, 94.249642], [26.186144, 94.24961], [26.185985, 94.249602], [26.185872, 94.249594], [26.185734, 94.249617], [26.185628, 94.249673], [26.185474, 94.249736], [26.185355, 94.249767], [26.18526, 94.249786], [26.185184, 94.249827], [26.185083, 94.249916], [26.184944, 94.250035], [26.184864, 94.250085], [26.184767, 94.250133], [26.184657, 94.250188], [26.184614, 94.2502], [26.18457, 94.250199], [26.184528, 94.250171], [26.184483, 94.250114], [26.184456, 94.250031], [26.184451, 94.249945], [26.184484, 94.249831], [26.184563, 94.249674], [26.184599, 94.249608], [26.184613, 94.249545], [26.184607, 94.249483], [26.184581, 94.249445], [26.184536, 94.249402], [26.184479, 94.24938], [26.184414, 94.249367], [26.184288, 94.249386], [26.184118, 94.249449], [26.183944, 94.249532], [26.183723, 94.249624], [26.183524, 94.249687], [26.183288, 94.249775], [26.183126, 94.249845], [26.183013, 94.249884], [26.182898, 94.249899], [26.182795, 94.249881], [26.182741, 94.249872], [26.182633, 94.249849], [26.182513, 94.249827], [26.182272, 94.249813], [26.181964, 94.249766], [26.181825, 94.249758], [26.181695, 94.249768], [26.181555, 94.249799], [26.18146, 94.249819], [26.18138, 94.249815], [26.181296, 94.249751], [26.18122, 94.249703], [26.181115, 94.249645], [26.180642, 94.249413], [26.180452, 94.249353], [26.180303, 94.249323], [26.179935, 94.249255], [26.179702, 94.249198], [26.179404, 94.249133], [26.179262, 94.249131], [26.179069, 94.249118], [26.178906, 94.249093], [26.178704, 94.249031], [26.1785, 94.248937], [26.178243, 94.248749], [26.177968, 94.248563], [26.177818, 94.248484], [26.177731, 94.248462], [26.177625, 94.248477], [26.177552, 94.248513], [26.177465, 94.248592], [26.17738, 94.24869], [26.177293, 94.248737], [26.17714, 94.248777], [26.177064, 94.248815], [26.176933, 94.248916], [26.176775, 94.249019], [26.176701, 94.249052], [26.17659, 94.249107], [26.176506, 94.249129], [26.176369, 94.249131], [26.176266, 94.249122], [26.176165, 94.249084], [26.176105, 94.24904], [26.176071, 94.248976], [26.176057, 94.248828], [26.176064, 94.248642], [26.176057, 94.248532], [26.176046, 94.248465], [26.176016, 94.24839], [26.175951, 94.248336], [26.175899, 94.248264], [26.175866, 94.248185], [26.175876, 94.247918], [26.175879, 94.247544], [26.175882, 94.247364], [26.175854, 94.247228], [26.175801, 94.247076], [26.175733, 94.247], [26.175663, 94.246971], [26.175598, 94.246976], [26.175468, 94.247073], [26.175365, 94.247199], [26.175264, 94.247314], [26.175202, 94.247368], [26.175145, 94.247397], [26.175094, 94.247391], [26.175028, 94.247376], [26.174988, 94.247348], [26.174972, 94.247306], [26.174974, 94.247199], [26.174977, 94.247071], [26.174962, 94.246978], [26.174924, 94.246892], [26.174871, 94.246829], [26.174798, 94.246798], [26.174728, 94.246793], [26.174672, 94.246802], [26.17457, 94.246818], [26.174469, 94.246857], [26.174396, 94.246882], [26.174307, 94.246898], [26.174219, 94.246902], [26.174102, 94.246876], [26.173989, 94.246837], [26.17382, 94.246772], [26.173615, 94.24671], [26.173419, 94.246622], [26.173291, 94.246563], [26.173044, 94.246489], [26.172949, 94.246466], [26.172863, 94.246428], [26.172774, 94.246377], [26.172701, 94.246321], [26.172653, 94.246303], [26.172585, 94.246301], [26.172491, 94.24632], [26.172359, 94.246378], [26.172273, 94.246416], [26.172173, 94.246455], [26.172131, 94.246484], [26.172086, 94.24655], [26.172033, 94.246757], [26.171983, 94.246963], [26.171941, 94.247158], [26.1719, 94.247298], [26.171824, 94.247426], [26.171746, 94.24751], [26.171628, 94.247713], [26.171552, 94.247882], [26.171495, 94.247991], [26.171434, 94.248061], [26.171385, 94.248079], [26.171335, 94.248085], [26.171205, 94.248049], [26.171155, 94.24801], [26.171099, 94.247945], [26.171012, 94.247805], [26.170895, 94.247578], [26.170782, 94.247412], [26.170714, 94.247348], [26.170587, 94.247279], [26.170479, 94.247236], [26.170331, 94.247226], [26.170156, 94.247226], [26.169987, 94.247179], [26.169795, 94.247081], [26.169582, 94.246944], [26.169359, 94.246756], [26.169247, 94.246695], [26.169154, 94.24666], [26.169063, 94.246671], [26.168889, 94.246723], [26.168808, 94.246736], [26.168702, 94.246727], [26.168561, 94.246664], [26.168453, 94.246544], [26.168385, 94.246382], [26.168361, 94.246233], [26.168356, 94.24604], [26.168339, 94.245584], [26.168314, 94.245344], [26.168264, 94.245206], [26.168082, 94.244966], [26.167986, 94.244883], [26.167889, 94.244802], [26.16781, 94.244763], [26.16774, 94.244757], [26.167602, 94.24482], [26.167472, 94.244895], [26.167274, 94.244959], [26.16713, 94.244985], [26.166919, 94.24495], [26.166618, 94.244907], [26.166377, 94.2448], [26.166229, 94.244731], [26.166152, 94.244676], [26.166079, 94.244577], [26.165921, 94.244399], [26.165801, 94.244333], [26.165542, 94.244164], [26.165299, 94.244057], [26.16514, 94.244002], [26.164727, 94.243802], [26.16452, 94.243618], [26.164295, 94.243392], [26.164177, 94.243284], [26.164105, 94.243255], [26.163982, 94.243239], [26.163867, 94.243205], [26.163769, 94.243119], [26.163633, 94.242966], [26.163539, 94.242797], [26.163472, 94.242585], [26.163415, 94.242414], [26.163384, 94.242303], [26.163348, 94.242214], [26.163301, 94.24214], [26.163245, 94.2421], [26.163126, 94.242003], [26.163054, 94.241918], [26.162916, 94.241758], [26.162818, 94.241576], [26.162711, 94.241463], [26.162575, 94.241388], [26.162431, 94.241342], [26.16225, 94.24129], [26.162084, 94.241214], [26.161925, 94.241146], [26.161805, 94.241075], [26.161645, 94.240921], [26.161492, 94.24079], [26.161397, 94.240739], [26.161297, 94.240723], [26.161167, 94.240736], [26.160978, 94.240758], [26.160884, 94.240732], [26.160773, 94.240693], [26.160667, 94.240673], [26.160556, 94.240689], [26.160448, 94.240723], [26.160349, 94.240768], [26.160278, 94.24077], [26.160193, 94.240727], [26.160086, 94.240638], [26.159985, 94.24053], [26.159852, 94.240436], [26.15968, 94.240358], [26.15946, 94.240283], [26.159292, 94.240263], [26.159123, 94.240249], [26.158981, 94.240202], [26.158893, 94.240125], [26.158774, 94.239988], [26.158621, 94.239834], [26.158328, 94.239561], [26.158216, 94.239436], [26.158078, 94.239274], [26.157992, 94.239203], [26.157815, 94.239092], [26.157733, 94.239022], [26.15763, 94.238906], [26.157528, 94.238812], [26.157437, 94.238745], [26.15738, 94.238718], [26.15732, 94.238722], [26.157249, 94.23875], [26.157177, 94.23879], [26.157072, 94.238881], [26.156982, 94.238952], [26.156863, 94.239002], [26.156697, 94.23904], [26.156515, 94.23907], [26.156418, 94.239103], [26.156356, 94.239146], [26.156319, 94.239202], [26.156266, 94.239344], [26.156183, 94.239757], [26.156116, 94.240039], [26.156061, 94.24021], [26.155994, 94.240347], [26.15592, 94.240405], [26.155858, 94.240431], [26.155783, 94.240435], [26.155665, 94.240406], [26.155555, 94.240383], [26.155483, 94.240389], [26.155441, 94.240401], [26.155366, 94.240442], [26.155276, 94.240495], [26.155165, 94.24055], [26.155061, 94.24058], [26.15491, 94.240601], [26.154731, 94.240605], [26.154661, 94.240623], [26.154573, 94.240657], [26.15448, 94.240686], [26.154412, 94.240689], [26.1543, 94.240671], [26.15422, 94.240671], [26.154168, 94.240683], [26.154136, 94.240712], [26.1541, 94.240855], [26.154077, 94.240964], [26.154053, 94.241049], [26.154025, 94.241087], [26.15398, 94.24111], [26.15394, 94.241113], [26.153885, 94.241092], [26.15379, 94.241002], [26.15364, 94.240862], [26.153469, 94.240685], [26.153327, 94.240533], [26.15325, 94.240439], [26.153164, 94.240362], [26.153096, 94.24032], [26.15301, 94.240302], [26.152916, 94.2403], [26.152787, 94.240302], [26.152704, 94.240283], [26.152552, 94.240224], [26.152452, 94.240198], [26.152409, 94.2402], [26.152376, 94.240218], [26.152312, 94.240291], [26.152205, 94.240447], [26.152126, 94.240575], [26.152091, 94.24067], [26.15208, 94.240753], [26.152083, 94.240802], [26.152119, 94.240864], [26.152173, 94.240951], [26.152228, 94.241061], [26.15228, 94.241212], [26.152348, 94.24149], [26.152408, 94.241748], [26.15248, 94.241994], [26.152489, 94.24207], [26.152474, 94.242146], [26.152442, 94.242209], [26.152395, 94.242249], [26.152263, 94.242305], [26.152197, 94.24233], [26.152135, 94.242381], [26.152081, 94.242459], [26.151965, 94.242638], [26.151884, 94.242693], [26.151801, 94.242722], [26.151648, 94.242789], [26.151576, 94.242852], [26.151506, 94.242973], [26.1514, 94.243169], [26.151289, 94.243347], [26.151228, 94.243467], [26.151168, 94.243619], [26.15113, 94.243822], [26.15109, 94.243978], [26.151035, 94.244084], [26.150962, 94.244187], [26.150903, 94.244275], [26.150868, 94.244345], [26.150866, 94.244416], [26.150888, 94.244474], [26.150924, 94.244511], [26.150977, 94.244522], [26.151109, 94.244507], [26.151309, 94.244464], [26.151459, 94.2444], [26.151608, 94.244303], [26.151741, 94.244247], [26.151874, 94.244232], [26.15204, 94.24423], [26.152199, 94.244223], [26.15227, 94.244212], [26.152378, 94.244181], [26.152496, 94.244164], [26.152632, 94.244187], [26.152762, 94.24422], [26.152864, 94.244248], [26.152967, 94.244267], [26.153117, 94.244257], [26.153198, 94.244265], [26.153302, 94.244318], [26.153388, 94.244395], [26.153483, 94.244558], [26.153546, 94.244786], [26.153579, 94.244998], [26.153615, 94.245168], [26.153666, 94.245286], [26.153732, 94.245345], [26.153808, 94.245371], [26.153873, 94.24536], [26.153934, 94.245319], [26.15403, 94.245214], [26.154133, 94.245101], [26.154255, 94.244962], [26.154334, 94.244908], [26.154394, 94.244894], [26.154443, 94.244905], [26.154477, 94.24493], [26.154494, 94.244976], [26.154493, 94.245026], [26.15446, 94.245117], [26.154388, 94.245261], [26.154333, 94.245426], [26.154285, 94.245573], [26.154251, 94.245745], [26.154213, 94.245905], [26.154175, 94.245964], [26.15413, 94.24602], [26.154105, 94.246095], [26.154115, 94.246212], [26.154111, 94.246379], [26.154093, 94.246597], [26.154062, 94.246959], [26.154063, 94.247251], [26.15406, 94.247424], [26.15409, 94.247729], [26.154039, 94.24797], [26.154008, 94.248206], [26.154068, 94.248496], [26.154191, 94.248909], [26.154309, 94.249338], [26.154428, 94.249668], [26.154482, 94.249803], [26.15454, 94.249912], [26.154612, 94.250003], [26.154812, 94.250206], [26.15499, 94.250371], [26.15513, 94.25051], [26.155253, 94.250701], [26.155413, 94.250985], [26.155521, 94.251142], [26.155546, 94.251213], [26.155561, 94.251296], [26.155563, 94.251375], [26.15552, 94.251448], [26.155472, 94.251484], [26.155407, 94.251504], [26.155313, 94.251498], [26.155239, 94.251464], [26.155165, 94.251378], [26.155044, 94.251209], [26.154975, 94.251151], [26.154901, 94.251124], [26.154817, 94.251127], [26.154664, 94.251175], [26.154536, 94.251218], [26.154381, 94.251321], [26.154201, 94.251519], [26.153998, 94.251694], [26.153898, 94.251783], [26.153841, 94.251815], [26.153761, 94.251828], [26.153691, 94.251808], [26.153649, 94.251748], [26.153631, 94.251658], [26.153629, 94.251582], [26.153637, 94.251469], [26.153617, 94.251378], [26.153587, 94.251321], [26.153513, 94.251261], [26.153405, 94.251211], [26.153219, 94.251144], [26.1531, 94.251106], [26.153064, 94.25111], [26.15304, 94.251131], [26.153026, 94.251177], [26.153014, 94.251241], [26.153011, 94.251321], [26.15299, 94.251427], [26.152943, 94.251481], [26.152856, 94.251516], [26.152767, 94.251537], [26.152639, 94.251515], [26.152515, 94.251494], [26.152449, 94.251498], [26.152384, 94.251547], [26.152324, 94.25163], [26.15226, 94.251716], [26.152147, 94.251784], [26.151943, 94.25191], [26.151862, 94.251984], [26.151781, 94.25211], [26.151741, 94.252233], [26.151748, 94.252414], [26.151781, 94.25252], [26.151866, 94.252626], [26.151975, 94.252732], [26.152117, 94.252853], [26.152223, 94.252954], [26.152278, 94.253038], [26.152318, 94.25321], [26.152353, 94.253348], [26.152391, 94.253542], [26.1524, 94.253617], [26.152389, 94.253746], [26.152376, 94.253945], [26.152385, 94.254143], [26.152396, 94.2543], [26.15243, 94.254442], [26.152477, 94.254535], [26.152556, 94.254641], [26.152596, 94.254697], [26.15261, 94.254756], [26.152609, 94.254843], [26.152568, 94.25495], [26.152518, 94.255042], [26.152449, 94.255095], [26.152362, 94.25511], [26.152262, 94.255107], [26.152191, 94.255121], [26.152112, 94.255173], [26.152001, 94.255266], [26.151858, 94.255436], [26.1518, 94.255557], [26.151739, 94.255731], [26.151669, 94.255925], [26.151561, 94.25618], [26.151539, 94.256288], [26.151537, 94.256375], [26.151547, 94.256455], [26.151577, 94.256518], [26.15162, 94.256592], [26.151698, 94.256687], [26.151828, 94.256811], [26.152005, 94.257027], [26.152112, 94.25713], [26.15225, 94.257232], [26.152413, 94.25732], [26.152522, 94.257368], [26.152612, 94.257426], [26.152719, 94.2575], [26.152856, 94.257552], [26.152938, 94.257588], [26.153004, 94.25766], [26.153024, 94.257708], [26.153023, 94.257779], [26.153003, 94.257827], [26.152949, 94.257873], [26.15289, 94.257883], [26.152791, 94.257865], [26.152686, 94.257802], [26.152561, 94.25772], [26.152419, 94.257653], [26.152215, 94.257596], [26.152025, 94.257562], [26.15189, 94.257548], [26.151741, 94.25756], [26.151557, 94.257576], [26.151344, 94.257554], [26.151037, 94.257535], [26.150781, 94.257515], [26.15061, 94.257496], [26.15052, 94.257464], [26.150468, 94.257398], [26.150405, 94.257287], [26.150283, 94.257081], [26.150201, 94.256921], [26.150168, 94.256797], [26.150135, 94.256646], [26.150045, 94.256482], [26.149953, 94.256332], [26.149902, 94.256202], [26.149839, 94.256086], [26.149769, 94.256021], [26.149669, 94.255986], [26.149448, 94.255942], [26.149173, 94.25586], [26.148971, 94.255778], [26.148779, 94.255706], [26.148647, 94.255671], [26.148574, 94.255616], [26.14852, 94.255543], [26.148503, 94.255464], [26.148515, 94.255365], [26.148559, 94.255268], [26.148662, 94.255106], [26.148789, 94.254909], [26.148836, 94.254768], [26.148859, 94.254677], [26.148856, 94.254549], [26.148803, 94.254376], [26.148623, 94.254053], [26.148429, 94.253689], [26.148199, 94.253202], [26.14796, 94.252742], [26.147877, 94.252577], [26.147855, 94.252482], [26.147878, 94.252416], [26.147921, 94.252374], [26.147983, 94.252362], [26.148086, 94.252369], [26.148196, 94.252369], [26.148256, 94.252361], [26.14831, 94.252326], [26.148345, 94.25227], [26.148369, 94.25218], [26.148364, 94.252099], [26.14835, 94.252], [26.148302, 94.251836], [26.148248, 94.251544], [26.148201, 94.251134], [26.14818, 94.250959], [26.14813, 94.250813], [26.148057, 94.250646], [26.147889, 94.250346], [26.147759, 94.250147], [26.147649, 94.249971], [26.147577, 94.249876], [26.147403, 94.249751], [26.147297, 94.249644], [26.147124, 94.249424], [26.146811, 94.249072], [26.146573, 94.248791], [26.146389, 94.248623], [26.146208, 94.248433], [26.146119, 94.24835], [26.14601, 94.248268], [26.145884, 94.248207], [26.145716, 94.2481], [26.145605, 94.248006], [26.145527, 94.247895], [26.145458, 94.247737], [26.145346, 94.247534], [26.145234, 94.247373], [26.145175, 94.247253], [26.145143, 94.247043], [26.145106, 94.2469], [26.145056, 94.246797], [26.144944, 94.246672], [26.144679, 94.246433], [26.144394, 94.246188], [26.144188, 94.245992], [26.144109, 94.245934], [26.143985, 94.245917], [26.143737, 94.24591], [26.143568, 94.245928], [26.143467, 94.245918], [26.143374, 94.24585], [26.143282, 94.245721], [26.14319, 94.245598], [26.143076, 94.24552], [26.142969, 94.245464], [26.142802, 94.245364], [26.142703, 94.24526], [26.142642, 94.245157], [26.142626, 94.245092], [26.142633, 94.245022], [26.142691, 94.244953], [26.142753, 94.244883], [26.142799, 94.24481], [26.142813, 94.244762], [26.142781, 94.2447], [26.142722, 94.244638], [26.142601, 94.244573], [26.142512, 94.244537], [26.142408, 94.244509], [26.14224, 94.244473], [26.142109, 94.2444], [26.141992, 94.244305], [26.141808, 94.244124], [26.141745, 94.244024], [26.141639, 94.243737], [26.141625, 94.243664], [26.14163, 94.243592], [26.141658, 94.243535], [26.14169, 94.243493], [26.141762, 94.243454], [26.141943, 94.243351], [26.142041, 94.243289], [26.142126, 94.243223], [26.142169, 94.243157], [26.142216, 94.243068], [26.14226, 94.242982], [26.142326, 94.242891], [26.142387, 94.242823], [26.142453, 94.24274], [26.142471, 94.242681], [26.142471, 94.242598], [26.14245, 94.242531], [26.142399, 94.242469], [26.142284, 94.242395], [26.142137, 94.242297], [26.142033, 94.242205], [26.141938, 94.242087], [26.141779, 94.241843], [26.141695, 94.241679], [26.141662, 94.24156], [26.141653, 94.241419], [26.141621, 94.24126], [26.141556, 94.241083], [26.1415, 94.240933], [26.141475, 94.240778], [26.141448, 94.240583], [26.141382, 94.240381], [26.141321, 94.240222], [26.141255, 94.240125], [26.141174, 94.240039], [26.141015, 94.239881], [26.140903, 94.239734], [26.140838, 94.239575], [26.140788, 94.239394], [26.140734, 94.239273], [26.140658, 94.239156], [26.140563, 94.239064], [26.140457, 94.238993], [26.140379, 94.238978], [26.140263, 94.238959], [26.140121, 94.23893], [26.139897, 94.238837], [26.139817, 94.238806], [26.139743, 94.238813], [26.139687, 94.238837], [26.139584, 94.238916], [26.13949, 94.239036], [26.139359, 94.239234], [26.139294, 94.239332], [26.139247, 94.239368], [26.139187, 94.239387], [26.139084, 94.239392], [26.138932, 94.239399], [26.138799, 94.23942], [26.138667, 94.239454], [26.138567, 94.239451], [26.138456, 94.239407], [26.138347, 94.239332], [26.138262, 94.23925], [26.138177, 94.23916], [26.138093, 94.239107], [26.13798, 94.239061], [26.137817, 94.238998], [26.137691, 94.238923], [26.137612, 94.238864], [26.137509, 94.238779], [26.137417, 94.238722], [26.13735, 94.238706], [26.137284, 94.238714], [26.137222, 94.238734], [26.137137, 94.238793], [26.137066, 94.238841], [26.136981, 94.238871], [26.136829, 94.238884], [26.13672, 94.238879], [26.136608, 94.23886], [26.13653, 94.238833], [26.136452, 94.238783], [26.136399, 94.238712], [26.136381, 94.238632], [26.136375, 94.238513], [26.136361, 94.2384], [26.136316, 94.238278], [26.136248, 94.238102], [26.136171, 94.237935], [26.136041, 94.237772], [26.135946, 94.237674], [26.135849, 94.237611], [26.135744, 94.237576], [26.135568, 94.237551], [26.135421, 94.237558], [26.135183, 94.237605], [26.134935, 94.237657], [26.134726, 94.237732], [26.134608, 94.237736], [26.134522, 94.237723], [26.134448, 94.237682], [26.134378, 94.237614], [26.134285, 94.237544], [26.134176, 94.237472], [26.134059, 94.237362], [26.133968, 94.237272], [26.133914, 94.237248], [26.133862, 94.237251], [26.133808, 94.237272], [26.133755, 94.237338], [26.133673, 94.2375], [26.133591, 94.237666], [26.133539, 94.237743], [26.133483, 94.237779], [26.133435, 94.237796], [26.133382, 94.237784], [26.133338, 94.237764], [26.133264, 94.237673], [26.133195, 94.237576], [26.133113, 94.237492], [26.133049, 94.237391], [26.133011, 94.23728], [26.132971, 94.237133], [26.132908, 94.237045], [26.132861, 94.237011], [26.132774, 94.236993], [26.132581, 94.236984], [26.132466, 94.236986], [26.132397, 94.236969], [26.132316, 94.236913], [26.13225, 94.236838], [26.13218, 94.236792], [26.132115, 94.236792], [26.132057, 94.236807], [26.13199, 94.23686], [26.131898, 94.236982], [26.131815, 94.237088], [26.13176, 94.237135], [26.131697, 94.237174], [26.131598, 94.237202], [26.131506, 94.237206], [26.131449, 94.237193], [26.131374, 94.237153], [26.131271, 94.237053], [26.131164, 94.236942], [26.130986, 94.236817], [26.130877, 94.236764], [26.130783, 94.236734], [26.130716, 94.236737], [26.13062, 94.236756], [26.130523, 94.236808], [26.13043, 94.236864], [26.130361, 94.236884], [26.130239, 94.236909], [26.130091, 94.236964], [26.129989, 94.236996], [26.129921, 94.237001], [26.129732, 94.236952], [26.129467, 94.236871], [26.129302, 94.236825], [26.129234, 94.236825], [26.129152, 94.236846], [26.12907, 94.236886], [26.128965, 94.236961], [26.128887, 94.237007], [26.1288, 94.237019], [26.12873, 94.237011], [26.128638, 94.236981], [26.128543, 94.236937], [26.128437, 94.236855], [26.128372, 94.236799], [26.128303, 94.236789], [26.12824, 94.236797], [26.128195, 94.23682], [26.12814, 94.236878], [26.128087, 94.236986], [26.127975, 94.237186], [26.127883, 94.237353], [26.127762, 94.237594], [26.127636, 94.237901], [26.127563, 94.238161], [26.12747, 94.238509], [26.127419, 94.238639], [26.127375, 94.238697], [26.127332, 94.238735], [26.127271, 94.238758], [26.127216, 94.238758], [26.127161, 94.238742], [26.1271, 94.238703], [26.127023, 94.238629], [26.126938, 94.238555], [26.126697, 94.238405], [26.126511, 94.238317], [26.126242, 94.238242], [26.126119, 94.238222], [26.12603, 94.238236], [26.125918, 94.238287], [26.125798, 94.238366], [26.125695, 94.238456], [26.125593, 94.238502], [26.125444, 94.238517], [26.125353, 94.238503], [26.1253, 94.238482], [26.125218, 94.238412], [26.125174, 94.238345], [26.125119, 94.238204], [26.125071, 94.238087], [26.125004, 94.238003], [26.124939, 94.237971], [26.124875, 94.23796], [26.124805, 94.237977], [26.124739, 94.238028], [26.124665, 94.238106], [26.124549, 94.238188], [26.124269, 94.238334], [26.124104, 94.238446], [26.123878, 94.238669], [26.123791, 94.238826], [26.123735, 94.238971], [26.12372, 94.239111], [26.123688, 94.239294], [26.123647, 94.239407], [26.12354, 94.239532], [26.123419, 94.239631], [26.123282, 94.239724], [26.123124, 94.239848], [26.123015, 94.240043], [26.122919, 94.240296], [26.122885, 94.240578], [26.122847, 94.240754], [26.122776, 94.240917], [26.122643, 94.241089], [26.122472, 94.241273], [26.122267, 94.241498], [26.122051, 94.241733], [26.121965, 94.241817], [26.121897, 94.241898], [26.121848, 94.241922], [26.121801, 94.241934], [26.121749, 94.241932], [26.121678, 94.241908], [26.121627, 94.241877], [26.12156, 94.241804], [26.121496, 94.241696], [26.121417, 94.241547], [26.121367, 94.241486], [26.121307, 94.241436], [26.121237, 94.241393], [26.121155, 94.241371], [26.121086, 94.241374], [26.121, 94.241381], [26.120938, 94.241376], [26.120847, 94.241356], [26.120751, 94.241305], [26.120605, 94.241228], [26.120491, 94.24119], [26.120373, 94.241159], [26.120231, 94.241104], [26.120163, 94.241087], [26.120099, 94.241087], [26.120043, 94.241103], [26.11994, 94.241147], [26.119849, 94.241169], [26.119735, 94.241177], [26.119674, 94.24116], [26.119624, 94.241132], [26.119581, 94.241096], [26.119535, 94.241037], [26.119489, 94.240976], [26.119447, 94.240953], [26.119409, 94.240953], [26.119351, 94.240968], [26.119275, 94.240993], [26.11921, 94.241002], [26.119137, 94.24099], [26.119071, 94.240968], [26.118978, 94.240941], [26.118924, 94.240941], [26.118886, 94.240959], [26.118862, 94.240986], [26.118846, 94.241029], [26.118843, 94.241076], [26.118853, 94.241138], [26.118877, 94.241212], [26.1189, 94.241297], [26.118921, 94.241442], [26.118929, 94.241641], [26.118939, 94.241806], [26.118936, 94.241914], [26.118948, 94.242002], [26.118966, 94.242058], [26.118994, 94.242169], [26.119007, 94.242245], [26.119022, 94.242314], [26.119043, 94.242394], [26.119082, 94.24249], [26.119099, 94.242559], [26.119099, 94.242609], [26.119088, 94.242648], [26.119064, 94.242681], [26.119029, 94.242701], [26.118996, 94.242712], [26.11896, 94.242707], [26.118929, 94.242693], [26.118874, 94.242636], [26.118817, 94.242568], [26.118735, 94.242507], [26.118664, 94.24248], [26.118542, 94.242451], [26.118457, 94.242451], [26.118359, 94.242466], [26.118268, 94.242493], [26.118157, 94.242501], [26.118037, 94.24248], [26.117922, 94.242442], [26.117818, 94.242423], [26.117748, 94.242431], [26.117695, 94.242451], [26.117657, 94.242498], [26.117663, 94.242584], [26.117718, 94.242698], [26.117809, 94.242813], [26.117884, 94.242957], [26.117899, 94.243058], [26.117875, 94.243164], [26.117818, 94.243237], [26.117638, 94.243394], [26.117574, 94.243483], [26.117539, 94.24356], [26.117535, 94.243617], [26.117566, 94.243752], [26.117655, 94.243951], [26.117691, 94.244041], [26.117687, 94.244138], [26.117638, 94.244228], [26.117549, 94.244317], [26.117415, 94.244452], [26.117345, 94.244601], [26.117291, 94.244723], [26.117225, 94.244923], [26.117158, 94.245139], [26.117065, 94.245343], [26.116932, 94.245527], [26.116826, 94.245726], [26.116772, 94.245894], [26.116724, 94.246072], [26.116722, 94.246243], [26.116729, 94.246457], [26.116755, 94.246677], [26.116801, 94.246853], [26.116851, 94.247065], [26.116864, 94.247214], [26.116858, 94.247348], [26.116825, 94.247444], [26.116761, 94.247522], [26.116651, 94.247611], [26.116438, 94.247774], [26.116222, 94.247935], [26.116081, 94.248026], [26.115957, 94.248083], [26.115854, 94.248104], [26.115779, 94.248101], [26.115709, 94.24808], [26.115633, 94.248022], [26.115585, 94.247946], [26.115522, 94.24788], [26.115355, 94.247824], [26.115248, 94.247788], [26.115096, 94.247722], [26.114999, 94.247699], [26.11482, 94.247641], [26.114716, 94.247593], [26.114552, 94.247511], [26.114466, 94.247479], [26.114404, 94.247485], [26.114321, 94.247498], [26.114236, 94.247531], [26.114152, 94.24756], [26.114065, 94.247576], [26.113964, 94.247562], [26.113847, 94.247519], [26.113714, 94.24743], [26.113605, 94.247321], [26.11346, 94.247113], [26.113309, 94.246927], [26.11322, 94.246801], [26.113146, 94.246662], [26.113066, 94.246536], [26.112978, 94.246492], [26.112901, 94.246483], [26.112807, 94.246495], [26.112694, 94.246524], [26.112535, 94.246561], [26.112449, 94.246565], [26.112371, 94.246552], [26.112271, 94.24651], [26.112142, 94.246429], [26.112048, 94.246379], [26.11197, 94.246362], [26.111898, 94.246369], [26.111813, 94.246405], [26.111733, 94.246469], [26.111571, 94.246574], [26.111483, 94.246617], [26.111404, 94.246668], [26.111352, 94.246746], [26.111308, 94.246905], [26.11127, 94.247027], [26.111209, 94.247208], [26.111196, 94.247408], [26.111193, 94.247636], [26.111181, 94.24779], [26.111155, 94.248087], [26.111108, 94.248386], [26.111074, 94.248521], [26.111056, 94.248571], [26.111037, 94.248615], [26.110797, 94.248866], [26.11071, 94.248946], [26.110618, 94.248993], [26.110478, 94.249052], [26.110338, 94.249145], [26.110221, 94.249249], [26.110121, 94.249342], [26.109997, 94.249389], [26.109857, 94.249384], [26.109602, 94.249416], [26.109474, 94.249411], [26.109241, 94.249394], [26.109077, 94.249382], [26.108888, 94.24939], [26.108799, 94.24942], [26.108717, 94.249462], [26.108692, 94.249557], [26.108684, 94.249678], [26.108685, 94.249773], [26.108679, 94.249878], [26.108658, 94.249964], [26.108614, 94.250043], [26.108561, 94.250115], [26.108498, 94.250246], [26.108454, 94.25041], [26.108453, 94.250725], [26.108479, 94.251018], [26.108575, 94.251294], [26.108609, 94.251395], [26.108654, 94.251469], [26.108679, 94.251562], [26.108678, 94.251721], [26.108645, 94.251893], [26.108524, 94.252113], [26.108433, 94.252299], [26.108391, 94.252436], [26.108389, 94.252516], [26.108405, 94.252592], [26.108454, 94.252665], [26.108517, 94.252713], [26.108602, 94.252758], [26.108665, 94.252812], [26.10875, 94.252888], [26.108811, 94.253001], [26.108839, 94.2531], [26.108847, 94.253207], [26.10886, 94.253303], [26.108856, 94.253409], [26.10884, 94.25352], [26.108808, 94.253636], [26.108784, 94.253679], [26.108765, 94.253701], [26.10874, 94.253717], [26.108717, 94.253724], [26.108694, 94.253724], [26.108672, 94.25372], [26.108648, 94.253712], [26.1086, 94.253715], [26.108554, 94.25373], [26.108476, 94.253688], [26.108424, 94.253659], [26.108347, 94.253604], [26.108289, 94.253557], [26.108211, 94.253532], [26.108094, 94.25352], [26.108035, 94.253528], [26.107992, 94.253538], [26.107912, 94.253561], [26.107835, 94.253591], [26.107771, 94.253623], [26.107711, 94.253668], [26.107666, 94.253707], [26.10766, 94.253712], [26.107625, 94.253765], [26.107606, 94.253821], [26.107604, 94.253881], [26.107617, 94.254033], [26.107611, 94.254124], [26.107591, 94.254204], [26.107584, 94.254219], [26.107546, 94.254303], [26.107479, 94.25441], [26.107436, 94.254529], [26.107423, 94.254669], [26.107426, 94.254839], [26.107446, 94.255023], [26.10746, 94.255123], [26.107462, 94.255216], [26.107454, 94.255354], [26.107443, 94.255475], [26.107425, 94.255525], [26.107394, 94.255562], [26.107349, 94.255572], [26.107295, 94.255556], [26.107266, 94.255523], [26.107227, 94.255477], [26.107189, 94.255402], [26.107161, 94.255319], [26.107126, 94.255214], [26.107092, 94.25511], [26.107079, 94.255043], [26.107037, 94.254972], [26.107005, 94.254926], [26.106957, 94.254889], [26.106911, 94.254859], [26.106865, 94.254843], [26.106811, 94.254825], [26.106764, 94.254824], [26.106689, 94.254839], [26.106613, 94.254866], [26.10657, 94.254901], [26.106547, 94.254919], [26.106478, 94.254984], [26.106425, 94.255029], [26.106394, 94.255054], [26.106364, 94.255079], [26.106307, 94.25514], [26.106253, 94.255201], [26.106201, 94.25528], [26.106161, 94.255358], [26.106112, 94.255425], [26.106094, 94.25545], [26.106027, 94.255501], [26.105948, 94.255537], [26.105839, 94.25558], [26.105753, 94.255627], [26.105717, 94.255666], [26.105692, 94.255714], [26.10567, 94.255792], [26.10566, 94.255864], [26.105645, 94.255937], [26.105641, 94.256011], [26.105641, 94.256104], [26.105649, 94.256195], [26.105685, 94.256277], [26.105697, 94.256336], [26.105695, 94.256397], [26.10568, 94.256528], [26.105667, 94.256651], [26.105653, 94.256769], [26.105632, 94.256975], [26.105608, 94.257187], [26.105587, 94.257319], [26.105577, 94.257462], [26.105575, 94.257596], [26.105565, 94.257726], [26.10555, 94.257831], [26.105532, 94.257933], [26.105498, 94.258028], [26.105458, 94.258114], [26.105426, 94.25816], [26.10539, 94.258194], [26.105334, 94.258236], [26.105293, 94.258247], [26.105253, 94.258247], [26.105197, 94.258242], [26.105148, 94.258226], [26.105008, 94.258186], [26.104866, 94.258156], [26.104703, 94.258112], [26.104677, 94.258102], [26.104581, 94.258065], [26.104474, 94.258043], [26.104364, 94.258036], [26.104295, 94.25805], [26.104223, 94.258068], [26.104159, 94.258079], [26.10409, 94.258072], [26.103971, 94.258027], [26.103857, 94.25797], [26.103774, 94.257912], [26.103713, 94.257837], [26.103663, 94.257784], [26.103568, 94.25773], [26.103503, 94.257697], [26.103424, 94.257657], [26.103312, 94.257576], [26.103259, 94.257499], [26.103203, 94.257381], [26.103173, 94.257313], [26.103131, 94.257274], [26.103069, 94.257251], [26.10303, 94.25725], [26.102841, 94.257282], [26.102718, 94.257296], [26.102621, 94.257287], [26.102513, 94.257259], [26.102422, 94.257237], [26.102313, 94.25723], [26.102309, 94.25723], [26.102213, 94.257247], [26.102074, 94.257307], [26.101939, 94.257361], [26.101811, 94.257385], [26.101702, 94.257398], [26.101655, 94.257398], [26.101627, 94.257398], [26.101555, 94.257361], [26.101502, 94.2573], [26.101464, 94.257226], [26.101441, 94.257118], [26.101433, 94.256921], [26.101443, 94.256757], [26.101438, 94.256657], [26.101415, 94.256592], [26.101379, 94.256526], [26.101319, 94.256465], [26.10126, 94.25642], [26.101191, 94.256373], [26.101104, 94.256335], [26.101003, 94.256306], [26.100866, 94.256278], [26.100743, 94.256251], [26.100624, 94.256242], [26.100525, 94.256248], [26.100442, 94.256255], [26.100367, 94.256272], [26.100251, 94.256309], [26.100152, 94.256356], [26.100028, 94.256441], [26.099895, 94.25653], [26.099797, 94.256599], [26.099747, 94.25664], [26.099704, 94.256685], [26.09965, 94.256756], [26.099606, 94.256844], [26.099582, 94.256897], [26.099564, 94.256958], [26.099545, 94.257008], [26.099522, 94.257055], [26.099487, 94.257098], [26.099446, 94.257129], [26.099397, 94.257147], [26.099349, 94.257157], [26.09929, 94.257158], [26.099236, 94.257154], [26.099186, 94.257148], [26.099135, 94.257143], [26.099044, 94.257128], [26.098998, 94.257119], [26.098932, 94.257105], [26.098862, 94.257073], [26.098775, 94.257023], [26.098663, 94.256938], [26.09856, 94.256838], [26.098491, 94.256752], [26.098419, 94.256674], [26.098374, 94.256635], [26.098328, 94.256611], [26.098286, 94.256589], [26.098239, 94.256571], [26.098179, 94.256554], [26.098114, 94.256547], [26.09806, 94.256542], [26.098007, 94.256544], [26.098038, 94.256514], [26.09808, 94.256499], [26.098132, 94.256488], [26.098184, 94.256487], [26.098267, 94.256496], [26.09836, 94.256494], [26.098453, 94.256484], [26.098553, 94.25647], [26.098648, 94.256453], [26.098749, 94.256444], [26.098842, 94.256431], [26.098893, 94.256422], [26.098943, 94.256406], [26.098979, 94.256384], [26.099008, 94.256357], [26.099055, 94.256298], [26.099111, 94.25622], [26.09917, 94.256149], [26.099213, 94.256104], [26.09927, 94.256077], [26.099316, 94.25607], [26.099372, 94.256076], [26.099429, 94.256095], [26.099483, 94.256108], [26.099538, 94.256129], [26.099648, 94.25615], [26.099703, 94.256156], [26.099755, 94.25616], [26.099795, 94.256157], [26.099835, 94.25615], [26.099872, 94.256133], [26.099891, 94.256106], [26.099899, 94.256057], [26.099894, 94.255982], [26.09987, 94.255577], [26.099766, 94.255437], [26.099636, 94.255365], [26.099246, 94.255272], [26.099194, 94.255307], [26.099109, 94.255357], [26.099065, 94.255387], [26.099027, 94.255428], [26.09898, 94.255468], [26.098925, 94.255486], [26.098842, 94.255481], [26.098775, 94.25545], [26.098472, 94.255336], [26.098401, 94.255309], [26.098343, 94.255272], [26.098303, 94.255225], [26.098269, 94.255181], [26.098218, 94.255134], [26.098168, 94.255117], [26.098111, 94.255115], [26.09805, 94.255113], [26.097992, 94.255108], [26.097858, 94.255085], [26.097738, 94.255019], [26.097691, 94.254943], [26.097676, 94.25487], [26.097649, 94.254805], [26.097605, 94.254745], [26.097547, 94.254665], [26.097541, 94.254586], [26.097528, 94.254535], [26.097516, 94.25449], [26.097497, 94.254448], [26.097497, 94.254448], [26.097473, 94.254414], [26.097448, 94.254395], [26.097434, 94.25438], [26.097416, 94.254351], [26.097406, 94.254318], [26.097395, 94.254262], [26.097377, 94.254208], [26.097351, 94.254168], [26.097322, 94.25414], [26.097286, 94.254089], [26.097251, 94.254035], [26.097226, 94.253947], [26.097213, 94.253867], [26.097188, 94.25376], [26.097173, 94.253687], [26.097173, 94.253636], [26.097177, 94.253596], [26.09719, 94.253557], [26.097234, 94.253482], [26.097284, 94.253405], [26.097383, 94.253255], [26.097507, 94.253048], [26.09758, 94.252931], [26.097641, 94.252851], [26.097681, 94.252816], [26.097716, 94.2528], [26.097752, 94.252795], [26.097788, 94.252788], [26.097819, 94.252767], [26.097846, 94.252721], [26.097897, 94.252618], [26.097945, 94.252487], [26.097985, 94.252389], [26.097945, 94.252487], [26.097897, 94.252618], [26.097846, 94.252721], [26.097819, 94.252767], [26.097788, 94.252788], [26.097752, 94.252795], [26.097716, 94.2528], [26.097681, 94.252816], [26.097641, 94.252851], [26.09758, 94.252931], [26.097507, 94.253048], [26.097383, 94.253255], [26.097284, 94.253405], [26.097234, 94.253482], [26.09719, 94.253557], [26.097177, 94.253596], [26.097173, 94.253636], [26.097173, 94.253687], [26.097188, 94.25376], [26.097213, 94.253867], [26.097226, 94.253947], [26.097251, 94.254035], [26.097286, 94.254089], [26.097322, 94.25414], [26.097351, 94.254168], [26.097377, 94.254208], [26.097395, 94.254262], [26.097406, 94.254318], [26.097416, 94.254351], [26.097434, 94.25438], [26.097448, 94.254395], [26.097473, 94.254414], [26.097497, 94.254448], [26.097516, 94.25449], [26.097528, 94.254535], [26.097541, 94.254586], [26.097547, 94.254665], [26.09754, 94.254655], [26.097489, 94.254565], [26.09746, 94.254531], [26.097427, 94.254519], [26.097389, 94.254512], [26.09735, 94.254515], [26.097279, 94.254526], [26.0972, 94.254525], [26.097128, 94.254501], [26.096854, 94.254388], [26.096695, 94.254279], [26.096624, 94.254082], [26.096609, 94.253824], [26.096647, 94.25356], [26.096669, 94.253424], [26.096611, 94.253231], [26.096536, 94.253135], [26.096511, 94.253103], [26.096466, 94.253044], [26.096393, 94.25324], [26.09631, 94.253436], [26.096284, 94.253584], [26.096252, 94.253738], [26.096215, 94.253885], [26.096208, 94.254031], [26.096223, 94.254157], [26.096259, 94.254253], [26.096248, 94.254355], [26.096196, 94.254453], [26.096138, 94.25444], [26.096068, 94.254432], [26.095975, 94.254451], [26.09589, 94.254485], [26.09584, 94.254542], [26.095777, 94.254634], [26.095725, 94.254717], [26.095688, 94.25484], [26.095657, 94.254982], [26.095619, 94.255112], [26.095592, 94.255257], [26.095564, 94.255408], [26.095531, 94.255513], [26.095461, 94.255603], [26.095385, 94.255656], [26.095313, 94.255707], [26.095255, 94.255766], [26.095139, 94.255827], [26.0951, 94.255932], [26.095091, 94.256028], [26.095097, 94.256178], [26.095094, 94.256356], [26.095083, 94.256522], [26.095061, 94.25668], [26.095071, 94.256755], [26.095096, 94.256817], [26.095158, 94.256911], [26.095221, 94.256997], [26.09527, 94.2571], [26.095309, 94.257189], [26.095331, 94.257312], [26.095327, 94.257355], [26.095306, 94.257385], [26.095272, 94.257411], [26.095232, 94.257416], [26.095166, 94.25744], [26.095121, 94.257463], [26.095086, 94.257499], [26.095043, 94.25754], [26.094973, 94.257626], [26.094912, 94.257705], [26.094875, 94.257764], [26.094815, 94.257846], [26.094753, 94.257961], [26.094683, 94.258022], [26.094622, 94.258036], [26.094575, 94.258035], [26.094539, 94.258025], [26.094502, 94.258008], [26.094458, 94.258], [26.094425, 94.258002], [26.094372, 94.258001], [26.094261, 94.258036], [26.094177, 94.258084], [26.094113, 94.258133], [26.094068, 94.258185], [26.094023, 94.258213], [26.09399, 94.25826], [26.093969, 94.258321], [26.093939, 94.258404], [26.093865, 94.258596], [26.093826, 94.258743], [26.093761, 94.258789], [26.093688, 94.258821], [26.093623, 94.258785], [26.093572, 94.258728], [26.093538, 94.258675], [26.093503, 94.258587], [26.093468, 94.258487], [26.093424, 94.258351], [26.093401, 94.258254], [26.093376, 94.25814], [26.093345, 94.258065], [26.093308, 94.257954], [26.093255, 94.257899], [26.093153, 94.257868], [26.093088, 94.257852], [26.093029, 94.257849], [26.093019, 94.257845], [26.092945, 94.257762], [26.092873, 94.25762], [26.09283, 94.257562], [26.092783, 94.257526], [26.092638, 94.257425], [26.092565, 94.257363], [26.092498, 94.257334], [26.09243, 94.257333], [26.092364, 94.257346], [26.092287, 94.257405], [26.092242, 94.257481], [26.092183, 94.257661], [26.09211, 94.257815], [26.092072, 94.257909], [26.092039, 94.25799], [26.091999, 94.258099], [26.091966, 94.258186], [26.091958, 94.258288], [26.091965, 94.258405], [26.091994, 94.258519], [26.092041, 94.258635], [26.092061, 94.258736], [26.092045, 94.258806], [26.092016, 94.258847], [26.091908, 94.258925], [26.091787, 94.259002], [26.091709, 94.259048], [26.091627, 94.259055], [26.091543, 94.259045], [26.091475, 94.259006], [26.091355, 94.258919], [26.091128, 94.258731], [26.091019, 94.258709], [26.090905, 94.258723], [26.090801, 94.258788], [26.090717, 94.258887], [26.090658, 94.258956], [26.090598, 94.258986], [26.090556, 94.259], [26.09051, 94.258997], [26.090444, 94.258972], [26.090374, 94.25895], [26.090312, 94.258932], [26.0903, 94.258931], [26.090235, 94.258924], [26.090184, 94.258923], [26.090138, 94.25893], [26.090028, 94.258965], [26.089915, 94.259043], [26.089803, 94.259114], [26.089685, 94.259153], [26.08962, 94.259184], [26.089572, 94.259255], [26.089526, 94.25939], [26.089513, 94.259499], [26.089503, 94.259588], [26.089492, 94.25966], [26.089475, 94.259733], [26.089455, 94.259805], [26.089402, 94.259922], [26.089343, 94.260037], [26.089285, 94.26017], [26.089264, 94.260252], [26.089256, 94.260318], [26.089267, 94.260397], [26.089262, 94.260466], [26.08925, 94.260534], [26.089231, 94.260603], [26.089204, 94.260684], [26.089195, 94.260752], [26.089197, 94.260811], [26.089185, 94.260898], [26.089172, 94.260953], [26.089148, 94.261027], [26.089101, 94.261113], [26.08904, 94.261208], [26.088977, 94.261311], [26.088896, 94.261442], [26.088836, 94.261549], [26.088785, 94.261625], [26.088728, 94.261688], [26.088673, 94.26174], [26.088616, 94.261828], [26.088572, 94.261888], [26.088514, 94.261943], [26.088472, 94.261994], [26.088439, 94.262051], [26.088418, 94.262112], [26.088408, 94.262179], [26.088356, 94.262285], [26.088323, 94.262352], [26.088274, 94.262424], [26.088221, 94.262481], [26.088145, 94.26256], [26.088069, 94.262617], [26.087995, 94.262674], [26.087927, 94.262722], [26.08786, 94.262766], [26.08776, 94.262817], [26.087667, 94.262839], [26.087605, 94.262845], [26.087539, 94.262813], [26.087499, 94.262748], [26.087451, 94.262638], [26.087415, 94.262521], [26.087399, 94.262473], [26.087377, 94.262404], [26.087286, 94.26227], [26.087275, 94.262253], [26.087219, 94.262144], [26.087152, 94.261982], [26.087087, 94.261744], [26.087022, 94.261484], [26.086977, 94.261359], [26.086931, 94.261238], [26.086907, 94.261197], [26.086883, 94.261174], [26.086855, 94.261153], [26.086826, 94.261135], [26.086784, 94.261116], [26.086743, 94.261107], [26.086686, 94.261109], [26.086627, 94.261118], [26.086573, 94.261132], [26.086523, 94.261156], [26.086444, 94.261219], [26.086387, 94.261257], [26.086332, 94.261283], [26.086268, 94.26131], [26.086201, 94.261325], [26.086142, 94.261328], [26.086081, 94.261321], [26.086009, 94.261327], [26.085953, 94.261338], [26.085871, 94.261364], [26.085811, 94.26139], [26.085742, 94.261426], [26.085678, 94.261461], [26.085577, 94.261538], [26.085497, 94.261616], [26.085343, 94.261685], [26.085166, 94.261765], [26.085051, 94.261812], [26.084923, 94.261897], [26.084868, 94.261972], [26.08484, 94.26207], [26.084827, 94.262212], [26.084809, 94.262405], [26.084807, 94.262528], [26.084781, 94.26264], [26.084742, 94.262774], [26.084695, 94.262899], [26.084639, 94.263056], [26.084599, 94.263215], [26.08454, 94.263425], [26.084514, 94.263493], [26.084472, 94.263542], [26.084432, 94.263573], [26.084393, 94.263588], [26.084349, 94.263588], [26.084314, 94.263575], [26.084251, 94.263545], [26.084199, 94.263499], [26.084117, 94.263429], [26.084008, 94.263364], [26.08389, 94.263309], [26.083798, 94.263273], [26.083709, 94.263244], [26.083607, 94.263227], [26.083437, 94.263226], [26.083289, 94.263258], [26.08317, 94.263291], [26.083087, 94.263309], [26.082947, 94.26333], [26.082832, 94.263341], [26.082704, 94.263337], [26.082605, 94.26334], [26.082484, 94.263349], [26.082371, 94.263362], [26.082258, 94.263376], [26.082133, 94.263404], [26.081985, 94.263418], [26.081874, 94.263424], [26.081762, 94.263412], [26.081647, 94.263396], [26.081558, 94.263378], [26.081436, 94.263348], [26.081345, 94.263325], [26.081268, 94.263296], [26.081161, 94.263247], [26.081025, 94.263195], [26.080882, 94.263127], [26.080787, 94.263044], [26.080699, 94.262929], [26.080653, 94.262876], [26.0806, 94.262852], [26.08054, 94.262837], [26.080463, 94.262838], [26.080389, 94.262859], [26.080296, 94.262914], [26.080218, 94.262986], [26.080116, 94.263088], [26.080069, 94.263136], [26.080027, 94.263168], [26.079979, 94.263204], [26.079931, 94.263223], [26.079881, 94.263242], [26.079825, 94.263242], [26.079746, 94.263203], [26.079689, 94.263139], [26.079611, 94.263047], [26.079516, 94.262929], [26.079442, 94.262852], [26.079392, 94.262806], [26.079339, 94.262771], [26.07927, 94.262753], [26.079193, 94.262751], [26.079079, 94.262775], [26.078992, 94.262797], [26.078898, 94.262825], [26.078824, 94.262851], [26.078733, 94.262904], [26.078631, 94.262959], [26.078539, 94.262991], [26.078447, 94.262997], [26.078365, 94.262986], [26.078297, 94.262962], [26.078222, 94.26292], [26.078165, 94.262883], [26.078113, 94.262862], [26.078031, 94.26284], [26.077968, 94.262828], [26.077869, 94.262802], [26.077775, 94.262772], [26.077709, 94.262747], [26.077675, 94.262734], [26.077586, 94.26269], [26.077531, 94.262637], [26.077493, 94.26258], [26.077461, 94.262517], [26.077417, 94.262465], [26.07732, 94.26236], [26.07724, 94.262274], [26.077122, 94.262168], [26.077028, 94.26213], [26.076933, 94.262055], [26.076844, 94.261948], [26.076779, 94.261847], [26.076702, 94.26174], [26.076635, 94.261654], [26.076556, 94.261579], [26.076467, 94.261495], [26.076387, 94.261436], [26.076195, 94.261304], [26.076061, 94.261232], [26.07596, 94.261188], [26.075891, 94.261158], [26.075753, 94.26111], [26.075624, 94.261044], [26.075509, 94.26097], [26.075409, 94.260901], [26.075342, 94.26082], [26.075262, 94.260753], [26.07518, 94.260701], [26.075099, 94.260671], [26.075036, 94.260656], [26.074973, 94.260628], [26.074877, 94.260564], [26.074776, 94.260495], [26.074723, 94.260455], [26.074658, 94.260442], [26.074556, 94.260442], [26.074455, 94.26045], [26.074347, 94.260448], [26.074242, 94.26044], [26.074154, 94.260417], [26.074056, 94.260405], [26.073976, 94.260383], [26.073892, 94.260333], [26.073769, 94.260212], [26.073668, 94.260095], [26.073549, 94.259976], [26.073373, 94.259858], [26.073168, 94.259744], [26.072957, 94.259636], [26.07286, 94.259583], [26.072757, 94.259548], [26.072631, 94.259519], [26.072509, 94.259505], [26.072411, 94.259503], [26.072343, 94.25951], [26.072253, 94.259519], [26.072143, 94.259516], [26.071997, 94.2595], [26.071837, 94.259497], [26.071773, 94.259495], [26.071734, 94.259506], [26.07163, 94.259441], [26.071553, 94.259404], [26.071482, 94.259363], [26.071401, 94.259327], [26.071312, 94.259337], [26.071188, 94.259332], [26.071065, 94.259354], [26.070915, 94.259403], [26.070819, 94.259426], [26.070711, 94.259418], [26.070579, 94.259385], [26.070418, 94.259374], [26.070314, 94.259372], [26.070216, 94.259396], [26.070135, 94.259427], [26.070061, 94.259475], [26.069952, 94.25949], [26.069885, 94.259484], [26.069829, 94.259483], [26.069749, 94.259451], [26.069657, 94.259396], [26.069526, 94.259374], [26.069385, 94.259368], [26.06925, 94.259362], [26.069129, 94.259369], [26.069001, 94.259398], [26.068899, 94.259488], [26.06876, 94.259553], [26.068637, 94.259597], [26.068541, 94.259606], [26.068461, 94.259609], [26.068402, 94.259594], [26.068343, 94.25955], [26.068234, 94.259411], [26.068176, 94.259359], [26.068133, 94.259331], [26.068063, 94.259321], [26.06799, 94.259315], [26.06793, 94.259291], [26.06789, 94.259264], [26.067827, 94.259233], [26.067745, 94.259222], [26.067645, 94.259222], [26.067544, 94.259197], [26.067417, 94.259158], [26.067069, 94.258985], [26.066836, 94.258904], [26.066692, 94.258862], [26.066598, 94.258798], [26.06649, 94.258708], [26.066384, 94.258614], [26.066234, 94.258517], [26.066105, 94.258456], [26.066024, 94.258428], [26.065883, 94.25844], [26.065737, 94.258475], [26.06566, 94.258473], [26.065539, 94.258454], [26.065363, 94.258386], [26.065154, 94.258332], [26.065009, 94.258265], [26.064882, 94.258178], [26.06477, 94.258057], [26.064643, 94.25794], [26.064518, 94.257858], [26.064393, 94.257804], [26.063998, 94.257679], [26.063845, 94.25759], [26.063728, 94.257524], [26.063628, 94.257479], [26.063556, 94.257472], [26.063483, 94.257484], [26.063416, 94.25749], [26.063329, 94.257501], [26.063237, 94.257494], [26.063177, 94.257469], [26.063079, 94.257399], [26.06291, 94.257303], [26.062714, 94.257216], [26.062549, 94.257148], [26.062325, 94.257095], [26.062005, 94.25707], [26.061868, 94.257018], [26.06171, 94.256962], [26.061381, 94.256835], [26.061071, 94.256696], [26.060569, 94.256427], [26.060402, 94.256354], [26.060255, 94.256266], [26.060197, 94.256225], [26.060116, 94.25618], [26.060001, 94.256141], [26.059897, 94.256117], [26.05972, 94.256118], [26.059566, 94.256125], [26.05949, 94.256102], [26.059428, 94.256059], [26.059387, 94.256], [26.059365, 94.255937], [26.059337, 94.255826], [26.0593, 94.25574], [26.059226, 94.255642], [26.059155, 94.255568], [26.05898, 94.255437], [26.058903, 94.255364], [26.058839, 94.255263], [26.058742, 94.255065], [26.058646, 94.254908], [26.058557, 94.254806], [26.058498, 94.25476], [26.058427, 94.254747], [26.058298, 94.254781], [26.058151, 94.254857], [26.058023, 94.254986], [26.057934, 94.255124], [26.057835, 94.255237], [26.057762, 94.255283], [26.057678, 94.255285], [26.05747, 94.25526], [26.057295, 94.255233], [26.057193, 94.255207], [26.057083, 94.255184], [26.057002, 94.255193], [26.056901, 94.255187], [26.056808, 94.255161], [26.056734, 94.255105], [26.056641, 94.255047], [26.056558, 94.254992], [26.05631, 94.254866], [26.056031, 94.25476], [26.055853, 94.254677], [26.055683, 94.254588], [26.055546, 94.254541], [26.055427, 94.254507], [26.055315, 94.254489], [26.055219, 94.254484], [26.054992, 94.254517], [26.054861, 94.254547], [26.054725, 94.254604], [26.054588, 94.254712], [26.05444, 94.254817], [26.054352, 94.254831], [26.054258, 94.254812], [26.054094, 94.254759], [26.053993, 94.254749], [26.053929, 94.254763], [26.053653, 94.254956], [26.053549, 94.255063], [26.053477, 94.255198], [26.053399, 94.255313], [26.053288, 94.255404], [26.053169, 94.255439], [26.053013, 94.255445], [26.052895, 94.255451], [26.052758, 94.25544], [26.052693, 94.255407], [26.052627, 94.255334], [26.052501, 94.255169], [26.052395, 94.25501], [26.052312, 94.254911], [26.052209, 94.254747], [26.052142, 94.25467], [26.052112, 94.254629], [26.052059, 94.254587], [26.052006, 94.25456], [26.051951, 94.254517], [26.051875, 94.254479], [26.051669, 94.254354], [26.051416, 94.254208], [26.051279, 94.254186], [26.051165, 94.254221], [26.050987, 94.254279], [26.050775, 94.254291], [26.050603, 94.254273], [26.050427, 94.254284], [26.050249, 94.254314], [26.05014, 94.254302], [26.050034, 94.254287], [26.049868, 94.254206], [26.049741, 94.254174], [26.049588, 94.254167], [26.049493, 94.25418], [26.049383, 94.254214], [26.049288, 94.254253], [26.049196, 94.254305], [26.049134, 94.254338], [26.049046, 94.254338], [26.048953, 94.254285], [26.04886, 94.254223], [26.048667, 94.254162], [26.048461, 94.254135], [26.048143, 94.254098], [26.047828, 94.254071], [26.047683, 94.254031], [26.047539, 94.25401], [26.047394, 94.254001], [26.047249, 94.253996], [26.047101, 94.253965], [26.046965, 94.253917], [26.046764, 94.253871], [26.046578, 94.253891], [26.046396, 94.253933], [26.046287, 94.253967], [26.046203, 94.254005], [26.046135, 94.254064], [26.046086, 94.254122], [26.045961, 94.254225], [26.045835, 94.254336], [26.045677, 94.254454], [26.045521, 94.254565], [26.045275, 94.254728], [26.045193, 94.254795], [26.045086, 94.254826], [26.044974, 94.254798], [26.044858, 94.254733], [26.044678, 94.254644], [26.044464, 94.254617], [26.044303, 94.254606], [26.044172, 94.254631], [26.044015, 94.25467], [26.043864, 94.254749], [26.043738, 94.254856], [26.043562, 94.254997], [26.043386, 94.255157], [26.043139, 94.255346], [26.043008, 94.255414], [26.042881, 94.255457], [26.042733, 94.25553], [26.042597, 94.255639], [26.042516, 94.255765], [26.042416, 94.255866], [26.042237, 94.256], [26.042129, 94.256068], [26.042036, 94.256155], [26.041986, 94.256219], [26.041954, 94.256312], [26.041933, 94.256414], [26.041878, 94.256489], [26.041795, 94.256532], [26.041693, 94.256567], [26.041546, 94.25659], [26.041415, 94.256632], [26.041259, 94.256659], [26.041107, 94.256653], [26.040694, 94.256592], [26.040513, 94.256578], [26.040436, 94.256586], [26.04036, 94.256614], [26.040241, 94.256707], [26.040189, 94.256779], [26.0401, 94.256831], [26.039974, 94.256833], [26.039899, 94.256805], [26.039842, 94.256752], [26.039753, 94.256738], [26.039665, 94.256734], [26.03954, 94.256717], [26.039437, 94.256706], [26.039326, 94.2567], [26.039229, 94.256726], [26.039057, 94.256792], [26.038928, 94.256899], [26.038868, 94.257058], [26.03884, 94.257252], [26.03884, 94.257384], [26.038821, 94.257468], [26.038763, 94.257535], [26.038696, 94.257556], [26.038611, 94.257551], [26.038502, 94.257484], [26.038391, 94.257439], [26.038274, 94.25741], [26.038181, 94.257413], [26.038103, 94.257445], [26.038036, 94.257493], [26.037984, 94.257552], [26.037947, 94.257652], [26.037933, 94.257752], [26.037941, 94.257922], [26.037928, 94.25806], [26.03791, 94.25815], [26.037879, 94.258227], [26.03781, 94.2583], [26.037722, 94.25834], [26.037637, 94.258373], [26.037564, 94.25841], [26.037497, 94.258471], [26.037419, 94.258522], [26.037343, 94.258551], [26.037261, 94.258533], [26.03717, 94.258472], [26.037097, 94.258408], [26.036999, 94.258342], [26.036905, 94.258298], [26.036811, 94.258301], [26.036702, 94.258338], [26.036586, 94.258423], [26.03647, 94.258569], [26.036371, 94.258681], [26.03627, 94.258719], [26.036178, 94.258698], [26.036131, 94.258659], [26.036033, 94.258625], [26.035889, 94.258597], [26.035732, 94.258545], [26.035621, 94.258475], [26.03545, 94.258338], [26.035287, 94.258203], [26.035084, 94.258062], [26.034904, 94.258018], [26.034744, 94.25792], [26.034591, 94.25782], [26.034407, 94.257727], [26.03431, 94.257708], [26.034149, 94.2577], [26.034038, 94.257712], [26.033897, 94.257651], [26.033711, 94.257489], [26.033492, 94.257264], [26.033162, 94.256883], [26.032929, 94.256569], [26.032674, 94.256234], [26.032553, 94.256051], [26.032428, 94.256002], [26.032257, 94.255953], [26.032168, 94.255911], [26.03209, 94.255747], [26.032051, 94.255553], [26.031934, 94.255383], [26.031781, 94.25532], [26.031644, 94.255311], [26.031462, 94.255394], [26.031344, 94.255507], [26.031193, 94.25563], [26.030904, 94.255687], [26.030656, 94.255772], [26.030388, 94.255775], [26.030288, 94.255696], [26.030039, 94.255607], [26.029643, 94.255479], [26.029365, 94.255509], [26.02925, 94.255541], [26.029128, 94.255607], [26.029065, 94.25587], [26.029051, 94.256147], [26.029058, 94.256434], [26.028997, 94.256669], [26.028863, 94.25699], [26.028788, 94.257161], [26.028622, 94.257486], [26.028418, 94.257741], [26.028146, 94.25802], [26.028085, 94.258163], [26.028045, 94.258373], [26.027981, 94.258565], [26.02794, 94.258716], [26.027825, 94.258926], [26.027715, 94.259091], [26.027609, 94.259232], [26.027496, 94.259391], [26.027399, 94.259473], [26.027319, 94.259506], [26.027238, 94.259504], [26.027212, 94.259487], [26.027188, 94.259463], [26.027169, 94.259416], [26.027171, 94.259367], [26.027189, 94.259312], [26.027259, 94.259086], [26.027351, 94.258763], [26.027426, 94.258678], [26.027517, 94.25858], [26.027643, 94.258438], [26.027679, 94.258292], [26.02769, 94.258126], [26.027738, 94.257973], [26.02792, 94.257709], [26.028026, 94.257616], [26.02806, 94.257424], [26.028064, 94.257088], [26.028008, 94.256935], [26.02795, 94.256835], [26.02787, 94.256697], [26.027828, 94.256491], [26.027786, 94.256068], [26.027708, 94.255811], [26.027626, 94.255684], [26.027516, 94.255633], [26.027349, 94.255625], [26.026949, 94.255666], [26.026455, 94.255704], [26.026141, 94.255698], [26.02581, 94.255687], [26.025571, 94.255705], [26.025466, 94.255687], [26.025269, 94.25557], [26.025057, 94.25552], [26.024544, 94.255547], [26.024304, 94.25556], [26.023966, 94.255677], [26.023462, 94.255925], [26.023338, 94.255989], [26.023236, 94.256008], [26.02315, 94.256006], [26.023067, 94.255981], [26.02296, 94.256], [26.02289, 94.256049], [26.022849, 94.256121], [26.02281, 94.256225], [26.022822, 94.256431], [26.022764, 94.256633], [26.022619, 94.256899], [26.022508, 94.257042], [26.022445, 94.257216], [26.022381, 94.257375], [26.022288, 94.257533], [26.022081, 94.257671], [26.021733, 94.25772], [26.021365, 94.25783], [26.021118, 94.257832], [26.020866, 94.257758], [26.020716, 94.257679], [26.020485, 94.257594], [26.020425, 94.257535], [26.020381, 94.257458], [26.020362, 94.257405], [26.020372, 94.257352], [26.020397, 94.257293], [26.020431, 94.257214], [26.020455, 94.257065], [26.020428, 94.25692], [26.020355, 94.256767], [26.020282, 94.256623], [26.020226, 94.256463], [26.020178, 94.256274], [26.020117, 94.256151], [26.019942, 94.255991], [26.019549, 94.255764], [26.01926, 94.255651], [26.018712, 94.255369], [26.018558, 94.255326], [26.018386, 94.255282], [26.018227, 94.255222], [26.018154, 94.255167], [26.018112, 94.255092], [26.018103, 94.255046], [26.018122, 94.254988], [26.018198, 94.254876], [26.018244, 94.254793], [26.018228, 94.254737], [26.018196, 94.254708], [26.018122, 94.254663], [26.018035, 94.254633], [26.017646, 94.254531], [26.017526, 94.25448], [26.017404, 94.254408], [26.01729, 94.254327], [26.01717, 94.254276], [26.017053, 94.254274], [26.016918, 94.254282], [26.016667, 94.254242], [26.016533, 94.254197], [26.016409, 94.254223], [26.016304, 94.254291], [26.016199, 94.254391], [26.016095, 94.254442], [26.01578, 94.254512], [26.015558, 94.254612], [26.015456, 94.254693], [26.015366, 94.254771], [26.015179, 94.255184], [26.015077, 94.2554], [26.014909, 94.255556], [26.014692, 94.255681], [26.014368, 94.255885], [26.014215, 94.255972], [26.014078, 94.256026], [26.013961, 94.25604], [26.013855, 94.256031], [26.013816, 94.255995], [26.013773, 94.255941], [26.01373, 94.255835], [26.013738, 94.255623], [26.013746, 94.255478], [26.013718, 94.255376], [26.013664, 94.255311], [26.013419, 94.25515], [26.013156, 94.255007], [26.013037, 94.25492], [26.012766, 94.254769], [26.012491, 94.254665], [26.012408, 94.254572], [26.012331, 94.254461], [26.012253, 94.25431], [26.012089, 94.254193], [26.011816, 94.254087], [26.011569, 94.254044], [26.011452, 94.254061], [26.011293, 94.254182], [26.011196, 94.254221], [26.011091, 94.254229], [26.010818, 94.254193], [26.010663, 94.254131], [26.010541, 94.254042], [26.010427, 94.253987], [26.010278, 94.254], [26.01012, 94.253993], [26.01002, 94.253946], [26.009903, 94.253855], [26.009811, 94.253768], [26.009726, 94.253715], [26.009608, 94.253696], [26.00944, 94.25373], [26.009309, 94.253753], [26.009192, 94.253698], [26.009056, 94.253647], [26.008919, 94.253594], [26.008664, 94.253574], [26.008326, 94.253541], [26.007653, 94.253315], [26.007483, 94.253285], [26.007306, 94.253315], [26.007093, 94.253353], [26.006807, 94.253458], [26.006682, 94.253566], [26.006574, 94.253757], [26.006403, 94.253976], [26.00609, 94.254224], [26.00584, 94.254395], [26.005426, 94.254573], [26.005158, 94.254671], [26.005012, 94.254727], [26.004845, 94.254724], [26.004571, 94.254629], [26.004343, 94.254512], [26.004133, 94.254463], [26.003973, 94.254482], [26.003841, 94.254539], [26.003661, 94.254701], [26.003508, 94.254773], [26.003332, 94.254769], [26.003135, 94.254693], [26.003033, 94.254613], [26.002982, 94.254573], [26.002846, 94.254403], [26.002761, 94.25424], [26.002602, 94.254176], [26.002527, 94.254209], [26.002453, 94.254262], [26.002341, 94.254273], [26.002236, 94.254246], [26.002147, 94.254168], [26.002052, 94.254017], [26.001988, 94.253962], [26.001933, 94.253927], [26.001763, 94.253938], [26.001597, 94.253919], [26.001397, 94.253779], [26.001068, 94.253443], [26.000952, 94.25327], [26.000864, 94.253211], [26.000769, 94.253217], [26.000599, 94.253307], [26.000429, 94.253315], [26.00023, 94.253278], [26.000063, 94.253249], [25.999798, 94.253164], [25.999588, 94.253028], [25.999479, 94.252794], [25.99935, 94.252356], [25.999207, 94.252023], [25.99897, 94.251872], [25.998603, 94.251661], [25.998223, 94.251419], [25.99756, 94.250667], [25.997321, 94.250109], [25.997197, 94.249944], [25.997043, 94.249743], [25.996887, 94.249621], [25.996824, 94.249428], [25.996769, 94.24907], [25.996755, 94.248539], [25.99676, 94.248331], [25.996759, 94.248182], [25.996745, 94.248118], [25.996719, 94.248053], [25.996672, 94.247954], [25.996604, 94.247869], [25.99644, 94.247778], [25.996059, 94.247567], [25.995821, 94.247439], [25.99568, 94.247356], [25.995396, 94.247118], [25.995224, 94.246835], [25.995144, 94.246552], [25.994933, 94.246189], [25.994818, 94.245973], [25.994715, 94.245708], [25.994652, 94.245097], [25.994681, 94.244904], [25.994645, 94.244483], [25.994458, 94.244074], [25.994362, 94.243855], [25.994244, 94.243735], [25.994172, 94.243687], [25.994126, 94.243632], [25.994093, 94.243556], [25.99409, 94.243488], [25.994119, 94.243372], [25.994201, 94.243195], [25.99435, 94.242896], [25.994397, 94.242683], [25.994389, 94.242533], [25.99435, 94.242402], [25.994124, 94.24225], [25.993793, 94.241964], [25.993174, 94.241585], [25.992936, 94.241459], [25.992753, 94.241355], [25.992549, 94.241321], [25.992204, 94.241369], [25.992019, 94.241401], [25.99188, 94.241361], [25.991762, 94.24127], [25.99162, 94.240947], [25.991373, 94.240389], [25.991251, 94.240268], [25.991068, 94.240186], [25.990948, 94.240079], [25.990826, 94.239774], [25.990675, 94.239547], [25.99049, 94.239454], [25.990382, 94.23939], [25.990267, 94.23936], [25.990147, 94.239427], [25.989983, 94.239491], [25.989827, 94.239553], [25.989633, 94.239481], [25.989098, 94.239259], [25.988932, 94.239248], [25.988687, 94.239302], [25.988514, 94.239515], [25.98832, 94.239865], [25.988176, 94.239956], [25.988025, 94.239943], [25.987744, 94.239884], [25.987561, 94.239873], [25.987444, 94.239838], [25.987374, 94.239766], [25.987316, 94.239657], [25.987256, 94.239478], [25.987055, 94.239214], [25.98698, 94.239123], [25.986904, 94.238989], [25.98681, 94.238855], [25.986788, 94.238755], [25.986791, 94.238657], [25.986851, 94.238527], [25.986931, 94.238409], [25.986955, 94.238348], [25.986952, 94.238273], [25.986894, 94.238132], [25.986803, 94.237948], [25.986685, 94.237689], [25.986447, 94.237029], [25.986406, 94.236917], [25.986376, 94.236742], [25.986306, 94.236632], [25.986062, 94.23633], [25.985887, 94.236096], [25.9858, 94.236051], [25.985692, 94.236017], [25.985541, 94.236003], [25.985446, 94.23597], [25.985253, 94.235839], [25.985192, 94.23575], [25.985164, 94.235679], [25.985152, 94.235539], [25.985164, 94.235437], [25.985193, 94.235359], [25.985276, 94.23529], [25.985349, 94.235257], [25.985522, 94.235216], [25.985569, 94.235196], [25.985593, 94.235154], [25.98563, 94.235053], [25.985641, 94.234944], [25.98563, 94.234838], [25.985603, 94.234738], [25.985549, 94.234595], [25.985437, 94.234474], [25.985284, 94.234391], [25.985118, 94.23427], [25.984989, 94.234157], [25.98477, 94.234006], [25.984703, 94.233977], [25.984626, 94.233975], [25.984571, 94.233994], [25.984466, 94.234055], [25.984374, 94.234134], [25.984327, 94.234247], [25.984283, 94.234387], [25.984249, 94.234527], [25.984225, 94.234685], [25.98412, 94.234859], [25.983882, 94.235101], [25.983746, 94.235127], [25.983624, 94.235082], [25.983503, 94.234989], [25.983435, 94.234957], [25.983366, 94.234938], [25.983324, 94.234937], [25.983285, 94.234965], [25.983249, 94.234988], [25.98322, 94.23504], [25.983159, 94.235237], [25.983088, 94.235433], [25.982996, 94.235531], [25.982884, 94.235614], [25.982745, 94.235724], [25.982657, 94.235841], [25.982517, 94.235996], [25.982331, 94.236034], [25.982079, 94.236045], [25.981988, 94.236105], [25.981866, 94.236234], [25.981754, 94.236351], [25.981487, 94.236441], [25.981309, 94.236419], [25.981084, 94.236344], [25.980882, 94.235992], [25.980594, 94.235394], [25.980332, 94.234962], [25.980293, 94.234815], [25.980075, 94.234599], [25.979928, 94.23438], [25.979842, 94.234255], [25.979729, 94.234177], [25.979559, 94.234084], [25.979419, 94.233996], [25.979191, 94.233849], [25.979058, 94.233744], [25.978962, 94.233713], [25.978827, 94.233654], [25.978732, 94.233585], [25.978605, 94.233502], [25.978521, 94.233467], [25.978428, 94.233457], [25.978323, 94.233477], [25.978223, 94.233496], [25.978141, 94.233503], [25.977985, 94.233495], [25.977854, 94.233465], [25.977727, 94.233411], [25.977618, 94.233321], [25.97756, 94.233244], [25.977504, 94.233149], [25.977431, 94.233066], [25.977344, 94.232987], [25.977223, 94.232922], [25.977088, 94.232855], [25.976937, 94.232761], [25.97683, 94.232658], [25.976711, 94.232527], [25.976359, 94.232214], [25.97621, 94.232006], [25.97613, 94.231843], [25.976073, 94.231678], [25.97601, 94.231565], [25.975914, 94.231488], [25.975778, 94.231472], [25.975655, 94.231568], [25.975369, 94.23187], [25.97518, 94.232062], [25.97506, 94.232206], [25.974947, 94.232357], [25.974875, 94.23254], [25.974818, 94.232651], [25.974744, 94.232734], [25.974696, 94.232762], [25.974647, 94.23277], [25.974582, 94.232766], [25.974522, 94.232743], [25.97434, 94.232596], [25.974209, 94.232445], [25.974123, 94.232252], [25.974157, 94.231974], [25.97421, 94.231808], [25.974284, 94.231675], [25.974304, 94.231563], [25.974301, 94.231408], [25.974287, 94.231296], [25.974277, 94.231135], [25.974282, 94.23097], [25.974306, 94.230794], [25.974272, 94.230527], [25.974198, 94.230457], [25.974028, 94.230305], [25.973867, 94.23019], [25.973713, 94.230123], [25.973271, 94.230073], [25.973058, 94.22995], [25.972892, 94.22984], [25.972841, 94.229632], [25.972899, 94.229442], [25.973163, 94.229175], [25.97325, 94.229077], [25.973456, 94.228927], [25.973588, 94.228783], [25.973816, 94.228331], [25.973855, 94.228056], [25.973792, 94.227787], [25.97373, 94.227691], [25.973679, 94.227592], [25.973663, 94.227466], [25.973667, 94.227354], [25.973689, 94.227242], [25.973744, 94.227063], [25.973732, 94.226911], [25.973667, 94.226791], [25.97353, 94.2267], [25.973329, 94.226668], [25.972997, 94.226638], [25.972609, 94.226599], [25.97228, 94.226519], [25.971971, 94.226527], [25.971619, 94.226617], [25.971389, 94.226721], [25.971289, 94.226791], [25.971207, 94.226807], [25.971145, 94.226768], [25.971069, 94.226655], [25.971049, 94.226604], [25.971, 94.226397], [25.970906, 94.226168], [25.97077, 94.226081], [25.970672, 94.226029], [25.970592, 94.225936], [25.970558, 94.225836], [25.970546, 94.225692], [25.970545, 94.225572], [25.970516, 94.225458], [25.970446, 94.225377], [25.970364, 94.225335], [25.970247, 94.225297], [25.970108, 94.225335], [25.969983, 94.225335], [25.969834, 94.225295], [25.969714, 94.225177], [25.969639, 94.224993], [25.969632, 94.224758], [25.969644, 94.224445], [25.969642, 94.22424], [25.969524, 94.223922], [25.969351, 94.223383], [25.969262, 94.223214], [25.969145, 94.223099], [25.968989, 94.222953], [25.968746, 94.222742], [25.968588, 94.222664], [25.968398, 94.222563], [25.968184, 94.222413], [25.968024, 94.222213], [25.967899, 94.22209], [25.967728, 94.222047], [25.967534, 94.222031], [25.967361, 94.221914], [25.967186, 94.221743], [25.966996, 94.221556], [25.966787, 94.221444], [25.96663, 94.22137], [25.96649, 94.22127], [25.966469, 94.221186], [25.96646, 94.221091], [25.966489, 94.220982], [25.966525, 94.220922], [25.966568, 94.220868], [25.966623, 94.220828], [25.966698, 94.220781], [25.966862, 94.220667], [25.96695, 94.220632], [25.967049, 94.220541], [25.967166, 94.220335], [25.967258, 94.220253], [25.967335, 94.220218], [25.967452, 94.220183], [25.967577, 94.220044], [25.967529, 94.219932], [25.967342, 94.219759], [25.967229, 94.219689], [25.967157, 94.219598], [25.967032, 94.219529], [25.966876, 94.219516], [25.966437, 94.219476], [25.966156, 94.219403], [25.966028, 94.219323], [25.96593, 94.219219], [25.965901, 94.21912], [25.965911, 94.219006], [25.96599, 94.218885], [25.9661, 94.21876], [25.966252, 94.218581], [25.966221, 94.21805], [25.966134, 94.2179], [25.965937, 94.217614], [25.965889, 94.217467], [25.965884, 94.217227], [25.965894, 94.217024], [25.965863, 94.216866], [25.965769, 94.216744], [25.965611, 94.216693], [25.96545, 94.216682], [25.96526, 94.216653], [25.965064, 94.216579], [25.964813, 94.21647], [25.964704, 94.216353], [25.964589, 94.21619], [25.964494, 94.215979], [25.964351, 94.215812], [25.963957, 94.21582], [25.963774, 94.215846], [25.963567, 94.215884], [25.963431, 94.215956], [25.96337, 94.216209], [25.963305, 94.216375], [25.963241, 94.216602], [25.963091, 94.216802], [25.962915, 94.216893], [25.962799, 94.216896], [25.962674, 94.216859], [25.962534, 94.216798], [25.962422, 94.2167], [25.962276, 94.216579], [25.962107, 94.216515], [25.961988, 94.216436], [25.961899, 94.216277], [25.961849, 94.216099], [25.961757, 94.215828], [25.96158, 94.215756], [25.961455, 94.21582], [25.961149, 94.215956], [25.960945, 94.215967], [25.960813, 94.216099], [25.960674, 94.216118], [25.960511, 94.216073], [25.960273, 94.216024], [25.9601, 94.216005], [25.95994, 94.215964], [25.959845, 94.215892], [25.959818, 94.215775], [25.959852, 94.215635], [25.95995, 94.215461], [25.960022, 94.215197], [25.960029, 94.214997], [25.959774, 94.214668], [25.959723, 94.214551], [25.959692, 94.214351], [25.959669, 94.214177], [25.959553, 94.21392], [25.959465, 94.213739], [25.959353, 94.213565], [25.959129, 94.213437], [25.958942, 94.213373], [25.958755, 94.213392], [25.958548, 94.21329], [25.958395, 94.213173], [25.958191, 94.213127], [25.957995, 94.21318], [25.957709, 94.213346], [25.957512, 94.213403], [25.957339, 94.213509], [25.957224, 94.213645], [25.957064, 94.213758], [25.956877, 94.213796], [25.95667, 94.213799], [25.956232, 94.21383], [25.956039, 94.213784], [25.955879, 94.213796], [25.955787, 94.213917], [25.955723, 94.214109], [25.955716, 94.214192], [25.95555, 94.214283], [25.955448, 94.214381], [25.955319, 94.214479], [25.955129, 94.214559], [25.954945, 94.214664], [25.954904, 94.214808], [25.954837, 94.214985], [25.954748, 94.215163], [25.954616, 94.215246], [25.954473, 94.215223], [25.954334, 94.215004], [25.954181, 94.214751], [25.954015, 94.214638], [25.953852, 94.214559], [25.953631, 94.214457], [25.953342, 94.214426], [25.953132, 94.214415], [25.952874, 94.2144], [25.952585, 94.214502], [25.952279, 94.214725], [25.952093, 94.214883], [25.951991, 94.214921], [25.951879, 94.21488], [25.951787, 94.214721], [25.951706, 94.214559], [25.951621, 94.214396], [25.951444, 94.214068], [25.951271, 94.213917], [25.951101, 94.213894], [25.950952, 94.213905], [25.95086, 94.214003], [25.950792, 94.214162], [25.950694, 94.214343], [25.950503, 94.214389], [25.950306, 94.214343], [25.950126, 94.214279], [25.94993, 94.214219], [25.949702, 94.214143], [25.949539, 94.214151], [25.949328, 94.2142], [25.949131, 94.214287], [25.949043, 94.214347], [25.948992, 94.214487], [25.948897, 94.2146], [25.948731, 94.214596], [25.948371, 94.214525], [25.948133, 94.214385], [25.947977, 94.214272], [25.94781, 94.214094], [25.947641, 94.213898], [25.947512, 94.213788], [25.947325, 94.213747], [25.947172, 94.213792], [25.946992, 94.213864], [25.946846, 94.213969], [25.946574, 94.214338], [25.946416, 94.214541], [25.946291, 94.214701], [25.946185, 94.214829], [25.946027, 94.214888], [25.945633, 94.214941], [25.945436, 94.215059], [25.945263, 94.215181], [25.945177, 94.21531], [25.945119, 94.215561], [25.945066, 94.215796], [25.944917, 94.215892], [25.94474, 94.215897], [25.944514, 94.215833], [25.944216, 94.215694], [25.943693, 94.215475], [25.942892, 94.215647], [25.942568, 94.215695], [25.942242, 94.215743], [25.941797, 94.215663], [25.941495, 94.215522], [25.941221, 94.215388], [25.941048, 94.215327], [25.940592, 94.21538], [25.940292, 94.215404], [25.940109, 94.215428], [25.939924, 94.215503], [25.939711, 94.215554], [25.939297, 94.215522], [25.939108, 94.2155], [25.939007, 94.215439], [25.938911, 94.215345], [25.938788, 94.215207], [25.938606, 94.215126], [25.938202, 94.215017], [25.938013, 94.215028], [25.937912, 94.215142], [25.937823, 94.215249], [25.937496, 94.215393], [25.937122, 94.215466], [25.936853, 94.215546], [25.936641, 94.215647], [25.936413, 94.215786], [25.936252, 94.215992], [25.936159, 94.216144], [25.936041, 94.216336], [25.935943, 94.216617], [25.93594, 94.216771], [25.936029, 94.217233], [25.935935, 94.217407], [25.935652, 94.217402], [25.935448, 94.21746], [25.93527, 94.217519], [25.93508, 94.217618], [25.934771, 94.217816], [25.934408, 94.217957], [25.934192, 94.218123], [25.934045, 94.218251], [25.933853, 94.218459], [25.93374, 94.218649], [25.933591, 94.2191], [25.933428, 94.219172], [25.933346, 94.219354], [25.933279, 94.219533], [25.933238, 94.219712], [25.933037, 94.219933], [25.932873, 94.220011], [25.932696, 94.220027], [25.932561, 94.220067], [25.932412, 94.220206], [25.932295, 94.220326], [25.932198, 94.220582], [25.932018, 94.22074], [25.931817, 94.220745], [25.931656, 94.220764], [25.93155, 94.220828], [25.931449, 94.221023], [25.931334, 94.221461], [25.931159, 94.221741], [25.931012, 94.221867], [25.930902, 94.221912], [25.93076, 94.221881], [25.93058, 94.221811], [25.930277, 94.22174], [25.929985, 94.221767], [25.929828, 94.221821], [25.929727, 94.221877], [25.929593, 94.221958], [25.929391, 94.222118], [25.929122, 94.22227], [25.928918, 94.222331], [25.928697, 94.222326], [25.928548, 94.222302], [25.928363, 94.222217], [25.928243, 94.222091], [25.928181, 94.222001], [25.928147, 94.221952], [25.928111, 94.221813], [25.928094, 94.221685], [25.928058, 94.221512], [25.928046, 94.221188], [25.927897, 94.220868], [25.927825, 94.220761], [25.927722, 94.2207], [25.92757, 94.220692], [25.927443, 94.220708], [25.927354, 94.22075], [25.927215, 94.220828], [25.926852, 94.221074], [25.926687, 94.221143], [25.926535, 94.221186], [25.926506, 94.221188], [25.926459, 94.22119], [25.926314, 94.221199], [25.926117, 94.221212], [25.925839, 94.221317], [25.925558, 94.221506], [25.925387, 94.221616], [25.925185, 94.221666], [25.92502, 94.221667], [25.924945, 94.221655], [25.924876, 94.221651], [25.924822, 94.221637], [25.924758, 94.221647], [25.924575, 94.221603], [25.924477, 94.221566], [25.924399, 94.221507], [25.924265, 94.221396], [25.924212, 94.221294], [25.924129, 94.221169], [25.924042, 94.221109], [25.923975, 94.221075], [25.923809, 94.221022], [25.923703, 94.220989], [25.923639, 94.22097], [25.923575, 94.220977], [25.923412, 94.221027], [25.923073, 94.221189], [25.92293, 94.221229], [25.922817, 94.221235], [25.922598, 94.221318], [25.922476, 94.221334], [25.922404, 94.221323], [25.922339, 94.221296], [25.922251, 94.221231], [25.922178, 94.221144], [25.92215, 94.22106], [25.922137, 94.220976], [25.922165, 94.220838], [25.922281, 94.220567], [25.922303, 94.220358], [25.922268, 94.220124], [25.922211, 94.219905], [25.922142, 94.219719], [25.922034, 94.219582], [25.921904, 94.219429], [25.921748, 94.219326], [25.921518, 94.21923], [25.921301, 94.219098], [25.921212, 94.218992], [25.921166, 94.218855], [25.921137, 94.218621], [25.921096, 94.218491], [25.921066, 94.218461], [25.920976, 94.218431], [25.920834, 94.218442], [25.92073, 94.218459], [25.920596, 94.218435], [25.920358, 94.218376], [25.920245, 94.218354], [25.9201, 94.218288], [25.920003, 94.218222], [25.919874, 94.218123], [25.919763, 94.218031], [25.919652, 94.217967], [25.9195, 94.217941], [25.919371, 94.217906], [25.919216, 94.217849], [25.919083, 94.217782], [25.918927, 94.217747], [25.918829, 94.21775], [25.918693, 94.217773], [25.91862, 94.217779], [25.918526, 94.217747], [25.918477, 94.217651], [25.918457, 94.2175], [25.918403, 94.217258], [25.918275, 94.216992], [25.918205, 94.216804], [25.918187, 94.216675], [25.918182, 94.216484], [25.918162, 94.216236], [25.918122, 94.215981], [25.918064, 94.215816], [25.917939, 94.215603], [25.917875, 94.215508], [25.917802, 94.215415], [25.91768, 94.215301], [25.917574, 94.215242], [25.91743, 94.215221], [25.917142, 94.215156], [25.917085, 94.215143], [25.917016, 94.215113], [25.916951, 94.215046], [25.916917, 94.214994], [25.916853, 94.21491], [25.916822, 94.214799], [25.916805, 94.214748], [25.916772, 94.21468], [25.916607, 94.214555], [25.916374, 94.214403], [25.916311, 94.21436], [25.91588, 94.214261], [25.91583, 94.214242], [25.915636, 94.214184], [25.915367, 94.213969], [25.915308, 94.213912], [25.914883, 94.213625], [25.914772, 94.213365], [25.914722, 94.213228], [25.914588, 94.212977], [25.91444, 94.212735], [25.914269, 94.212467], [25.914133, 94.21224], [25.914097, 94.212193], [25.914071, 94.212173], [25.914029, 94.21217], [25.913981, 94.212157], [25.9137, 94.211793], [25.913577, 94.211572], [25.913554, 94.211532], [25.913532, 94.211504], [25.913484, 94.211465], [25.913441, 94.211448], [25.913367, 94.211421], [25.913191, 94.211464], [25.913023, 94.211515], [25.912798, 94.211564], [25.912755, 94.211563], [25.912687, 94.211556], [25.912636, 94.21152], [25.912327, 94.211326], [25.912103, 94.211282], [25.911778, 94.211278], [25.911574, 94.211318], [25.911511, 94.211301], [25.911459, 94.211268], [25.911419, 94.21123], [25.911393, 94.211177], [25.911368, 94.211073], [25.911299, 94.210806], [25.911244, 94.210601], [25.91122, 94.210537], [25.911172, 94.210482], [25.911118, 94.210445], [25.910979, 94.210405], [25.910895, 94.210386], [25.910849, 94.210339], [25.910797, 94.21019], [25.910686, 94.209645], [25.910638, 94.209583], [25.910089, 94.20933], [25.909754, 94.209336], [25.909552, 94.209281], [25.909292, 94.209079], [25.90925, 94.209052], [25.909185, 94.209032], [25.909114, 94.209033], [25.908939, 94.209037], [25.908888, 94.209034], [25.908728, 94.208991], [25.908611, 94.20893], [25.908442, 94.2088], [25.907769, 94.208469], [25.907678, 94.208412], [25.907521, 94.208206], [25.907463, 94.208082], [25.907438, 94.208044], [25.907397, 94.207988], [25.907329, 94.207963], [25.907262, 94.207958], [25.907022, 94.208118], [25.9069, 94.208206], [25.906829, 94.208226], [25.906777, 94.208237], [25.906738, 94.208233], [25.906467, 94.208102], [25.906251, 94.207915], [25.906148, 94.20781], [25.906098, 94.207774], [25.906038, 94.20776], [25.905939, 94.207784], [25.90577, 94.207835], [25.905584, 94.207895], [25.905268, 94.207898], [25.905033, 94.207854], [25.90486, 94.207757], [25.904433, 94.207516], [25.904266, 94.207447], [25.904176, 94.207367], [25.904058, 94.207163], [25.903972, 94.207073], [25.903704, 94.206961], [25.903592, 94.206916], [25.903363, 94.206864], [25.903048, 94.206862], [25.902943, 94.206852], [25.902748, 94.206785], [25.902454, 94.206671], [25.902302, 94.206638], [25.901867, 94.20656], [25.901703, 94.206546], [25.901551, 94.206471], [25.901336, 94.20631], [25.901127, 94.206066], [25.900865, 94.205749], [25.90058, 94.205011], [25.900525, 94.204773], [25.900478, 94.204509], [25.900409, 94.204268], [25.900365, 94.204153], [25.900323, 94.204073], [25.900269, 94.204026], [25.90021, 94.20402], [25.900088, 94.204049], [25.899948, 94.204087], [25.899833, 94.204038], [25.899727, 94.203984], [25.899649, 94.203975], [25.899539, 94.204029], [25.899329, 94.204114], [25.898996, 94.204155], [25.898741, 94.204053], [25.898624, 94.203978], [25.89849, 94.20395], [25.898215, 94.203914], [25.898124, 94.20393], [25.897946, 94.204049], [25.897253, 94.204241], [25.897073, 94.204276], [25.896903, 94.204203], [25.896836, 94.204121], [25.896655, 94.203787], [25.896605, 94.203681], [25.896261, 94.203148], [25.896163, 94.202873], [25.896127, 94.202592], [25.896131, 94.202378], [25.896097, 94.202267], [25.89602, 94.202148], [25.895727, 94.201924], [25.895223, 94.201633], [25.895177, 94.201602], [25.894998, 94.201592], [25.894523, 94.201635], [25.894358, 94.201613], [25.894188, 94.201685], [25.894067, 94.201756], [25.89392, 94.201855], [25.89377, 94.201984], [25.893553, 94.201999], [25.893159, 94.201965], [25.893047, 94.201919], [25.89287, 94.201776], [25.892758, 94.201564], [25.892734, 94.201349], [25.892732, 94.201187], [25.892731, 94.201081], [25.892653, 94.200798], [25.8925, 94.200605], [25.892364, 94.200507], [25.892187, 94.200424], [25.892027, 94.200447], [25.891858, 94.200556], [25.891562, 94.200854], [25.891395, 94.201123], [25.891239, 94.201402], [25.891035, 94.201753], [25.890923, 94.201874], [25.890794, 94.201927], [25.890556, 94.201942], [25.890295, 94.201942], [25.890111, 94.201946], [25.889979, 94.201844], [25.889843, 94.201666], [25.889754, 94.20147], [25.889669, 94.201323], [25.889571, 94.201217], [25.889462, 94.201119], [25.88935, 94.201017], [25.889286, 94.200915], [25.889313, 94.20079], [25.88933, 94.200571], [25.889364, 94.200303], [25.889326, 94.200099], [25.889282, 94.199906], [25.889289, 94.199623], [25.889309, 94.199053], [25.889326, 94.198777], [25.889387, 94.198388], [25.889421, 94.198124], [25.889279, 94.198018], [25.889116, 94.197984], [25.888954, 94.197865], [25.888834, 94.1977], [25.888675, 94.197556], [25.888473, 94.197545], [25.888204, 94.197518], [25.887829, 94.197417], [25.887695, 94.19707], [25.887608, 94.196792], [25.887459, 94.196482], [25.887128, 94.19622], [25.886606, 94.195544], [25.886477, 94.195434], [25.886256, 94.195306], [25.886056, 94.195283], [25.8857, 94.195234], [25.885489, 94.195213], [25.885326, 94.195213], [25.885167, 94.195245], [25.884965, 94.195303], [25.884768, 94.195293], [25.884629, 94.195287], [25.884437, 94.195202], [25.884321, 94.195111], [25.884264, 94.194935], [25.884278, 94.194588], [25.884326, 94.194086], [25.884461, 94.193856], [25.884499, 94.193696], [25.884528, 94.193488], [25.88435, 94.193146], [25.88423, 94.192665], [25.884057, 94.192168], [25.883586, 94.191442], [25.883317, 94.191137], [25.882961, 94.190919], [25.882736, 94.190822], [25.882524, 94.190828], [25.882308, 94.190849], [25.882168, 94.190908], [25.881947, 94.190908], [25.881813, 94.190844], [25.881731, 94.190742], [25.881669, 94.190577], [25.881606, 94.190395], [25.881577, 94.190155], [25.881606, 94.190048], [25.881702, 94.189749], [25.881779, 94.189535], [25.881803, 94.189359], [25.881789, 94.189097], [25.881611, 94.188665], [25.881558, 94.188365], [25.881582, 94.188125], [25.881746, 94.187559], [25.881837, 94.187137], [25.881683, 94.186384], [25.881549, 94.186074], [25.881222, 94.185919], [25.880962, 94.185903], [25.880775, 94.185941], [25.880496, 94.185919], [25.88027, 94.185754], [25.880016, 94.185535], [25.87967, 94.185209], [25.879285, 94.185054], [25.879098, 94.184888], [25.87889, 94.184073], [25.878746, 94.183795], [25.878409, 94.183474], [25.878054, 94.183325], [25.877602, 94.183165], [25.877246, 94.182769], [25.87691, 94.182289], [25.876141, 94.181317], [25.875959, 94.18106], [25.875814, 94.180729], [25.875516, 94.180612], [25.875332, 94.18058], [25.875298, 94.180454], [25.875604, 94.180064], [25.875678, 94.179844], [25.875572, 94.179687], [25.875358, 94.179577], [25.875354, 94.179341], [25.875255, 94.179167], [25.874919, 94.178849], [25.874725, 94.178266], [25.874765, 94.177975], [25.874857, 94.177718], [25.875044, 94.177597], [25.875296, 94.177419], [25.875697, 94.177178], [25.875928, 94.177189], [25.876071, 94.177125], [25.876125, 94.176936], [25.876223, 94.176766], [25.876414, 94.176517], [25.876465, 94.176268], [25.876342, 94.176139], [25.876183, 94.176022], [25.875935, 94.175724], [25.875822, 94.175482], [25.875632, 94.175331], [25.875418, 94.175214], [25.875177, 94.175078], [25.875, 94.174942], [25.874603, 94.174485], [25.874422, 94.17447], [25.874246, 94.174538], [25.87412, 94.174693], [25.873926, 94.17473], [25.873784, 94.174617], [25.873685, 94.174406], [25.873576, 94.174243], [25.873389, 94.174209], [25.87322, 94.174375], [25.873063, 94.17444], [25.872652, 94.174436], [25.872339, 94.174425], [25.872176, 94.174345], [25.871989, 94.174183], [25.871758, 94.173915], [25.871571, 94.173563], [25.871422, 94.173386], [25.8708, 94.173314], [25.870566, 94.173401], [25.870358, 94.173439], [25.870042, 94.173412], [25.869913, 94.173367], [25.869855, 94.173292], [25.869862, 94.173118], [25.869872, 94.172899], [25.869896, 94.172529], [25.86993, 94.172068], [25.870042, 94.171554], [25.870052, 94.171282], [25.870018, 94.17115], [25.869866, 94.170999], [25.869733, 94.17089], [25.869645, 94.170806], [25.869543, 94.170659], [25.869533, 94.170553], [25.86955, 94.17041], [25.869628, 94.170236], [25.869757, 94.170176], [25.869815, 94.170112], [25.869862, 94.169949], [25.869937, 94.169764], [25.870032, 94.169553], [25.870012, 94.169345], [25.869815, 94.169254], [25.869376, 94.169054], [25.868945, 94.168642], [25.868211, 94.168227], [25.867663, 94.168099], [25.867341, 94.168034], [25.867174, 94.167959], [25.867167, 94.16777], [25.867229, 94.167615], [25.867426, 94.167438], [25.867609, 94.167045], [25.867997, 94.166637], [25.86835, 94.166286], [25.868574, 94.166157], [25.868737, 94.165946], [25.868669, 94.165761], [25.868265, 94.165395], [25.868003, 94.165194], [25.86767, 94.16456], [25.867534, 94.164314], [25.867341, 94.164073], [25.867154, 94.163888], [25.866892, 94.163733], [25.86662, 94.163657], [25.866376, 94.163631], [25.865992, 94.163529], [25.865665, 94.163442], [25.865414, 94.163351], [25.865227, 94.163087], [25.865139, 94.162596], [25.865057, 94.16246], [25.864887, 94.162309], [25.864721, 94.162135], [25.864571, 94.161965], [25.864466, 94.161844], [25.86432, 94.161588], [25.864245, 94.161078], [25.864153, 94.160779], [25.864061, 94.160693], [25.863902, 94.160704], [25.863728, 94.160798], [25.863555, 94.160946], [25.863273, 94.16115], [25.862953, 94.161225], [25.862654, 94.16118], [25.862461, 94.161119], [25.862148, 94.161259], [25.861882, 94.161348], [25.861523, 94.161331], [25.860908, 94.161357], [25.860683, 94.161217], [25.860547, 94.16101], [25.860466, 94.16087], [25.860415, 94.160579], [25.86035, 94.160345], [25.860153, 94.160205], [25.859936, 94.160156], [25.859626, 94.160186], [25.859229, 94.160103], [25.858974, 94.159945], [25.858729, 94.159673], [25.858488, 94.159484], [25.858049, 94.159197], [25.857557, 94.158755], [25.857417, 94.158544], [25.857281, 94.158461], [25.857203, 94.158287], [25.857142, 94.158155], [25.856986, 94.158087], [25.856782, 94.158072], [25.856642, 94.157985], [25.856408, 94.157849], [25.856085, 94.157781], [25.855749, 94.157837], [25.855562, 94.157834], [25.855405, 94.157769], [25.855225, 94.157686], [25.855055, 94.157565], [25.854858, 94.157426], [25.854603, 94.157339], [25.853944, 94.156946], [25.853733, 94.156746], [25.853539, 94.156659], [25.853332, 94.156625], [25.853111, 94.15675], [25.852894, 94.15692], [25.852639, 94.157048], [25.852323, 94.157022], [25.852007, 94.157029], [25.851791, 94.157022], [25.851731, 94.157008], [25.851674, 94.156973], [25.851561, 94.15684], [25.851446, 94.156595], [25.851351, 94.156368], [25.851283, 94.156247], [25.851113, 94.156179], [25.850929, 94.156247], [25.850735, 94.156349], [25.850661, 94.156334], [25.85047, 94.156259], [25.850266, 94.156383], [25.850168, 94.156519], [25.850018, 94.156682], [25.849692, 94.156897], [25.849461, 94.157132], [25.849346, 94.15715], [25.849255, 94.157129], [25.849203, 94.157065], [25.849135, 94.156886], [25.849077, 94.156516], [25.848859, 94.156342], [25.848638, 94.15624], [25.848523, 94.156104], [25.848496, 94.155881], [25.848567, 94.155647], [25.848679, 94.155435], [25.848802, 94.15519], [25.84889, 94.154933], [25.848842, 94.154514], [25.848513, 94.154197], [25.848285, 94.154102], [25.848047, 94.154049], [25.84785, 94.154102], [25.847632, 94.154091], [25.847558, 94.15405], [25.847541, 94.153955], [25.847543, 94.153854], [25.847592, 94.153774], [25.847785, 94.153672], [25.84804, 94.153483], [25.848183, 94.153305], [25.84819, 94.153086], [25.848071, 94.152931], [25.847863, 94.152799], [25.847564, 94.152542], [25.847469, 94.152373], [25.847428, 94.152191], [25.847422, 94.151844], [25.847391, 94.151504], [25.847265, 94.151304], [25.847089, 94.151224], [25.846929, 94.151281], [25.846749, 94.151451], [25.846371, 94.151727], [25.846086, 94.151742], [25.845943, 94.1517], [25.845763, 94.15167], [25.845596, 94.151715], [25.845359, 94.151814], [25.844951, 94.15181], [25.844883, 94.151814], [25.844675, 94.151859], [25.844573, 94.151953], [25.84441, 94.152048], [25.844189, 94.152051], [25.844016, 94.151987], [25.843873, 94.151919], [25.843679, 94.151636], [25.843669, 94.151119], [25.843815, 94.150677], [25.843781, 94.15028], [25.843761, 94.150204], [25.843713, 94.150152], [25.843483, 94.150077], [25.843224, 94.149967], [25.843003, 94.14985], [25.842741, 94.149748], [25.842544, 94.149638], [25.842452, 94.149427], [25.842459, 94.149068], [25.842466, 94.14863], [25.842381, 94.14843], [25.842371, 94.148214], [25.842384, 94.14806], [25.842378, 94.147954], [25.842302, 94.14788], [25.842201, 94.147874], [25.842031, 94.147976], [25.841971, 94.148087], [25.841866, 94.148145], [25.841759, 94.148143], [25.841664, 94.148052], [25.841603, 94.147871], [25.841565, 94.147648], [25.841513, 94.147469], [25.841456, 94.147394], [25.841367, 94.147374], [25.841208, 94.14738], [25.840994, 94.147497], [25.840576, 94.147637], [25.840403, 94.147727], [25.840087, 94.147708], [25.839842, 94.14775], [25.839672, 94.147697], [25.839539, 94.147565], [25.83943, 94.147529], [25.839353, 94.147544], [25.839309, 94.147608], [25.839305, 94.147803], [25.839301, 94.148041], [25.839301, 94.148343], [25.839288, 94.148713], [25.839451, 94.149125], [25.839553, 94.149347], [25.839539, 94.149714], [25.839556, 94.149963], [25.839604, 94.150167], [25.839716, 94.150371], [25.839791, 94.150582], [25.839849, 94.150813], [25.839954, 94.151217], [25.84011, 94.151379], [25.840331, 94.15153], [25.840461, 94.151704], [25.840525, 94.151848], [25.840515, 94.152074], [25.84028, 94.152675], [25.840022, 94.153124], [25.839944, 94.153343], [25.839828, 94.153543], [25.839706, 94.153672], [25.839526, 94.153777], [25.839346, 94.15383], [25.839155, 94.1538], [25.83886, 94.153732], [25.838605, 94.153694], [25.838418, 94.153743], [25.83819, 94.153702], [25.838003, 94.153573], [25.837867, 94.153468], [25.837684, 94.153475], [25.837238, 94.153572], [25.837187, 94.153619], [25.837078, 94.153902], [25.837, 94.154042], [25.836834, 94.154106], [25.836575, 94.1542], [25.836368, 94.154314], [25.836157, 94.154408], [25.835967, 94.154469], [25.83579, 94.154552], [25.83559, 94.15482], [25.835457, 94.154929], [25.835301, 94.154918], [25.835073, 94.15482], [25.834889, 94.15465], [25.834427, 94.154446], [25.833883, 94.154144], [25.833271, 94.153959], [25.832748, 94.153774], [25.832167, 94.153664], [25.831694, 94.153373], [25.831456, 94.153351], [25.831177, 94.153472], [25.830698, 94.153585], [25.830542, 94.153502], [25.830103, 94.153124], [25.829875, 94.152905], [25.829756, 94.152765], [25.829485, 94.152599], [25.829366, 94.152255], [25.829243, 94.151938], [25.82917, 94.151824], [25.829071, 94.151757], [25.828968, 94.151746], [25.828764, 94.151783], [25.828539, 94.15181], [25.828387, 94.15181], [25.828152, 94.151712], [25.827914, 94.151527], [25.827666, 94.151289], [25.827639, 94.151198], [25.827645, 94.151024], [25.827618, 94.150847], [25.827472, 94.150707], [25.827302, 94.150556], [25.827122, 94.150405], [25.826915, 94.150258], [25.826707, 94.150005], [25.826626, 94.149797], [25.826621, 94.149646], [25.826649, 94.149525], [25.826732, 94.149423], [25.826836, 94.149359], [25.827057, 94.149253], [25.827302, 94.149204], [25.827748, 94.148906], [25.827862, 94.14879], [25.827853, 94.148683], [25.827754, 94.148564], [25.827509, 94.148392], [25.827142, 94.148324], [25.826993, 94.148263], [25.826826, 94.148158], [25.826714, 94.14798], [25.826615, 94.14775], [25.826588, 94.147474], [25.82668, 94.147282], [25.82684, 94.147081], [25.826955, 94.146753], [25.826911, 94.146598], [25.826779, 94.146515], [25.826598, 94.14653], [25.826388, 94.146677], [25.826289, 94.146825], [25.826133, 94.146995], [25.82566, 94.147282], [25.825392, 94.147391], [25.825157, 94.147406], [25.82496, 94.147357], [25.824749, 94.147346], [25.824283, 94.147467], [25.824008, 94.147504], [25.823824, 94.147501], [25.823542, 94.147384], [25.823114, 94.147232], [25.822529, 94.146828], [25.822169, 94.14633], [25.821978, 94.145846], [25.821846, 94.145605], [25.821346, 94.145084], [25.820731, 94.144687], [25.819935, 94.144207], [25.819701, 94.144075], [25.819347, 94.143679], [25.818902, 94.143301], [25.818609, 94.143003], [25.818439, 94.142836], [25.818246, 94.142719], [25.818042, 94.142572], [25.817861, 94.142406], [25.81777, 94.142285], [25.817675, 94.142119], [25.817574, 94.141894], [25.817406, 94.141797], [25.817214, 94.141744], [25.817012, 94.141717], [25.816843, 94.141653], [25.816685, 94.141594], [25.816507, 94.141482], [25.816348, 94.141333], [25.816267, 94.141194], [25.816218, 94.141018], [25.816238, 94.140804], [25.81617, 94.140676], [25.815983, 94.140542], [25.815728, 94.140371], [25.815536, 94.140072], [25.815411, 94.139971], [25.815266, 94.139944], [25.81504, 94.13996], [25.814858, 94.140013], [25.814699, 94.140115], [25.814454, 94.140211], [25.814199, 94.140227], [25.813935, 94.140184], [25.813108, 94.140046], [25.812593, 94.139896], [25.812127, 94.139811], [25.811742, 94.1398], [25.811223, 94.139843], [25.810901, 94.139859], [25.810728, 94.139837], [25.810492, 94.139704], [25.8103, 94.139613], [25.810136, 94.139495], [25.810021, 94.13926], [25.809963, 94.139031], [25.809838, 94.138689], [25.80967, 94.138454], [25.809473, 94.138411], [25.808983, 94.138357], [25.808837, 94.138327], [25.808671, 94.138176], [25.808467, 94.13798], [25.808297, 94.137715], [25.808069, 94.137345], [25.807865, 94.137024], [25.807491, 94.136401], [25.807447, 94.136231], [25.807345, 94.135925], [25.807229, 94.13571], [25.807056, 94.13565], [25.806855, 94.135706], [25.806678, 94.135786], [25.806556, 94.135899], [25.806471, 94.136039], [25.806376, 94.136292], [25.806274, 94.136839], [25.806093, 94.137266], [25.805989, 94.137318], [25.80578, 94.137337], [25.805522, 94.137319], [25.805335, 94.1373], [25.805189, 94.137228], [25.805107, 94.137126], [25.804975, 94.136922], [25.804621, 94.136745], [25.804376, 94.136737], [25.80424, 94.136835], [25.80405, 94.136862], [25.80389, 94.136835], [25.803771, 94.136756], [25.803673, 94.136647], [25.803078, 94.136284], [25.802758, 94.136088], [25.802513, 94.135959], [25.801979, 94.135793], [25.801507, 94.13574], [25.800986, 94.13568], [25.800704, 94.135589], [25.800595, 94.135536], [25.800317, 94.135011], [25.800072, 94.134739], [25.799902, 94.134573], [25.799847, 94.134369], [25.799817, 94.134109], [25.799626, 94.133512], [25.799093, 94.132726], [25.798756, 94.132262], [25.798549, 94.132066], [25.798413, 94.131945], [25.798202, 94.131824], [25.797967, 94.131718], [25.797681, 94.131412], [25.797375, 94.131348], [25.797209, 94.131318], [25.797063, 94.131231], [25.79691, 94.131061], [25.796753, 94.130925], [25.796542, 94.130785], [25.796342, 94.130744], [25.796182, 94.130781], [25.795845, 94.130797], [25.795315, 94.130823], [25.794475, 94.130815], [25.793965, 94.130789], [25.79355, 94.130642], [25.79303, 94.130547], [25.792669, 94.130672], [25.792159, 94.130914], [25.791275, 94.130974], [25.790544, 94.131076], [25.789711, 94.131133], [25.789344, 94.131193], [25.789017, 94.131186], [25.788874, 94.131216], [25.788711, 94.131322], [25.788601, 94.131378], [25.788402, 94.131363], [25.788109, 94.131235], [25.787895, 94.131114], [25.787681, 94.131099], [25.787558, 94.131169], [25.787404, 94.131266], [25.787289, 94.131254], [25.787157, 94.131167], [25.786739, 94.131042], [25.786623, 94.13091], [25.786531, 94.130744], [25.786378, 94.130498], [25.786185, 94.130204], [25.785902, 94.129943], [25.785698, 94.129803], [25.785527, 94.129679], [25.785326, 94.129431], [25.784918, 94.128755], [25.784797, 94.128353], [25.784763, 94.128168], [25.78478, 94.127968], [25.784837, 94.127815], [25.784855, 94.127785], [25.78495, 94.127637], [25.785005, 94.127517], [25.785017, 94.127418], [25.785005, 94.127335], [25.784925, 94.127198], [25.784853, 94.127069], [25.78479, 94.126965], [25.784759, 94.126879], [25.78474, 94.126729], [25.784703, 94.126589], [25.784592, 94.126453], [25.784428, 94.126313], [25.784116, 94.126198], [25.783737, 94.126093], [25.783631, 94.126002], [25.78352, 94.125887], [25.783339, 94.125559], [25.783259, 94.125401], [25.783245, 94.125299], [25.783271, 94.125136], [25.783351, 94.125047], [25.783587, 94.125018], [25.783807, 94.12502], [25.783976, 94.124964], [25.784141, 94.12483], [25.784201, 94.124728], [25.784285, 94.124524], [25.784278, 94.124385], [25.784244, 94.124245], [25.784138, 94.123904], [25.784083, 94.123459], [25.784046, 94.123226], [25.7841, 94.122885], [25.784196, 94.122646], [25.784271, 94.122268], [25.78423, 94.122094], [25.784141, 94.121992], [25.783882, 94.121893], [25.783261, 94.121592], [25.783075, 94.121394], [25.782972, 94.121174], [25.78301, 94.120788], [25.783078, 94.12052], [25.783172, 94.120329], [25.783208, 94.120125], [25.783191, 94.119948], [25.78323, 94.119672], [25.783341, 94.119471], [25.783455, 94.119382], [25.7836, 94.11924], [25.783677, 94.119125], [25.78373, 94.119007], [25.783788, 94.118755], [25.783894, 94.118438], [25.784095, 94.118092], [25.784213, 94.117864], [25.784411, 94.117545], [25.784711, 94.117097], [25.784911, 94.116842], [25.78495, 94.116772], [25.784951, 94.116701], [25.784929, 94.116649], [25.784877, 94.116601], [25.784805, 94.116577], [25.784665, 94.116598], [25.784469, 94.11664], [25.784369, 94.11664], [25.784182, 94.116598], [25.783339, 94.116228], [25.78322, 94.116172], [25.782882, 94.116145], [25.782605, 94.116164], [25.782515, 94.116231], [25.782467, 94.116303], [25.782404, 94.116408], [25.782322, 94.116472], [25.781933, 94.116622], [25.781865, 94.116618], [25.781804, 94.116586], [25.781786, 94.116507], [25.781781, 94.116335], [25.781782, 94.116043], [25.78177, 94.115973], [25.78173, 94.115925], [25.78167, 94.115899], [25.78162, 94.115899], [25.781556, 94.115932], [25.781455, 94.116035], [25.781298, 94.116156], [25.780998, 94.116233], [25.780489, 94.116359], [25.780204, 94.116453], [25.780119, 94.116531], [25.780032, 94.116644], [25.779892, 94.116676], [25.779651, 94.11674], [25.7794, 94.116668], [25.779274, 94.116601], [25.779218, 94.116456], [25.779192, 94.116252], [25.779194, 94.116011], [25.779201, 94.11581], [25.779168, 94.115697], [25.77911, 94.115659], [25.778958, 94.11567], [25.778511, 94.115646], [25.778414, 94.115638], [25.77833, 94.115598], [25.778262, 94.115509], [25.778235, 94.115431], [25.778214, 94.115287], [25.778158, 94.115228], [25.777914, 94.115056], [25.777685, 94.114769], [25.777557, 94.114616], [25.777453, 94.114576], [25.777325, 94.114565], [25.776912, 94.114656], [25.776772, 94.114637], [25.776632, 94.114444], [25.776542, 94.11416], [25.776598, 94.113988], [25.77669, 94.113717], [25.776733, 94.113621], [25.776801, 94.113543], [25.776834, 94.113438], [25.776813, 94.113307], [25.776774, 94.113143], [25.776784, 94.112988], [25.776822, 94.112827], [25.776863, 94.112714], [25.776868, 94.112505], [25.776865, 94.112195], [25.776825, 94.11203], [25.776639, 94.111703], [25.776586, 94.111539], [25.776583, 94.111393], [25.776661, 94.111189], [25.776798, 94.111098], [25.77688, 94.111023], [25.776923, 94.110955], [25.776946, 94.110837], [25.776929, 94.110751], [25.776884, 94.110594], [25.776851, 94.11045], [25.776822, 94.110324], [25.776822, 94.110209], [25.776772, 94.11007], [25.776677, 94.109788], [25.776627, 94.109608], [25.776516, 94.109496], [25.776334, 94.109388], [25.776221, 94.109235], [25.776074, 94.108973], [25.775965, 94.108841], [25.77583, 94.108796], [25.775711, 94.108707], [25.775581, 94.108517], [25.775504, 94.108267], [25.775431, 94.108082], [25.775434, 94.107929], [25.775458, 94.107748], [25.775524, 94.10755], [25.775586, 94.107401], [25.775729, 94.107263], [25.775885, 94.107079], [25.775981, 94.106906], [25.775995, 94.106783], [25.776043, 94.106638], [25.776089, 94.106549], [25.776146, 94.106496], [25.776226, 94.106462], [25.776348, 94.10637], [25.776448, 94.106276], [25.776537, 94.106136], [25.776569, 94.106006], [25.77658, 94.105879], [25.776601, 94.10572], [25.776638, 94.105482], [25.77669, 94.105278], [25.776737, 94.105126], [25.776785, 94.104908], [25.776941, 94.104568], [25.776972, 94.104416], [25.776962, 94.104239], [25.776962, 94.104005], [25.777008, 94.103804], [25.77716, 94.103147], [25.777147, 94.102987], [25.777106, 94.102797], [25.77709, 94.102576], [25.777114, 94.102387], [25.777139, 94.102265], [25.777145, 94.102148], [25.777119, 94.102058], [25.777043, 94.101972], [25.776912, 94.101896], [25.776826, 94.10184], [25.77676, 94.101774], [25.776741, 94.101706], [25.77675, 94.101643], [25.776818, 94.10151], [25.776954, 94.101215], [25.777018, 94.100981], [25.777045, 94.100809], [25.777047, 94.1006], [25.777043, 94.100428], [25.777063, 94.100139], [25.777068, 94.100038], [25.77705, 94.099943], [25.776879, 94.099647], [25.776834, 94.099566], [25.776809, 94.099495], [25.776786, 94.09898], [25.776804, 94.098841], [25.777084, 94.098185], [25.777295, 94.097857], [25.777309, 94.09773], [25.777228, 94.097563], [25.777199, 94.097404], [25.777231, 94.097254], [25.777509, 94.096883], [25.777601, 94.096735], [25.77761, 94.09659], [25.777552, 94.096397], [25.777406, 94.096225], [25.776836, 94.095771], [25.776749, 94.095721], [25.776572, 94.09563], [25.77649, 94.09558], [25.776446, 94.095518], [25.776364, 94.095222], [25.776318, 94.094918], [25.776325, 94.094725], [25.776397, 94.094583], [25.776521, 94.094472], [25.776702, 94.094289], [25.776752, 94.09418], [25.776738, 94.094033], [25.776661, 94.093769], [25.776544, 94.09338], [25.77647, 94.093292], [25.776211, 94.093158], [25.776073, 94.093062], [25.775835, 94.092901], [25.775489, 94.092784], [25.77525, 94.092722], [25.775084, 94.092702], [25.774948, 94.092713], [25.774742, 94.092846], [25.774549, 94.092927], [25.774406, 94.092901], [25.774251, 94.092733], [25.774169, 94.092465], [25.774059, 94.092164], [25.773872, 94.091931], [25.773701, 94.091788], [25.773544, 94.091587], [25.773487, 94.091369], [25.773496, 94.091206], [25.773536, 94.091005], [25.773576, 94.090812], [25.773562, 94.090652], [25.773459, 94.090491], [25.773342, 94.090379], [25.773208, 94.090247], [25.773127, 94.09009], [25.773052, 94.089725], [25.773047, 94.089529], [25.773124, 94.089382], [25.773249, 94.089265], [25.773442, 94.089141], [25.773989, 94.089017], [25.774135, 94.088945], [25.77432, 94.088753], [25.774442, 94.088549], [25.774492, 94.088375], [25.774453, 94.088196], [25.77437, 94.087992], [25.774259, 94.087812], [25.774117, 94.087498], [25.774012, 94.087228], [25.773737, 94.086828], [25.773573, 94.086684], [25.773453, 94.086598], [25.773117, 94.086454], [25.772929, 94.08637], [25.772766, 94.086286], [25.772663, 94.08619], [25.772624, 94.086045], [25.772645, 94.085908], [25.772791, 94.08577], [25.773025, 94.085565], [25.773107, 94.085451], [25.773108, 94.085319], [25.773079, 94.085182], [25.77303, 94.08501], [25.773045, 94.084913], [25.773108, 94.084853], [25.773229, 94.084796], [25.773424, 94.084748], [25.773528, 94.08463], [25.773534, 94.084462], [25.773479, 94.084238], [25.773447, 94.083925], [25.773397, 94.083606], [25.773371, 94.083379], [25.773348, 94.083152], [25.773307, 94.083054], [25.773215, 94.083004], [25.773116, 94.083035], [25.772999, 94.083141], [25.77284, 94.08328], [25.772679, 94.08331], [25.772517, 94.083299], [25.772356, 94.083211], [25.772197, 94.08309], [25.771884, 94.082965], [25.771474, 94.082865], [25.771362, 94.082884], [25.771242, 94.082965], [25.771149, 94.083137], [25.771077, 94.083262], [25.77096, 94.083401], [25.770858, 94.083469], [25.77074, 94.083507], [25.770556, 94.083522], [25.770397, 94.083534], [25.770236, 94.083539], [25.770039, 94.083573], [25.769356, 94.083419], [25.768925, 94.0833], [25.768624, 94.083244], [25.768445, 94.083204], [25.768269, 94.083138], [25.768242, 94.083088], [25.768239, 94.082964], [25.768245, 94.082811], [25.768278, 94.082684], [25.768416, 94.082281], [25.768572, 94.081924], [25.768709, 94.08153], [25.768694, 94.081408], [25.768656, 94.081343], [25.768586, 94.08132], [25.768508, 94.081323], [25.768255, 94.081468], [25.767955, 94.081615], [25.76779, 94.081666], [25.767625, 94.081633], [25.767486, 94.08149], [25.767378, 94.081369], [25.767223, 94.081245], [25.767081, 94.081139], [25.766893, 94.081056], [25.766713, 94.081034], [25.766547, 94.081072], [25.766243, 94.081223], [25.765936, 94.081391], [25.765762, 94.081435], [25.76565, 94.08141], [25.765556, 94.081344], [25.765492, 94.081216], [25.765459, 94.081062], [25.765413, 94.080879], [25.765442, 94.080692], [25.765538, 94.080593], [25.765868, 94.080472], [25.766191, 94.080322], [25.766319, 94.080223], [25.766405, 94.080033], [25.766501, 94.079923], [25.766706, 94.079841], [25.767008, 94.079777], [25.767114, 94.079748], [25.767185, 94.079696], [25.767216, 94.079594], [25.767195, 94.079477], [25.767155, 94.079327], [25.767043, 94.079082], [25.767004, 94.078896], [25.766992, 94.078746], [25.767025, 94.078619], [25.767081, 94.078512], [25.767147, 94.078442], [25.767208, 94.078406], [25.767354, 94.078386], [25.767429, 94.07838], [25.767503, 94.078358], [25.76755, 94.078304], [25.767564, 94.078239], [25.767543, 94.078146], [25.767485, 94.07802], [25.767342, 94.077768], [25.767231, 94.077484], [25.76719, 94.077298], [25.767173, 94.077141], [25.767209, 94.07698], [25.767322, 94.076877], [25.767525, 94.076675], [25.767595, 94.076511], [25.767605, 94.076331], [25.767509, 94.076147], [25.767382, 94.076031], [25.767222, 94.075956], [25.76707, 94.075944], [25.766785, 94.076014], [25.766442, 94.076158], [25.766267, 94.076262], [25.766146, 94.076394], [25.765894, 94.076694], [25.765651, 94.0769], [25.765499, 94.07699], [25.765333, 94.077059], [25.765192, 94.077126], [25.765109, 94.077203], [25.764974, 94.07732], [25.764757, 94.077463], [25.764624, 94.077546], [25.764482, 94.077626], [25.764377, 94.077656], [25.764262, 94.077662], [25.764107, 94.077676], [25.763873, 94.077734], [25.76375, 94.077725], [25.763627, 94.077694], [25.76355, 94.077677], [25.763477, 94.077668], [25.763399, 94.077685], [25.763333, 94.077727], [25.763154, 94.077932], [25.763065, 94.078067], [25.762974, 94.078199], [25.762902, 94.078251], [25.762811, 94.078248], [25.76257, 94.07818], [25.762509, 94.078181], [25.762445, 94.078211], [25.762396, 94.078273], [25.762284, 94.078495], [25.762247, 94.078528], [25.762187, 94.07853], [25.762065, 94.078506], [25.761907, 94.078487], [25.761744, 94.078476], [25.761631, 94.078471], [25.761527, 94.07842], [25.761406, 94.078289], [25.761252, 94.07808], [25.761146, 94.0779], [25.761028, 94.077632], [25.760914, 94.077502], [25.760796, 94.077459], [25.760639, 94.077489], [25.760467, 94.07758], [25.76, 94.077933], [25.75966, 94.078279], [25.759357, 94.078623], [25.759146, 94.078938], [25.758843, 94.079253], [25.758585, 94.079392], [25.75819, 94.079443], [25.757425, 94.079516], [25.757272, 94.079528], [25.757145, 94.079589], [25.757035, 94.079613], [25.756892, 94.079642], [25.756585, 94.079596], [25.756373, 94.07954], [25.7562, 94.07952], [25.756036, 94.079496], [25.755847, 94.079456], [25.755687, 94.079419], [25.755442, 94.079393], [25.755242, 94.079368], [25.755044, 94.07937], [25.754831, 94.079388], [25.754584, 94.079417], [25.75443, 94.079427], [25.75429, 94.079439], [25.754154, 94.079435], [25.753976, 94.079415], [25.753814, 94.079469], [25.753703, 94.07955], [25.75354, 94.07962], [25.753415, 94.079662], [25.753319, 94.079676], [25.753192, 94.079664], [25.753073, 94.079612], [25.752975, 94.07955], [25.752851, 94.079493], [25.752729, 94.079474], [25.752624, 94.079453], [25.752547, 94.079408], [25.752473, 94.079306], [25.752349, 94.07922], [25.752244, 94.079202], [25.752079, 94.079196], [25.751966, 94.079226], [25.75187, 94.079209], [25.751792, 94.079144], [25.751707, 94.079031], [25.751639, 94.078915], [25.751555, 94.078853], [25.751464, 94.07883], [25.751326, 94.078778], [25.751203, 94.078686], [25.750857, 94.078394], [25.750515, 94.078111], [25.750354, 94.07803], [25.750092, 94.07791], [25.749811, 94.077739], [25.749583, 94.077541], [25.74946, 94.077422], [25.749366, 94.077292], [25.749269, 94.077129], [25.749116, 94.077043], [25.749002, 94.077034], [25.74893, 94.077065], [25.748881, 94.077165], [25.748884, 94.077299], [25.748935, 94.077479], [25.749014, 94.077657], [25.749089, 94.07779], [25.749171, 94.07797], [25.749177, 94.078109], [25.749148, 94.078235], [25.749096, 94.078373], [25.749054, 94.078492], [25.749112, 94.078629], [25.749179, 94.078735], [25.749183, 94.078828], [25.749158, 94.079072], [25.749173, 94.079306], [25.74925, 94.079569], [25.74929, 94.079719], [25.749271, 94.079886], [25.7492, 94.080049], [25.749115, 94.080239], [25.749065, 94.080352], [25.748987, 94.080466], [25.748909, 94.080534], [25.748808, 94.080567], [25.748648, 94.080558], [25.748454, 94.080519], [25.748292, 94.080489], [25.748177, 94.080475], [25.748066, 94.080518], [25.748013, 94.080625], [25.74803, 94.080784], [25.748052, 94.080927], [25.748057, 94.08107], [25.748032, 94.081204], [25.747997, 94.081296], [25.74793, 94.081388], [25.747847, 94.081445], [25.747732, 94.08148], [25.747641, 94.081553], [25.747515, 94.08169], [25.747409, 94.081837], [25.747341, 94.081971], [25.747271, 94.082053], [25.747192, 94.082109], [25.747022, 94.082164], [25.74685, 94.082227], [25.746702, 94.082313], [25.746577, 94.082446], [25.746508, 94.082568], [25.74645, 94.082713], [25.746351, 94.082828], [25.746111, 94.082972], [25.745929, 94.083107], [25.745787, 94.08321], [25.745692, 94.083287], [25.745499, 94.083371], [25.745327, 94.083381], [25.745182, 94.083349], [25.745037, 94.083318], [25.744924, 94.083242], [25.744803, 94.083143], [25.74471, 94.083081], [25.744617, 94.083034], [25.744489, 94.083026], [25.744277, 94.083037], [25.74413, 94.08298], [25.743986, 94.082766], [25.743892, 94.082668], [25.743753, 94.082575], [25.743626, 94.082567], [25.743509, 94.082593], [25.743385, 94.082646], [25.743195, 94.082707], [25.743026, 94.082772], [25.742878, 94.082871], [25.742604, 94.083108], [25.742484, 94.083234], [25.742416, 94.083326], [25.742311, 94.083573], [25.742243, 94.083827], [25.742185, 94.084017], [25.742115, 94.084128], [25.742003, 94.084225], [25.741915, 94.084258], [25.741825, 94.084261], [25.741661, 94.084266], [25.74153, 94.084301], [25.741343, 94.084369], [25.741228, 94.084435], [25.741147, 94.084533], [25.741095, 94.084683], [25.741034, 94.084778], [25.740969, 94.084819], [25.740909, 94.08484], [25.740756, 94.084849], [25.740582, 94.084818], [25.740407, 94.084804], [25.740163, 94.084807], [25.739972, 94.0848], [25.739767, 94.084735], [25.739597, 94.084627], [25.738877, 94.08394], [25.738703, 94.083713], [25.73859, 94.083541], [25.738505, 94.083274], [25.73846, 94.083111], [25.738383, 94.08305], [25.738274, 94.08303], [25.738142, 94.083072], [25.737981, 94.083181], [25.737725, 94.083322], [25.737535, 94.083413], [25.737377, 94.083468], [25.737218, 94.083515], [25.7371, 94.083537], [25.736934, 94.083553], [25.736681, 94.083618], [25.736526, 94.08361], [25.736351, 94.083552], [25.735929, 94.083307], [25.735448, 94.083014], [25.735308, 94.082914], [25.735184, 94.082878], [25.734983, 94.082911], [25.734798, 94.082981], [25.7346, 94.083061], [25.734274, 94.083237], [25.734072, 94.083451], [25.733911, 94.083695], [25.733835, 94.083965], [25.733771, 94.084227], [25.733737, 94.084328], [25.733678, 94.084401], [25.733575, 94.084434], [25.733471, 94.084426], [25.733319, 94.084353], [25.733209, 94.084219], [25.733092, 94.083939], [25.733033, 94.083741], [25.732945, 94.083537], [25.732791, 94.083298], [25.732533, 94.082945], [25.732301, 94.082548], [25.732236, 94.082454], [25.732068, 94.082153], [25.731974, 94.082047], [25.731894, 94.08199], [25.731817, 94.081979], [25.731734, 94.081991], [25.731647, 94.082034], [25.731279, 94.082289], [25.731046, 94.082432], [25.730703, 94.082617], [25.730541, 94.082693], [25.730485, 94.082776], [25.73046, 94.082888], [25.730452, 94.082995], [25.730435, 94.08316], [25.730362, 94.083329], [25.730253, 94.083493], [25.730126, 94.083543], [25.729977, 94.083613], [25.729878, 94.083558], [25.729782, 94.083451], [25.729679, 94.083291], [25.729505, 94.083103], [25.729419, 94.083034], [25.729337, 94.082987], [25.729195, 94.082932], [25.729046, 94.082842], [25.728977, 94.082788], [25.7289, 94.082638], [25.728841, 94.082495], [25.728749, 94.082339], [25.728638, 94.082206], [25.728491, 94.082091], [25.728442, 94.081993], [25.728452, 94.08185], [25.728469, 94.081684], [25.728486, 94.081263], [25.728506, 94.080978], [25.728486, 94.080696], [25.72847, 94.080356], [25.728417, 94.080182], [25.728374, 94.080089], [25.728292, 94.079968], [25.72823, 94.079777], [25.728182, 94.079598], [25.728107, 94.079449], [25.728006, 94.079411], [25.727853, 94.079452], [25.727599, 94.079554], [25.727375, 94.079536], [25.727236, 94.079474], [25.727098, 94.079481], [25.726969, 94.079591], [25.72691, 94.079723], [25.72686, 94.079942], [25.726824, 94.080151], [25.726735, 94.080349], [25.726537, 94.080484], [25.726309, 94.080543], [25.7259, 94.080598], [25.725696, 94.080554], [25.725525, 94.080491], [25.725323, 94.080425], [25.725132, 94.080338], [25.72497, 94.080253], [25.724809, 94.080114], [25.724654, 94.079994], [25.724578, 94.079934], [25.724487, 94.07995], [25.724425, 94.080029], [25.724417, 94.080172], [25.724393, 94.080352], [25.724375, 94.080526], [25.724344, 94.080634], [25.724299, 94.080689], [25.724241, 94.08073], [25.724061, 94.080723], [25.723935, 94.080683], [25.723854, 94.080673], [25.723785, 94.080695], [25.72364, 94.080768], [25.723511, 94.080771], [25.723474, 94.08073], [25.723438, 94.080692], [25.72339, 94.080596], [25.72333, 94.080435], [25.723271, 94.080312], [25.723198, 94.080275], [25.723113, 94.080285], [25.722999, 94.080389], [25.722854, 94.080635], [25.722804, 94.08077], [25.722794, 94.080939], [25.722824, 94.081063], [25.722866, 94.081212], [25.722883, 94.081306], [25.72287, 94.081399], [25.722793, 94.081576], [25.722684, 94.081783], [25.722632, 94.082003], [25.72256, 94.082228], [25.722496, 94.082349], [25.722392, 94.082441], [25.722288, 94.082548], [25.72222, 94.082677], [25.722209, 94.082731], [25.722219, 94.082786], [25.722241, 94.082863], [25.722278, 94.082939], [25.722312, 94.083011], [25.722383, 94.083162], [25.722418, 94.083262], [25.72245, 94.083377], [25.722455, 94.083439], [25.722443, 94.083506], [25.722413, 94.083555], [25.722373, 94.083594], [25.722285, 94.08365], [25.722197, 94.083707], [25.722022, 94.083848], [25.721932, 94.083946], [25.721846, 94.08402], [25.721751, 94.08408], [25.721668, 94.084158], [25.721529, 94.084294], [25.721431, 94.084363], [25.721319, 94.084435], [25.721204, 94.084525], [25.721089, 94.084654], [25.721041, 94.084736], [25.721034, 94.084773], [25.721032, 94.084805], [25.721039, 94.084843], [25.721051, 94.084877], [25.721092, 94.084974], [25.721157, 94.08509], [25.721215, 94.085185], [25.721245, 94.085246], [25.721263, 94.085309], [25.721269, 94.085369], [25.721258, 94.08543], [25.721232, 94.085474], [25.721199, 94.085503], [25.721051, 94.085565], [25.720823, 94.085587], [25.720678, 94.085642], [25.720566, 94.085682], [25.720493, 94.085737], [25.720406, 94.085849], [25.720299, 94.085972], [25.720157, 94.086068], [25.720072, 94.086081], [25.719886, 94.086075], [25.719701, 94.086068], [25.719482, 94.086071], [25.719279, 94.086065], [25.719053, 94.085993], [25.718958, 94.085916], [25.718789, 94.085859], [25.71871, 94.085856], [25.71855, 94.085878], [25.718366, 94.085889], [25.718231, 94.085836], [25.718083, 94.085808], [25.717773, 94.085706], [25.717585, 94.085661], [25.717416, 94.085644], [25.71728, 94.085636], [25.717097, 94.085643], [25.716951, 94.085612], [25.716796, 94.085596], [25.716686, 94.085598], [25.716569, 94.085583], [25.716424, 94.085606], [25.716275, 94.085612], [25.716192, 94.085567], [25.716147, 94.08549], [25.716045, 94.085285], [25.715935, 94.085064], [25.71587, 94.084781], [25.715832, 94.084633], [25.715767, 94.084522], [25.715692, 94.084448], [25.715563, 94.084395], [25.715302, 94.084355], [25.715207, 94.084348], [25.715142, 94.084361], [25.715112, 94.084395], [25.715083, 94.084445], [25.715076, 94.084486], [25.715101, 94.084608], [25.715157, 94.084709], [25.71519, 94.084869], [25.715189, 94.08495], [25.715187, 94.085091], [25.715184, 94.085265], [25.715191, 94.085483], [25.715191, 94.085557], [25.715191, 94.085595], [25.715163, 94.085796], [25.715163, 94.085985], [25.715175, 94.086122], [25.715168, 94.086211], [25.715083, 94.086296], [25.714999, 94.086355], [25.714896, 94.086448], [25.714859, 94.086571], [25.714791, 94.08665], [25.714686, 94.086741], [25.714424, 94.08679], [25.71428, 94.086814], [25.714235, 94.086833], [25.714197, 94.086867], [25.71417, 94.086908], [25.71415, 94.086979], [25.71414, 94.087062], [25.714136, 94.087209], [25.714123, 94.087382], [25.714109, 94.087521], [25.714069, 94.087662], [25.714048, 94.087768], [25.714031, 94.087902], [25.714023, 94.088032], [25.714012, 94.088134], [25.713981, 94.088349], [25.71395, 94.088501], [25.713874, 94.088594], [25.713773, 94.088627], [25.713659, 94.088617], [25.71356, 94.088592], [25.713442, 94.08855], [25.713334, 94.088537], [25.713211, 94.088579], [25.713085, 94.088641], [25.712883, 94.088655], [25.712789, 94.088622], [25.712708, 94.088565], [25.712604, 94.08851], [25.712526, 94.08846], [25.712472, 94.088432], [25.712358, 94.088419], [25.712266, 94.08846], [25.712214, 94.088541], [25.712175, 94.088722], [25.712141, 94.088895], [25.712124, 94.089053], [25.71209, 94.089213], [25.712001, 94.089344], [25.711767, 94.089516], [25.71161, 94.089613], [25.711454, 94.089687], [25.711333, 94.089667], [25.711158, 94.08965], [25.711008, 94.089674], [25.710874, 94.089693], [25.710764, 94.08971], [25.710668, 94.089692], [25.710576, 94.089639], [25.710464, 94.089614], [25.710391, 94.089636], [25.710355, 94.089671], [25.710242, 94.089818], [25.710186, 94.089898], [25.710124, 94.08998], [25.709983, 94.0901], [25.709845, 94.090259], [25.709763, 94.090322], [25.709702, 94.090336], [25.709467, 94.090365], [25.70933, 94.090348], [25.709222, 94.090314], [25.708991, 94.090199], [25.708752, 94.090098], [25.708532, 94.090013], [25.708376, 94.090013], [25.708256, 94.090073], [25.708082, 94.090292], [25.707932, 94.090499], [25.707879, 94.090563], [25.707747, 94.090713], [25.707592, 94.090832], [25.707373, 94.090847], [25.707118, 94.090778], [25.706879, 94.090625], [25.706648, 94.090523], [25.706356, 94.090433], [25.706212, 94.090446], [25.706078, 94.090459], [25.705821, 94.090483], [25.705697, 94.090508], [25.705524, 94.090544], [25.705295, 94.09058], [25.704978, 94.090669], [25.704788, 94.090743], [25.704681, 94.090837], [25.704581, 94.090995], [25.704555, 94.091093], [25.704533, 94.091216], [25.704544, 94.091352], [25.704537, 94.09151], [25.704508, 94.091614], [25.704446, 94.091714], [25.704354, 94.09178], [25.704331, 94.091797], [25.704276, 94.091841], [25.704199, 94.09187], [25.704135, 94.091879], [25.70403, 94.091881], [25.703881, 94.091847], [25.703802, 94.091808], [25.703711, 94.091765], [25.703596, 94.091703], [25.703488, 94.091687], [25.703364, 94.091684], [25.703213, 94.091733], [25.703083, 94.091863], [25.702862, 94.092211], [25.702761, 94.092428], [25.702717, 94.092521], [25.702674, 94.092612], [25.702662, 94.092836], [25.702656, 94.092948], [25.702617, 94.093108], [25.702531, 94.093263], [25.702334, 94.093548], [25.702188, 94.093681], [25.702125, 94.09373], [25.702049, 94.093787], [25.701934, 94.093811], [25.701742, 94.093806], [25.701523, 94.093865], [25.701202, 94.094031], [25.700988, 94.094144], [25.700796, 94.094173], [25.700546, 94.094187], [25.700435, 94.094245], [25.700391, 94.094295], [25.700344, 94.094346], [25.700218, 94.094544], [25.70015, 94.094618], [25.699978, 94.094827], [25.699655, 94.095076], [25.699381, 94.095301], [25.699273, 94.095658], [25.699195, 94.09591], [25.699089, 94.096071], [25.698951, 94.096229], [25.698698, 94.096468], [25.698637, 94.096581], [25.698649, 94.096677], [25.698748, 94.096785], [25.698881, 94.096879], [25.698966, 94.09694], [25.69899, 94.097005], [25.699013, 94.097128], [25.698962, 94.097256], [25.69889, 94.097339], [25.698734, 94.097463], [25.698551, 94.097557], [25.698414, 94.097636], [25.698286, 94.097702], [25.698011, 94.097872], [25.697798, 94.097984], [25.697667, 94.098066], [25.697525, 94.098149], [25.69739, 94.098255], [25.697268, 94.098324], [25.697145, 94.098356], [25.696999, 94.098358], [25.696896, 94.098343], [25.696809, 94.098341], [25.696701, 94.0983], [25.696522, 94.098286], [25.696399, 94.098294], [25.696271, 94.098283], [25.696169, 94.098238], [25.696074, 94.098172], [25.695863, 94.098012], [25.695756, 94.097934], [25.695692, 94.097881], [25.69562, 94.097821], [25.695499, 94.097737], [25.695454, 94.097722], [25.695347, 94.097747], [25.695138, 94.097916], [25.695011, 94.098037], [25.694911, 94.09813], [25.694747, 94.098214], [25.694531, 94.098318], [25.694357, 94.098384], [25.694162, 94.098453], [25.69397, 94.098465], [25.693838, 94.098489], [25.693726, 94.098524], [25.693593, 94.098573], [25.693462, 94.09864], [25.693279, 94.098672], [25.693093, 94.098715], [25.692941, 94.098813], [25.69281, 94.098945], [25.692741, 94.099023], [25.692652, 94.099077], [25.69261, 94.099092], [25.692554, 94.099113], [25.69244, 94.099116], [25.692307, 94.099094], [25.692104, 94.098952], [25.692012, 94.098825], [25.691907, 94.098681], [25.691817, 94.098617], [25.691691, 94.098617], [25.691549, 94.098623], [25.691427, 94.098617], [25.691299, 94.098534], [25.691172, 94.098417], [25.691127, 94.098278], [25.691129, 94.098138], [25.691162, 94.097954], [25.691239, 94.097642], [25.691321, 94.097396], [25.691449, 94.097125], [25.691469, 94.097035], [25.691476, 94.096949], [25.691457, 94.096873], [25.691421, 94.096821], [25.691394, 94.0968], [25.691344, 94.096793], [25.691197, 94.096819], [25.690984, 94.096872], [25.690855, 94.096914], [25.690724, 94.09702], [25.690682, 94.097095], [25.690576, 94.097301], [25.690496, 94.097425], [25.69043, 94.097508], [25.690372, 94.097563], [25.690232, 94.097699], [25.690112, 94.097818], [25.68997, 94.097919], [25.689761, 94.098012], [25.689631, 94.098076], [25.689478, 94.098137], [25.689217, 94.098266], [25.688938, 94.098493], [25.688767, 94.098488], [25.688655, 94.098532], [25.688548, 94.098577], [25.688059, 94.098875], [25.687852, 94.098972], [25.687693, 94.099116], [25.687598, 94.099257], [25.687515, 94.099447], [25.68746, 94.099616], [25.687455, 94.099687], [25.687479, 94.099757], [25.687523, 94.099787], [25.687584, 94.099816], [25.687654, 94.099853], [25.687716, 94.099905], [25.687772, 94.099987], [25.687789, 94.100063], [25.687787, 94.100127], [25.687762, 94.10021], [25.687725, 94.100281], [25.687685, 94.100345], [25.687619, 94.100427], [25.687363, 94.100756], [25.687145, 94.101007], [25.687078, 94.101132], [25.687067, 94.101273], [25.687041, 94.101405], [25.687016, 94.101469], [25.686952, 94.1016], [25.686818, 94.101743], [25.686679, 94.101842], [25.686555, 94.101895], [25.68646, 94.101923], [25.686378, 94.101929], [25.686256, 94.101908], [25.686093, 94.101832], [25.685985, 94.101813], [25.685894, 94.101827], [25.685773, 94.101893], [25.685647, 94.101999], [25.685463, 94.102172], [25.685316, 94.102269], [25.685296, 94.102282], [25.685141, 94.102397], [25.685099, 94.102445], [25.685029, 94.102545], [25.684913, 94.1027], [25.684854, 94.102768], [25.684603, 94.10289], [25.684394, 94.102932], [25.684228, 94.102957], [25.684045, 94.102989], [25.683853, 94.103019], [25.683776, 94.10302], [25.683702, 94.102996], [25.68365, 94.102971], [25.683607, 94.102936], [25.683533, 94.102873], [25.683483, 94.102823], [25.683385, 94.102731], [25.683318, 94.102714], [25.683227, 94.102743], [25.683148, 94.102856], [25.683112, 94.102954], [25.683094, 94.103035], [25.683085, 94.103261], [25.683104, 94.103425], [25.683149, 94.103597], [25.683192, 94.103689], [25.683265, 94.103733], [25.683382, 94.103752], [25.683489, 94.103772], [25.683616, 94.103783], [25.683739, 94.103809], [25.683855, 94.103888], [25.683883, 94.103966], [25.683879, 94.104094], [25.683843, 94.104236], [25.683793, 94.104413], [25.68375, 94.104599], [25.683685, 94.10484], [25.68367, 94.105004], [25.683665, 94.105168], [25.683637, 94.105276], [25.683596, 94.105397], [25.683536, 94.105579], [25.683493, 94.105664], [25.683457, 94.105802], [25.683449, 94.105986], [25.68346, 94.106064], [25.683456, 94.106157], [25.683433, 94.106259], [25.683354, 94.106411], [25.683195, 94.106607], [25.683104, 94.106688], [25.682919, 94.106841], [25.682857, 94.10689], [25.682767, 94.106989], [25.682686, 94.107123], [25.682649, 94.10722], [25.682585, 94.107294], [25.68246, 94.107343], [25.68224, 94.107428], [25.681902, 94.107591], [25.681809, 94.107591], [25.681701, 94.107581], [25.681627, 94.107566], [25.681538, 94.10754], [25.681406, 94.107506], [25.681307, 94.107498], [25.681239, 94.107512], [25.681182, 94.107533], [25.681132, 94.107573], [25.681076, 94.107663], [25.681035, 94.107771], [25.681004, 94.107879], [25.680972, 94.107982], [25.680941, 94.108098], [25.680877, 94.108221], [25.680727, 94.108468], [25.680493, 94.1088], [25.680307, 94.108994], [25.680087, 94.109176], [25.679946, 94.10924], [25.679857, 94.109265], [25.679614, 94.109301], [25.679586, 94.109304], [25.67948, 94.10932], [25.679376, 94.109355], [25.679068, 94.109491], [25.678942, 94.109552], [25.678777, 94.109604], [25.678695, 94.109617], [25.67862, 94.109609], [25.678423, 94.109579], [25.678186, 94.109524], [25.677992, 94.109491], [25.677651, 94.109482], [25.677324, 94.109498], [25.677144, 94.109512], [25.677002, 94.109508], [25.676915, 94.109503], [25.676847, 94.109482], [25.67676, 94.109402], [25.676613, 94.10923], [25.676431, 94.109044], [25.676335, 94.108971], [25.676247, 94.108924], [25.676096, 94.108861], [25.675884, 94.108793], [25.675772, 94.108757], [25.675694, 94.108732], [25.675629, 94.108684], [25.675558, 94.108633], [25.675451, 94.108569], [25.675371, 94.108563], [25.67529, 94.108588], [25.675186, 94.108639], [25.6751, 94.108677], [25.674859, 94.108683], [25.674558, 94.108661], [25.674453, 94.108651], [25.674341, 94.108641], [25.674341, 94.108641]]}]}