{"type": "FeatureCollection", "features": [{"type": "Feature", "properties": {"name": "Setumarg Safe Ridgeline Bypass (via Lava - Reshi - Rhenock - Pakyong)", "distance_km": 244.8, "duration_hrs": 3.6}, "geometry": {"type": "LineString", "coordinates": [[88.395306, 26.726911], [88.394875, 26.7269], [88.394879, 26.726598], [88.394884, 26.726281], [88.394889, 26.725941], [88.394893, 26.725682], [88.394893, 26.725639], [88.394893, 26.725321], [88.396656, 26.725368], [88.396758, 26.725371], [88.39676, 26.725326], [88.396771, 26.724911], [88.396879, 26.724883], [88.396998, 26.724824], [88.397143, 26.724745], [88.397439, 26.724554], [88.397774, 26.724736], [88.398127, 26.72492], [88.398471, 26.725106], [88.399124, 26.725451], [88.400094, 26.725961], [88.400541, 26.726194], [88.400681, 26.726266], [88.400797, 26.726333], [88.400935, 26.726423], [88.401067, 26.726534], [88.401565, 26.726968], [88.401936, 26.727294], [88.402095, 26.727434], [88.402207, 26.727551], [88.402272, 26.727625], [88.402366, 26.727744], [88.402476, 26.727917], [88.402517, 26.728009], [88.402568, 26.728107], [88.402616, 26.728252], [88.402646, 26.728391], [88.402669, 26.728516], [88.402706, 26.72879], [88.402748, 26.729115], [88.40281, 26.729367], [88.402905, 26.729602], [88.403048, 26.72981], [88.403233, 26.73004], [88.403418, 26.730246], [88.40351, 26.730333], [88.403801, 26.730583], [88.404357, 26.73104], [88.404511, 26.73117], [88.404575, 26.731225], [88.404661, 26.731288], [88.404806, 26.731382], [88.404934, 26.731447], [88.405053, 26.731497], [88.405124, 26.731523], [88.405268, 26.731564], [88.405334, 26.73158], [88.405792, 26.731711], [88.405942, 26.731753], [88.406407, 26.731879], [88.406976, 26.732043], [88.407133, 26.732126], [88.407385, 26.732224], [88.407594, 26.732291], [88.407862, 26.732346], [88.408035, 26.732372], [88.408389, 26.732424], [88.40868, 26.732453], [88.408889, 26.732478], [88.409169, 26.732517], [88.409253, 26.732521], [88.409425, 26.732677], [88.409616, 26.732771], [88.410014, 26.732944], [88.410349, 26.732933], [88.410517, 26.732953], [88.410742, 26.732975], [88.411115, 26.733054], [88.411519, 26.733182], [88.41175, 26.733287], [88.412043, 26.733419], [88.412406, 26.733587], [88.412575, 26.733674], [88.412765, 26.733793], [88.412972, 26.733947], [88.413281, 26.73423], [88.413556, 26.734533], [88.413827, 26.734832], [88.413935, 26.734941], [88.41429, 26.73539], [88.414584, 26.735724], [88.414727, 26.735854], [88.414885, 26.735965], [88.415098, 26.736099], [88.415226, 26.736217], [88.415371, 26.736387], [88.415523, 26.736573], [88.415816, 26.736929], [88.415985, 26.737138], [88.416107, 26.737183], [88.416333, 26.73746], [88.416454, 26.7376], [88.416533, 26.737696], [88.416692, 26.737848], [88.416853, 26.738027], [88.417108, 26.738274], [88.417125, 26.738287], [88.417334, 26.738451], [88.417634, 26.738638], [88.417942, 26.738793], [88.418243, 26.738903], [88.418627, 26.739008], [88.41904, 26.73909], [88.41923, 26.739127], [88.419553, 26.739188], [88.419862, 26.739244], [88.420035, 26.739271], [88.420131, 26.73929], [88.420415, 26.739348], [88.42086, 26.739438], [88.421769, 26.739621], [88.422001, 26.739632], [88.422247, 26.739731], [88.422352, 26.739762], [88.424349, 26.740245], [88.425575, 26.740457], [88.426694, 26.740759], [88.426955, 26.740868], [88.4275, 26.741123], [88.428203, 26.741556], [88.428897, 26.742029], [88.429302, 26.742314], [88.429844, 26.742708], [88.430171, 26.742916], [88.431783, 26.744058], [88.433377, 26.74516], [88.433889, 26.745498], [88.434342, 26.745792], [88.435858, 26.746819], [88.437024, 26.747616], [88.437563, 26.748101], [88.437877, 26.748391], [88.43793, 26.748452], [88.438218, 26.7488], [88.438316, 26.74896], [88.438482, 26.749225], [88.43859, 26.749361], [88.438774, 26.749555], [88.438823, 26.749682], [88.438901, 26.749881], [88.438923, 26.749939], [88.438997, 26.750135], [88.439006, 26.750157], [88.439061, 26.750303], [88.439316, 26.750983], [88.439403, 26.751207], [88.439582, 26.751681], [88.43963, 26.75181], [88.439748, 26.752124], [88.439845, 26.752381], [88.440049, 26.752922], [88.440382, 26.753817], [88.440493, 26.754092], [88.440588, 26.754338], [88.440602, 26.754376], [88.440634, 26.754461], [88.440662, 26.754534], [88.440831, 26.754975], [88.440985, 26.755378], [88.441118, 26.755723], [88.441329, 26.756298], [88.441408, 26.756516], [88.441458, 26.756651], [88.441522, 26.756808], [88.441596, 26.756996], [88.441899, 26.757771], [88.441917, 26.757817], [88.441967, 26.757963], [88.442025, 26.758121], [88.442347, 26.758999], [88.442594, 26.759655], [88.442801, 26.760182], [88.443141, 26.761042], [88.443246, 26.76131], [88.443348, 26.761593], [88.443364, 26.761638], [88.443477, 26.761957], [88.443576, 26.762237], [88.443718, 26.762584], [88.444059, 26.763469], [88.444135, 26.763688], [88.444195, 26.76386], [88.444299, 26.764139], [88.444353, 26.764328], [88.444441, 26.764625], [88.444607, 26.765116], [88.444761, 26.765555], [88.444997, 26.765994], [88.445022, 26.766059], [88.44513, 26.766326], [88.445182, 26.766453], [88.44547, 26.767242], [88.445563, 26.7675], [88.445834, 26.768236], [88.446035, 26.768714], [88.44607, 26.768798], [88.446127, 26.768945], [88.446343, 26.769512], [88.446444, 26.769797], [88.446612, 26.770219], [88.447039, 26.771321], [88.447416, 26.772304], [88.447543, 26.772635], [88.447607, 26.772805], [88.447819, 26.77337], [88.448042, 26.773938], [88.448157, 26.77423], [88.448235, 26.774508], [88.44828, 26.774726], [88.448305, 26.774941], [88.448323, 26.775202], [88.448337, 26.775605], [88.448353, 26.775935], [88.448508, 26.777321], [88.448619, 26.778108], [88.448718, 26.77889], [88.448795, 26.779661], [88.448881, 26.780547], [88.448898, 26.780674], [88.448986, 26.781316], [88.449115, 26.78207], [88.449204, 26.782665], [88.449274, 26.783382], [88.449362, 26.784235], [88.449391, 26.784517], [88.449509, 26.785657], [88.449549, 26.786131], [88.449683, 26.7874], [88.449718, 26.787704], [88.449742, 26.787939], [88.44975, 26.788481], [88.449754, 26.789206], [88.449756, 26.789496], [88.449764, 26.789694], [88.44978, 26.789889], [88.449799, 26.790029], [88.449823, 26.790144], [88.449856, 26.790266], [88.449899, 26.790393], [88.44993, 26.790498], [88.449962, 26.79065], [88.449978, 26.790781], [88.449986, 26.79091], [88.450002, 26.791128], [88.450011, 26.791519], [88.450013, 26.791626], [88.450126, 26.792804], [88.450206, 26.79391], [88.450226, 26.794168], [88.450303, 26.795157], [88.450364, 26.795876], [88.45037, 26.795945], [88.450464, 26.796982], [88.450566, 26.798229], [88.450576, 26.798348], [88.450649, 26.799196], [88.450719, 26.799998], [88.450764, 26.800774], [88.450815, 26.801475], [88.450885, 26.802048], [88.45097, 26.802806], [88.451065, 26.803594], [88.451153, 26.804528], [88.451204, 26.805229], [88.451282, 26.806237], [88.451472, 26.808727], [88.451534, 26.809541], [88.451541, 26.809619], [88.451641, 26.810711], [88.451708, 26.811552], [88.451816, 26.812713], [88.451891, 26.813424], [88.451934, 26.813766], [88.451979, 26.814206], [88.45201, 26.814442], [88.452018, 26.814703], [88.45203, 26.815073], [88.45203, 26.815427], [88.45203, 26.81576], [88.452027, 26.816277], [88.452041, 26.816483], [88.45207, 26.816703], [88.452116, 26.81688], [88.452202, 26.817124], [88.452288, 26.817433], [88.45236, 26.817677], [88.452459, 26.817962], [88.452671, 26.818482], [88.452859, 26.818994], [88.452942, 26.819243], [88.453006, 26.819501], [88.453055, 26.819774], [88.453092, 26.819987], [88.453127, 26.820224], [88.453165, 26.820674], [88.453186, 26.820947], [88.453213, 26.821225], [88.453267, 26.821598], [88.453336, 26.822017], [88.453414, 26.822434], [88.45361, 26.82359], [88.453755, 26.824408], [88.453892, 26.825229], [88.454002, 26.825833], [88.454318, 26.827829], [88.454506, 26.828834], [88.454694, 26.829825], [88.454852, 26.830679], [88.455066, 26.831785], [88.455158, 26.832245], [88.4553, 26.832951], [88.455466, 26.833812], [88.455549, 26.834284], [88.455642, 26.834782], [88.455761, 26.835458], [88.455771, 26.835513], [88.45593, 26.836486], [88.456091, 26.837529], [88.456214, 26.838302], [88.456302, 26.838878], [88.456611, 26.840332], [88.456724, 26.840932], [88.456802, 26.841279], [88.45685, 26.841571], [88.457004, 26.84231], [88.457137, 26.842957], [88.457354, 26.843993], [88.457475, 26.844685], [88.457574, 26.845192], [88.457682, 26.845721], [88.457781, 26.846221], [88.457864, 26.846631], [88.457934, 26.846997], [88.458159, 26.848117], [88.458307, 26.848866], [88.458599, 26.850281], [88.45865, 26.850549], [88.458706, 26.850823], [88.458808, 26.851314], [88.458897, 26.851751], [88.45902, 26.852349], [88.459135, 26.852912], [88.459169, 26.853054], [88.45921, 26.853173], [88.459273, 26.853287], [88.459335, 26.85339], [88.459412, 26.8535], [88.459518, 26.85364], [88.459868, 26.854083], [88.460145, 26.854427], [88.460762, 26.855189], [88.46135, 26.855943], [88.461944, 26.856692], [88.462316, 26.857174], [88.46327, 26.858426], [88.463595, 26.858819], [88.46399, 26.859333], [88.464242, 26.859687], [88.464685, 26.860261], [88.465551, 26.861311], [88.466407, 26.862343], [88.46715, 26.863207], [88.467552, 26.863673], [88.467666, 26.86382], [88.467755, 26.863949], [88.467842, 26.8641], [88.467937, 26.864299], [88.468118, 26.864755], [88.468236, 26.86507], [88.468351, 26.865415], [88.468448, 26.865716], [88.468539, 26.866032], [88.468649, 26.866432], [88.46877, 26.866865], [88.468893, 26.867339], [88.468955, 26.867607], [88.469019, 26.867923], [88.469121, 26.868482], [88.469159, 26.868691], [88.469211, 26.868965], [88.469305, 26.869311], [88.469353, 26.869475], [88.469412, 26.86967], [88.469475, 26.869855], [88.469549, 26.870042], [88.469631, 26.87024], [88.469725, 26.870424], [88.469844, 26.870643], [88.469934, 26.870832], [88.470013, 26.870992], [88.470084, 26.87113], [88.470171, 26.871282], [88.47024, 26.871407], [88.470351, 26.871634], [88.470429, 26.871818], [88.470511, 26.87204], [88.470575, 26.872242], [88.470621, 26.872387], [88.470681, 26.872664], [88.470721, 26.872898], [88.470755, 26.873156], [88.470799, 26.873421], [88.470838, 26.873623], [88.4709, 26.873885], [88.470956, 26.874083], [88.47103, 26.874373], [88.471127, 26.874696], [88.47124, 26.875108], [88.471319, 26.875383], [88.471443, 26.875816], [88.471458, 26.87597], [88.47147, 26.876117], [88.47147, 26.876189], [88.471465, 26.876248], [88.471453, 26.876286], [88.471419, 26.876352], [88.471391, 26.876396], [88.471354, 26.876438], [88.471301, 26.876481], [88.471229, 26.876537], [88.471152, 26.876593], [88.470912, 26.876678], [88.470781, 26.876734], [88.470695, 26.876782], [88.470639, 26.876825], [88.4706, 26.876873], [88.470566, 26.876962], [88.470508, 26.877851], [88.470493, 26.878083], [88.4705, 26.878223], [88.470512, 26.878312], [88.47054, 26.878395], [88.470576, 26.878464], [88.470579, 26.87847], [88.470649, 26.878565], [88.470677, 26.878595], [88.470745, 26.878666], [88.470863, 26.878785], [88.471153, 26.879061], [88.471362, 26.879267], [88.471489, 26.879414], [88.471575, 26.879514], [88.471798, 26.879818], [88.471932, 26.880002], [88.472043, 26.880158], [88.472259, 26.880459], [88.472391, 26.88063], [88.472534, 26.880817], [88.472614, 26.880917], [88.472703, 26.881028], [88.472733, 26.881068], [88.472745, 26.881084], [88.472764, 26.881109], [88.472815, 26.881177], [88.472933, 26.881373], [88.473226, 26.881967], [88.473448, 26.882491], [88.473525, 26.882792], [88.473592, 26.883014], [88.473622, 26.88323], [88.473646, 26.8835], [88.473633, 26.883766], [88.473606, 26.884049], [88.473637, 26.884153], [88.473658, 26.884274], [88.473676, 26.88437], [88.473676, 26.884572], [88.473672, 26.884697], [88.473655, 26.884811], [88.473635, 26.884924], [88.473605, 26.885107], [88.473579, 26.885236], [88.47356, 26.885318], [88.473516, 26.885397], [88.47348, 26.885451], [88.473436, 26.88548], [88.473382, 26.885502], [88.473319, 26.885519], [88.473206, 26.885526], [88.47311, 26.885554], [88.473049, 26.885596], [88.473049, 26.885596], [88.473041, 26.885656], [88.473059, 26.885715], [88.473094, 26.885759], [88.473154, 26.885796], [88.473248, 26.885829], [88.473309, 26.885869], [88.473383, 26.885914], [88.473428, 26.885968], [88.473465, 26.886077], [88.473469, 26.88613], [88.473462, 26.886181], [88.473441, 26.886237], [88.473426, 26.886287], [88.473375, 26.886347], [88.47336, 26.886389], [88.473362, 26.886432], [88.473397, 26.886452], [88.473474, 26.886501], [88.473564, 26.886543], [88.473642, 26.886592], [88.473682, 26.886634], [88.4737, 26.886675], [88.473698, 26.886718], [88.473696, 26.886932], [88.473697, 26.887139], [88.473701, 26.887202], [88.473688, 26.887262], [88.473676, 26.887327], [88.473637, 26.887378], [88.473591, 26.887431], [88.473543, 26.887469], [88.473257, 26.887624], [88.473179, 26.887673], [88.473136, 26.887702], [88.473092, 26.887734], [88.473077, 26.887769], [88.473091, 26.887811], [88.473126, 26.887876], [88.473169, 26.887941], [88.473212, 26.887994], [88.473458, 26.888173], [88.473535, 26.888244], [88.473571, 26.888305], [88.4736, 26.888373], [88.473623, 26.888443], [88.473639, 26.888525], [88.47365, 26.888605], [88.473645, 26.888651], [88.473622, 26.888699], [88.473558, 26.888773], [88.473473, 26.888862], [88.473421, 26.888937], [88.473339, 26.889051], [88.473229, 26.889143], [88.473141, 26.88924], [88.473104, 26.889344], [88.473095, 26.889423], [88.473108, 26.889522], [88.473127, 26.889572], [88.473145, 26.889624], [88.473189, 26.889681], [88.473244, 26.889728], [88.473336, 26.889799], [88.473417, 26.889858], [88.473513, 26.88994], [88.473564, 26.889982], [88.473599, 26.890027], [88.47362, 26.890072], [88.473629, 26.890139], [88.473627, 26.890233], [88.47364, 26.890331], [88.473641, 26.890399], [88.473611, 26.89045], [88.47356, 26.890525], [88.473508, 26.890574], [88.473487, 26.890623], [88.473496, 26.890673], [88.473517, 26.890728], [88.473547, 26.890797], [88.473575, 26.890887], [88.473605, 26.89098], [88.473622, 26.891068], [88.473637, 26.891135], [88.473651, 26.891209], [88.473657, 26.891265], [88.47365, 26.891318], [88.473622, 26.891375], [88.47358, 26.891462], [88.473563, 26.891523], [88.473535, 26.891592], [88.473503, 26.891653], [88.47346, 26.891697], [88.473358, 26.891732], [88.473295, 26.891744], [88.473245, 26.891755], [88.473175, 26.891774], [88.473127, 26.891789], [88.473029, 26.891819], [88.472939, 26.891868], [88.47287, 26.891915], [88.472815, 26.891969], [88.47277, 26.89203], [88.472768, 26.892086], [88.472785, 26.892145], [88.472823, 26.892192], [88.472875, 26.892234], [88.472959, 26.892259], [88.473083, 26.892305], [88.473206, 26.892351], [88.473358, 26.89239], [88.473422, 26.892423], [88.473488, 26.892481], [88.473528, 26.89254], [88.473555, 26.892604], [88.473568, 26.892655], [88.473571, 26.892715], [88.473539, 26.892875], [88.473493, 26.893021], [88.473432, 26.893172], [88.473381, 26.893286], [88.473347, 26.893408], [88.473279, 26.893542], [88.473259, 26.893635], [88.47326, 26.893701], [88.473277, 26.893781], [88.473307, 26.893845], [88.473368, 26.893917], [88.473434, 26.893984], [88.473489, 26.894077], [88.473505, 26.894128], [88.473511, 26.894182], [88.473493, 26.894258], [88.473455, 26.894386], [88.473441, 26.894488], [88.473414, 26.894647], [88.473401, 26.894784], [88.473383, 26.894874], [88.473348, 26.894966], [88.473332, 26.895068], [88.473331, 26.895141], [88.473334, 26.895208], [88.47335, 26.895283], [88.473371, 26.895344], [88.473389, 26.895406], [88.473378, 26.89545], [88.473338, 26.895497], [88.473264, 26.895557], [88.473171, 26.895624], [88.473132, 26.895685], [88.47313, 26.89574], [88.473163, 26.895794], [88.473194, 26.895833], [88.473259, 26.895865], [88.473323, 26.895889], [88.47341, 26.89593], [88.473474, 26.89596], [88.473532, 26.895998], [88.473568, 26.89605], [88.473595, 26.896107], [88.473606, 26.896161], [88.473607, 26.896204], [88.473566, 26.896285], [88.473517, 26.896367], [88.473461, 26.896486], [88.473445, 26.896602], [88.473413, 26.896701], [88.47339, 26.896822], [88.473375, 26.896937], [88.473377, 26.89703], [88.473398, 26.897117], [88.473426, 26.897177], [88.473454, 26.897264], [88.473464, 26.897326], [88.473465, 26.897376], [88.473448, 26.897438], [88.473402, 26.897518], [88.47335, 26.897609], [88.473283, 26.897711], [88.473263, 26.897799], [88.473254, 26.897909], [88.47328, 26.898004], [88.473314, 26.89812], [88.473346, 26.898219], [88.473386, 26.89828], [88.473415, 26.89834], [88.473405, 26.898397], [88.473389, 26.89846], [88.473354, 26.898517], [88.473343, 26.89858], [88.47336, 26.898686], [88.473354, 26.898766], [88.473312, 26.898823], [88.47323, 26.898865], [88.473162, 26.898909], [88.473081, 26.898974], [88.473051, 26.899056], [88.473071, 26.899127], [88.473099, 26.899236], [88.473086, 26.89929], [88.473045, 26.899335], [88.472977, 26.899419], [88.472942, 26.899501], [88.47293, 26.899549], [88.47278, 26.899805], [88.472726, 26.899891], [88.472658, 26.899976], [88.472631, 26.900042], [88.472632, 26.900116], [88.472628, 26.900175], [88.472605, 26.900266], [88.47258, 26.900321], [88.472535, 26.900365], [88.472489, 26.900414], [88.47241, 26.900431], [88.472324, 26.900435], [88.47212, 26.900429], [88.472031, 26.900434], [88.47197, 26.900447], [88.471921, 26.900468], [88.471857, 26.90051], [88.471801, 26.900548], [88.47173, 26.900579], [88.471668, 26.900587], [88.471575, 26.900575], [88.471444, 26.900568], [88.471361, 26.900563], [88.471307, 26.900567], [88.471223, 26.900569], [88.471131, 26.900614], [88.471118, 26.900677], [88.471107, 26.900746], [88.47115, 26.900846], [88.471216, 26.900957], [88.471341, 26.901145], [88.471437, 26.901288], [88.471538, 26.901367], [88.471687, 26.901465], [88.471832, 26.901575], [88.471964, 26.901707], [88.47205, 26.901771], [88.472112, 26.901793], [88.472175, 26.901805], [88.472238, 26.901817], [88.472282, 26.901831], [88.472341, 26.901859], [88.472387, 26.90189], [88.472416, 26.901933], [88.472453, 26.901994], [88.472473, 26.902056], [88.472475, 26.902107], [88.472469, 26.902154], [88.472448, 26.902209], [88.47241, 26.902315], [88.472369, 26.90243], [88.472355, 26.902481], [88.472356, 26.90251], [88.472366, 26.902533], [88.472385, 26.902559], [88.472408, 26.90258], [88.472459, 26.902604], [88.472536, 26.902627], [88.47375, 26.903029], [88.473838, 26.90304], [88.47391, 26.903035], [88.473975, 26.90302], [88.474035, 26.902988], [88.474078, 26.902955], [88.474113, 26.902915], [88.474134, 26.902881], [88.474164, 26.902829], [88.474215, 26.902687], [88.474275, 26.902441], [88.474321, 26.902347], [88.474372, 26.902278], [88.474424, 26.902229], [88.474472, 26.902209], [88.474562, 26.902185], [88.474665, 26.90216], [88.474744, 26.902131], [88.474812, 26.902079], [88.474861, 26.902007], [88.474877, 26.901959], [88.474881, 26.901915], [88.474876, 26.901869], [88.474853, 26.901834], [88.474801, 26.901786], [88.474684, 26.901678], [88.474648, 26.901635], [88.47463, 26.901597], [88.474622, 26.901549], [88.474622, 26.901501], [88.474634, 26.901463], [88.474714, 26.901292], [88.474724, 26.901239], [88.47472, 26.901155], [88.474718, 26.90098], [88.474723, 26.900911], [88.474734, 26.900856], [88.47475, 26.900804], [88.475088, 26.900367], [88.475094, 26.900345], [88.475099, 26.900306], [88.475097, 26.900122], [88.475103, 26.900047], [88.475113, 26.899976], [88.475155, 26.899854], [88.475339, 26.899446], [88.475349, 26.899379], [88.475349, 26.899324], [88.475335, 26.899261], [88.475325, 26.899177], [88.475332, 26.899116], [88.475352, 26.899032], [88.475394, 26.898926], [88.475438, 26.898834], [88.475473, 26.898748], [88.475485, 26.89868], [88.475475, 26.89858], [88.475467, 26.898472], [88.475467, 26.898362], [88.475479, 26.898273], [88.475499, 26.898191], [88.475525, 26.898134], [88.475577, 26.89807], [88.475815, 26.897907], [88.475968, 26.897813], [88.476075, 26.897737], [88.476115, 26.897689], [88.476127, 26.897648], [88.476124, 26.897614], [88.476107, 26.897585], [88.476078, 26.89756], [88.476037, 26.897541], [88.475742, 26.897461], [88.475654, 26.897442], [88.475608, 26.897418], [88.47558, 26.897392], [88.47556, 26.897359], [88.475534, 26.897309], [88.47552, 26.897234], [88.475509, 26.897134], [88.475497, 26.896942], [88.475497, 26.896829], [88.475499, 26.896749], [88.475518, 26.89668], [88.475546, 26.896602], [88.475563, 26.896532], [88.475569, 26.896471], [88.475557, 26.896407], [88.47553, 26.896331], [88.475449, 26.896186], [88.475424, 26.896126], [88.475411, 26.896054], [88.475407, 26.895971], [88.475422, 26.89588], [88.475455, 26.895781], [88.475522, 26.89567], [88.475556, 26.895589], [88.475572, 26.895507], [88.475572, 26.895441], [88.475552, 26.895309], [88.475554, 26.895241], [88.475572, 26.895169], [88.475604, 26.895065], [88.47562, 26.89499], [88.47562, 26.894915], [88.475601, 26.894846], [88.475572, 26.894793], [88.475557, 26.894744], [88.47555, 26.894679], [88.47556, 26.894628], [88.475612, 26.894434], [88.475619, 26.89436], [88.475613, 26.894297], [88.475587, 26.894234], [88.475553, 26.894156], [88.475536, 26.894088], [88.475533, 26.894024], [88.475537, 26.893893], [88.475559, 26.893801], [88.475616, 26.893641], [88.475721, 26.893326], [88.475752, 26.893183], [88.475774, 26.893022], [88.475792, 26.892932], [88.475812, 26.892879], [88.475829, 26.892831], [88.475841, 26.892772], [88.47584, 26.892723], [88.47584, 26.892685], [88.475819, 26.892638], [88.475805, 26.892569], [88.475789, 26.89243], [88.475803, 26.892], [88.475808, 26.891873], [88.475829, 26.89178], [88.475883, 26.891651], [88.476023, 26.891337], [88.476087, 26.891234], [88.47617, 26.891131], [88.47632, 26.891015], [88.476401, 26.89094], [88.476445, 26.890862], [88.47646, 26.890799], [88.476448, 26.890722], [88.476419, 26.890646], [88.476373, 26.89058], [88.47621, 26.890414], [88.476175, 26.890367], [88.476154, 26.890303], [88.476145, 26.89022], [88.476157, 26.890148], [88.476193, 26.89005], [88.476457, 26.889433], [88.476528, 26.889313], [88.476563, 26.889173], [88.476605, 26.889002], [88.476656, 26.888821], [88.476729, 26.888645], [88.47677, 26.888519], [88.476822, 26.888303], [88.476972, 26.887812], [88.477026, 26.88761], [88.477063, 26.88748], [88.477121, 26.887327], [88.477262, 26.887051], [88.477358, 26.886885], [88.477431, 26.886785], [88.47751, 26.886711], [88.477641, 26.886613], [88.477757, 26.886544], [88.47792, 26.886474], [88.478068, 26.886435], [88.478167, 26.886412], [88.478242, 26.886384], [88.478308, 26.886352], [88.47838, 26.886297], [88.478757, 26.88587], [88.479075, 26.885555], [88.479381, 26.885266], [88.479434, 26.885208], [88.479524, 26.885139], [88.479589, 26.885101], [88.479666, 26.885065], [88.479729, 26.885043], [88.479808, 26.88503], [88.479889, 26.885004], [88.479965, 26.884962], [88.48004, 26.884904], [88.480104, 26.884837], [88.480163, 26.884751], [88.480188, 26.884709], [88.480239, 26.884611], [88.48031, 26.88452], [88.48038, 26.884468], [88.480541, 26.884369], [88.480805, 26.884206], [88.480993, 26.88405], [88.481229, 26.883885], [88.481459, 26.883748], [88.481737, 26.883632], [88.482084, 26.883519], [88.482412, 26.88344], [88.482617, 26.883397], [88.482972, 26.883342], [88.483144, 26.88331], [88.483293, 26.883269], [88.483419, 26.883217], [88.483592, 26.883125], [88.483737, 26.883029], [88.483884, 26.88294], [88.484007, 26.882883], [88.484186, 26.882846], [88.484378, 26.882847], [88.484611, 26.882885], [88.484933, 26.882969], [88.485115, 26.883005], [88.485282, 26.883014], [88.485448, 26.883017], [88.485619, 26.883031], [88.485853, 26.883086], [88.486078, 26.883168], [88.486247, 26.883273], [88.486395, 26.883408], [88.486525, 26.883559], [88.486588, 26.883696], [88.486743, 26.884148], [88.486813, 26.884261], [88.486912, 26.884325], [88.487065, 26.884378], [88.487317, 26.884433], [88.487929, 26.884524], [88.48806, 26.884522], [88.488131, 26.884507], [88.48821, 26.884467], [88.488304, 26.884369], [88.488339, 26.884296], [88.488353, 26.884223], [88.488361, 26.884128], [88.488339, 26.884029], [88.488296, 26.883797], [88.488261, 26.883562], [88.488259, 26.883352], [88.488278, 26.883213], [88.488318, 26.883079], [88.488398, 26.882897], [88.488414, 26.882867], [88.488495, 26.882708], [88.488583, 26.882531], [88.48872, 26.882342], [88.488889, 26.882158], [88.489026, 26.882038], [88.4892, 26.881926], [88.489466, 26.881814], [88.490034, 26.88162], [88.490968, 26.881325], [88.492505, 26.880792], [88.493787, 26.880357], [88.494082, 26.880261], [88.49427, 26.880187], [88.49449, 26.880065], [88.494707, 26.879933], [88.494967, 26.879761], [88.495254, 26.879598], [88.495444, 26.879498], [88.495654, 26.879416], [88.495911, 26.879325], [88.496102, 26.879263], [88.496332, 26.879208], [88.496594, 26.879174], [88.49694, 26.879139], [88.49716, 26.879117], [88.497361, 26.879081], [88.497535, 26.879047], [88.497765, 26.878981], [88.497933, 26.878928], [88.498259, 26.878817], [88.499473, 26.878421], [88.500333, 26.878134], [88.50085, 26.877956], [88.501289, 26.877813], [88.50204, 26.877565], [88.502064, 26.877556], [88.502217, 26.877502], [88.503057, 26.87723], [88.504387, 26.876775], [88.504634, 26.876691], [88.505879, 26.876288], [88.506149, 26.876201], [88.507265, 26.87584], [88.508056, 26.875586], [88.508622, 26.875397], [88.510862, 26.874598], [88.512745, 26.873938], [88.514083, 26.873469], [88.514491, 26.873332], [88.514818, 26.87322], [88.5157, 26.872909], [88.516867, 26.872509], [88.518267, 26.872045], [88.519297, 26.871696], [88.521005, 26.871127], [88.521301, 26.871032], [88.521401, 26.871], [88.52145, 26.870984], [88.521564, 26.870966], [88.521675, 26.870962], [88.521777, 26.870976], [88.521933, 26.871021], [88.522299, 26.871149], [88.523261, 26.871518], [88.523706, 26.871679], [88.52429, 26.871891], [88.524532, 26.871982], [88.524758, 26.872055], [88.52499, 26.872124], [88.52525, 26.872198], [88.525846, 26.872373], [88.526746, 26.872629], [88.527572, 26.872873], [88.52797, 26.872988], [88.528111, 26.873021], [88.528206, 26.873026], [88.528299, 26.873012], [88.528383, 26.872977], [88.528465, 26.872929], [88.528571, 26.872839], [88.528737, 26.872679], [88.528992, 26.872417], [88.52953, 26.871839], [88.529652, 26.871712], [88.529751, 26.871626], [88.529863, 26.871547], [88.529979, 26.871497], [88.530097, 26.871459], [88.53023, 26.871439], [88.530428, 26.871421], [88.530627, 26.871422], [88.531088, 26.871437], [88.531499, 26.871453], [88.532014, 26.871477], [88.532716, 26.8715], [88.534269, 26.87155], [88.535549, 26.871577], [88.536198, 26.8716], [88.536793, 26.871619], [88.536981, 26.871635], [88.537117, 26.871656], [88.537212, 26.871681], [88.537331, 26.871723], [88.537649, 26.871864], [88.53802, 26.872058], [88.5387, 26.872384], [88.539127, 26.872557], [88.539611, 26.872795], [88.539962, 26.872977], [88.540336, 26.873163], [88.540476, 26.87322], [88.540597, 26.873263], [88.540751, 26.873308], [88.540951, 26.873342], [88.541141, 26.873362], [88.541474, 26.873392], [88.541715, 26.873399], [88.54194, 26.873402], [88.542126, 26.873388], [88.542293, 26.873356], [88.542486, 26.8733], [88.542776, 26.873201], [88.543232, 26.873028], [88.543389, 26.87297], [88.54354, 26.872904], [88.543709, 26.872813], [88.543866, 26.872714], [88.544239, 26.872448], [88.545576, 26.871496], [88.546436, 26.870889], [88.547144, 26.870411], [88.547674, 26.87004], [88.549052, 26.869071], [88.549248, 26.868949], [88.549433, 26.868845], [88.549598, 26.868759], [88.549742, 26.868689], [88.549907, 26.868624], [88.550164, 26.868534], [88.550375, 26.868468], [88.550575, 26.868431], [88.550868, 26.868394], [88.551229, 26.868364], [88.551768, 26.868319], [88.55251, 26.868249], [88.554053, 26.868133], [88.554362, 26.868102], [88.554611, 26.868066], [88.554879, 26.867999], [88.555193, 26.867903], [88.555459, 26.867809], [88.555704, 26.867702], [88.555837, 26.867638], [88.556095, 26.867485], [88.556423, 26.867265], [88.556942, 26.866894], [88.55731, 26.866645], [88.557685, 26.866398], [88.557967, 26.866243], [88.558162, 26.866157], [88.55835, 26.866092], [88.558643, 26.866013], [88.558916, 26.865961], [88.559251, 26.865927], [88.559683, 26.865898], [88.560416, 26.865853], [88.561462, 26.865772], [88.562878, 26.865664], [88.563602, 26.865606], [88.565499, 26.865431], [88.566346, 26.865355], [88.566983, 26.865294], [88.56725, 26.865274], [88.567432, 26.86527], [88.567678, 26.865265], [88.56792, 26.865286], [88.568155, 26.865328], [88.568729, 26.865447], [88.570053, 26.865705], [88.570559, 26.865812], [88.571008, 26.865907], [88.571364, 26.865982], [88.571858, 26.866087], [88.572473, 26.866215], [88.57316, 26.866355], [88.57327, 26.866378], [88.573317, 26.866388], [88.573927, 26.866511], [88.57433, 26.866591], [88.574693, 26.866674], [88.574945, 26.866736], [88.575178, 26.866805], [88.575469, 26.866906], [88.575648, 26.86697], [88.576989, 26.867438], [88.578524, 26.867968], [88.57905, 26.868149], [88.579265, 26.868218], [88.579436, 26.868264], [88.57963, 26.868299], [88.579847, 26.86832], [88.580183, 26.868338], [88.580948, 26.86836], [88.581582, 26.868375], [88.581846, 26.868388], [88.582152, 26.868413], [88.582395, 26.86845], [88.582545, 26.868486], [88.582693, 26.868524], [88.583355, 26.868734], [88.584118, 26.868967], [88.584728, 26.869157], [88.585455, 26.869375], [88.585675, 26.86944], [88.585972, 26.869529], [88.587153, 26.869893], [88.589239, 26.870542], [88.589697, 26.87069], [88.590057, 26.870807], [88.59071, 26.870991], [88.590932, 26.871071], [88.591115, 26.871154], [88.591264, 26.871235], [88.591465, 26.871361], [88.592119, 26.8718], [88.592554, 26.872083], [88.592846, 26.87228], [88.593285, 26.872571], [88.593576, 26.872763], [88.593835, 26.872924], [88.594013, 26.873021], [88.594179, 26.873098], [88.594524, 26.873213], [88.59499, 26.87336], [88.595369, 26.873476], [88.595602, 26.873546], [88.595945, 26.873648], [88.597063, 26.873985], [88.597771, 26.874204], [88.599873, 26.874869], [88.600338, 26.875015], [88.601619, 26.875425], [88.60249, 26.875689], [88.602921, 26.875791], [88.60322, 26.875835], [88.60359, 26.875855], [88.60389, 26.875858], [88.604382, 26.875837], [88.604693, 26.875776], [88.604985, 26.875761], [88.60633, 26.875637], [88.606882, 26.87559], [88.60717, 26.87556], [88.60737, 26.875521], [88.607535, 26.875476], [88.607865, 26.875389], [88.608284, 26.875283], [88.609037, 26.875107], [88.61094, 26.874601], [88.611289, 26.874488], [88.611643, 26.874351], [88.611906, 26.874229], [88.612131, 26.874093], [88.612362, 26.87394], [88.612662, 26.873725], [88.61282, 26.873614], [88.613032, 26.873466], [88.613695, 26.873002], [88.614028, 26.87277], [88.614948, 26.872129], [88.615154, 26.871985], [88.615543, 26.871715], [88.616031, 26.871389], [88.616731, 26.870918], [88.616938, 26.870771], [88.617066, 26.870679], [88.61741, 26.870437], [88.617769, 26.870157], [88.618504, 26.869557], [88.618738, 26.86937], [88.619034, 26.869143], [88.619237, 26.868987], [88.620392, 26.868073], [88.620782, 26.867787], [88.620883, 26.867714], [88.620937, 26.867674], [88.621213, 26.867487], [88.621278, 26.867441], [88.622033, 26.866917], [88.622341, 26.866704], [88.62246, 26.866621], [88.622731, 26.866432], [88.623024, 26.866226], [88.623236, 26.866075], [88.623509, 26.865913], [88.623644, 26.865844], [88.623756, 26.865786], [88.624216, 26.865594], [88.624523, 26.865477], [88.624555, 26.865465], [88.6246, 26.865446], [88.625102, 26.865231], [88.625635, 26.864985], [88.625746, 26.864934], [88.626245, 26.864724], [88.626308, 26.864698], [88.626639, 26.864561], [88.627339, 26.864305], [88.627736, 26.864166], [88.627972, 26.864101], [88.628171, 26.864058], [88.628439, 26.864027], [88.62897, 26.863991], [88.629705, 26.863929], [88.630453, 26.863876], [88.630963, 26.863845], [88.631325, 26.863829], [88.631998, 26.863814], [88.632951, 26.863817], [88.633519, 26.863798], [88.633749, 26.863784], [88.634163, 26.863761], [88.635768, 26.86364], [88.635807, 26.863635], [88.636434, 26.863546], [88.636521, 26.863534], [88.636696, 26.863503], [88.63695, 26.863458], [88.637011, 26.863438], [88.637202, 26.863376], [88.637333, 26.863316], [88.637416, 26.863277], [88.637492, 26.863242], [88.637883, 26.862946], [88.638613, 26.862242], [88.638902, 26.862013], [88.639337, 26.861831], [88.639686, 26.861759], [88.640045, 26.861778], [88.640388, 26.861879], [88.640619, 26.861993], [88.640882, 26.86219], [88.641123, 26.862529], [88.641252, 26.862903], [88.641327, 26.863166], [88.641622, 26.8643], [88.642105, 26.866233], [88.642652, 26.868147], [88.642818, 26.868626], [88.642977, 26.869166], [88.642998, 26.869211], [88.64312, 26.869608], [88.644176, 26.872559], [88.644337, 26.873036], [88.64442, 26.873227], [88.644543, 26.87343], [88.64466, 26.873552], [88.644786, 26.873649], [88.644941, 26.873744], [88.645138, 26.873839], [88.645285, 26.873886], [88.645471, 26.873928], [88.645672, 26.873944], [88.645859, 26.873948], [88.646779, 26.873951], [88.64858, 26.873947], [88.649441, 26.873959], [88.650296, 26.873964], [88.650822, 26.873964], [88.651064, 26.873962], [88.651533, 26.873948], [88.6518, 26.873933], [88.652053, 26.873914], [88.652232, 26.873892], [88.652433, 26.873855], [88.652648, 26.873775], [88.653244, 26.87365], [88.654953, 26.873203], [88.656018, 26.87293], [88.657214, 26.872624], [88.657664, 26.872507], [88.658039, 26.872404], [88.659708, 26.871978], [88.660226, 26.871846], [88.660802, 26.8717], [88.660941, 26.871665], [88.662189, 26.871354], [88.664099, 26.870851], [88.665848, 26.870394], [88.666166, 26.870306], [88.666736, 26.870169], [88.667511, 26.869966], [88.667752, 26.869913], [88.667817, 26.869899], [88.668075, 26.869871], [88.668383, 26.869841], [88.669037, 26.869789], [88.669828, 26.869728], [88.6704, 26.869691], [88.670555, 26.869688], [88.670641, 26.870028], [88.670764, 26.87054], [88.670928, 26.871289], [88.671145, 26.872406], [88.671207, 26.872863], [88.671274, 26.87322], [88.671328, 26.873476], [88.671424, 26.873983], [88.671494, 26.874139], [88.671558, 26.874347], [88.67166, 26.874548], [88.671786, 26.874765], [88.671841, 26.874847], [88.672012, 26.875105], [88.67219, 26.875349], [88.672438, 26.875686], [88.672554, 26.875878], [88.67276, 26.876218], [88.673033, 26.876655], [88.673259, 26.876995], [88.673511, 26.877268], [88.673723, 26.877464], [88.673897, 26.877612], [88.674157, 26.877804], [88.674726, 26.878156], [88.675171, 26.878445], [88.676003, 26.878938], [88.676263, 26.879107], [88.676467, 26.87924], [88.676583, 26.879321], [88.676653, 26.87938], [88.676717, 26.87944], [88.676762, 26.879498], [88.676772, 26.879515], [88.676783, 26.879532], [88.676809, 26.879574], [88.676834, 26.879666], [88.676835, 26.879773], [88.676814, 26.879925], [88.676763, 26.880152], [88.676685, 26.880469], [88.676567, 26.880922], [88.676451, 26.881385], [88.676229, 26.882266], [88.676145, 26.88257], [88.675946, 26.883376], [88.675737, 26.884201], [88.675651, 26.884526], [88.675547, 26.884885], [88.675508, 26.884996], [88.67541, 26.885282], [88.675215, 26.885775], [88.675192, 26.885835], [88.675029, 26.886239], [88.674715, 26.887019], [88.674176, 26.888294], [88.673991, 26.888761], [88.673827, 26.889201], [88.673684, 26.88955], [88.673514, 26.889964], [88.673314, 26.890444], [88.673221, 26.890667], [88.673193, 26.890738], [88.673023, 26.891174], [88.672907, 26.891495], [88.672883, 26.891582], [88.67287, 26.891664], [88.672864, 26.891725], [88.672864, 26.891776], [88.672883, 26.891923], [88.672948, 26.892243], [88.673007, 26.892555], [88.673057, 26.892833], [88.67336, 26.89449], [88.67353, 26.895406], [88.67386, 26.897234], [88.67422, 26.899163], [88.67431, 26.899645], [88.674441, 26.900352], [88.674463, 26.900472], [88.674492, 26.900633], [88.674597, 26.901212], [88.67463, 26.901398], [88.674656, 26.901554], [88.674677, 26.901674], [88.674758, 26.90214], [88.674891, 26.902891], [88.674914, 26.90302], [88.675015, 26.903558], [88.675213, 26.904606], [88.675261, 26.904798], [88.675291, 26.904887], [88.675332, 26.904987], [88.675405, 26.905079], [88.675489, 26.90513], [88.675635, 26.905185], [88.676021, 26.905311], [88.676238, 26.90538], [88.676617, 26.9055], [88.676699, 26.905526], [88.676989, 26.905618], [88.67814, 26.90601], [88.678801, 26.906223], [88.679356, 26.906402], [88.679452, 26.906433], [88.680168, 26.906667], [88.681055, 26.906952], [88.6822, 26.907336], [88.682545, 26.907454], [88.682676, 26.907496], [88.682813, 26.907536], [88.682903, 26.907549], [88.682982, 26.90755], [88.683078, 26.907532], [88.683172, 26.907501], [88.683267, 26.907457], [88.683365, 26.907393], [88.683485, 26.907298], [88.683615, 26.90716], [88.683793, 26.90695], [88.683892, 26.906824], [88.683993, 26.906713], [88.684104, 26.906609], [88.684222, 26.90653], [88.684359, 26.90648], [88.684519, 26.906446], [88.684578, 26.906442], [88.684681, 26.906434], [88.684945, 26.906425], [88.685644, 26.906388], [88.686172, 26.90636], [88.687028, 26.906302], [88.687949, 26.90622], [88.689046, 26.906146], [88.689551, 26.906086], [88.68984, 26.906062], [88.689962, 26.906064], [88.690076, 26.906085], [88.690142, 26.906115], [88.69022, 26.906181], [88.690374, 26.906366], [88.690531, 26.906578], [88.691057, 26.907293], [88.691278, 26.907586], [88.691539, 26.907926], [88.691955, 26.908473], [88.692108, 26.908685], [88.692532, 26.909245], [88.692779, 26.909584], [88.693471, 26.910535], [88.693847, 26.911047], [88.694224, 26.911556], [88.694961, 26.912517], [88.695239, 26.912883], [88.695674, 26.913443], [88.695748, 26.913527], [88.695817, 26.913589], [88.695906, 26.913647], [88.696009, 26.913689], [88.696073, 26.913699], [88.696131, 26.913709], [88.696336, 26.913714], [88.696909, 26.913692], [88.697707, 26.913668], [88.698048, 26.913662], [88.699228, 26.913631], [88.699869, 26.913612], [88.700833, 26.913589], [88.701607, 26.91357], [88.701717, 26.913571], [88.701793, 26.913586], [88.701874, 26.913618], [88.70193, 26.913675], [88.701957, 26.913756], [88.701973, 26.913903], [88.702007, 26.914634], [88.702052, 26.915866], [88.702079, 26.916825], [88.70213, 26.917794], [88.702138, 26.918691], [88.702181, 26.919827], [88.702181, 26.920465], [88.702181, 26.920525], [88.702143, 26.92146], [88.70213, 26.922108], [88.702154, 26.922687], [88.702224, 26.923498], [88.70225, 26.923805], [88.70231, 26.924498], [88.702358, 26.925093], [88.702409, 26.925829], [88.70241, 26.926058], [88.702398, 26.92622], [88.702366, 26.926316], [88.702304, 26.926395], [88.702231, 26.926432], [88.702126, 26.926445], [88.701046, 26.92647], [88.699103, 26.926505], [88.698923, 26.926517], [88.698836, 26.92654], [88.698785, 26.926573], [88.698744, 26.926664], [88.698732, 26.926761], [88.698745, 26.92701], [88.698783, 26.927582], [88.698803, 26.928232], [88.698814, 26.928887], [88.698837, 26.92968], [88.698844, 26.929841], [88.698883, 26.93041], [88.698911, 26.931169], [88.698928, 26.931634], [88.698957, 26.932308], [88.698981, 26.932744], [88.699029, 26.933679], [88.699121, 26.935466], [88.699153, 26.936063], [88.699162, 26.93634], [88.699161, 26.936534], [88.699153, 26.936724], [88.699131, 26.936882], [88.699101, 26.93703], [88.69904, 26.937272], [88.698982, 26.937461], [88.698803, 26.938048], [88.698773, 26.938167], [88.69875, 26.938322], [88.698742, 26.938471], [88.698741, 26.938708], [88.698749, 26.939111], [88.698769, 26.939347], [88.6988, 26.9396], [88.698899, 26.940239], [88.698914, 26.940527], [88.698923, 26.940837], [88.698938, 26.941342], [88.69896, 26.941668], [88.698992, 26.941933], [88.699025, 26.942206], [88.699225, 26.944044], [88.699281, 26.944909], [88.699357, 26.945684], [88.699556, 26.947418], [88.69979, 26.948438], [88.700374, 26.949858], [88.700535, 26.951045], [88.70082, 26.952799], [88.70091, 26.95343], [88.70059, 26.95436], [88.70042, 26.9553], [88.70029, 26.95622], [88.69969, 26.95697], [88.69896, 26.9577], [88.69816, 26.95839], [88.697892, 26.958649], [88.697798, 26.958779], [88.697777, 26.958924], [88.697742, 26.959193], [88.697911, 26.959553], [88.6984, 26.959973], [88.698536, 26.960416], [88.698514, 26.960813], [88.698419, 26.961049], [88.69842, 26.96114], [88.69833, 26.96193], [88.69859, 26.96283], [88.698721, 26.963087], [88.699231, 26.96366], [88.699424, 26.964033], [88.699784, 26.964768], [88.69982, 26.96538], [88.70009, 26.966538], [88.700041, 26.966749], [88.700035, 26.966912], [88.700207, 26.967112], [88.700362, 26.967481], [88.70047, 26.967772], [88.7007, 26.96798], [88.700835, 26.968236], [88.70092, 26.968518], [88.700824, 26.968724], [88.70072, 26.96882], [88.700475, 26.969484], [88.7005, 26.96978], [88.700625, 26.970029], [88.700684, 26.970136], [88.700717, 26.970251], [88.700671, 26.970416], [88.700615, 26.970582], [88.700666, 26.970997], [88.700786, 26.9716], [88.700931, 26.97219], [88.70115, 26.97255], [88.701537, 26.97296], [88.7018, 26.973533], [88.70208, 26.974535], [88.702145, 26.9752], [88.70211, 26.97624], [88.702251, 26.97677], [88.702272, 26.977324], [88.702363, 26.977697], [88.702516, 26.978029], [88.702508, 26.978524], [88.702331, 26.97926], [88.70228, 26.979595], [88.70227, 26.979684], [88.702219, 26.979732], [88.702119, 26.979755], [88.70196, 26.97976], [88.701795, 26.979739], [88.701617, 26.979723], [88.701448, 26.979703], [88.7013, 26.979674], [88.701176, 26.979647], [88.70109, 26.979682], [88.701021, 26.979742], [88.700901, 26.979893], [88.700781, 26.980034], [88.700671, 26.980195], [88.700595, 26.980381], [88.7005, 26.980665], [88.700391, 26.980954], [88.700276, 26.981231], [88.700198, 26.98145], [88.700137, 26.981557], [88.700058, 26.981688], [88.699923, 26.981817], [88.699801, 26.981914], [88.6997, 26.982011], [88.699566, 26.982121], [88.69948, 26.9822], [88.699394, 26.982308], [88.699353, 26.982404], [88.699335, 26.982492], [88.699324, 26.982593], [88.699292, 26.982703], [88.699247, 26.982799], [88.699183, 26.982882], [88.699071, 26.982977], [88.698976, 26.983058], [88.698892, 26.983124], [88.698836, 26.983195], [88.698775, 26.983308], [88.698694, 26.983403], [88.698611, 26.983501], [88.698562, 26.983595], [88.698549, 26.98368], [88.698507, 26.983809], [88.698464, 26.983894], [88.6984, 26.98396], [88.698302, 26.98402], [88.698228, 26.984101], [88.698197, 26.98419], [88.698191, 26.98427], [88.69817, 26.984374], [88.698148, 26.984497], [88.698116, 26.984678], [88.698101, 26.984753], [88.698083, 26.984859], [88.698032, 26.984958], [88.697964, 26.985055], [88.697919, 26.98514], [88.697893, 26.985228], [88.697858, 26.985375], [88.697819, 26.985443], [88.69778, 26.985496], [88.697706, 26.985551], [88.697665, 26.985615], [88.697657, 26.985682], [88.697647, 26.985771], [88.697613, 26.98586], [88.697557, 26.985935], [88.697498, 26.985982], [88.697413, 26.986023], [88.697314, 26.986065], [88.697238, 26.986128], [88.697153, 26.986256], [88.697042, 26.98642], [88.696886, 26.986574], [88.696717, 26.986715], [88.696599, 26.986809], [88.696374, 26.986941], [88.696308, 26.986998], [88.696266, 26.987072], [88.696281, 26.987134], [88.696305, 26.987187], [88.696334, 26.987259], [88.696367, 26.987345], [88.696374, 26.987425], [88.696391, 26.987483], [88.696457, 26.987583], [88.696521, 26.987709], [88.696558, 26.987837], [88.69656, 26.987939], [88.696558, 26.988039], [88.696565, 26.988132], [88.696584, 26.988224], [88.696638, 26.988379], [88.696675, 26.988463], [88.696675, 26.988528], [88.69666, 26.988614], [88.696597, 26.988709], [88.696511, 26.988819], [88.696438, 26.988914], [88.696432, 26.988998], [88.696455, 26.989058], [88.696499, 26.989106], [88.696563, 26.989152], [88.69665, 26.989194], [88.696743, 26.989237], [88.696805, 26.989292], [88.696846, 26.989344], [88.696841, 26.9894], [88.696793, 26.989438], [88.696699, 26.98945], [88.69658, 26.98946], [88.696487, 26.989489], [88.69644, 26.989538], [88.696401, 26.989623], [88.696396, 26.98971], [88.696391, 26.98982], [88.696406, 26.989972], [88.696393, 26.990053], [88.696346, 26.990159], [88.69631, 26.990278], [88.6963, 26.990386], [88.696308, 26.990475], [88.696327, 26.990544], [88.696362, 26.990623], [88.696413, 26.99068], [88.696487, 26.990745], [88.696543, 26.990802], [88.69658, 26.990869], [88.696584, 26.990949], [88.696585, 26.991061], [88.696609, 26.991168], [88.696645, 26.991297], [88.69668, 26.991449], [88.696716, 26.991595], [88.696722, 26.991692], [88.696727, 26.991786], [88.696721, 26.991866], [88.696699, 26.991961], [88.696673, 26.992032], [88.696677, 26.99208], [88.696721, 26.992312], [88.696744, 26.992421], [88.696765, 26.992515], [88.696805, 26.99272], [88.69683, 26.99295], [88.696851, 26.99308], [88.696871, 26.993203], [88.696913, 26.993354], [88.69694, 26.993506], [88.696952, 26.993631], [88.696959, 26.993759], [88.696974, 26.993858], [88.697003, 26.993944], [88.697047, 26.994042], [88.697094, 26.994149], [88.697111, 26.994209], [88.697092, 26.994265], [88.697053, 26.994328], [88.697015, 26.994405], [88.697015, 26.994456], [88.69703, 26.994525], [88.697052, 26.994644], [88.697065, 26.994739], [88.697064, 26.994829], [88.69705, 26.994917], [88.697043, 26.995022], [88.69705, 26.995111], [88.697081, 26.995273], [88.697092, 26.995382], [88.697104, 26.995486], [88.697101, 26.995565], [88.697079, 26.995698], [88.697053, 26.995791], [88.697069, 26.995861], [88.697092, 26.995939], [88.697113, 26.996008], [88.697121, 26.996073], [88.697108, 26.996174], [88.697082, 26.996272], [88.69706, 26.996354], [88.697006, 26.99646], [88.696937, 26.996589], [88.696876, 26.996726], [88.696839, 26.996833], [88.696824, 26.996916], [88.696829, 26.996982], [88.696822, 26.997054], [88.696798, 26.997125], [88.696753, 26.99725], [88.696706, 26.997405], [88.69669, 26.997458], [88.696597, 26.997685], [88.696547, 26.9978], [88.696479, 26.997977], [88.696447, 26.998105], [88.696432, 26.998181], [88.696444, 26.998253], [88.696484, 26.998301], [88.696533, 26.998337], [88.696607, 26.998343], [88.696678, 26.998307], [88.696727, 26.998241], [88.696742, 26.998184], [88.696754, 26.998138], [88.696775, 26.998015], [88.696798, 26.997949], [88.696841, 26.997867], [88.697001, 26.997627], [88.697116, 26.99747], [88.697231, 26.997336], [88.697299, 26.997247], [88.697369, 26.997137], [88.697466, 26.99696], [88.697547, 26.996842], [88.697697, 26.996659], [88.697804, 26.996485], [88.697895, 26.996293], [88.697963, 26.996103], [88.697983, 26.99593], [88.697981, 26.995852], [88.697964, 26.995781], [88.697961, 26.995608], [88.697961, 26.995576], [88.697976, 26.995502], [88.697991, 26.995421], [88.698099, 26.995111], [88.698157, 26.995058], [88.698236, 26.995046], [88.698302, 26.995064], [88.698327, 26.995093], [88.698344, 26.995114], [88.698348, 26.995165], [88.698295, 26.995276], [88.698208, 26.995471], [88.698194, 26.995552], [88.698208, 26.995639], [88.698219, 26.99576], [88.698228, 26.995885], [88.698225, 26.995917], [88.698219, 26.99597], [88.698189, 26.996123], [88.698113, 26.996378], [88.698044, 26.996619], [88.698018, 26.996687], [88.697954, 26.996761], [88.697871, 26.996844], [88.69781, 26.996924], [88.69779, 26.996988], [88.697797, 26.997045], [88.697822, 26.997097], [88.697881, 26.997158], [88.697936, 26.997217], [88.697979, 26.997285], [88.698013, 26.997366], [88.698049, 26.997485], [88.698074, 26.997643], [88.698108, 26.99788], [88.698115, 26.998003], [88.69812, 26.998132], [88.698093, 26.998229], [88.698052, 26.998319], [88.698, 26.998414], [88.697956, 26.998488], [88.697937, 26.998521], [88.697902, 26.998622], [88.69788, 26.998726], [88.697868, 26.998834], [88.697861, 26.998914], [88.697868, 26.999033], [88.69788, 26.999168], [88.697876, 26.999225], [88.697853, 26.999275], [88.697816, 26.999316], [88.697751, 26.99935], [88.69768, 26.999379], [88.697586, 26.999406], [88.697493, 26.999442], [88.697437, 26.999492], [88.697413, 26.999555], [88.697405, 26.999627], [88.697417, 26.999703], [88.697446, 26.999764], [88.697505, 26.999859], [88.697542, 26.999945], [88.697554, 27.00007], [88.697545, 27.000168], [88.697513, 27.00026], [88.6975, 27.000424], [88.697506, 27.000596], [88.697496, 27.000726], [88.697491, 27.000808], [88.697564, 27.00094], [88.69762, 27.001032], [88.697675, 27.001136], [88.697731, 27.001196], [88.697797, 27.001253], [88.697844, 27.001323], [88.697883, 27.001402], [88.6979, 27.001483], [88.697903, 27.0015], [88.697903, 27.001631], [88.697888, 27.00171], [88.697868, 27.001785], [88.697814, 27.00186], [88.697772, 27.001934], [88.69779, 27.001999], [88.697829, 27.002047], [88.697881, 27.002098], [88.69793, 27.002151], [88.697986, 27.002215], [88.698034, 27.002282], [88.69805, 27.002374], [88.698055, 27.002488], [88.69805, 27.00258], [88.698039, 27.002673], [88.698, 27.002781], [88.697937, 27.002905], [88.697915, 27.002992], [88.697903, 27.003068], [88.697905, 27.003168], [88.69791, 27.00323], [88.697919, 27.003384], [88.697927, 27.003433], [88.697949, 27.003491], [88.698054, 27.003616], [88.69813, 27.003727], [88.698162, 27.003787], [88.698214, 27.003929], [88.698241, 27.003984], [88.698284, 27.004052], [88.698333, 27.004141], [88.698338, 27.004203], [88.698328, 27.004254], [88.698302, 27.00431], [88.698226, 27.004442], [88.698103, 27.004642], [88.697991, 27.004775], [88.697957, 27.004852], [88.697932, 27.004939], [88.697905, 27.005067], [88.697883, 27.005186], [88.697863, 27.00533], [88.697844, 27.005466], [88.697838, 27.005547], [88.697851, 27.005615], [88.697876, 27.005756], [88.69792, 27.005907], [88.697936, 27.005993], [88.697979, 27.006237], [88.69802, 27.00642], [88.698032, 27.006584], [88.698032, 27.00669], [88.69803, 27.006803], [88.698042, 27.007098], [88.698044, 27.00717], [88.698071, 27.007211], [88.698132, 27.007229], [88.698204, 27.007215], [88.69826, 27.007168], [88.698306, 27.00708], [88.698351, 27.006979], [88.698404, 27.006908], [88.698456, 27.006854], [88.698554, 27.006769], [88.698692, 27.006666], [88.698851, 27.006541], [88.698922, 27.006476], [88.698958, 27.006416], [88.698961, 27.006336], [88.698953, 27.005859], [88.698888, 27.005536], [88.698882, 27.005473], [88.698902, 27.0054], [88.698934, 27.005377], [88.698954, 27.005363], [88.699029, 27.005357], [88.699101, 27.005381], [88.699134, 27.005425], [88.699154, 27.005601], [88.699177, 27.005752], [88.69924, 27.005892], [88.699318, 27.006038], [88.699395, 27.006155], [88.699546, 27.006339], [88.699718, 27.006535], [88.699862, 27.006739], [88.699926, 27.006824], [88.69995, 27.00692], [88.699956, 27.007018], [88.699951, 27.007146], [88.699924, 27.007323], [88.699909, 27.0075], [88.699906, 27.007632], [88.699914, 27.007757], [88.699948, 27.00792], [88.699992, 27.008132], [88.7, 27.00834], [88.699992, 27.008478], [88.699977, 27.008629], [88.699939, 27.008763], [88.699879, 27.008933], [88.699828, 27.009154], [88.699803, 27.009256], [88.699759, 27.009354], [88.699684, 27.009479], [88.699608, 27.009618], [88.699542, 27.009752], [88.699512, 27.009871], [88.699505, 27.009971], [88.69954, 27.010327], [88.699583, 27.010532], [88.699608, 27.01062], [88.699668, 27.010678], [88.699737, 27.010691], [88.699785, 27.010668], [88.699823, 27.010618], [88.699824, 27.010517], [88.699781, 27.010375], [88.699698, 27.010167], [88.69966, 27.010025], [88.699687, 27.009962], [88.699762, 27.009925], [88.699862, 27.00994], [88.699894, 27.00997], [88.699921, 27.010152], [88.699904, 27.010312], [88.699934, 27.010419], [88.699977, 27.010496], [88.70009, 27.010705], [88.700068, 27.01079], [88.699992, 27.01087], [88.699916, 27.010951], [88.699901, 27.01112], [88.699886, 27.011282], [88.699769, 27.011571], [88.699719, 27.011723], [88.699713, 27.011829], [88.699843, 27.012029], [88.699949, 27.012093], [88.700141, 27.012168], [88.700245, 27.012285], [88.700313, 27.012507], [88.70038, 27.012646], [88.700397, 27.012942], [88.7005, 27.01336], [88.700647, 27.013658], [88.700783, 27.013854], [88.70097, 27.01418], [88.701202, 27.014784], [88.70135, 27.015006], [88.701452, 27.015191], [88.701652, 27.015756], [88.701836, 27.015991], [88.701872, 27.016079], [88.70188, 27.016166], [88.701834, 27.016242], [88.701535, 27.016407], [88.700961, 27.016735], [88.70031, 27.01695], [88.699879, 27.017099], [88.699626, 27.017253], [88.699399, 27.017416], [88.699195, 27.01758], [88.699134, 27.017698], [88.699132, 27.017797], [88.699209, 27.017873], [88.699265, 27.017901], [88.699347, 27.017896], [88.699568, 27.01778], [88.699815, 27.0177], [88.700179, 27.017666], [88.700401, 27.017634], [88.700507, 27.017653], [88.700559, 27.01772], [88.700559, 27.017799], [88.700497, 27.017858], [88.699934, 27.018023], [88.699781, 27.018026], [88.699668, 27.018072], [88.699609, 27.018139], [88.699592, 27.018226], [88.699631, 27.018289], [88.699724, 27.018313], [88.70036, 27.01832], [88.700844, 27.018359], [88.701193, 27.018438], [88.701359, 27.01851], [88.701448, 27.018569], [88.701516, 27.018671], [88.70151, 27.018762], [88.701481, 27.018848], [88.701397, 27.018958], [88.701286, 27.019018], [88.700882, 27.019172], [88.700428, 27.019324], [88.70038, 27.019369], [88.700369, 27.019428], [88.700403, 27.019477], [88.700461, 27.019497], [88.700897, 27.019338], [88.700963, 27.019354], [88.70101, 27.0194], [88.70102, 27.01946], [88.700983, 27.019523], [88.700614, 27.019671], [88.700458, 27.019781], [88.70042, 27.01985], [88.700405, 27.019923], [88.700428, 27.020003], [88.700482, 27.020039], [88.700577, 27.020063], [88.700837, 27.020039], [88.701007, 27.020031], [88.701122, 27.020054], [88.70125, 27.02012], [88.701397, 27.020223], [88.701476, 27.020335], [88.701501, 27.020427], [88.701481, 27.02054], [88.701284, 27.020782], [88.701199, 27.020922], [88.701163, 27.02101], [88.701164, 27.021089], [88.701197, 27.021161], [88.701271, 27.021224], [88.701367, 27.021268], [88.701506, 27.021268], [88.701782, 27.021205], [88.702068, 27.021142], [88.702253, 27.021123], [88.702376, 27.02115], [88.702527, 27.021187], [88.702645, 27.021266], [88.702715, 27.021332], [88.702739, 27.021408], [88.702698, 27.021518], [88.702579, 27.021653], [88.702478, 27.021808], [88.702377, 27.022082], [88.702387, 27.022235], [88.702427, 27.022432], [88.702468, 27.022607], [88.70247, 27.022728], [88.702445, 27.022824], [88.702413, 27.022864], [88.702385, 27.0229], [88.702289, 27.022957], [88.702139, 27.023025], [88.702042, 27.02313], [88.701839, 27.023459], [88.701796, 27.023755], [88.701719, 27.024083], [88.701721, 27.024203], [88.701791, 27.024328], [88.701955, 27.024529], [88.702182, 27.02488], [88.702225, 27.025047], [88.702234, 27.025144], [88.702195, 27.025244], [88.702083, 27.0253], [88.701951, 27.02537], [88.701859, 27.025438], [88.701804, 27.025491], [88.701806, 27.025629], [88.701872, 27.025819], [88.701978, 27.026038], [88.702263, 27.026531], [88.702751, 27.027444], [88.70277, 27.027522], [88.702768, 27.027588], [88.702756, 27.027642], [88.702708, 27.02766], [88.702655, 27.027649], [88.702603, 27.027606], [88.702583, 27.027511], [88.702547, 27.027296], [88.702462, 27.027066], [88.702121, 27.026619], [88.701887, 27.02639], [88.701785, 27.026277], [88.701731, 27.026208], [88.701676, 27.026121], [88.701623, 27.026105], [88.701561, 27.026102], [88.701493, 27.026132], [88.701476, 27.026178], [88.701459, 27.026236], [88.701514, 27.026295], [88.701572, 27.026333], [88.701657, 27.026396], [88.701725, 27.026439], [88.702257, 27.027059], [88.702317, 27.027257], [88.702369, 27.027472], [88.702327, 27.027609], [88.702251, 27.027695], [88.702246, 27.027759], [88.702314, 27.02791], [88.702268, 27.028235], [88.70224, 27.02837], [88.702258, 27.028459], [88.702306, 27.028546], [88.702408, 27.028616], [88.702708, 27.028709], [88.702778, 27.028755], [88.702883, 27.028882], [88.702953, 27.029024], [88.703013, 27.029276], [88.703006, 27.029428], [88.702983, 27.029538], [88.702943, 27.029625], [88.702881, 27.029676], [88.702812, 27.029686], [88.702723, 27.029675], [88.702345, 27.029471], [88.702065, 27.029346], [88.701946, 27.029348], [88.701682, 27.029409], [88.701562, 27.029386], [88.701386, 27.02927], [88.701291, 27.029219], [88.700984, 27.029253], [88.700862, 27.029253], [88.700511, 27.029147], [88.700254, 27.028982], [88.699945, 27.028705], [88.699555, 27.028355], [88.698891, 27.027858], [88.698759, 27.027772], [88.698659, 27.027738], [88.698397, 27.027689], [88.698293, 27.027655], [88.698153, 27.027571], [88.698046, 27.027505], [88.697861, 27.027456], [88.697755, 27.027422], [88.697693, 27.027382], [88.697616, 27.027308], [88.697561, 27.027234], [88.697499, 27.027071], [88.697452, 27.026976], [88.697371, 27.026898], [88.697265, 27.026811], [88.69719, 27.026744], [88.697167, 27.026669], [88.697097, 27.026399], [88.697024, 27.026223], [88.696952, 27.025895], [88.696929, 27.025789], [88.696897, 27.025732], [88.696809, 27.025703], [88.696726, 27.025711], [88.696688, 27.02576], [88.696684, 27.025827], [88.696714, 27.025906], [88.696854, 27.02613], [88.696892, 27.026204], [88.69689, 27.026261], [88.696858, 27.02631], [88.696801, 27.026339], [88.696743, 27.026337], [88.696692, 27.02631], [88.69666, 27.026257], [88.696609, 27.026054], [88.69653, 27.025846], [88.696394, 27.025584], [88.696279, 27.025394], [88.696226, 27.025324], [88.696145, 27.025256], [88.696079, 27.025201], [88.695971, 27.025019], [88.695851, 27.024778], [88.695824, 27.024679], [88.695819, 27.024586], [88.695843, 27.024435], [88.695896, 27.024272], [88.695941, 27.024152], [88.695964, 27.02405], [88.696005, 27.023873], [88.696122, 27.023504], [88.696254, 27.023168], [88.696271, 27.023107], [88.69626, 27.023048], [88.696196, 27.023003], [88.696094, 27.02298], [88.695964, 27.022969], [88.695704, 27.022938], [88.695558, 27.022899], [88.695464, 27.022823], [88.695368, 27.022698], [88.69527, 27.022506], [88.695187, 27.02235], [88.695093, 27.022299], [88.695015, 27.022303], [88.694974, 27.022362], [88.694959, 27.02243], [88.69497, 27.022521], [88.694998, 27.022618], [88.695072, 27.022715], [88.695164, 27.022811], [88.695264, 27.022895], [88.69537, 27.022963], [88.695496, 27.023033], [88.695651, 27.023081], [88.695749, 27.023124], [88.695822, 27.023196], [88.695832, 27.023284], [88.695824, 27.023371], [88.695679, 27.023659], [88.695536, 27.023981], [88.695432, 27.024217], [88.695357, 27.024344], [88.695319, 27.02444], [88.695302, 27.024581], [88.695321, 27.024755], [88.695355, 27.02496], [88.695389, 27.025064], [88.695432, 27.02514], [88.695489, 27.025225], [88.695549, 27.025299], [88.6956, 27.025387], [88.695651, 27.025535], [88.695713, 27.025703], [88.695775, 27.025829], [88.695873, 27.025988], [88.695951, 27.026107], [88.695977, 27.026177], [88.695953, 27.026238], [88.695851, 27.026432], [88.695819, 27.026534], [88.695828, 27.026604], [88.695836, 27.026672], [88.695902, 27.026877], [88.695953, 27.027084], [88.69599, 27.02727], [88.696005, 27.027359], [88.696043, 27.027446], [88.696113, 27.027541], [88.696205, 27.027691], [88.696332, 27.027913], [88.696405, 27.028047], [88.696471, 27.028129], [88.696543, 27.02821], [88.696607, 27.028318], [88.696679, 27.028391], [88.696762, 27.02844], [88.696909, 27.028508], [88.696997, 27.028573], [88.697035, 27.028652], [88.697014, 27.028736], [88.69698, 27.028785], [88.696892, 27.028844], [88.696797, 27.028901], [88.696711, 27.028975], [88.696641, 27.029035], [88.696582, 27.029094], [88.696479, 27.029138], [88.696347, 27.029183], [88.696171, 27.029291], [88.695834, 27.029513], [88.695511, 27.029775], [88.695191, 27.030001], [88.694874, 27.030183], [88.694695, 27.030298], [88.694574, 27.030376], [88.694457, 27.030437], [88.694385, 27.030511], [88.694355, 27.030577], [88.694338, 27.030674], [88.694355, 27.030755], [88.694387, 27.030844], [88.694448, 27.030977], [88.694461, 27.031034], [88.694446, 27.031076], [88.694391, 27.03111], [88.694319, 27.031117], [88.694255, 27.031097], [88.69421, 27.031047], [88.694163, 27.030941], [88.694112, 27.030708], [88.694106, 27.030469], [88.694123, 27.030323], [88.69418, 27.030217], [88.694272, 27.030129], [88.694402, 27.03008], [88.694536, 27.030076], [88.694644, 27.030048], [88.694749, 27.029976], [88.695, 27.029739], [88.695098, 27.029612], [88.695164, 27.029506], [88.695221, 27.02939], [88.695306, 27.029297], [88.695466, 27.029176], [88.695611, 27.029022], [88.69577, 27.028906], [88.695962, 27.028791], [88.696056, 27.028709], [88.696075, 27.028648], [88.696041, 27.028609], [88.695951, 27.028633], [88.695849, 27.028709], [88.695658, 27.028861], [88.695523, 27.028916], [88.695187, 27.029068], [88.694857, 27.029299], [88.694531, 27.029483], [88.694365, 27.029564], [88.694135, 27.029642], [88.694031, 27.029669], [88.693963, 27.029646], [88.693929, 27.029602], [88.693946, 27.029542], [88.693997, 27.029477], [88.694238, 27.029388], [88.69457, 27.029282], [88.694738, 27.029206], [88.694846, 27.029145], [88.694934, 27.029066], [88.695023, 27.028973], [88.695153, 27.028874], [88.695308, 27.028789], [88.695368, 27.028728], [88.69537, 27.028681], [88.695353, 27.028643], [88.695298, 27.028628], [88.695242, 27.028645], [88.695044, 27.0288], [88.694804, 27.028978], [88.694553, 27.029115], [88.694284, 27.029212], [88.693859, 27.029343], [88.693746, 27.029399], [88.693678, 27.029466], [88.693644, 27.029549], [88.693593, 27.030323], [88.69355, 27.030495], [88.693514, 27.030581], [88.693444, 27.030645], [88.69332, 27.030719], [88.693235, 27.030801], [88.693205, 27.030871], [88.693175, 27.031131], [88.693143, 27.031336], [88.693097, 27.031493], [88.692992, 27.031597], [88.692909, 27.031645], [88.692745, 27.031654], [88.692609, 27.031677], [88.692507, 27.031717], [88.692441, 27.031785], [88.692381, 27.031878], [88.692332, 27.03198], [88.692254, 27.032039], [88.692115, 27.032107], [88.692026, 27.032164], [88.691949, 27.032287], [88.691872, 27.032407], [88.691796, 27.0325], [88.691709, 27.032638], [88.691681, 27.032708], [88.691677, 27.032765], [88.691681, 27.032837], [88.691691, 27.032983], [88.691683, 27.033086], [88.69166, 27.033145], [88.691572, 27.033247], [88.691434, 27.033397], [88.69131, 27.033518], [88.691168, 27.033594], [88.691089, 27.033655], [88.691076, 27.033721], [88.691085, 27.033772], [88.69111, 27.033818], [88.691149, 27.033871], [88.691198, 27.033937], [88.691264, 27.034021], [88.691321, 27.034117], [88.691357, 27.034216], [88.691374, 27.034334], [88.691387, 27.034487], [88.691404, 27.03466], [88.691421, 27.034832], [88.691415, 27.034995], [88.691402, 27.035194], [88.691443, 27.035285], [88.691493, 27.035353], [88.691565, 27.035427], [88.691608, 27.03546], [88.691664, 27.03548], [88.691723, 27.035471], [88.691804, 27.035439], [88.691904, 27.035365], [88.691959, 27.035305], [88.69203, 27.035215], [88.6921, 27.035102], [88.69217, 27.034999], [88.692264, 27.034901], [88.692383, 27.034802], [88.692535, 27.034701], [88.692667, 27.034626], [88.692788, 27.034559], [88.692873, 27.034533], [88.692973, 27.034525], [88.693094, 27.034531], [88.693231, 27.034518], [88.693416, 27.034487], [88.693499, 27.034455], [88.693552, 27.034404], [88.693565, 27.034351], [88.693571, 27.034258], [88.693584, 27.034176], [88.693618, 27.034114], [88.693712, 27.034057], [88.69391, 27.03399], [88.694114, 27.03393], [88.694187, 27.03389], [88.694255, 27.03382], [88.694372, 27.033662], [88.694429, 27.033571], [88.694491, 27.033522], [88.694619, 27.033507], [88.694708, 27.033499], [88.694802, 27.033467], [88.694874, 27.033418], [88.694966, 27.03333], [88.695019, 27.033298], [88.695089, 27.033289], [88.695208, 27.033296], [88.695336, 27.033306], [88.695419, 27.033304], [88.695515, 27.033274], [88.695658, 27.03323], [88.695734, 27.033234], [88.695813, 27.033268], [88.695919, 27.0333], [88.695996, 27.033304], [88.696073, 27.033287], [88.696192, 27.033215], [88.696269, 27.033156], [88.696373, 27.033128], [88.696784, 27.033076], [88.696837, 27.033107], [88.696867, 27.033158], [88.696869, 27.033207], [88.696833, 27.033281], [88.696637, 27.033626], [88.696601, 27.0337], [88.696596, 27.033748], [88.696605, 27.033812], [88.696628, 27.033877], [88.696671, 27.033937], [88.69676, 27.034024], [88.696858, 27.034138], [88.696924, 27.03425], [88.696965, 27.034362], [88.697018, 27.034536], [88.697039, 27.034682], [88.697039, 27.034806], [88.697007, 27.034948], [88.697005, 27.035014], [88.697043, 27.035096], [88.697095, 27.035164], [88.697165, 27.035219], [88.697282, 27.035312], [88.697456, 27.035445], [88.697529, 27.035547], [88.697661, 27.03575], [88.69781, 27.035913], [88.697976, 27.036076], [88.698055, 27.036165], [88.698091, 27.036243], [88.698136, 27.036332], [88.69818, 27.036397], [88.6983, 27.036518], [88.698449, 27.036639], [88.698585, 27.036761], [88.698638, 27.03684], [88.698672, 27.036937], [88.698649, 27.037102], [88.698604, 27.037273], [88.698534, 27.037485], [88.698461, 27.037697], [88.698404, 27.037893], [88.698387, 27.03799], [88.698351, 27.038145], [88.698287, 27.038371], [88.698219, 27.038575], [88.698195, 27.038668], [88.698206, 27.03878], [88.698251, 27.038922], [88.698278, 27.039067], [88.698236, 27.039203], [88.698108, 27.039446], [88.69801, 27.03963], [88.697959, 27.039825], [88.697914, 27.039982], [88.697867, 27.040085], [88.697821, 27.040197], [88.697782, 27.040335], [88.697729, 27.040511], [88.69774, 27.040601], [88.697797, 27.040663], [88.697867, 27.040733], [88.697921, 27.040826], [88.697944, 27.041006], [88.697899, 27.04127], [88.697869, 27.041509], [88.697823, 27.041598], [88.69774, 27.041681], [88.697614, 27.041746], [88.697463, 27.041784], [88.697327, 27.041801], [88.697169, 27.041808], [88.697031, 27.041833], [88.69688, 27.041899], [88.696728, 27.041996], [88.696569, 27.042098], [88.69636, 27.042163], [88.696217, 27.042197], [88.696075, 27.042199], [88.695917, 27.04218], [88.695785, 27.04215], [88.695647, 27.042146], [88.695496, 27.042191], [88.695387, 27.042231], [88.695328, 27.042296], [88.695304, 27.042379], [88.695332, 27.042495], [88.695443, 27.042675], [88.69554, 27.042863], [88.695583, 27.043052], [88.69563, 27.043301], [88.695628, 27.043517], [88.695602, 27.043638], [88.6955, 27.043765], [88.695238, 27.043947], [88.69514, 27.044008], [88.695053, 27.044023], [88.694991, 27.043987], [88.694985, 27.043943], [88.695066, 27.043877], [88.695208, 27.043754], [88.695325, 27.043642], [88.695394, 27.043522], [88.695387, 27.043365], [88.695355, 27.043179], [88.695279, 27.042929], [88.695225, 27.042834], [88.695157, 27.042745], [88.695076, 27.042686], [88.694981, 27.042624], [88.694927, 27.042535], [88.694881, 27.042421], [88.694815, 27.042299], [88.694742, 27.042224], [88.694672, 27.042161], [88.694623, 27.042083], [88.694597, 27.042004], [88.694604, 27.041934], [88.694695, 27.041882], [88.694819, 27.04186], [88.694957, 27.041805], [88.695068, 27.041753], [88.695159, 27.041736], [88.695281, 27.041676], [88.695377, 27.041626], [88.69547, 27.041604], [88.695585, 27.04159], [88.6957, 27.041558], [88.695843, 27.041509], [88.696013, 27.041499], [88.696151, 27.041467], [88.696256, 27.041425], [88.69636, 27.041372], [88.696435, 27.041298], [88.69649, 27.041215], [88.696511, 27.041135], [88.696501, 27.041046], [88.69646, 27.040968], [88.696388, 27.040824], [88.69632, 27.040699], [88.696283, 27.04061], [88.696294, 27.040489], [88.696298, 27.040326], [88.696277, 27.040202], [88.696217, 27.040007], [88.696162, 27.039831], [88.696111, 27.039692], [88.696088, 27.039618], [88.69609, 27.039552], [88.696154, 27.039281], [88.696235, 27.039012], [88.696286, 27.038922], [88.696328, 27.038835], [88.696341, 27.038754], [88.696315, 27.038629], [88.696279, 27.038519], [88.696275, 27.038426], [88.696313, 27.038306], [88.696373, 27.038204], [88.696405, 27.03812], [88.696447, 27.037931], [88.696462, 27.037806], [88.696484, 27.037724], [88.696556, 27.037608], [88.696635, 27.037514], [88.696696, 27.03743], [88.696718, 27.037299], [88.696703, 27.037222], [88.696665, 27.037155], [88.696594, 27.037085], [88.696516, 27.037049], [88.696426, 27.037047], [88.696352, 27.037072], [88.696288, 27.037136], [88.696256, 27.037241], [88.696245, 27.0374], [88.696226, 27.037637], [88.696194, 27.037826], [88.696124, 27.038063], [88.69603, 27.038264], [88.695911, 27.038473], [88.695768, 27.038716], [88.695617, 27.038958], [88.695555, 27.039095], [88.695538, 27.03923], [88.695543, 27.039387], [88.695592, 27.039558], [88.695666, 27.039774], [88.695715, 27.039927], [88.695777, 27.040032], [88.695847, 27.040191], [88.695905, 27.040339], [88.695936, 27.040473], [88.695915, 27.040627], [88.695866, 27.040745], [88.695794, 27.040847], [88.695709, 27.040912], [88.695594, 27.040951], [88.695453, 27.040961], [88.695289, 27.040972], [88.695123, 27.040984], [88.694934, 27.04101], [88.6947, 27.041094], [88.694378, 27.041211], [88.694099, 27.041313], [88.693937, 27.041382], [88.693848, 27.041477], [88.693761, 27.041604], [88.693701, 27.04174], [88.693673, 27.041884], [88.693667, 27.042013], [88.693691, 27.042102], [88.693722, 27.042174], [88.69378, 27.042243], [88.693844, 27.042301], [88.693903, 27.042377], [88.693957, 27.04244], [88.693969, 27.042506], [88.693946, 27.042597], [88.693835, 27.042918], [88.693754, 27.043098], [88.693656, 27.043261], [88.693516, 27.043505], [88.693418, 27.043706], [88.693346, 27.04385], [88.693301, 27.043936], [88.693254, 27.043962], [88.693203, 27.043957], [88.693171, 27.04393], [88.693169, 27.043887], [88.693199, 27.043818], [88.693288, 27.043665], [88.693388, 27.043477], [88.693495, 27.043278], [88.693567, 27.043132], [88.69361, 27.042963], [88.693646, 27.042774], [88.693633, 27.042705], [88.693595, 27.042645], [88.693395, 27.042487], [88.69318, 27.042377], [88.693024, 27.042288], [88.69292, 27.042208], [88.69282, 27.042104], [88.692752, 27.04203], [88.692669, 27.041979], [88.692588, 27.041962], [88.692471, 27.041966], [88.692347, 27.041958], [88.692236, 27.041937], [88.692107, 27.041903], [88.691962, 27.041865], [88.691834, 27.041837], [88.691598, 27.041782], [88.691455, 27.041753], [88.691355, 27.041698], [88.691204, 27.041588], [88.691104, 27.04153], [88.690995, 27.04149], [88.69088, 27.041456], [88.690753, 27.041427], [88.69055, 27.041386], [88.69047, 27.041403], [88.690435, 27.041435], [88.690427, 27.041484], [88.69045, 27.041528], [88.690491, 27.041547], [88.690553, 27.041552], [88.690838, 27.041545], [88.690951, 27.041558], [88.691029, 27.041594], [88.691102, 27.041659], [88.691202, 27.041761], [88.691296, 27.041829], [88.691383, 27.041873], [88.691498, 27.041922], [88.691798, 27.042074], [88.691913, 27.042136], [88.691992, 27.042182], [88.692064, 27.042193], [88.692258, 27.042186], [88.692388, 27.042193], [88.69246, 27.042224], [88.692503, 27.042256], [88.69252, 27.042298], [88.692486, 27.042349], [88.692426, 27.042366], [88.692351, 27.042343], [88.692222, 27.042309], [88.692083, 27.042294], [88.691968, 27.042279], [88.691877, 27.042248], [88.691666, 27.042155], [88.691415, 27.042047], [88.691219, 27.041971], [88.691147, 27.041916], [88.690934, 27.041791], [88.690863, 27.041784], [88.69074, 27.041789], [88.690623, 27.041818], [88.690559, 27.041867], [88.69054, 27.04196], [88.690542, 27.042269], [88.690531, 27.042548], [88.690495, 27.04265], [88.690429, 27.042772], [88.690348, 27.042904], [88.690276, 27.042988], [88.690212, 27.043028], [88.690131, 27.043045], [88.690063, 27.043028], [88.689988, 27.042988], [88.689939, 27.042946], [88.689884, 27.042878], [88.689778, 27.042715], [88.68969, 27.042576], [88.689635, 27.042519], [88.689543, 27.04248], [88.689348, 27.042502], [88.689156, 27.042546], [88.689028, 27.042609], [88.688875, 27.042669], [88.688713, 27.042739], [88.688645, 27.042798], [88.688626, 27.042853], [88.688649, 27.042889], [88.6887, 27.042906], [88.68876, 27.042891], [88.688866, 27.04284], [88.689039, 27.042739], [88.689179, 27.042658], [88.689265, 27.042635], [88.689371, 27.042629], [88.689458, 27.042648], [88.689526, 27.0427], [88.689607, 27.042798], [88.689714, 27.04299], [88.68982, 27.043153], [88.689944, 27.043327], [88.690061, 27.043475], [88.690118, 27.043532], [88.690184, 27.043553], [88.690233, 27.043555], [88.690284, 27.04353], [88.690338, 27.043479], [88.690412, 27.043376], [88.690446, 27.04328], [88.69048, 27.043227], [88.690593, 27.04313], [88.690687, 27.043024], [88.69077, 27.042935], [88.690808, 27.04287], [88.690846, 27.042724], [88.690895, 27.042525], [88.690936, 27.042451], [88.691012, 27.042409], [88.691091, 27.042421], [88.691166, 27.042453], [88.691206, 27.042497], [88.691213, 27.04254], [88.691176, 27.042578], [88.691098, 27.042626], [88.691029, 27.042671], [88.690976, 27.042726], [88.690946, 27.042791], [88.690929, 27.042897], [88.690893, 27.042978], [88.690817, 27.043077], [88.690744, 27.043196], [88.690648, 27.043376], [88.690572, 27.04353], [88.69051, 27.043731], [88.690457, 27.043881], [88.690401, 27.044], [88.690335, 27.044135], [88.690282, 27.044173], [88.690193, 27.044173], [88.690123, 27.044139], [88.690052, 27.044084], [88.689986, 27.044012], [88.689944, 27.04394], [88.689903, 27.043856], [88.689856, 27.04378], [88.689788, 27.043699], [88.68972, 27.043621], [88.68965, 27.04356], [88.689567, 27.043496], [88.68948, 27.043462], [88.689354, 27.043441], [88.689254, 27.043435], [88.689069, 27.043394], [88.68893, 27.043361], [88.68886, 27.043363], [88.688815, 27.043392], [88.688818, 27.043443], [88.688869, 27.043486], [88.688941, 27.043511], [88.689064, 27.043536], [88.68919, 27.043564], [88.689288, 27.043585], [88.689354, 27.043619], [88.68939, 27.043657], [88.689384, 27.043708], [88.689337, 27.043754], [88.689275, 27.043771], [88.689192, 27.043752], [88.689096, 27.043699], [88.689016, 27.043653], [88.688926, 27.043623], [88.68879, 27.043593], [88.68869, 27.043596], [88.688588, 27.043621], [88.688485, 27.043646], [88.68839, 27.043648], [88.688315, 27.043629], [88.688224, 27.04357], [88.688162, 27.043504], [88.688111, 27.043456], [88.688036, 27.043416], [88.687983, 27.043412], [88.687957, 27.043447], [88.687962, 27.043505], [88.688021, 27.04356], [88.688119, 27.043623], [88.688207, 27.043674], [88.688313, 27.043723], [88.688402, 27.043735], [88.688519, 27.043731], [88.688639, 27.043723], [88.688749, 27.043733], [88.688877, 27.043771], [88.688979, 27.043835], [88.689111, 27.043928], [88.689235, 27.04401], [88.689352, 27.044095], [88.689437, 27.04418], [88.689597, 27.044368], [88.689733, 27.044516], [88.689816, 27.044592], [88.689929, 27.044649], [88.690027, 27.044719], [88.690071, 27.044789], [88.690078, 27.044857], [88.690048, 27.044905], [88.689976, 27.044926], [88.689899, 27.044909], [88.689793, 27.044846], [88.689671, 27.044747], [88.689552, 27.044649], [88.689439, 27.044563], [88.689324, 27.044495], [88.68926, 27.044429], [88.689182, 27.044345], [88.68903, 27.044175], [88.688964, 27.044148], [88.688898, 27.04415], [88.688864, 27.044209], [88.688901, 27.044287], [88.689016, 27.044417], [88.689203, 27.044609], [88.689388, 27.04477], [88.689554, 27.044922], [88.689612, 27.044996], [88.689618, 27.045062], [88.68959, 27.0451], [88.689537, 27.045127], [88.689475, 27.045113], [88.689414, 27.045075], [88.689352, 27.045001], [88.689233, 27.044844], [88.689122, 27.044708], [88.689016, 27.044584], [88.688877, 27.044461], [88.688732, 27.044342], [88.688662, 27.044264], [88.688568, 27.04416], [88.688511, 27.044093], [88.688443, 27.044055], [88.68836, 27.04405], [88.688275, 27.044088], [88.688187, 27.044161], [88.688096, 27.044264], [88.687996, 27.044328], [88.687794, 27.04444], [88.687723, 27.04444], [88.687659, 27.044417], [88.687602, 27.044374], [88.687564, 27.044319], [88.687551, 27.044188], [88.687536, 27.04401], [88.687521, 27.043904], [88.68747, 27.043856], [88.687412, 27.043845], [88.68734, 27.043885], [88.687329, 27.043953], [88.687372, 27.044061], [88.687412, 27.044196], [88.687449, 27.044347], [88.687478, 27.044505], [88.6875, 27.044596], [88.687536, 27.044653], [88.687604, 27.044679], [88.687693, 27.044683], [88.687772, 27.04463], [88.687906, 27.044539], [88.687985, 27.04451], [88.688117, 27.044505], [88.688207, 27.044503], [88.688321, 27.044495], [88.688443, 27.044512], [88.688545, 27.044558], [88.688664, 27.044641], [88.688777, 27.044742], [88.688841, 27.044852], [88.688892, 27.044986], [88.688943, 27.045079], [88.689005, 27.045166], [88.689107, 27.045254], [88.689162, 27.045341], [88.689213, 27.045439], [88.689254, 27.04551], [88.689299, 27.045584], [88.689339, 27.045652], [88.689358, 27.045711], [88.689337, 27.045766], [88.689237, 27.045889], [88.689137, 27.045989], [88.689009, 27.04608], [88.68889, 27.0462], [88.688775, 27.04631], [88.688705, 27.046389], [88.688651, 27.046465], [88.688609, 27.046615], [88.68856, 27.046814], [88.688496, 27.047004], [88.688415, 27.047171], [88.688375, 27.047299], [88.688296, 27.04762], [88.688287, 27.047709], [88.688298, 27.047809], [88.688328, 27.047916], [88.688377, 27.048098], [88.688379, 27.048179], [88.688347, 27.048308], [88.688317, 27.048435], [88.688319, 27.04856], [88.688313, 27.048744], [88.688285, 27.049048], [88.688258, 27.049131], [88.688202, 27.049171], [88.688141, 27.049178], [88.688098, 27.049158], [88.688072, 27.049122], [88.688062, 27.049065], [88.688085, 27.048989], [88.688143, 27.048886], [88.68819, 27.04878], [88.688213, 27.048685], [88.688215, 27.048524], [88.688224, 27.048373], [88.688232, 27.048238], [88.688236, 27.048081], [88.688209, 27.047957], [88.688172, 27.047834], [88.688138, 27.047732], [88.688128, 27.047588], [88.688132, 27.047423], [88.688147, 27.047191], [88.688172, 27.047091], [88.688247, 27.046934], [88.688287, 27.046831], [88.688294, 27.046772], [88.688294, 27.046712], [88.688266, 27.04664], [88.688228, 27.046579], [88.688211, 27.046522], [88.688215, 27.046433], [88.688241, 27.046355], [88.688298, 27.046236], [88.688411, 27.04609], [88.688505, 27.045993], [88.688551, 27.0459], [88.68856, 27.045851], [88.68853, 27.04579], [88.688468, 27.045743], [88.6884, 27.045693], [88.688351, 27.045646], [88.688315, 27.045585], [88.688296, 27.045513], [88.688311, 27.045434], [88.688349, 27.045295], [88.688379, 27.045202], [88.688394, 27.045111], [88.688362, 27.045045], [88.688296, 27.044967], [88.688232, 27.044924], [88.688158, 27.044901], [88.68807, 27.044924], [88.688011, 27.045], [88.687932, 27.045161], [88.687842, 27.04531], [88.687764, 27.045409], [88.68763, 27.045517], [88.687508, 27.045589], [88.68741, 27.045606], [88.687332, 27.04558], [88.687298, 27.045527], [88.687283, 27.045438], [88.687249, 27.045362], [88.687197, 27.045314], [88.687144, 27.045278], [88.687063, 27.045252], [88.686982, 27.045219], [88.686919, 27.04518], [88.68687, 27.045134], [88.686848, 27.045058], [88.68687, 27.044958], [88.686861, 27.044869], [88.686833, 27.044776], [88.686742, 27.044698], [88.686612, 27.044594], [88.686461, 27.044522], [88.686346, 27.044499], [88.686246, 27.044474], [88.686152, 27.044433], [88.686088, 27.044353], [88.686056, 27.044251], [88.686012, 27.044169], [88.685954, 27.044112], [88.685886, 27.044063], [88.68582, 27.044008], [88.68578, 27.043947], [88.685726, 27.043869], [88.68569, 27.04379], [88.685624, 27.043742], [88.68555, 27.043722], [88.685477, 27.043742], [88.685405, 27.043778], [88.685347, 27.043797], [88.685281, 27.043778], [88.685226, 27.043729], [88.685205, 27.043619], [88.685177, 27.043485], [88.685118, 27.043356], [88.685047, 27.043266], [88.684922, 27.04313], [88.684828, 27.043026], [88.684705, 27.042887], [88.684626, 27.042804], [88.684551, 27.042796], [88.684502, 27.042828], [88.684487, 27.042906], [88.684521, 27.042982], [88.684609, 27.043071], [88.684711, 27.043174], [88.684813, 27.043301], [88.684898, 27.043416], [88.684958, 27.043534], [88.684975, 27.043621], [88.68496, 27.043703], [88.684913, 27.043784], [88.684792, 27.043972], [88.684781, 27.044031], [88.68479, 27.044093], [88.684839, 27.044154], [88.684909, 27.044173], [88.68499, 27.044167], [88.685122, 27.044131], [88.685226, 27.044112], [88.685303, 27.044118], [88.685377, 27.044148], [88.685411, 27.044188], [88.68543, 27.044252], [88.685448, 27.044338], [88.685469, 27.044406], [88.685518, 27.044493], [88.685539, 27.044567], [88.685539, 27.044666], [88.685571, 27.044732], [88.685626, 27.044795], [88.685716, 27.044855], [88.685775, 27.044926], [88.685792, 27.045026], [88.685818, 27.045123], [88.685867, 27.045199], [88.685946, 27.045248], [88.686018, 27.045307], [88.686039, 27.045417], [88.686048, 27.04551], [88.686095, 27.045591], [88.686161, 27.045663], [88.686284, 27.045756], [88.68642, 27.045872], [88.68652, 27.045972], [88.686614, 27.046054], [88.686678, 27.046135], [88.686699, 27.046219], [88.686684, 27.046327], [88.68665, 27.046482], [88.686576, 27.046683], [88.686476, 27.046899], [88.686391, 27.047087], [88.686337, 27.047241], [88.68634, 27.047353], [88.686361, 27.047453], [88.686406, 27.047591], [88.686459, 27.047779], [88.686638, 27.048255], [88.686676, 27.048418], [88.686674, 27.048498], [88.686648, 27.048574], [88.686593, 27.048629], [88.686429, 27.048748], [88.686346, 27.04882], [88.686282, 27.048892], [88.68621, 27.049084], [88.686125, 27.049285], [88.686063, 27.049455], [88.685952, 27.049728], [88.685873, 27.049819], [88.685786, 27.049903], [88.685703, 27.049963], [88.685607, 27.050011], [88.68552, 27.050051], [88.685407, 27.050115], [88.68532, 27.050219], [88.685201, 27.050344], [88.685109, 27.050447], [88.684994, 27.050494], [88.684792, 27.050587], [88.684711, 27.050644], [88.684649, 27.050714], [88.684613, 27.050769], [88.684519, 27.051042], [88.684455, 27.051194], [88.684347, 27.051402], [88.684272, 27.051579], [88.684249, 27.051666], [88.68426, 27.051749], [88.684266, 27.051812], [88.684253, 27.051882], [88.684209, 27.051954], [88.684181, 27.052024], [88.684174, 27.052102], [88.684194, 27.052185], [88.684194, 27.052257], [88.684181, 27.052335], [88.684172, 27.052536], [88.684145, 27.052625], [88.684062, 27.052705], [88.684002, 27.05279], [88.683972, 27.05287], [88.683932, 27.052927], [88.68387, 27.052953], [88.683815, 27.052953], [88.683749, 27.052931], [88.683717, 27.052881], [88.68373, 27.05283], [88.6838, 27.052773], [88.683915, 27.052688], [88.683998, 27.052623], [88.684034, 27.052553], [88.684062, 27.052476], [88.684072, 27.052383], [88.684083, 27.052252], [88.684072, 27.052151], [88.684038, 27.052079], [88.684019, 27.052013], [88.684025, 27.051943], [88.684053, 27.051861], [88.684055, 27.051802], [88.684055, 27.051715], [88.684006, 27.051558], [88.684015, 27.051442], [88.684045, 27.051291], [88.684115, 27.051086], [88.684196, 27.05083], [88.684281, 27.050415], [88.684332, 27.050307], [88.684611, 27.049726], [88.684658, 27.04963], [88.684751, 27.049533], [88.684839, 27.049451], [88.6849, 27.049376], [88.684947, 27.049269], [88.685, 27.049112], [88.685026, 27.048968], [88.685032, 27.048847], [88.685011, 27.04874], [88.684988, 27.048627], [88.68499, 27.04852], [88.684992, 27.048342], [88.684975, 27.048259], [88.684909, 27.04816], [88.684815, 27.048075], [88.684711, 27.047997], [88.684643, 27.047931], [88.684617, 27.047857], [88.684636, 27.047751], [88.684677, 27.047622], [88.684771, 27.0474], [88.684826, 27.047256], [88.684834, 27.047129], [88.684839, 27.04699], [88.68482, 27.04686], [88.684771, 27.046719], [88.684692, 27.046551], [88.684619, 27.046374], [88.684558, 27.04627], [88.684483, 27.046185], [88.684394, 27.046103], [88.684302, 27.046059], [88.684209, 27.046022], [88.684128, 27.04598], [88.684068, 27.045921], [88.683906, 27.045722], [88.683844, 27.045678], [88.683749, 27.045648], [88.683649, 27.045646], [88.683534, 27.045676], [88.683293, 27.045798], [88.683006, 27.045946], [88.682855, 27.045995], [88.682757, 27.045993], [88.682667, 27.045961], [88.682612, 27.045923], [88.682537, 27.045866], [88.682476, 27.045771], [88.682295, 27.045413], [88.682192, 27.045244], [88.681997, 27.044964], [88.681865, 27.04474], [88.681811, 27.044643], [88.681797, 27.04448], [88.681786, 27.044381], [88.681754, 27.044283], [88.681748, 27.044161], [88.681728, 27.043892], [88.681701, 27.043803], [88.681643, 27.043729], [88.681573, 27.043678], [88.681498, 27.043663], [88.681396, 27.043672], [88.681264, 27.043714], [88.681181, 27.043777], [88.68113, 27.043862], [88.681088, 27.044019], [88.681045, 27.044116], [88.680979, 27.044228], [88.680798, 27.044634], [88.68076, 27.044744], [88.680692, 27.044819], [88.680592, 27.044867], [88.680489, 27.044907], [88.6804, 27.044981], [88.680323, 27.045007], [88.680221, 27.045013], [88.68013, 27.045032], [88.680087, 27.045073], [88.680074, 27.045138], [88.680106, 27.045204], [88.680147, 27.045274], [88.680332, 27.045527], [88.680372, 27.045629], [88.680385, 27.045743], [88.680404, 27.045887], [88.680379, 27.046001], [88.680325, 27.046086], [88.680253, 27.046152], [88.680187, 27.046158], [88.6801, 27.046126], [88.680027, 27.046086], [88.679957, 27.046063], [88.679857, 27.046071], [88.679678, 27.04616], [88.679493, 27.046221], [88.679387, 27.046222], [88.679276, 27.046219], [88.679189, 27.046234], [88.679133, 27.046272], [88.679129, 27.046329], [88.679148, 27.04638], [88.67921, 27.046405], [88.679289, 27.046393], [88.679399, 27.04634], [88.679695, 27.04624], [88.679855, 27.046186], [88.679919, 27.046185], [88.680002, 27.046226], [88.680091, 27.046268], [88.680217, 27.046295], [88.680317, 27.046291], [88.680408, 27.046234], [88.680498, 27.046141], [88.680549, 27.046052], [88.680589, 27.045963], [88.680606, 27.045841], [88.680604, 27.045743], [88.680602, 27.045627], [88.680566, 27.045553], [88.680494, 27.04546], [88.680457, 27.045392], [88.68043, 27.045322], [88.680462, 27.045246], [88.680532, 27.045208], [88.680604, 27.045235], [88.680653, 27.045307], [88.680681, 27.045432], [88.680689, 27.045561], [88.680702, 27.04572], [88.680709, 27.045866], [88.680692, 27.046014], [88.680649, 27.046116], [88.680534, 27.046274], [88.680417, 27.046401], [88.680325, 27.046458], [88.680223, 27.046465], [88.680142, 27.046448], [88.68003, 27.046439], [88.67991, 27.046465], [88.679774, 27.046558], [88.679661, 27.046659], [88.6796, 27.046746], [88.679602, 27.046833], [88.679661, 27.046901], [88.679749, 27.046949], [88.679917, 27.047042], [88.68, 27.047133], [88.680051, 27.04725], [88.680076, 27.047459], [88.680083, 27.047675], [88.680093, 27.047777], [88.680132, 27.047902], [88.680183, 27.048005], [88.680259, 27.048064], [88.680355, 27.048115], [88.680423, 27.04817], [88.680453, 27.048266], [88.680464, 27.048382], [88.680453, 27.048503], [88.680462, 27.048608], [88.680511, 27.048695], [88.680579, 27.04879], [88.680634, 27.048879], [88.68066, 27.048983], [88.680621, 27.04912], [88.680568, 27.049211], [88.680553, 27.049237], [88.680506, 27.049319], [88.680466, 27.04944], [88.680477, 27.049577], [88.680513, 27.0497], [88.680533, 27.049835], [88.68052, 27.050051], [88.680513, 27.050238], [88.680488, 27.050451], [88.680425, 27.050593], [88.680272, 27.050777], [88.680148, 27.051023], [88.680121, 27.05112], [88.680074, 27.051243], [88.680054, 27.051321], [88.680047, 27.051451], [88.680064, 27.051529], [88.680101, 27.051595], [88.680152, 27.051628], [88.680212, 27.051625], [88.680297, 27.051622], [88.680402, 27.051622], [88.680473, 27.051649], [88.680523, 27.051707], [88.680574, 27.051755], [88.680628, 27.051797], [88.680692, 27.051839], [88.680777, 27.05186], [88.680875, 27.051869], [88.68099, 27.051893], [88.681041, 27.051928], [88.681077, 27.051977], [88.68109, 27.052032], [88.681066, 27.052089], [88.681028, 27.052185], [88.680994, 27.052275], [88.680975, 27.052348], [88.680964, 27.052426], [88.680962, 27.052623], [88.680939, 27.052836], [88.680924, 27.052921], [88.680907, 27.052986], [88.680864, 27.053035], [88.680798, 27.053065], [88.680743, 27.053056], [88.680711, 27.053025], [88.680687, 27.052982], [88.680692, 27.052931], [88.680717, 27.052864], [88.680768, 27.052805], [88.680804, 27.052749], [88.680815, 27.052713], [88.680819, 27.052667], [88.680824, 27.052616], [88.680811, 27.052555], [88.680781, 27.052494], [88.680728, 27.052455], [88.680638, 27.052421], [88.680532, 27.052413], [88.680451, 27.052443], [88.680374, 27.052464], [88.680283, 27.05246], [88.680191, 27.052441], [88.680108, 27.052394], [88.680042, 27.052322], [88.679974, 27.052242], [88.679878, 27.052176], [88.679793, 27.052153], [88.679749, 27.052142], [88.679687, 27.05211], [88.679621, 27.052039], [88.679559, 27.051979], [88.67947, 27.051947], [88.679346, 27.051941], [88.679206, 27.051948], [88.679125, 27.051945], [88.679048, 27.051905], [88.678967, 27.051852], [88.678859, 27.051812], [88.678797, 27.051818], [88.67862, 27.051895], [88.678482, 27.051979], [88.678388, 27.052072], [88.678303, 27.052225], [88.678207, 27.052455], [88.678173, 27.052585], [88.678177, 27.052716], [88.678184, 27.052826], [88.67818, 27.052917], [88.678141, 27.052997], [88.678075, 27.053088], [88.678007, 27.053158], [88.677962, 27.053224], [88.677941, 27.053323], [88.677943, 27.05345], [88.677922, 27.053556], [88.677826, 27.053638], [88.67772, 27.053668], [88.677626, 27.053664], [88.677528, 27.053615], [88.677428, 27.053537], [88.677349, 27.053469], [88.677241, 27.053401], [88.677139, 27.053355], [88.67699, 27.053346], [88.676849, 27.053357], [88.676594, 27.053442], [88.676374, 27.053539], [88.6762, 27.053619], [88.676091, 27.053712], [88.676038, 27.053803], [88.675991, 27.053977], [88.675934, 27.054148], [88.675893, 27.05426], [88.675836, 27.054345], [88.675748, 27.054375], [88.675629, 27.054371], [88.675529, 27.054389], [88.675423, 27.05444], [88.675361, 27.054514], [88.675314, 27.054589], [88.675263, 27.054654], [88.675212, 27.054713], [88.675118, 27.054766], [88.675033, 27.054781], [88.674903, 27.054777], [88.674833, 27.054802], [88.674758, 27.054878], [88.674546, 27.05534], [88.674531, 27.055435], [88.674524, 27.055547], [88.674509, 27.055625], [88.67446, 27.055708], [88.674384, 27.055757], [88.674294, 27.055754], [88.674196, 27.055727], [88.674111, 27.055697], [88.674037, 27.055678], [88.673932, 27.055653], [88.673837, 27.055668], [88.673794, 27.055754], [88.673792, 27.055858], [88.67382, 27.055926], [88.673873, 27.055992], [88.673918, 27.056059], [88.673943, 27.056146], [88.673939, 27.056245], [88.673888, 27.056332], [88.67379, 27.056421], [88.673634, 27.05647], [88.673507, 27.056504], [88.673424, 27.056584], [88.673383, 27.056686], [88.673353, 27.056798], [88.673347, 27.056906], [88.673362, 27.056988], [88.673394, 27.057079], [88.673415, 27.057162], [88.673413, 27.05724], [88.673375, 27.05732], [88.673324, 27.057411], [88.673321, 27.057521], [88.67336, 27.057613], [88.673392, 27.05771], [88.67337, 27.057801], [88.673298, 27.057886], [88.673166, 27.057996], [88.673106, 27.058093], [88.673079, 27.05819], [88.673072, 27.058286], [88.673028, 27.058385], [88.672964, 27.058504], [88.672934, 27.058607], [88.672928, 27.058738], [88.672947, 27.058831], [88.672981, 27.058971], [88.672996, 27.059088], [88.672998, 27.059195], [88.672979, 27.059299], [88.672913, 27.059352], [88.672781, 27.059384], [88.672619, 27.059485], [88.672483, 27.059598], [88.672327, 27.059748], [88.672185, 27.059896], [88.672142, 27.059968], [88.672165, 27.060027], [88.672217, 27.060097], [88.672263, 27.060177], [88.672304, 27.060271], [88.672325, 27.060359], [88.672297, 27.060438], [88.672225, 27.060482], [88.672142, 27.060469], [88.672038, 27.060434], [88.671936, 27.060412], [88.671842, 27.0604], [88.67174, 27.060421], [88.671672, 27.060472], [88.671634, 27.060505], [88.671535, 27.060656], [88.671408, 27.060815], [88.671335, 27.060927], [88.67128, 27.061049], [88.671214, 27.061221], [88.671163, 27.061379], [88.671148, 27.061487], [88.671152, 27.061562], [88.671205, 27.06164], [88.671297, 27.061752], [88.671329, 27.061832], [88.671339, 27.061926], [88.671303, 27.062004], [88.671235, 27.062078], [88.671133, 27.062105], [88.670975, 27.06212], [88.670848, 27.062122], [88.670763, 27.062101], [88.670677, 27.062061], [88.670592, 27.062006], [88.670516, 27.061978], [88.670416, 27.061995], [88.670356, 27.062052], [88.670318, 27.062141], [88.670296, 27.062264], [88.670267, 27.062398], [88.670237, 27.062508], [88.670179, 27.062592], [88.670092, 27.062698], [88.670024, 27.06278], [88.670009, 27.062836], [88.670028, 27.062884], [88.670066, 27.062914], [88.67013, 27.062927], [88.670179, 27.062922], [88.670215, 27.062888], [88.670247, 27.062833], [88.670277, 27.062742], [88.670324, 27.062596], [88.67035, 27.062503], [88.670435, 27.06234], [88.670479, 27.062266], [88.670526, 27.062232], [88.670603, 27.062222], [88.670658, 27.06227], [88.670675, 27.062328], [88.670645, 27.062402], [88.670575, 27.062493], [88.670507, 27.06256], [88.670462, 27.062628], [88.67046, 27.062713], [88.670477, 27.062808], [88.670499, 27.062912], [88.670507, 27.063003], [88.670492, 27.063079], [88.670439, 27.063178], [88.670345, 27.063314], [88.670305, 27.063388], [88.670273, 27.063484], [88.670284, 27.063561], [88.670345, 27.063631], [88.670482, 27.06368], [88.670703, 27.06386], [88.670787, 27.064053], [88.67094, 27.064331], [88.670912, 27.06451], [88.670798, 27.064587], [88.670413, 27.064483], [88.670156, 27.0644], [88.669887, 27.064438], [88.669698, 27.064425], [88.669512, 27.064305], [88.669378, 27.064249], [88.669206, 27.064263], [88.668323, 27.064836], [88.667988, 27.065104], [88.667763, 27.065361], [88.667613, 27.065688], [88.667243, 27.0659], [88.666824, 27.066144], [88.665984, 27.066377], [88.66559, 27.066339], [88.665282, 27.066406], [88.665083, 27.066387], [88.6649, 27.066427], [88.664097, 27.066815], [88.66364, 27.066965], [88.663297, 27.067125], [88.66323, 27.06724], [88.663265, 27.067303], [88.663408, 27.067327], [88.663597, 27.067233], [88.664597, 27.066778], [88.66485, 27.066633], [88.665148, 27.066621], [88.665297, 27.066625], [88.665348, 27.066687], [88.665344, 27.066788], [88.665293, 27.066811], [88.665031, 27.06677], [88.664864, 27.066801], [88.664614, 27.066902], [88.664431, 27.067003], [88.664245, 27.067285], [88.664167, 27.067366], [88.663941, 27.067432], [88.66371, 27.067469], [88.663541, 27.067558], [88.663294, 27.067896], [88.663174, 27.067963], [88.663054, 27.067959], [88.66279, 27.067863], [88.662688, 27.067864], [88.662567, 27.067898], [88.662318, 27.068067], [88.662117, 27.068145], [88.661975, 27.068153], [88.661749, 27.068066], [88.661355, 27.067617], [88.66102, 27.0672], [88.660468, 27.066327], [88.660406, 27.066126], [88.66035, 27.065917], [88.660363, 27.065401], [88.660279, 27.065355], [88.660036, 27.065357], [88.659837, 27.065305], [88.65969, 27.065238], [88.659569, 27.064899], [88.659452, 27.064769], [88.65911, 27.06474], [88.65882, 27.064591], [88.658544, 27.064534], [88.658296, 27.064593], [88.658271, 27.064677], [88.658291, 27.064864], [88.65863, 27.065348], [88.658786, 27.065553], [88.658819, 27.065725], [88.658834, 27.066105], [88.658714, 27.066273], [88.658505, 27.066565], [88.658246, 27.06686], [88.658146, 27.06697], [88.658158, 27.067101], [88.658279, 27.067179], [88.658382, 27.066917], [88.658878, 27.066347], [88.659, 27.066], [88.65908, 27.065662], [88.659226, 27.065634], [88.6595, 27.066], [88.659743, 27.066373], [88.65988, 27.0669], [88.660306, 27.0677], [88.660609, 27.068257], [88.660752, 27.068504], [88.660731, 27.068886], [88.66128, 27.06926], [88.661492, 27.06931], [88.661706, 27.069404], [88.661975, 27.069648], [88.662079, 27.069946], [88.662025, 27.070143], [88.661892, 27.070257], [88.661865, 27.070416], [88.66201, 27.070598], [88.662151, 27.070692], [88.662369, 27.07077], [88.662547, 27.070745], [88.662836, 27.070532], [88.662954, 27.070454], [88.663152, 27.070485], [88.663573, 27.070736], [88.663901, 27.070975], [88.664201, 27.070966], [88.664423, 27.071064], [88.664528, 27.071178], [88.664693, 27.071251], [88.664914, 27.071286], [88.665153, 27.071446], [88.665451, 27.071555], [88.665598, 27.071651], [88.665623, 27.071821], [88.665577, 27.072107], [88.665487, 27.072173], [88.665187, 27.072268], [88.664952, 27.072336], [88.66479, 27.07256], [88.664692, 27.073058], [88.664496, 27.073258], [88.664504, 27.073381], [88.664633, 27.073717], [88.664721, 27.073879], [88.664706, 27.074125], [88.664947, 27.074128], [88.665419, 27.073939], [88.665611, 27.073946], [88.665727, 27.074066], [88.665596, 27.074338], [88.665613, 27.074851], [88.665454, 27.075268], [88.665686, 27.075549], [88.665931, 27.075569], [88.666248, 27.075522], [88.666922, 27.075476], [88.667181, 27.07547], [88.667348, 27.075555], [88.667762, 27.075875], [88.668197, 27.076126], [88.668576, 27.076588], [88.668827, 27.076944], [88.668796, 27.077306], [88.668718, 27.077548], [88.668724, 27.077679], [88.668761, 27.077826], [88.66877, 27.077907], [88.668753, 27.077992], [88.668727, 27.078112], [88.668679, 27.078228], [88.668598, 27.078251], [88.668525, 27.078241], [88.668413, 27.078195], [88.668315, 27.078147], [88.668218, 27.078114], [88.668148, 27.078099], [88.668083, 27.078112], [88.668041, 27.078132], [88.668012, 27.078176], [88.66801, 27.078232], [88.668039, 27.078289], [88.668132, 27.07844], [88.668138, 27.07853], [88.668108, 27.078567], [88.668003, 27.07862], [88.667858, 27.078688], [88.667763, 27.078775], [88.667699, 27.078831], [88.667638, 27.078883], [88.667552, 27.078917], [88.667495, 27.078924], [88.667418, 27.078909], [88.667279, 27.078881], [88.667217, 27.078881], [88.667141, 27.078918], [88.667104, 27.079078], [88.667147, 27.079158], [88.667193, 27.079215], [88.667249, 27.079255], [88.667334, 27.07927], [88.667438, 27.079248], [88.667546, 27.079191], [88.667609, 27.079154], [88.667682, 27.079102], [88.667772, 27.079062], [88.667825, 27.079031], [88.667912, 27.079006], [88.668027, 27.078998], [88.668148, 27.078987], [88.668297, 27.07899], [88.668404, 27.079006], [88.668468, 27.079022], [88.668539, 27.07902], [88.668601, 27.079009], [88.668648, 27.078991], [88.668749, 27.078938], [88.668871, 27.078922], [88.668912, 27.07895], [88.668919, 27.078997], [88.668889, 27.079051], [88.668834, 27.079112], [88.668729, 27.079154], [88.668644, 27.079179], [88.668514, 27.079206], [88.668399, 27.079216], [88.668295, 27.079225], [88.668078, 27.079241], [88.668006, 27.079248], [88.667941, 27.079277], [88.667897, 27.079307], [88.667877, 27.079352], [88.667869, 27.079415], [88.667877, 27.07947], [88.667913, 27.07956], [88.668063, 27.079815], [88.668164, 27.079926], [88.668448, 27.080086], [88.668594, 27.080152], [88.668664, 27.080206], [88.668678, 27.080244], [88.668659, 27.080302], [88.668586, 27.080369], [88.668487, 27.080412], [88.668404, 27.080439], [88.66829, 27.080466], [88.668218, 27.080484], [88.668093, 27.08052], [88.667956, 27.080569], [88.66792, 27.080637], [88.667901, 27.080705], [88.667937, 27.080799], [88.667983, 27.080845], [88.668295, 27.081171], [88.668505, 27.081439], [88.668596, 27.081609], [88.668642, 27.081744], [88.668706, 27.081891], [88.668709, 27.081967], [88.668676, 27.082021], [88.668623, 27.082044], [88.668538, 27.082052], [88.668459, 27.082068], [88.668381, 27.082096], [88.668316, 27.082147], [88.66825, 27.082282], [88.668145, 27.082429], [88.668008, 27.082512], [88.667873, 27.082554], [88.667697, 27.082579], [88.667552, 27.082615], [88.667354, 27.082607], [88.667174, 27.082577], [88.667067, 27.082567], [88.666997, 27.082585], [88.666946, 27.082617], [88.666919, 27.082662], [88.66692, 27.082713], [88.666937, 27.082751], [88.667012, 27.082905], [88.667013, 27.08296], [88.666972, 27.083076], [88.666923, 27.083142], [88.666848, 27.083236], [88.666817, 27.083378], [88.66682, 27.083479], [88.666801, 27.083531], [88.666785, 27.083579], [88.666749, 27.083627], [88.666724, 27.083715], [88.666696, 27.08387], [88.666658, 27.083981], [88.666601, 27.084062], [88.666518, 27.084143], [88.666461, 27.084238], [88.666394, 27.084326], [88.666315, 27.084392], [88.666222, 27.084416], [88.666146, 27.084416], [88.666081, 27.084409], [88.666014, 27.08442], [88.665967, 27.084448], [88.665901, 27.084527], [88.665665, 27.084861], [88.665591, 27.08496], [88.665553, 27.085012], [88.665483, 27.085069], [88.665316, 27.085131], [88.665151, 27.085137], [88.665072, 27.085121], [88.665016, 27.085088], [88.664979, 27.085043], [88.664969, 27.085006], [88.664958, 27.084962], [88.664951, 27.08488], [88.664947, 27.084812], [88.664932, 27.084746], [88.664898, 27.084683], [88.664853, 27.084635], [88.664787, 27.084608], [88.66472, 27.084611], [88.664661, 27.084637], [88.664614, 27.084705], [88.664593, 27.084773], [88.664592, 27.084854], [88.664613, 27.084932], [88.664638, 27.085006], [88.664648, 27.08507], [88.664647, 27.085366], [88.664629, 27.085413], [88.664594, 27.085449], [88.664532, 27.085484], [88.6644, 27.085534], [88.664274, 27.085577], [88.66415, 27.085617], [88.664041, 27.085637], [88.663925, 27.085643], [88.663773, 27.085657], [88.663643, 27.085682], [88.663531, 27.085712], [88.663384, 27.085758], [88.66325, 27.085814], [88.663083, 27.085901], [88.662957, 27.08598], [88.662808, 27.086093], [88.662685, 27.086189], [88.66258, 27.086301], [88.662435, 27.086445], [88.662385, 27.086527], [88.662298, 27.086597], [88.662149, 27.086682], [88.662067, 27.086698], [88.661958, 27.086659], [88.661845, 27.086579], [88.66174, 27.086495], [88.661676, 27.086471], [88.661599, 27.086418], [88.661482, 27.086363], [88.661371, 27.086242], [88.661308, 27.08614], [88.661259, 27.086107], [88.661194, 27.086074], [88.661139, 27.086067], [88.661096, 27.086088], [88.661068, 27.086147], [88.66101, 27.086313], [88.660949, 27.086451], [88.660906, 27.086544], [88.660844, 27.086649], [88.660675, 27.086839], [88.660579, 27.086903], [88.660445, 27.086921], [88.660312, 27.086934], [88.660237, 27.086921], [88.66014, 27.086895], [88.660026, 27.086861], [88.659926, 27.086817], [88.659692, 27.086596], [88.659643, 27.086665], [88.659598, 27.08672], [88.659524, 27.08677], [88.6594, 27.086813], [88.659153, 27.086868], [88.658956, 27.08689], [88.658833, 27.086908], [88.658705, 27.086942], [88.658594, 27.08697], [88.658489, 27.087005], [88.658379, 27.087062], [88.658284, 27.087109], [88.658139, 27.087168], [88.658019, 27.087216], [88.657894, 27.087248], [88.657821, 27.087251], [88.657768, 27.087234], [88.657727, 27.087192], [88.65769, 27.087127], [88.657669, 27.087045], [88.657633, 27.08685], [88.657612, 27.086785], [88.657558, 27.08672], [88.657472, 27.086681], [88.657379, 27.086662], [88.657284, 27.086645], [88.657111, 27.086608], [88.65703, 27.086577], [88.656964, 27.086533], [88.656898, 27.086476], [88.656821, 27.086396], [88.65642, 27.085937], [88.656297, 27.085811], [88.656193, 27.085712], [88.656131, 27.085641], [88.656085, 27.085552], [88.65606, 27.085459], [88.656033, 27.085271], [88.656008, 27.085066], [88.655969, 27.084925], [88.655896, 27.084748], [88.655812, 27.084612], [88.65575, 27.08453], [88.655673, 27.084471], [88.655555, 27.084419], [88.655301, 27.08427], [88.655206, 27.08424], [88.655101, 27.084234], [88.654982, 27.084202], [88.654889, 27.084159], [88.654768, 27.084083], [88.654659, 27.084033], [88.654596, 27.084012], [88.654563, 27.084008], [88.65453, 27.084012], [88.654503, 27.084027], [88.654485, 27.084052], [88.654478, 27.084078], [88.654483, 27.084122], [88.654497, 27.084159], [88.654524, 27.084196], [88.654604, 27.08425], [88.654742, 27.084311], [88.654895, 27.084354], [88.655155, 27.084402], [88.655226, 27.084422], [88.655271, 27.084449], [88.655302, 27.084495], [88.655327, 27.084541], [88.655568, 27.084903], [88.655639, 27.085009], [88.65569, 27.085104], [88.655733, 27.085255], [88.655743, 27.085366], [88.655741, 27.085666], [88.655748, 27.085858], [88.655771, 27.08604], [88.655786, 27.086112], [88.655813, 27.086168], [88.655877, 27.086281], [88.656082, 27.086606], [88.656322, 27.08696], [88.656331, 27.087009], [88.656306, 27.087061], [88.656269, 27.08709], [88.656208, 27.087085], [88.656158, 27.087057], [88.655987, 27.086821], [88.655752, 27.086557], [88.655692, 27.086489], [88.655655, 27.086405], [88.655604, 27.086249], [88.655568, 27.0861], [88.655527, 27.085904], [88.655458, 27.085543], [88.655431, 27.085443], [88.655388, 27.085323], [88.655317, 27.085207], [88.655263, 27.085143], [88.655197, 27.085078], [88.655099, 27.085004], [88.654958, 27.084936], [88.6546, 27.084789], [88.654522, 27.084768], [88.654455, 27.084764], [88.654407, 27.084786], [88.654364, 27.084835], [88.654329, 27.084889], [88.654307, 27.084961], [88.654308, 27.085054], [88.654321, 27.085138], [88.654367, 27.08537], [88.654429, 27.085607], [88.654525, 27.085834], [88.654643, 27.086051], [88.654777, 27.086231], [88.654833, 27.086323], [88.654873, 27.086401], [88.654918, 27.086557], [88.654986, 27.086892], [88.654986, 27.086973], [88.654981, 27.08705], [88.654958, 27.087136], [88.654921, 27.087199], [88.654873, 27.087245], [88.654797, 27.087277], [88.654619, 27.087343], [88.654471, 27.08739], [88.65435, 27.087424], [88.654255, 27.087466], [88.654205, 27.087513], [88.654106, 27.087653], [88.654008, 27.087774], [88.65391, 27.087881], [88.653833, 27.087951], [88.653681, 27.088066], [88.653523, 27.08822], [88.653472, 27.088339], [88.65337, 27.088547], [88.653356, 27.088684], [88.653356, 27.088807], [88.653456, 27.088952], [88.653451, 27.089147], [88.653314, 27.089295], [88.653297, 27.089442], [88.653337, 27.08956], [88.653366, 27.089662], [88.653393, 27.089801], [88.653271, 27.089885], [88.65314, 27.089907], [88.652997, 27.08992], [88.652861, 27.089848], [88.652658, 27.089773], [88.65248, 27.089742], [88.652233, 27.089658], [88.652006, 27.08966], [88.651847, 27.08969], [88.651707, 27.089797], [88.651618, 27.089878], [88.651495, 27.08994], [88.651365, 27.089982], [88.651141, 27.090004], [88.650924, 27.090049], [88.65079, 27.090083], [88.650645, 27.090149], [88.650548, 27.090155], [88.650455, 27.09018], [88.650359, 27.090234], [88.650289, 27.090277], [88.65025, 27.090349], [88.650249, 27.090408], [88.650267, 27.090507], [88.650309, 27.09061], [88.650368, 27.090694], [88.65049, 27.090814], [88.650563, 27.09094], [88.650651, 27.091105], [88.650672, 27.091219], [88.65062, 27.091294], [88.650441, 27.091369], [88.650292, 27.091447], [88.650117, 27.09156], [88.650046, 27.091749], [88.650084, 27.091857], [88.650085, 27.091959], [88.650085, 27.092074], [88.650034, 27.092147], [88.649977, 27.092162], [88.649897, 27.092147], [88.64982, 27.092124], [88.649734, 27.092021], [88.649555, 27.091995], [88.649419, 27.092046], [88.649335, 27.092435], [88.649303, 27.092497], [88.649265, 27.092555], [88.649234, 27.09258], [88.649205, 27.092591], [88.649178, 27.092591], [88.649149, 27.092589], [88.649112, 27.092585], [88.649054, 27.092581], [88.649, 27.092585], [88.648935, 27.092607], [88.648855, 27.092696], [88.648808, 27.092779], [88.648773, 27.09289], [88.648739, 27.092992], [88.648675, 27.093089], [88.648124, 27.093249], [88.647588, 27.093548], [88.646894, 27.093571], [88.646614, 27.093616], [88.646422, 27.093706], [88.646325, 27.093778], [88.64625, 27.093909], [88.646285, 27.094045], [88.646414, 27.09417], [88.646443, 27.094331], [88.646405, 27.094468], [88.646306, 27.094594], [88.646299, 27.094814], [88.646349, 27.095161], [88.64632, 27.095243], [88.646262, 27.095291], [88.645761, 27.095435], [88.645686, 27.095473], [88.645613, 27.095534], [88.645531, 27.095653], [88.645517, 27.095977], [88.645512, 27.096258], [88.645497, 27.096453], [88.645434, 27.096609], [88.645388, 27.096667], [88.645312, 27.09671], [88.645236, 27.096727], [88.645147, 27.096722], [88.644956, 27.09672], [88.644857, 27.096738], [88.644763, 27.096779], [88.644682, 27.09683], [88.644577, 27.09691], [88.644527, 27.096969], [88.644493, 27.097032], [88.64449, 27.097131], [88.644468, 27.097195], [88.644415, 27.09724], [88.644348, 27.097267], [88.644301, 27.097301], [88.644286, 27.097368], [88.644309, 27.097425], [88.644402, 27.097524], [88.644473, 27.097627], [88.644507, 27.097703], [88.644509, 27.097794], [88.644489, 27.097859], [88.644452, 27.097929], [88.644399, 27.097988], [88.644299, 27.098051], [88.6442, 27.098088], [88.644091, 27.098082], [88.643904, 27.098045], [88.643637, 27.097912], [88.643427, 27.09777], [88.6433, 27.09766], [88.643203, 27.097542], [88.64311, 27.097438], [88.643026, 27.097388], [88.642965, 27.097362], [88.642795, 27.097343], [88.642711, 27.097344], [88.642627, 27.097356], [88.64253, 27.097385], [88.642427, 27.097421], [88.64205, 27.097606], [88.641954, 27.097629], [88.641848, 27.097614], [88.641734, 27.097581], [88.641623, 27.097543], [88.641299, 27.097427], [88.641174, 27.097387], [88.641051, 27.097306], [88.640915, 27.097153], [88.640774, 27.096988], [88.640623, 27.096871], [88.640543, 27.096841], [88.640452, 27.096828], [88.640353, 27.096849], [88.640211, 27.096887], [88.640122, 27.096906], [88.640033, 27.09691], [88.639935, 27.096857], [88.639778, 27.096739], [88.639653, 27.096668], [88.639523, 27.096632], [88.639321, 27.096613], [88.639172, 27.096604], [88.639082, 27.096575], [88.63902, 27.096533], [88.63898, 27.096474], [88.638982, 27.09641], [88.63904, 27.096359], [88.639116, 27.096349], [88.639196, 27.096361], [88.639288, 27.096382], [88.639431, 27.096424], [88.639584, 27.096463], [88.639805, 27.096521], [88.640029, 27.096576], [88.640169, 27.09661], [88.640263, 27.096617], [88.640355, 27.096595], [88.640432, 27.096563], [88.640481, 27.0965], [88.640486, 27.096416], [88.640446, 27.096338], [88.64039, 27.096301], [88.640287, 27.096277], [88.640175, 27.096277], [88.640056, 27.096287], [88.63978, 27.096338], [88.63968, 27.09634], [88.639572, 27.096317], [88.639434, 27.096279], [88.63919, 27.096196], [88.63898, 27.096113], [88.638864, 27.096076], [88.63879, 27.096069], [88.638723, 27.096079], [88.638644, 27.096111], [88.638572, 27.096155], [88.638495, 27.09622], [88.638288, 27.096436], [88.638215, 27.096519], [88.638162, 27.096591], [88.63812, 27.096669], [88.638113, 27.096735], [88.638137, 27.096798], [88.638199, 27.09686], [88.638354, 27.096952], [88.638489, 27.09705], [88.638619, 27.097172], [88.638735, 27.097343], [88.638845, 27.097475], [88.638976, 27.097549], [88.63902, 27.09758], [88.639044, 27.097639], [88.639032, 27.097693], [88.638809, 27.097922], [88.638728, 27.098028], [88.638699, 27.098137], [88.638709, 27.098301], [88.638789, 27.098464], [88.638859, 27.098525], [88.638953, 27.098559], [88.639298, 27.098588], [88.6395, 27.098637], [88.639579, 27.098672], [88.639646, 27.098731], [88.639752, 27.09886], [88.639863, 27.099109], [88.639927, 27.099333], [88.63992, 27.099532], [88.639814, 27.099749], [88.639851, 27.099882], [88.6401, 27.100314], [88.640435, 27.100654], [88.640506, 27.100799], [88.640517, 27.100902], [88.640543, 27.100984], [88.640675, 27.101085], [88.640809, 27.101182], [88.641005, 27.101263], [88.641153, 27.101365], [88.641215, 27.101421], [88.641312, 27.101564], [88.641346, 27.101724], [88.641436, 27.101852], [88.641519, 27.101915], [88.641709, 27.102018], [88.641863, 27.102036], [88.64199, 27.102026], [88.642105, 27.102037], [88.642208, 27.102093], [88.642314, 27.102184], [88.642352, 27.102275], [88.642347, 27.102404], [88.64233, 27.102542], [88.642378, 27.102703], [88.642624, 27.102945], [88.642671, 27.103035], [88.642702, 27.103129], [88.642657, 27.103167], [88.642592, 27.10322], [88.642479, 27.103237], [88.642197, 27.103244], [88.641881, 27.103244], [88.641597, 27.103314], [88.641286, 27.103433], [88.640989, 27.103585], [88.640754, 27.103793], [88.640505, 27.103884], [88.640261, 27.103951], [88.640069, 27.104008], [88.63991, 27.104097], [88.639707, 27.104229], [88.639622, 27.104338], [88.639317, 27.104459], [88.639153, 27.104516], [88.638777, 27.104642], [88.638498, 27.104733], [88.638226, 27.104818], [88.637985, 27.1049], [88.637746, 27.104972], [88.637583, 27.104999], [88.63739, 27.104973], [88.63731, 27.104876], [88.637321, 27.104776], [88.637458, 27.104721], [88.637922, 27.104584], [88.638344, 27.104481], [88.638584, 27.104413], [88.638915, 27.10429], [88.638962, 27.104241], [88.638966, 27.104183], [88.638922, 27.104154], [88.638866, 27.104154], [88.63872, 27.10417], [88.638488, 27.104223], [88.638261, 27.104218], [88.637938, 27.104225], [88.637645, 27.104249], [88.637205, 27.104193], [88.636975, 27.104156], [88.636845, 27.104135], [88.636809, 27.104104], [88.6368, 27.104061], [88.636791, 27.104018], [88.636794, 27.103971], [88.636816, 27.103939], [88.636842, 27.103907], [88.636925, 27.103898], [88.637014, 27.103937], [88.63715, 27.103972], [88.637319, 27.104007], [88.637518, 27.104058], [88.637713, 27.104102], [88.637914, 27.104065], [88.638248, 27.103986], [88.638519, 27.103951], [88.638655, 27.103949], [88.638817, 27.103936], [88.638927, 27.103909], [88.639023, 27.103871], [88.639054, 27.103829], [88.63906, 27.103807], [88.639053, 27.103784], [88.639031, 27.103754], [88.639002, 27.103733], [88.638837, 27.103721], [88.638531, 27.103704], [88.638422, 27.103699], [88.638267, 27.103731], [88.638048, 27.103768], [88.63782, 27.103729], [88.637654, 27.103702], [88.637564, 27.103655], [88.637387, 27.103612], [88.637246, 27.103552], [88.63703, 27.10348], [88.636824, 27.103473], [88.636592, 27.103501], [88.636352, 27.103485], [88.636143, 27.103505], [88.635936, 27.103508], [88.635783, 27.103495], [88.635702, 27.103403], [88.635692, 27.103323], [88.635701, 27.10319], [88.635679, 27.103109], [88.635655, 27.102992], [88.635582, 27.102893], [88.635528, 27.102819], [88.635405, 27.102791], [88.635182, 27.102783], [88.635032, 27.102644], [88.634927, 27.102619], [88.634748, 27.102653], [88.634666, 27.102625], [88.634615, 27.10256], [88.634592, 27.102434], [88.634585, 27.10223], [88.634583, 27.102118], [88.634561, 27.102041], [88.634537, 27.102004], [88.634497, 27.101975], [88.634401, 27.101947], [88.634077, 27.101881], [88.633724, 27.1018], [88.6335, 27.101711], [88.633353, 27.101575], [88.633288, 27.101434], [88.633165, 27.101327], [88.632988, 27.101284], [88.632803, 27.101355], [88.632613, 27.101308], [88.632385, 27.101273], [88.6322, 27.10131], [88.63209, 27.10136], [88.631947, 27.10142], [88.631834, 27.101382], [88.631514, 27.101172], [88.631102, 27.101007], [88.630786, 27.10088], [88.63053, 27.100694], [88.629872, 27.10035], [88.629767, 27.100159], [88.62973, 27.099945], [88.629681, 27.099687], [88.629694, 27.099591], [88.62972, 27.099483], [88.629754, 27.099397], [88.62978, 27.099262], [88.629747, 27.099143], [88.629685, 27.099069], [88.629571, 27.099071], [88.629402, 27.099171], [88.629163, 27.099306], [88.629016, 27.099335], [88.628911, 27.099316], [88.628704, 27.099227], [88.628569, 27.099236], [88.628454, 27.099324], [88.62837, 27.099508], [88.628249, 27.099657], [88.628045, 27.099731], [88.627784, 27.099762], [88.627418, 27.099758], [88.627252, 27.099766], [88.62706, 27.099765], [88.626798, 27.099763], [88.626568, 27.099753], [88.626345, 27.099724], [88.626258, 27.09967], [88.626167, 27.099606], [88.626127, 27.099482], [88.626097, 27.099373], [88.626061, 27.099268], [88.626038, 27.099192], [88.625966, 27.099133], [88.625713, 27.099127], [88.625546, 27.099085], [88.625421, 27.098942], [88.625357, 27.098882], [88.625329, 27.098822], [88.625294, 27.098764], [88.625205, 27.098646], [88.625106, 27.098619], [88.62499, 27.098627], [88.624768, 27.098727], [88.624623, 27.098877], [88.624578, 27.098955], [88.62458, 27.099013], [88.624557, 27.099304], [88.624526, 27.09937], [88.624497, 27.099411], [88.624426, 27.099438], [88.624345, 27.099424], [88.624256, 27.099366], [88.624172, 27.099336], [88.624113, 27.099325], [88.624046, 27.099345], [88.62389, 27.099446], [88.623655, 27.09948], [88.623436, 27.099433], [88.62328, 27.099306], [88.623222, 27.099161], [88.623245, 27.099059], [88.62327, 27.09888], [88.623333, 27.098693], [88.623347, 27.098628], [88.623356, 27.098562], [88.623355, 27.098521], [88.623319, 27.098492], [88.623253, 27.098483], [88.62316, 27.098493], [88.622991, 27.098504], [88.622705, 27.098501], [88.622384, 27.09848], [88.622318, 27.098455], [88.622266, 27.09841], [88.62223, 27.098324], [88.622223, 27.098269], [88.622232, 27.098206], [88.622265, 27.098015], [88.622292, 27.097919], [88.62229, 27.097847], [88.622262, 27.09781], [88.622244, 27.097793], [88.62215, 27.097797], [88.622077, 27.097779], [88.622024, 27.097761], [88.621955, 27.097721], [88.621822, 27.097607], [88.621707, 27.097473], [88.621683, 27.097275], [88.621745, 27.097064], [88.621809, 27.096892], [88.621742, 27.09682], [88.621669, 27.096757], [88.62156, 27.096717], [88.62133, 27.096704], [88.621173, 27.096732], [88.620935, 27.096829], [88.620711, 27.096901], [88.620602, 27.096936], [88.620516, 27.096945], [88.620422, 27.0969], [88.620356, 27.096745], [88.620339, 27.09663], [88.620333, 27.096511], [88.620335, 27.096275], [88.620328, 27.09541], [88.620215, 27.094851], [88.620061, 27.094735], [88.619952, 27.094722], [88.619875, 27.094794], [88.619889, 27.095073], [88.620012, 27.09544], [88.620039, 27.09557], [88.620104, 27.095766], [88.620133, 27.095865], [88.620073, 27.096038], [88.619935, 27.096214], [88.619678, 27.096341], [88.619352, 27.09657], [88.619138, 27.096676], [88.618972, 27.096747], [88.61889, 27.096836], [88.618808, 27.096973], [88.618613, 27.097364], [88.618269, 27.097631], [88.618144, 27.097874], [88.618004, 27.098086], [88.617866, 27.098209], [88.617746, 27.098241], [88.617607, 27.098201], [88.617469, 27.098044], [88.617337, 27.097922], [88.617175, 27.097845], [88.617018, 27.097837], [88.616816, 27.097886], [88.616656, 27.097904], [88.616507, 27.097845], [88.616331, 27.097813], [88.616156, 27.097813], [88.616001, 27.097728], [88.615812, 27.097611], [88.615523, 27.0976], [88.615412, 27.097669], [88.615181, 27.097936], [88.61484, 27.09794], [88.614696, 27.097877], [88.614432, 27.097721], [88.614137, 27.097676], [88.613851, 27.097683], [88.613591, 27.097615], [88.613122, 27.097407], [88.612964, 27.097316], [88.612898, 27.097289], [88.61284, 27.097265], [88.612762, 27.097253], [88.612686, 27.097259], [88.61259, 27.097289], [88.612505, 27.097355], [88.612403, 27.09744], [88.612332, 27.097487], [88.612266, 27.097509], [88.612101, 27.097548], [88.611961, 27.0976], [88.611876, 27.097676], [88.611794, 27.097732], [88.611686, 27.097748], [88.611618, 27.097722], [88.611534, 27.097677], [88.611487, 27.097595], [88.611439, 27.097404], [88.611318, 27.097164], [88.610782, 27.096822], [88.610131, 27.096377], [88.610036, 27.096312], [88.60991, 27.096009], [88.609542, 27.095709], [88.60942, 27.095686], [88.609324, 27.095707], [88.609009, 27.095926], [88.60898, 27.096037], [88.609024, 27.096185], [88.609007, 27.096256], [88.608979, 27.096297], [88.608936, 27.09632], [88.608893, 27.096326], [88.608769, 27.096273], [88.608678, 27.096233], [88.608609, 27.096234], [88.608534, 27.096252], [88.608458, 27.096309], [88.608358, 27.09649], [88.608252, 27.096614], [88.608194, 27.096633], [88.608149, 27.096621], [88.60808, 27.096567], [88.608008, 27.096478], [88.607983, 27.096442], [88.607947, 27.096412], [88.607912, 27.096417], [88.607878, 27.096419], [88.607842, 27.096441], [88.607686, 27.096558], [88.607486, 27.096719], [88.607287, 27.096726], [88.607036, 27.096884], [88.606672, 27.096856], [88.606165, 27.097194], [88.606039, 27.09723], [88.60595, 27.097246], [88.605876, 27.097253], [88.605809, 27.097247], [88.605654, 27.097187], [88.605587, 27.097169], [88.6055, 27.097164], [88.605351, 27.097181], [88.605277, 27.097197], [88.605214, 27.097213], [88.605101, 27.097222], [88.604959, 27.0972], [88.604644, 27.097079], [88.604471, 27.097027], [88.604326, 27.097013], [88.603857, 27.096993], [88.60357, 27.096807], [88.603411, 27.096773], [88.603051, 27.096837], [88.602807, 27.096785], [88.602589, 27.096706], [88.602444, 27.096655], [88.602236, 27.096484], [88.602095, 27.096281], [88.601887, 27.09606], [88.601718, 27.095907], [88.601561, 27.095726], [88.601351, 27.09557], [88.601019, 27.09551], [88.600778, 27.095548], [88.600487, 27.095718], [88.600077, 27.095985], [88.599811, 27.096117], [88.599663, 27.096326], [88.599499, 27.096434], [88.599315, 27.096463], [88.599158, 27.096498], [88.599036, 27.09657], [88.598705, 27.096714], [88.598353, 27.096799], [88.598018, 27.096785], [88.597791, 27.096737], [88.597544, 27.096652], [88.597298, 27.096638], [88.597103, 27.096673], [88.59694, 27.096746], [88.59688, 27.096848], [88.596878, 27.096947], [88.596974, 27.097204], [88.597051, 27.097437], [88.597114, 27.097635], [88.597253, 27.09776], [88.597369, 27.097936], [88.59767, 27.098564], [88.597709, 27.099303], [88.597732, 27.099494], [88.597697, 27.099695], [88.597667, 27.099819], [88.597653, 27.099897], [88.597643, 27.099946], [88.597645, 27.099979], [88.597654, 27.10001], [88.597663, 27.100044], [88.597692, 27.100109], [88.59773, 27.100186], [88.597773, 27.100267], [88.597812, 27.100355], [88.597905, 27.10062], [88.598025, 27.101129], [88.598234, 27.101568], [88.598419, 27.101928], [88.598707, 27.102195], [88.59877, 27.102337], [88.598786, 27.102679], [88.598753, 27.103251], [88.598675, 27.103419], [88.598696, 27.103888], [88.598648, 27.103965], [88.598475, 27.104114], [88.598303, 27.104315], [88.598219, 27.104324], [88.59791, 27.104548], [88.597822, 27.10487], [88.597621, 27.105055], [88.597322, 27.105148], [88.597106, 27.105162], [88.597017, 27.10523], [88.596916, 27.10537], [88.596635, 27.105457], [88.596362, 27.105558], [88.595994, 27.105578], [88.595806, 27.105649], [88.595236, 27.106155], [88.595089, 27.106355], [88.594943, 27.106856], [88.594822, 27.106984], [88.594658, 27.107011], [88.594452, 27.106995], [88.594185, 27.106826], [88.594081, 27.106697], [88.593939, 27.106632], [88.593755, 27.106601], [88.5936, 27.106624], [88.593467, 27.106735], [88.593393, 27.106817], [88.593327, 27.10689], [88.593092, 27.106995], [88.592846, 27.107032], [88.592612, 27.106952], [88.592398, 27.106838], [88.592114, 27.10676], [88.591906, 27.106788], [88.591835, 27.106854], [88.591787, 27.106907], [88.591748, 27.106985], [88.591725, 27.107202], [88.591734, 27.107312], [88.591732, 27.107476], [88.591752, 27.107625], [88.591851, 27.107793], [88.591958, 27.107964], [88.59209, 27.108172], [88.592162, 27.108289], [88.592203, 27.108355], [88.592272, 27.108544], [88.592325, 27.108683], [88.592334, 27.108802], [88.592321, 27.109028], [88.592119, 27.109239], [88.591923, 27.109366], [88.591748, 27.10949], [88.591695, 27.109673], [88.591638, 27.109804], [88.591591, 27.109928], [88.591544, 27.110171], [88.591537, 27.110207], [88.591557, 27.110449], [88.591547, 27.111067], [88.591546, 27.111101], [88.591462, 27.111292], [88.591344, 27.111452], [88.591175, 27.111546], [88.590999, 27.111565], [88.590756, 27.111603], [88.590504, 27.111659], [88.590229, 27.111702], [88.589957, 27.11177], [88.589796, 27.111852], [88.589778, 27.111883], [88.589771, 27.111917], [88.589766, 27.111947], [88.589771, 27.111977], [88.589811, 27.112065], [88.589843, 27.112156], [88.589848, 27.112226], [88.589819, 27.112296], [88.589759, 27.112367], [88.589558, 27.112517], [88.58938, 27.112746], [88.589316, 27.112941], [88.589184, 27.113049], [88.589088, 27.113141], [88.588956, 27.113196], [88.588748, 27.113222], [88.588589, 27.113255], [88.588348, 27.113224], [88.588105, 27.113236], [88.587941, 27.113268], [88.587877, 27.113345], [88.587853, 27.113414], [88.587829, 27.113464], [88.587823, 27.113509], [88.587845, 27.11368], [88.58785, 27.113946], [88.587784, 27.114172], [88.587661, 27.114337], [88.587437, 27.114523], [88.587313, 27.114586], [88.58724, 27.114659], [88.587166, 27.114749], [88.587133, 27.11479], [88.587048, 27.114885], [88.586951, 27.115021], [88.586931, 27.115064], [88.586877, 27.115182], [88.586839, 27.115337], [88.586821, 27.115479], [88.5868, 27.115562], [88.586781, 27.115607], [88.586763, 27.115641], [88.586725, 27.115692], [88.586693, 27.115724], [88.586647, 27.115765], [88.586585, 27.115826], [88.586417, 27.116089], [88.586371, 27.116199], [88.586314, 27.116283], [88.586238, 27.116354], [88.586135, 27.116397], [88.585954, 27.116371], [88.585858, 27.116366], [88.585806, 27.116375], [88.585735, 27.11638], [88.585581, 27.116382], [88.585413, 27.116403], [88.585316, 27.116417], [88.585206, 27.116436], [88.585112, 27.11644], [88.584966, 27.116408], [88.584835, 27.116378], [88.58477, 27.11638], [88.584706, 27.116415], [88.584591, 27.116477], [88.584515, 27.116534], [88.584431, 27.116594], [88.584342, 27.116674], [88.584287, 27.116795], [88.584206, 27.116942], [88.584091, 27.117062], [88.584017, 27.117112], [88.583946, 27.117141], [88.583838, 27.117123], [88.583749, 27.117076], [88.583632, 27.11702], [88.583519, 27.116976], [88.583462, 27.116967], [88.583366, 27.116976], [88.58327, 27.117014], [88.583126, 27.117075], [88.582946, 27.117142], [88.582801, 27.117183], [88.582709, 27.117206], [88.582621, 27.117258], [88.582564, 27.117331], [88.582601, 27.117388], [88.582682, 27.117427], [88.582792, 27.11746], [88.582867, 27.117451], [88.583003, 27.117411], [88.583097, 27.117393], [88.58316, 27.117393], [88.583209, 27.117407], [88.583267, 27.117439], [88.583374, 27.11753], [88.583439, 27.117646], [88.583465, 27.11769], [88.583509, 27.117736], [88.583559, 27.117757], [88.583598, 27.117755], [88.58364, 27.117725], [88.58372, 27.117685], [88.583825, 27.117597], [88.583992, 27.117453], [88.584114, 27.11736], [88.584237, 27.117279], [88.584331, 27.117223], [88.584425, 27.117221], [88.584448, 27.117258], [88.584469, 27.117318], [88.584414, 27.117458], [88.584327, 27.117663], [88.584318, 27.117685], [88.5843, 27.117746], [88.5843, 27.11779], [88.584321, 27.117818], [88.584339, 27.117841], [88.584365, 27.117862], [88.584401, 27.11788], [88.584448, 27.11788], [88.584493, 27.117876], [88.584555, 27.117855], [88.58461, 27.117838], [88.584675, 27.117818], [88.584829, 27.117829], [88.584962, 27.117845], [88.585095, 27.117852], [88.585239, 27.117855], [88.585384, 27.117859], [88.585549, 27.117866], [88.58569, 27.117869], [88.585821, 27.117859], [88.585901, 27.117855], [88.585998, 27.117869], [88.586105, 27.117915], [88.586254, 27.117976], [88.586452, 27.118073], [88.586522, 27.118147], [88.586606, 27.118243], [88.586639, 27.118314], [88.58666, 27.118411], [88.58666, 27.118489], [88.586642, 27.118576], [88.586613, 27.11866], [88.586644, 27.118753], [88.586639, 27.118851], [88.586671, 27.118929], [88.586694, 27.119008], [88.586728, 27.119106], [88.586744, 27.119182], [88.58671, 27.119289], [88.586639, 27.119366], [88.586548, 27.119468], [88.586407, 27.119644], [88.586345, 27.119819], [88.586316, 27.119904], [88.586287, 27.119981], [88.586283, 27.120075], [88.586327, 27.120195], [88.586345, 27.120286], [88.586344, 27.120415], [88.586342, 27.120578], [88.586335, 27.120745], [88.586291, 27.12089], [88.586314, 27.121034], [88.586342, 27.121236], [88.586395, 27.121432], [88.586615, 27.121652], [88.586766, 27.121871], [88.586825, 27.122147], [88.586728, 27.123198], [88.587216, 27.124348], [88.587388, 27.125852], [88.587576, 27.126659], [88.588047, 27.127534], [88.588455, 27.127757], [88.588573, 27.127863], [88.58864, 27.128004], [88.588651, 27.128126], [88.588764, 27.128227], [88.588917, 27.128252], [88.589083, 27.128252], [88.589325, 27.128325], [88.58959, 27.128563], [88.589743, 27.12887], [88.589888, 27.129333], [88.590016, 27.129553], [88.590017, 27.129786], [88.590073, 27.129923], [88.590172, 27.130024], [88.590362, 27.130095], [88.590652, 27.130124], [88.590848, 27.13023], [88.591049, 27.130401], [88.59117, 27.130613], [88.591392, 27.131114], [88.591663, 27.131467], [88.591849, 27.131569], [88.592079, 27.131678], [88.592217, 27.131765], [88.592329, 27.131846], [88.592417, 27.131939], [88.592528, 27.132036], [88.592687, 27.132159], [88.592806, 27.132252], [88.592927, 27.132354], [88.593022, 27.132457], [88.593157, 27.132568], [88.593576, 27.132893], [88.593972, 27.13314], [88.594127, 27.133212], [88.594242, 27.133278], [88.594333, 27.133329], [88.594415, 27.133383], [88.59454, 27.133537], [88.594607, 27.13366], [88.594641, 27.133756], [88.594671, 27.133937], [88.594712, 27.134385], [88.594769, 27.134568], [88.594813, 27.134701], [88.594881, 27.134899], [88.594959, 27.134999], [88.595126, 27.13509], [88.595263, 27.135201], [88.595365, 27.1353], [88.59547, 27.135424], [88.595521, 27.135509], [88.595533, 27.135585], [88.595506, 27.135696], [88.595479, 27.135781], [88.595469, 27.13585], [88.595466, 27.135937], [88.595506, 27.135976], [88.595567, 27.13602], [88.595652, 27.136044], [88.595983, 27.136069], [88.596091, 27.136093], [88.596182, 27.13613], [88.596261, 27.13618], [88.596332, 27.136243], [88.596361, 27.136279], [88.596377, 27.136316], [88.596376, 27.136396], [88.596342, 27.136498], [88.596274, 27.136647], [88.596203, 27.136714], [88.596178, 27.136747], [88.59617, 27.13679], [88.596211, 27.136826], [88.596242, 27.136832], [88.596507, 27.136781], [88.596626, 27.136764], [88.596688, 27.136796], [88.596732, 27.136853], [88.596745, 27.136925], [88.596744, 27.137005], [88.596745, 27.137063], [88.596761, 27.137097], [88.596802, 27.137139], [88.596985, 27.137158], [88.597126, 27.137159], [88.59733, 27.137179], [88.59749, 27.137211], [88.597719, 27.137281], [88.597799, 27.137319], [88.598154, 27.137529], [88.598597, 27.13774], [88.598714, 27.137785], [88.598777, 27.137787], [88.598819, 27.13778], [88.598845, 27.137755], [88.59885, 27.137708], [88.59883, 27.137668], [88.598721, 27.137621], [88.598633, 27.137586], [88.598565, 27.137552], [88.598508, 27.137489], [88.598464, 27.137444], [88.598386, 27.137336], [88.598376, 27.137279], [88.598363, 27.137161], [88.598369, 27.137071], [88.59842, 27.137032], [88.598461, 27.137029], [88.598569, 27.137074], [88.598809, 27.137222], [88.599045, 27.137372], [88.599184, 27.13742], [88.59951, 27.137517], [88.599907, 27.137565], [88.60009, 27.13754], [88.600205, 27.137513], [88.600283, 27.137513], [88.600367, 27.137546], [88.600435, 27.137616], [88.600509, 27.137748], [88.600553, 27.137844], [88.600634, 27.13801], [88.600732, 27.138154], [88.600813, 27.138238], [88.600908, 27.138317], [88.601067, 27.138476], [88.601172, 27.138714], [88.601401, 27.139165], [88.60152, 27.139369], [88.601587, 27.139505], [88.601621, 27.139625], [88.601665, 27.13976], [88.601702, 27.139938], [88.6018, 27.140323], [88.601885, 27.140506], [88.601962, 27.14069], [88.602077, 27.140939], [88.602159, 27.141087], [88.602304, 27.141373], [88.602449, 27.141505], [88.602507, 27.141586], [88.602707, 27.141967], [88.602896, 27.142232], [88.603001, 27.1424], [88.603099, 27.142626], [88.603214, 27.143083], [88.603302, 27.143234], [88.60346, 27.143381], [88.603504, 27.143471], [88.603599, 27.143667], [88.603802, 27.143751], [88.603988, 27.143811], [88.604123, 27.143838], [88.604231, 27.143889], [88.604333, 27.143952], [88.60441, 27.143985], [88.604616, 27.144196], [88.604667, 27.144241], [88.604819, 27.144509], [88.604769, 27.144638], [88.604738, 27.144746], [88.604731, 27.144792], [88.604823, 27.144852], [88.604927, 27.144906], [88.605174, 27.14496], [88.605431, 27.14502], [88.605536, 27.145192], [88.605489, 27.145402], [88.605485, 27.145589], [88.605519, 27.145703], [88.60557, 27.14588], [88.605614, 27.146019], [88.605674, 27.146241], [88.605735, 27.146638], [88.605773, 27.146798], [88.605816, 27.146924], [88.60585, 27.147035], [88.605894, 27.147168], [88.605958, 27.147273], [88.60604, 27.147339], [88.606144, 27.14739], [88.606215, 27.147414], [88.606286, 27.147432], [88.606317, 27.147447], [88.606506, 27.14755], [88.606645, 27.147727], [88.606763, 27.147896], [88.606783, 27.14807], [88.60677, 27.148169], [88.606783, 27.148248], [88.606834, 27.148371], [88.606885, 27.148669], [88.606949, 27.14878], [88.607074, 27.148855], [88.607338, 27.148951], [88.607503, 27.149033], [88.607682, 27.14912], [88.607767, 27.149186], [88.607841, 27.149267], [88.607885, 27.149345], [88.607919, 27.149457], [88.607926, 27.149514], [88.607912, 27.149646], [88.607889, 27.149799], [88.607909, 27.149945], [88.607942, 27.150126], [88.607967, 27.150242], [88.607992, 27.150328], [88.608061, 27.150435], [88.60814, 27.150483], [88.60828, 27.150529], [88.608466, 27.150613], [88.608645, 27.150672], [88.60897, 27.15081], [88.609103, 27.150874], [88.609228, 27.150977], [88.609342, 27.151108], [88.609423, 27.15121], [88.609504, 27.151349], [88.609595, 27.151466], [88.6097, 27.151595], [88.609771, 27.151824], [88.609819, 27.151938], [88.609876, 27.152025], [88.609961, 27.152137], [88.610042, 27.152266], [88.610072, 27.152335], [88.610038, 27.152422], [88.609981, 27.15257], [88.60994, 27.152645], [88.609929, 27.152692], [88.609937, 27.152732], [88.609953, 27.152762], [88.610004, 27.152794], [88.610069, 27.152858], [88.610102, 27.152913], [88.610319, 27.153162], [88.610461, 27.153316], [88.610549, 27.1534], [88.610626, 27.153475], [88.610664, 27.153553], [88.610708, 27.153701], [88.610735, 27.153854], [88.610758, 27.154007], [88.610843, 27.154128], [88.610944, 27.154293], [88.611002, 27.154362], [88.611147, 27.154485], [88.611434, 27.1546], [88.611671, 27.154681], [88.611901, 27.154774], [88.612222, 27.154922], [88.612448, 27.155081], [88.612539, 27.155147], [88.612603, 27.155234], [88.612646, 27.155315], [88.612818, 27.155576], [88.612846, 27.155668], [88.612857, 27.155737], [88.612859, 27.155789], [88.612854, 27.155832], [88.612838, 27.155899], [88.612821, 27.155961], [88.612821, 27.15599], [88.612827, 27.156013], [88.612845, 27.15604], [88.612865, 27.15606], [88.612922, 27.15609], [88.612978, 27.156117], [88.613059, 27.156149], [88.613137, 27.156186], [88.613221, 27.156249], [88.613282, 27.156311], [88.61333, 27.156369], [88.613366, 27.156429], [88.613387, 27.156478], [88.613398, 27.156555], [88.613388, 27.156692], [88.613333, 27.156848], [88.613323, 27.156937], [88.613317, 27.15699], [88.61333, 27.15711], [88.613394, 27.157248], [88.613479, 27.157354], [88.61357, 27.157441], [88.613651, 27.157534], [88.613712, 27.157591], [88.61379, 27.157651], [88.613884, 27.157742], [88.613911, 27.157838], [88.613942, 27.157961], [88.613989, 27.158066], [88.614057, 27.158181], [88.614108, 27.158268], [88.614631, 27.158494], [88.61477, 27.15856], [88.614831, 27.158626], [88.614868, 27.158698], [88.614932, 27.158818], [88.614969, 27.158936], [88.615003, 27.158987], [88.615098, 27.159068], [88.615196, 27.159161], [88.61546, 27.159444], [88.615602, 27.159606], [88.615747, 27.159697], [88.615801, 27.159779], [88.615828, 27.159832], [88.615865, 27.159922], [88.615926, 27.160148], [88.616011, 27.160373], [88.616183, 27.160686], [88.616372, 27.160821], [88.616467, 27.160851], [88.616528, 27.160907], [88.616622, 27.160987], [88.616673, 27.161053], [88.616727, 27.161128], [88.616785, 27.161209], [88.616913, 27.16123], [88.616991, 27.161185], [88.617035, 27.161101], [88.617011, 27.16105], [88.616984, 27.160984], [88.616923, 27.160915], [88.616869, 27.160854], [88.616788, 27.160794], [88.61672, 27.160734], [88.616619, 27.16065], [88.616406, 27.160457], [88.616335, 27.160337], [88.616305, 27.160265], [88.616271, 27.160172], [88.616188, 27.159616], [88.616156, 27.159494], [88.616131, 27.159282], [88.616127, 27.159177], [88.616104, 27.159038], [88.616034, 27.15895], [88.615872, 27.158828], [88.615748, 27.158704], [88.615729, 27.158604], [88.615727, 27.158532], [88.615752, 27.158472], [88.615786, 27.158419], [88.615889, 27.158338], [88.615957, 27.158348], [88.616053, 27.15838], [88.616131, 27.158425], [88.616175, 27.158446], [88.616226, 27.15879], [88.616361, 27.158947], [88.616491, 27.159068], [88.616563, 27.159312], [88.616617, 27.159452], [88.616633, 27.15957], [88.616718, 27.159742], [88.616762, 27.159846], [88.616862, 27.159949], [88.616912, 27.160033], [88.616987, 27.160068], [88.617073, 27.160095], [88.617173, 27.160112], [88.61727, 27.160138], [88.617393, 27.160166], [88.617507, 27.160199], [88.617616, 27.160226], [88.617724, 27.160259], [88.617802, 27.160341], [88.617856, 27.160434], [88.61791, 27.160509], [88.617964, 27.160695], [88.617991, 27.160846], [88.618018, 27.16093], [88.618146, 27.161138], [88.618258, 27.161243], [88.618352, 27.161312], [88.618447, 27.161414], [88.618488, 27.161453], [88.618573, 27.16156], [88.618883, 27.16191], [88.619252, 27.162142], [88.619407, 27.162199], [88.619491, 27.162237], [88.619635, 27.162361], [88.619731, 27.162436], [88.619925, 27.162621], [88.620039, 27.162726], [88.620106, 27.162721], [88.620214, 27.1627], [88.620288, 27.162566], [88.620231, 27.162404], [88.620087, 27.162208], [88.619664, 27.161926], [88.61929, 27.161661], [88.618943, 27.161323], [88.61885, 27.161185], [88.618838, 27.160926], [88.618792, 27.160716], [88.618778, 27.160324], [88.61881, 27.160072], [88.618753, 27.159769], [88.618572, 27.159258], [88.618547, 27.159144], [88.618538, 27.159085], [88.618564, 27.159021], [88.618605, 27.158973], [88.618672, 27.158933], [88.618723, 27.158919], [88.618769, 27.158924], [88.618826, 27.158963], [88.618861, 27.159006], [88.618882, 27.159104], [88.618933, 27.159387], [88.619125, 27.159975], [88.619146, 27.160172], [88.619149, 27.160476], [88.619277, 27.160806], [88.619474, 27.161122], [88.619795, 27.161365], [88.620486, 27.161717], [88.620928, 27.161973], [88.621125, 27.162278], [88.621226, 27.162319], [88.621292, 27.162306], [88.621337, 27.162255], [88.621366, 27.162171], [88.621361, 27.162116], [88.621331, 27.162053], [88.621272, 27.161963], [88.621157, 27.161798], [88.620964, 27.161605], [88.620676, 27.161431], [88.620375, 27.161285], [88.620179, 27.16111], [88.620082, 27.160963], [88.620096, 27.160829], [88.620163, 27.160673], [88.620309, 27.160603], [88.620545, 27.16057], [88.620769, 27.160687], [88.621095, 27.161063], [88.621217, 27.161214], [88.621291, 27.161324], [88.621294, 27.161432], [88.621356, 27.161645], [88.621566, 27.161943], [88.621796, 27.162105], [88.621892, 27.162216], [88.62195, 27.162447], [88.621915, 27.162684], [88.621853, 27.162918], [88.621817, 27.16301], [88.621858, 27.163072], [88.621934, 27.163104], [88.622033, 27.163073], [88.622084, 27.162951], [88.622108, 27.162742], [88.622157, 27.162585], [88.622286, 27.16237], [88.622382, 27.162233], [88.622353, 27.16202], [88.62219, 27.161849], [88.622055, 27.161729], [88.621996, 27.161622], [88.621923, 27.161467], [88.621935, 27.161359], [88.622027, 27.161285], [88.622199, 27.161268], [88.622335, 27.161293], [88.622603, 27.161328], [88.622719, 27.161292], [88.622741, 27.161193], [88.622686, 27.161098], [88.622572, 27.161019], [88.622505, 27.161016], [88.622412, 27.161028], [88.622254, 27.161028], [88.62221, 27.161007], [88.622184, 27.16097], [88.622149, 27.160879], [88.622113, 27.160772], [88.622123, 27.160601], [88.622151, 27.160251], [88.622132, 27.159986], [88.622113, 27.159738], [88.621998, 27.159568], [88.621814, 27.159345], [88.621597, 27.159165], [88.621498, 27.159046], [88.621479, 27.158978], [88.621479, 27.158858], [88.621556, 27.158773], [88.621633, 27.158782], [88.621815, 27.158816], [88.621868, 27.158866], [88.621914, 27.158926], [88.622094, 27.159175], [88.622334, 27.159405], [88.622411, 27.159662], [88.622449, 27.159978], [88.622535, 27.160174], [88.622651, 27.160405], [88.622916, 27.160705], [88.623137, 27.160839], [88.623441, 27.160924], [88.623633, 27.160958], [88.62375, 27.160985], [88.623879, 27.161098], [88.623943, 27.161237], [88.623967, 27.1614], [88.623892, 27.161592], [88.62384, 27.161712], [88.623826, 27.161755], [88.62384, 27.161793], [88.623893, 27.16181], [88.623984, 27.161803], [88.624033, 27.161712], [88.624132, 27.161431], [88.624163, 27.161195], [88.624031, 27.160934], [88.623681, 27.160642], [88.623515, 27.160388], [88.623468, 27.159987], [88.623505, 27.159738], [88.62354, 27.159683], [88.623601, 27.159636], [88.623677, 27.15964], [88.623716, 27.159698], [88.623743, 27.159801], [88.62374, 27.159896], [88.623726, 27.160217], [88.623734, 27.160321], [88.623782, 27.160419], [88.62396, 27.160604], [88.624173, 27.160802], [88.624389, 27.160943], [88.624629, 27.161], [88.624736, 27.161074], [88.624853, 27.161229], [88.624932, 27.161282], [88.625021, 27.161292], [88.625109, 27.161248], [88.62516, 27.161148], [88.625139, 27.161093], [88.625092, 27.161042], [88.624974, 27.160935], [88.624744, 27.160832], [88.62459, 27.160755], [88.624446, 27.160601], [88.624293, 27.160456], [88.624235, 27.160251], [88.624309, 27.160045], [88.624397, 27.159925], [88.62451, 27.159894], [88.624623, 27.159884], [88.624765, 27.159851], [88.624888, 27.159815], [88.624935, 27.159834], [88.624967, 27.159872], [88.624968, 27.159991], [88.624932, 27.160157], [88.624972, 27.160327], [88.62508, 27.160499], [88.625334, 27.160655], [88.625403, 27.160692], [88.625466, 27.160704], [88.625541, 27.160687], [88.625573, 27.160645], [88.625554, 27.160597], [88.625497, 27.16056], [88.625405, 27.160477], [88.62537, 27.160407], [88.625287, 27.160305], [88.6253, 27.160098], [88.625349, 27.159997], [88.625456, 27.159802], [88.625456, 27.159639], [88.625419, 27.159517], [88.625267, 27.159381], [88.624914, 27.15926], [88.624523, 27.158991], [88.624461, 27.158887], [88.624437, 27.158739], [88.624523, 27.158594], [88.624581, 27.15844], [88.624619, 27.158269], [88.624583, 27.158103], [88.624571, 27.157901], [88.62459, 27.157773], [88.624677, 27.157671], [88.624789, 27.157691], [88.624856, 27.157808], [88.624888, 27.158047], [88.624907, 27.158346], [88.624898, 27.158619], [88.624888, 27.158696], [88.62492, 27.158819], [88.625076, 27.158951], [88.625156, 27.158997], [88.625256, 27.158997], [88.625499, 27.158988], [88.625892, 27.15913], [88.626012, 27.159362], [88.625992, 27.15961], [88.625983, 27.159884], [88.62606, 27.160072], [88.626271, 27.160251], [88.626607, 27.160396], [88.626784, 27.160566], [88.626976, 27.160688], [88.627155, 27.160758], [88.627298, 27.160808], [88.627409, 27.160895], [88.627522, 27.160963], [88.627583, 27.160949], [88.627631, 27.160904], [88.627636, 27.160853], [88.627583, 27.160795], [88.62749, 27.160747], [88.627322, 27.160678], [88.627202, 27.160533], [88.627116, 27.160379], [88.627001, 27.160242], [88.626857, 27.160149], [88.626693, 27.16008], [88.626607, 27.159969], [88.626609, 27.159852], [88.626621, 27.159694], [88.62662, 27.159519], [88.62654, 27.159303], [88.626497, 27.159183], [88.626482, 27.159103], [88.626501, 27.159012], [88.626549, 27.158959], [88.626588, 27.158941], [88.626656, 27.158943], [88.626724, 27.158982], [88.626769, 27.159037], [88.626805, 27.159077], [88.626852, 27.159177], [88.626914, 27.159311], [88.626981, 27.159499], [88.627029, 27.159653], [88.62725, 27.159926], [88.627442, 27.160097], [88.627654, 27.160277], [88.627971, 27.160413], [88.628362, 27.160449], [88.628485, 27.160464], [88.628528, 27.160513], [88.628548, 27.160564], [88.628499, 27.160712], [88.628501, 27.160878], [88.628684, 27.161219], [88.628787, 27.161422], [88.628777, 27.161575], [88.62847, 27.161722], [88.628192, 27.161738], [88.627865, 27.161695], [88.6275, 27.161678], [88.626914, 27.161772], [88.626492, 27.162062], [88.62629, 27.162284], [88.62622, 27.162502], [88.626217, 27.162738], [88.626213, 27.162917], [88.626184, 27.163207], [88.626069, 27.163463], [88.625858, 27.163677], [88.625541, 27.16401], [88.625023, 27.164369], [88.624667, 27.164745], [88.62445, 27.165064], [88.624373, 27.165214], [88.624322, 27.165354], [88.624322, 27.165463], [88.624308, 27.165552], [88.624261, 27.165638], [88.624129, 27.165745], [88.623793, 27.166001], [88.623544, 27.166172], [88.623448, 27.166368], [88.623419, 27.166667], [88.623428, 27.166847], [88.623486, 27.167026], [88.623439, 27.167253], [88.623332, 27.167658], [88.623256, 27.16788], [88.623251, 27.167897], [88.623256, 27.167914], [88.623268, 27.167938], [88.6233, 27.167958], [88.623331, 27.167964], [88.623358, 27.167954], [88.623573, 27.167718], [88.623709, 27.167557], [88.623845, 27.167425], [88.623863, 27.167422], [88.623881, 27.167425], [88.623908, 27.167432], [88.623931, 27.167446], [88.62395, 27.167465], [88.623958, 27.167493], [88.62396, 27.167519], [88.623936, 27.167803], [88.623822, 27.16829], [88.623774, 27.168555], [88.623773, 27.168858], [88.623783, 27.168974], [88.623813, 27.169068], [88.624149, 27.16958], [88.624438, 27.169935], [88.624511, 27.170088], [88.624577, 27.170275], [88.624678, 27.170436], [88.624778, 27.170473], [88.624898, 27.170452], [88.624974, 27.170332], [88.62484, 27.170127], [88.624763, 27.169905], [88.6247, 27.169719], [88.624564, 27.169549], [88.62437, 27.169324], [88.624101, 27.168982], [88.624129, 27.168589], [88.624129, 27.168162], [88.624158, 27.167838], [88.624233, 27.167553], [88.624254, 27.16741], [88.624209, 27.167202], [88.62419, 27.167094], [88.624215, 27.167007], [88.624435, 27.166681], [88.624744, 27.166445], [88.625099, 27.166129], [88.625551, 27.165907], [88.625714, 27.165821], [88.62582, 27.165709], [88.625973, 27.165394], [88.626088, 27.165155], [88.626156, 27.165065], [88.626309, 27.164984], [88.626376, 27.165], [88.626424, 27.165035], [88.626453, 27.165129], [88.626277, 27.165351], [88.626225, 27.165512], [88.626165, 27.165676], [88.62604, 27.165847], [88.62581, 27.166001], [88.625589, 27.166214], [88.625522, 27.166419], [88.625445, 27.166607], [88.625263, 27.166864], [88.625243, 27.167188], [88.625234, 27.167436], [88.625248, 27.167583], [88.625224, 27.167718], [88.625176, 27.167966], [88.625259, 27.168187], [88.625346, 27.168394], [88.625456, 27.168578], [88.625548, 27.168697], [88.625619, 27.168733], [88.625704, 27.168735], [88.6258, 27.168666], [88.625806, 27.168487], [88.625736, 27.168369], [88.625668, 27.168243], [88.625654, 27.168191], [88.625664, 27.168138], [88.625698, 27.168064], [88.625781, 27.167932], [88.626031, 27.167709], [88.626079, 27.167581], [88.626117, 27.167342], [88.626127, 27.167129], [88.626079, 27.167026], [88.62604, 27.166872], [88.626117, 27.166761], [88.626309, 27.16659], [88.626655, 27.166368], [88.626905, 27.16612], [88.627055, 27.16605], [88.627402, 27.16579], [88.627614, 27.165726], [88.627855, 27.165744], [88.628162, 27.165771], [88.628916, 27.165595], [88.629218, 27.165554], [88.629393, 27.165618], [88.629548, 27.16573], [88.629686, 27.165741], [88.629802, 27.165687], [88.630021, 27.165426], [88.630203, 27.165272], [88.630489, 27.165181], [88.630668, 27.165167], [88.630781, 27.16513], [88.630824, 27.165076], [88.630854, 27.165013], [88.63088, 27.164858], [88.631009, 27.164258], [88.630946, 27.163963], [88.630711, 27.163693], [88.630705, 27.163341], [88.630807, 27.162941], [88.630945, 27.162808], [88.631377, 27.162573], [88.631664, 27.162461], [88.63176, 27.162408], [88.631814, 27.162162], [88.63182, 27.161928], [88.631676, 27.161501], [88.631658, 27.161192], [88.631892, 27.160738], [88.632204, 27.16044], [88.632557, 27.160339], [88.632863, 27.160328], [88.63321, 27.160226], [88.633402, 27.160119], [88.633511, 27.160071], [88.63363, 27.160013], [88.633768, 27.159795], [88.634008, 27.159645], [88.634308, 27.159565], [88.634439, 27.159411], [88.634498, 27.15924], [88.634458, 27.159055], [88.634248, 27.15884], [88.634101, 27.158605], [88.633762, 27.158301], [88.63354, 27.157971], [88.633468, 27.157619], [88.633414, 27.157496], [88.633379, 27.157352], [88.633223, 27.157251], [88.633013, 27.157091], [88.632863, 27.156883], [88.632779, 27.156622], [88.632581, 27.156392], [88.632521, 27.156232], [88.632593, 27.156083], [88.632809, 27.155934], [88.633133, 27.15571], [88.633367, 27.155454], [88.633397, 27.155251], [88.633462, 27.155027], [88.633564, 27.154915], [88.633618, 27.154744], [88.6336, 27.154376], [88.633402, 27.153822], [88.633013, 27.153454], [88.632719, 27.153171], [88.632569, 27.152841], [88.632533, 27.15259], [88.632617, 27.152329], [88.632907, 27.152035], [88.632972, 27.15194], [88.632997, 27.151791], [88.632995, 27.151497], [88.632969, 27.151309], [88.632889, 27.15107], [88.632841, 27.150956], [88.632819, 27.150874], [88.63282, 27.150793], [88.632839, 27.150763], [88.632891, 27.150737], [88.632939, 27.150735], [88.633009, 27.15081], [88.633095, 27.150948], [88.633145, 27.151091], [88.633156, 27.151368], [88.633177, 27.15146], [88.633196, 27.151546], [88.63324, 27.151575], [88.633301, 27.151566], [88.633337, 27.15147], [88.633349, 27.151358], [88.633277, 27.151139], [88.633217, 27.151001], [88.633188, 27.150942], [88.63318, 27.150869], [88.633211, 27.150843], [88.633247, 27.150832], [88.633313, 27.150863], [88.63336, 27.150926], [88.633486, 27.151134], [88.633492, 27.151369], [88.633576, 27.151539], [88.633528, 27.151763], [88.633444, 27.152003], [88.633438, 27.152179], [88.633558, 27.152414], [88.633882, 27.152659], [88.634595, 27.153246], [88.634757, 27.15339], [88.63488, 27.153664], [88.634805, 27.154227], [88.634625, 27.154899], [88.634565, 27.155203], [88.634625, 27.155368], [88.634655, 27.155486], [88.634595, 27.155656], [88.634505, 27.155763], [88.634491, 27.155848], [88.634505, 27.155902], [88.634572, 27.15602], [88.634661, 27.156115], [88.635277, 27.156522], [88.635446, 27.156702], [88.635536, 27.156856], [88.635554, 27.157038], [88.63553, 27.157112], [88.635596, 27.157256], [88.635596, 27.157533], [88.635614, 27.157741], [88.635602, 27.157952], [88.635646, 27.158126], [88.635704, 27.158253], [88.635824, 27.158429], [88.636137, 27.158753], [88.636282, 27.158935], [88.636341, 27.159121], [88.636303, 27.159331], [88.636213, 27.159469], [88.63613, 27.159672], [88.635978, 27.159854], [88.635916, 27.159895], [88.635872, 27.159928], [88.635849, 27.159975], [88.635847, 27.160024], [88.635857, 27.160042], [88.635881, 27.16005], [88.635921, 27.160055], [88.635979, 27.160023], [88.63607, 27.159928], [88.636124, 27.159876], [88.636156, 27.159868], [88.636183, 27.159867], [88.636209, 27.159874], [88.636228, 27.159886], [88.636254, 27.159916], [88.636242, 27.159982], [88.636209, 27.160071], [88.636165, 27.160141], [88.63583, 27.160717], [88.635804, 27.160764], [88.63571, 27.160946], [88.635698, 27.160978], [88.635697, 27.161005], [88.635716, 27.161037], [88.635764, 27.161064], [88.635819, 27.161072], [88.63586, 27.161042], [88.63591, 27.160995], [88.635968, 27.160893], [88.636052, 27.160733], [88.63623, 27.160543], [88.636447, 27.160397], [88.636544, 27.16035], [88.636711, 27.160051], [88.636729, 27.1598], [88.636774, 27.159647], [88.636793, 27.159472], [88.636797, 27.159431], [88.636831, 27.159395], [88.636878, 27.159389], [88.636921, 27.1594], [88.636951, 27.159469], [88.636999, 27.159832], [88.637053, 27.159981], [88.637023, 27.160088], [88.636801, 27.160653], [88.636681, 27.160877], [88.636621, 27.16117], [88.636489, 27.16148], [88.636423, 27.161864], [88.636477, 27.162056], [88.636549, 27.162298], [88.636538, 27.162532], [88.636213, 27.163213], [88.636106, 27.163479], [88.636082, 27.163687], [88.636094, 27.163853], [88.636202, 27.164071], [88.636219, 27.164258], [88.636225, 27.16445], [88.636148, 27.164573], [88.635974, 27.164786], [88.635632, 27.165199], [88.635417, 27.165442], [88.635367, 27.165533], [88.635349, 27.165577], [88.635344, 27.165618], [88.635371, 27.165677], [88.635416, 27.165724], [88.635854, 27.165964], [88.635914, 27.166039], [88.636004, 27.166311], [88.635908, 27.167052], [88.635548, 27.167361], [88.63535, 27.167607], [88.635308, 27.167964], [88.63529, 27.168049], [88.635428, 27.168263], [88.63577, 27.168471], [88.63613, 27.168508], [88.636573, 27.168503], [88.636951, 27.168545], [88.637172, 27.168641], [88.637458, 27.168798], [88.637634, 27.168929], [88.6377, 27.169212], [88.637688, 27.169452], [88.637442, 27.169766], [88.637035, 27.169969], [88.636777, 27.170161], [88.636519, 27.170481], [88.636507, 27.170737], [88.636603, 27.170977], [88.636879, 27.171291], [88.637214, 27.171643], [88.637227, 27.171738], [88.637208, 27.171814], [88.637167, 27.171865], [88.637101, 27.171894], [88.636801, 27.171963], [88.636585, 27.172097], [88.636357, 27.172406], [88.636022, 27.172982], [88.635842, 27.173152], [88.635697, 27.173301], [88.635604, 27.173468], [88.635554, 27.173627], [88.635454, 27.173937], [88.63535, 27.174107], [88.635075, 27.17432], [88.634912, 27.174477], [88.634805, 27.174555], [88.634715, 27.174665], [88.634682, 27.174735], [88.634631, 27.174822], [88.634562, 27.174956], [88.634403, 27.175136], [88.634158, 27.175488], [88.633984, 27.175717], [88.633786, 27.175946], [88.633402, 27.176255], [88.633121, 27.17641], [88.632659, 27.176394], [88.632366, 27.176453], [88.631983, 27.176677], [88.63194, 27.176734], [88.631918, 27.176804], [88.631934, 27.176922], [88.631941, 27.177101], [88.631874, 27.17729], [88.631796, 27.177407], [88.631675, 27.177574], [88.63161, 27.177679], [88.631263, 27.178015], [88.630987, 27.178426], [88.630843, 27.178692], [88.630358, 27.179177], [88.630292, 27.179321], [88.630316, 27.179375], [88.63038, 27.179419], [88.630461, 27.179425], [88.630538, 27.179407], [88.630615, 27.179311], [88.630741, 27.179151], [88.630951, 27.178996], [88.631209, 27.178799], [88.631538, 27.178538], [88.631736, 27.178271], [88.631904, 27.178058], [88.632036, 27.17786], [88.632198, 27.177658], [88.632336, 27.177445], [88.632509, 27.177343], [88.632893, 27.177322], [88.633229, 27.177173], [88.634026, 27.176959], [88.634314, 27.17689], [88.634493, 27.176933], [88.63458, 27.17694], [88.634657, 27.176928], [88.634913, 27.176826], [88.635093, 27.176662], [88.635165, 27.176641], [88.635237, 27.176642], [88.63544, 27.176655], [88.635656, 27.176618], [88.63589, 27.176383], [88.635956, 27.175962], [88.636004, 27.175749], [88.636034, 27.175525], [88.63613, 27.175413], [88.636213, 27.17537], [88.636295, 27.175357], [88.636379, 27.175359], [88.636507, 27.175408], [88.636621, 27.17544], [88.636783, 27.175472], [88.636849, 27.175498], [88.636933, 27.17548], [88.636999, 27.17544], [88.637077, 27.175317], [88.637262, 27.175157], [88.63752, 27.175002], [88.63764, 27.174827], [88.637736, 27.174635], [88.637791, 27.174579], [88.637868, 27.174528], [88.638054, 27.17448], [88.638245, 27.174379], [88.638365, 27.174272], [88.638527, 27.174181], [88.638755, 27.174133], [88.639048, 27.174053], [88.639288, 27.174016], [88.639708, 27.174032], [88.639911, 27.174054], [88.640055, 27.174016], [88.640151, 27.173899], [88.640223, 27.173744], [88.640231, 27.17367], [88.640248, 27.173555], [88.640313, 27.173392], [88.640475, 27.173126], [88.640721, 27.172864], [88.640835, 27.17272], [88.641002, 27.172539], [88.641073, 27.172319], [88.641122, 27.172107], [88.641074, 27.17159], [88.641054, 27.171443], [88.641068, 27.171379], [88.64112, 27.171336], [88.641184, 27.171314], [88.641255, 27.17132], [88.641302, 27.171371], [88.64135, 27.171606], [88.641338, 27.172065], [88.64135, 27.172422], [88.641212, 27.172832], [88.64096, 27.173174], [88.640763, 27.173605], [88.640715, 27.173995], [88.640787, 27.174245], [88.640733, 27.174347], [88.640499, 27.174512], [88.640343, 27.174725], [88.640211, 27.174811], [88.639852, 27.174832], [88.63963, 27.174805], [88.639402, 27.174843], [88.639252, 27.175029], [88.639162, 27.175381], [88.639024, 27.175888], [88.638869, 27.176224], [88.638629, 27.176426], [88.638599, 27.176837], [88.638533, 27.176997], [88.638436, 27.177132], [88.638367, 27.177166], [88.638289, 27.177169], [88.638149, 27.177206], [88.638036, 27.177263], [88.638012, 27.177346], [88.638018, 27.177429], [88.638089, 27.177604], [88.63806, 27.177759], [88.637934, 27.177844], [88.637778, 27.17786], [88.637538, 27.177839], [88.637292, 27.177951], [88.636825, 27.1781], [88.636537, 27.178362], [88.636363, 27.178623], [88.636118, 27.178788], [88.63577, 27.178985], [88.635452, 27.179049], [88.635087, 27.179055], [88.634613, 27.179028], [88.634284, 27.179007], [88.634199, 27.179012], [88.634128, 27.179049], [88.634082, 27.179121], [88.634067, 27.179269], [88.634072, 27.17958], [88.634138, 27.1799], [88.634192, 27.18048], [88.63427, 27.18049], [88.634337, 27.180482], [88.634382, 27.180446], [88.634396, 27.180393], [88.634463, 27.18014], [88.63452, 27.180047], [88.634585, 27.179976], [88.634703, 27.17987], [88.634751, 27.179796], [88.634812, 27.179759], [88.634867, 27.179755], [88.634919, 27.179769], [88.635374, 27.179839], [88.635728, 27.179918], [88.635944, 27.180004], [88.636243, 27.179972], [88.636633, 27.17986], [88.636951, 27.179657], [88.637304, 27.179561], [88.6374, 27.179492], [88.637451, 27.179449], [88.63752, 27.179391], [88.637706, 27.179188], [88.63788, 27.179065], [88.638161, 27.178959], [88.638581, 27.178868], [88.638897, 27.178905], [88.639013, 27.178936], [88.639087, 27.17893], [88.639136, 27.178887], [88.639159, 27.178833], [88.639216, 27.178655], [88.639342, 27.178415], [88.639594, 27.17825], [88.639948, 27.178186], [88.640169, 27.178116], [88.640247, 27.178084], [88.640313, 27.177978], [88.640355, 27.177796], [88.640451, 27.177719], [88.640673, 27.177708], [88.640957, 27.177687], [88.64117, 27.177679], [88.641425, 27.177636], [88.641623, 27.177586], [88.641795, 27.177519], [88.641997, 27.177458], [88.642156, 27.177463], [88.642287, 27.17747], [88.642375, 27.17745], [88.642435, 27.177389], [88.642486, 27.177279], [88.642579, 27.177103], [88.642693, 27.176949], [88.642812, 27.176831], [88.64298, 27.176703], [88.643067, 27.176578], [88.643184, 27.176341], [88.643287, 27.176201], [88.643376, 27.176109], [88.643623, 27.175917], [88.643999, 27.175424], [88.644128, 27.175208], [88.644326, 27.174989], [88.644585, 27.17482], [88.644694, 27.174661], [88.644782, 27.174424], [88.644835, 27.174326], [88.644902, 27.17447], [88.644978, 27.174651], [88.645027, 27.174727], [88.64509, 27.174739], [88.645141, 27.174726], [88.645171, 27.174679], [88.645219, 27.174616], [88.645318, 27.174496], [88.645486, 27.174315], [88.645575, 27.174299], [88.645725, 27.174197], [88.645916, 27.173768], [88.645908, 27.173692], [88.645715, 27.173477], [88.645726, 27.173377], [88.645758, 27.173281], [88.645852, 27.17321], [88.645932, 27.173172], [88.646019, 27.173125], [88.646516, 27.172958], [88.646709, 27.17291], [88.647029, 27.172942], [88.647291, 27.172878], [88.647521, 27.172725], [88.647692, 27.172534], [88.648219, 27.172385], [88.648863, 27.172146], [88.649071, 27.17211], [88.649213, 27.172127], [88.649424, 27.172224], [88.649602, 27.172282], [88.650038, 27.172237], [88.650383, 27.172135], [88.650451, 27.172142], [88.650505, 27.172157], [88.650531, 27.172187], [88.650544, 27.172226], [88.650536, 27.172278], [88.650522, 27.172315], [88.650512, 27.172337], [88.650463, 27.172417], [88.650425, 27.172489], [88.650434, 27.172525], [88.650476, 27.172539], [88.650514, 27.17253], [88.65055, 27.172491], [88.650585, 27.172441], [88.650712, 27.172318], [88.650868, 27.172201], [88.651039, 27.172139], [88.651294, 27.172152], [88.651545, 27.172146], [88.651796, 27.172149], [88.652262, 27.172117], [88.652666, 27.172052], [88.653048, 27.171955], [88.653201, 27.171923], [88.653346, 27.171932], [88.653524, 27.171945], [88.653761, 27.171897], [88.653954, 27.171848], [88.654088, 27.171845], [88.654198, 27.17179], [88.654248, 27.171673], [88.654379, 27.171586], [88.654634, 27.171495], [88.654896, 27.171482], [88.655224, 27.171528], [88.655422, 27.171656], [88.65547, 27.171778], [88.655527, 27.171842], [88.6556, 27.171868], [88.655704, 27.171845], [88.655814, 27.171716], [88.65601, 27.171492], [88.656159, 27.17133], [88.656257, 27.171204], [88.656381, 27.171117], [88.656595, 27.171107], [88.656792, 27.171142], [88.656905, 27.17123], [88.656963, 27.171376], [88.65705, 27.171524], [88.657352, 27.171745], [88.657625, 27.171923], [88.657902, 27.171994], [88.658073, 27.171984], [88.658186, 27.171929], [88.65821, 27.171897], [88.658247, 27.171874], [88.658301, 27.171869], [88.658331, 27.171887], [88.658346, 27.171926], [88.658367, 27.171963], [88.658398, 27.171964], [88.658422, 27.171944], [88.658426, 27.171864], [88.658491, 27.171767], [88.658655, 27.171732], [88.658891, 27.171719], [88.658926, 27.171712], [88.65898, 27.171705], [88.659025, 27.171694], [88.659042, 27.171693], [88.659065, 27.171702], [88.659083, 27.17172], [88.659087, 27.171745], [88.659087, 27.171759], [88.659086, 27.171798], [88.659077, 27.171858], [88.65919, 27.172], [88.659324, 27.172104], [88.659623, 27.172172], [88.660016, 27.172233], [88.660125, 27.172249], [88.660163, 27.172255], [88.660211, 27.172255], [88.660249, 27.172228], [88.660263, 27.172184], [88.660266, 27.172082], [88.660307, 27.171825], [88.660391, 27.171657], [88.660631, 27.171489], [88.660689, 27.171401], [88.660762, 27.171327], [88.660958, 27.171252], [88.661118, 27.171097], [88.661169, 27.171067], [88.661311, 27.170974], [88.661409, 27.170951], [88.661489, 27.170848], [88.661599, 27.170641], [88.661802, 27.170498], [88.662017, 27.170466], [88.662257, 27.170424], [88.662374, 27.170395], [88.662501, 27.170398], [88.662788, 27.170466], [88.662985, 27.170391], [88.663072, 27.170353], [88.663185, 27.170255], [88.66328, 27.170123], [88.663362, 27.170064], [88.663412, 27.170011], [88.663434, 27.170001], [88.663477, 27.16998], [88.663526, 27.16998], [88.663569, 27.170003], [88.663595, 27.170023], [88.663767, 27.1702], [88.664015, 27.170291], [88.664259, 27.170259], [88.664419, 27.170194], [88.664557, 27.17021], [88.664732, 27.170207], [88.664917, 27.170136], [88.665048, 27.170087], [88.665245, 27.170035], [88.665372, 27.170058], [88.665881, 27.169941], [88.666074, 27.169935], [88.666413, 27.169948], [88.666627, 27.16999], [88.666886, 27.169938], [88.66729, 27.169854], [88.667485, 27.169823], [88.667536, 27.169852], [88.667539, 27.169899], [88.66752, 27.169936], [88.667475, 27.169957], [88.667124, 27.170007], [88.666393, 27.170147], [88.665406, 27.170499], [88.664912, 27.170718], [88.664478, 27.170841], [88.664251, 27.170938], [88.663668, 27.170885], [88.663485, 27.170938], [88.663372, 27.170982], [88.663341, 27.171004], [88.663316, 27.171042], [88.663322, 27.17112], [88.663357, 27.171154], [88.66341, 27.171172], [88.663523, 27.171178], [88.663866, 27.171192], [88.6643, 27.171307], [88.664646, 27.171465], [88.664883, 27.171552], [88.6651, 27.171535], [88.665278, 27.171456], [88.665544, 27.171482], [88.665742, 27.171649], [88.665979, 27.171711], [88.666005, 27.171733], [88.666013, 27.171776], [88.665998, 27.171819], [88.665946, 27.171853], [88.66581, 27.171852], [88.665653, 27.171825], [88.665366, 27.171957], [88.664705, 27.171983], [88.664577, 27.172062], [88.663737, 27.171965], [88.663481, 27.172018], [88.663402, 27.172264], [88.663204, 27.172387], [88.662862, 27.172555], [88.662763, 27.172604], [88.662686, 27.172675], [88.662684, 27.172767], [88.662742, 27.172852], [88.662829, 27.17294], [88.662987, 27.173125], [88.663056, 27.173195], [88.663066, 27.17324], [88.66305, 27.173289], [88.663034, 27.173339], [88.662962, 27.173382], [88.662893, 27.173385], [88.662775, 27.17335], [88.662546, 27.173215], [88.662447, 27.173127], [88.66239, 27.173092], [88.662334, 27.173094], [88.662269, 27.173112], [88.662215, 27.173152], [88.662193, 27.173207], [88.662209, 27.173349], [88.662276, 27.173704], [88.662148, 27.174003], [88.662033, 27.174266], [88.66201, 27.174331], [88.661985, 27.174394], [88.661974, 27.174426], [88.661937, 27.174458], [88.661906, 27.174463], [88.661871, 27.174463], [88.661795, 27.174465], [88.661711, 27.174459], [88.661347, 27.174517], [88.661202, 27.174552], [88.661137, 27.174589], [88.661111, 27.174627], [88.661119, 27.174675], [88.661161, 27.1747], [88.661198, 27.174701], [88.661377, 27.174719], [88.661585, 27.17482], [88.661812, 27.17489], [88.662237, 27.174767], [88.662365, 27.174644], [88.662513, 27.174143], [88.662534, 27.17405], [88.662577, 27.173962], [88.662613, 27.173926], [88.662677, 27.173906], [88.66275, 27.17391], [88.662786, 27.173932], [88.66282, 27.173986], [88.662859, 27.174067], [88.662889, 27.174093], [88.662918, 27.174098], [88.662942, 27.174094], [88.662977, 27.17407], [88.66301, 27.17404], [88.663125, 27.173977], [88.663259, 27.173904], [88.663296, 27.173888], [88.663315, 27.173884], [88.663347, 27.173883], [88.663377, 27.173894], [88.663404, 27.173912], [88.663432, 27.173945], [88.66352, 27.174038], [88.663747, 27.174108], [88.663906, 27.174143], [88.663953, 27.174137], [88.663981, 27.174122], [88.664014, 27.17409], [88.664029, 27.174034], [88.66402, 27.173965], [88.663826, 27.173748], [88.663816, 27.173546], [88.66383, 27.173356], [88.663868, 27.17326], [88.663931, 27.173209], [88.664029, 27.173194], [88.664083, 27.173206], [88.664123, 27.173228], [88.664151, 27.173255], [88.664181, 27.173286], [88.66432, 27.173467], [88.664488, 27.173599], [88.664768, 27.173658], [88.664869, 27.173728], [88.664902, 27.173784], [88.664944, 27.173904], [88.664977, 27.173933], [88.665027, 27.173943], [88.665082, 27.173937], [88.665141, 27.173906], [88.665297, 27.173827], [88.665593, 27.173871], [88.665781, 27.174029], [88.666009, 27.174153], [88.666269, 27.174102], [88.66648, 27.174021], [88.666619, 27.173846], [88.666787, 27.173658], [88.666906, 27.17347], [88.666955, 27.173414], [88.667034, 27.173351], [88.667287, 27.173256], [88.667479, 27.173252], [88.667747, 27.173201], [88.668309, 27.172974], [88.668487, 27.172944], [88.668703, 27.172855], [88.66914, 27.172979], [88.66963, 27.173359], [88.66999, 27.173517], [88.670532, 27.173602], [88.670628, 27.173611], [88.670672, 27.173626], [88.670721, 27.17366], [88.670733, 27.173717], [88.670705, 27.173761], [88.670653, 27.173801], [88.670567, 27.173815], [88.670513, 27.17382], [88.670283, 27.17385], [88.670066, 27.173777], [88.669681, 27.173666], [88.669627, 27.173638], [88.669552, 27.173625], [88.669501, 27.173649], [88.669476, 27.173682], [88.669482, 27.173732], [88.669514, 27.173773], [88.669654, 27.173876], [88.670849, 27.174568], [88.671147, 27.174606], [88.671492, 27.174546], [88.671771, 27.174384], [88.671905, 27.174388], [88.672045, 27.174444], [88.672289, 27.174397], [88.672393, 27.174426], [88.672427, 27.174507], [88.672395, 27.174606], [88.672303, 27.174674], [88.672097, 27.174794], [88.671099, 27.175101], [88.670993, 27.175174], [88.670806, 27.175204], [88.670599, 27.175127], [88.670484, 27.174982], [88.670374, 27.174828], [88.670273, 27.174768], [88.66998, 27.174679], [88.66974, 27.174563], [88.66951, 27.174414], [88.66925, 27.17435], [88.669058, 27.174324], [88.6689, 27.174251], [88.668828, 27.1742], [88.668708, 27.174166], [88.668468, 27.174209], [88.668247, 27.174264], [88.668108, 27.174367], [88.667901, 27.174439], [88.667373, 27.174713], [88.667099, 27.174802], [88.666912, 27.174862], [88.666744, 27.175012], [88.666456, 27.175225], [88.666403, 27.175311], [88.666302, 27.175635], [88.666153, 27.175746], [88.666005, 27.175853], [88.665952, 27.175939], [88.665885, 27.176045], [88.665741, 27.176127], [88.665611, 27.176165], [88.665504, 27.176282], [88.665427, 27.176319], [88.665327, 27.176304], [88.665212, 27.176216], [88.665124, 27.176219], [88.665046, 27.176255], [88.664958, 27.176357], [88.664838, 27.176545], [88.664912, 27.176727], [88.664916, 27.176809], [88.664892, 27.176908], [88.664811, 27.176979], [88.664704, 27.176963], [88.664574, 27.176853], [88.664339, 27.176699], [88.6643, 27.176626], [88.664276, 27.17646], [88.664199, 27.176297], [88.664084, 27.176165], [88.66393, 27.176075], [88.663383, 27.175956], [88.66332, 27.175845], [88.663251, 27.175819], [88.663175, 27.175812], [88.663086, 27.175872], [88.663057, 27.175967], [88.663077, 27.176064], [88.663049, 27.176224], [88.662771, 27.17686], [88.66272, 27.176892], [88.66268, 27.176899], [88.662597, 27.176874], [88.662538, 27.176793], [88.662471, 27.176763], [88.66236, 27.176742], [88.662192, 27.176784], [88.662039, 27.176853], [88.661933, 27.176947], [88.661731, 27.176994], [88.661631, 27.177006], [88.661554, 27.177058], [88.661539, 27.177118], [88.661453, 27.177169], [88.661376, 27.177203], [88.661271, 27.177229], [88.66117, 27.177241], [88.660978, 27.17719], [88.660915, 27.177135], [88.660862, 27.177109], [88.660738, 27.177109], [88.660574, 27.177126], [88.660406, 27.177083], [88.659624, 27.176844], [88.659398, 27.176776], [88.659244, 27.17672], [88.659086, 27.176712], [88.658836, 27.176789], [88.658601, 27.177006], [88.658438, 27.177152], [88.658265, 27.177344], [88.658078, 27.177391], [88.657838, 27.177365], [88.657626, 27.177472], [88.657453, 27.177613], [88.657237, 27.177903], [88.657189, 27.178066], [88.657242, 27.178164], [88.657362, 27.178254], [88.657439, 27.178278], [88.65757, 27.178241], [88.657688, 27.1782], [88.657881, 27.178172], [88.65815, 27.178172], [88.658191, 27.178193], [88.658229, 27.178228], [88.65825, 27.178272], [88.658238, 27.178337], [88.658212, 27.178382], [88.658106, 27.178446], [88.657938, 27.17857], [88.657758, 27.178655], [88.65771, 27.178703], [88.65769, 27.178746], [88.657706, 27.178787], [88.657734, 27.178815], [88.657884, 27.178867], [88.658582, 27.17918], [88.658865, 27.179215], [88.659408, 27.179155], [88.660008, 27.179035], [88.66032, 27.179078], [88.660507, 27.179146], [88.660571, 27.179182], [88.660597, 27.179219], [88.660592, 27.179274], [88.660565, 27.179307], [88.660535, 27.179338], [88.660454, 27.179367], [88.660344, 27.179386], [88.660099, 27.179403], [88.659936, 27.179526], [88.659753, 27.179633], [88.659563, 27.179656], [88.659499, 27.17968], [88.659474, 27.179715], [88.659482, 27.179773], [88.659516, 27.179808], [88.659554, 27.179823], [88.659715, 27.179894], [88.659907, 27.18006], [88.659989, 27.18024], [88.659993, 27.180347], [88.660147, 27.18065], [88.66025, 27.180709], [88.660309, 27.180768], [88.660329, 27.180845], [88.66031, 27.180996], [88.660291, 27.181115], [88.660302, 27.181152], [88.660337, 27.181181], [88.660381, 27.181189], [88.660441, 27.181154], [88.66068, 27.181128], [88.660824, 27.18112], [88.660958, 27.181179], [88.661016, 27.181282], [88.66105, 27.181389], [88.661074, 27.181564], [88.661146, 27.181641], [88.661266, 27.181739], [88.661472, 27.181794], [88.661693, 27.18188], [88.661823, 27.181995], [88.661957, 27.182093], [88.662068, 27.182153], [88.66226, 27.182204], [88.66237, 27.18223], [88.662436, 27.182252], [88.662458, 27.182285], [88.662459, 27.182318], [88.662443, 27.182356], [88.662427, 27.182378], [88.662376, 27.18241], [88.662274, 27.182456], [88.662111, 27.182495], [88.661885, 27.182491], [88.661755, 27.182495], [88.661705, 27.182502], [88.661675, 27.182541], [88.661673, 27.182597], [88.661704, 27.182631], [88.661732, 27.182645], [88.661789, 27.182654], [88.66189, 27.182691], [88.662039, 27.182841], [88.66214, 27.182982], [88.662308, 27.183127], [88.66249, 27.183289], [88.662941, 27.183674], [88.663085, 27.183746], [88.663239, 27.183725], [88.663537, 27.183652], [88.663647, 27.183622], [88.663699, 27.183612], [88.663737, 27.183612], [88.663756, 27.183614], [88.663776, 27.183631], [88.663789, 27.183656], [88.663785, 27.183679], [88.66377, 27.183725], [88.663734, 27.183798], [88.663546, 27.184084], [88.663489, 27.184208], [88.663518, 27.184284], [88.663671, 27.184357], [88.664153, 27.184492], [88.664181, 27.184514], [88.664198, 27.184559], [88.664175, 27.184606], [88.664139, 27.184638], [88.664091, 27.184651], [88.663954, 27.184686], [88.663806, 27.184711], [88.663585, 27.184643], [88.662485, 27.184613], [88.662269, 27.18469], [88.66212, 27.184814], [88.661947, 27.184865], [88.660973, 27.184908], [88.660829, 27.184895], [88.660661, 27.184805], [88.660493, 27.184703], [88.659758, 27.184242], [88.659714, 27.184208], [88.659675, 27.184202], [88.659633, 27.184218], [88.659613, 27.184247], [88.65961, 27.184291], [88.659634, 27.184322], [88.659688, 27.184361], [88.659845, 27.184481], [88.660291, 27.184942], [88.660445, 27.185134], [88.660579, 27.185301], [88.66081, 27.185536], [88.66103, 27.185698], [88.661189, 27.185737], [88.661434, 27.185677], [88.661775, 27.185553], [88.661928, 27.18545], [88.662116, 27.185408], [88.662375, 27.185433], [88.662831, 27.185536], [88.663417, 27.185826], [88.663738, 27.185924], [88.664204, 27.186018], [88.664468, 27.186087], [88.664977, 27.18627], [88.66515, 27.186386], [88.66527, 27.186386], [88.665385, 27.186296], [88.665579, 27.186204], [88.665684, 27.186186], [88.666067, 27.186373], [88.66612, 27.186395], [88.666186, 27.18641], [88.666246, 27.186426], [88.666279, 27.186468], [88.666278, 27.186521], [88.666253, 27.186561], [88.666207, 27.186587], [88.66611, 27.186603], [88.665933, 27.186608], [88.665773, 27.186618], [88.665735, 27.18665], [88.66571, 27.186684], [88.665703, 27.186744], [88.665739, 27.186814], [88.665725, 27.186879], [88.665678, 27.186919], [88.665635, 27.186934], [88.665472, 27.186945], [88.665256, 27.186928], [88.665068, 27.186945], [88.664161, 27.187129], [88.664115, 27.187154], [88.664091, 27.187199], [88.664106, 27.187251], [88.664167, 27.187282], [88.664213, 27.187284], [88.664276, 27.187248], [88.664463, 27.187206], [88.664646, 27.18718], [88.664996, 27.187265], [88.665289, 27.187419], [88.665443, 27.1875], [88.665553, 27.187509], [88.665639, 27.187499], [88.665726, 27.187485], [88.665815, 27.187474], [88.665899, 27.187453], [88.666, 27.187423], [88.666163, 27.187389], [88.666389, 27.187389], [88.666619, 27.187483], [88.666802, 27.187517], [88.66696, 27.187483], [88.667157, 27.187415], [88.667272, 27.187402], [88.667459, 27.187402], [88.667608, 27.187406], [88.667714, 27.187415], [88.667839, 27.18747], [88.667964, 27.1875], [88.668098, 27.1875], [88.6683, 27.187526], [88.668535, 27.18759], [88.668813, 27.187611], [88.669015, 27.187616], [88.669135, 27.187552], [88.669322, 27.187436], [88.669373, 27.18732], [88.669435, 27.187199], [88.669889, 27.186836], [88.669929, 27.18674], [88.670054, 27.186659], [88.670269, 27.186694], [88.670587, 27.18678], [88.670723, 27.186735], [88.671239, 27.186397], [88.671545, 27.186235], [88.672679, 27.185776], [88.672798, 27.185696], [88.672877, 27.185595], [88.672962, 27.185398], [88.673042, 27.185171], [88.673104, 27.185025], [88.673223, 27.184909], [88.673427, 27.184828], [88.673592, 27.184793], [88.673887, 27.184818], [88.674023, 27.184949], [88.674108, 27.185095], [88.674153, 27.185181], [88.674278, 27.185252], [88.674482, 27.185216], [88.674749, 27.185216], [88.674913, 27.185247], [88.675145, 27.185216], [88.676767, 27.184616], [88.67696, 27.184475], [88.677158, 27.184379], [88.677295, 27.184288], [88.677425, 27.184233], [88.67751, 27.184087], [88.677584, 27.183966], [88.677731, 27.18385], [88.678003, 27.183804], [88.678122, 27.183794], [88.678292, 27.18385], [88.678848, 27.183945], [88.679132, 27.184036], [88.679313, 27.184056], [88.679376, 27.184076], [88.679438, 27.184122], [88.6795, 27.184177], [88.679636, 27.184288], [88.679778, 27.184283], [88.679926, 27.184253], [88.680045, 27.184142], [88.680152, 27.184021], [88.680254, 27.18388], [88.680322, 27.183769], [88.68047, 27.183663], [88.680663, 27.183542], [88.680838, 27.183481], [88.681082, 27.183421], [88.681349, 27.183244], [88.681797, 27.183027], [88.682018, 27.182906], [88.682256, 27.182826], [88.682432, 27.182804], [88.68249, 27.182793], [88.682557, 27.182792], [88.682596, 27.182809], [88.68262, 27.182854], [88.682642, 27.182921], [88.682721, 27.182977], [88.68284, 27.183017], [88.682982, 27.182997], [88.683141, 27.182876], [88.683316, 27.18272], [88.683435, 27.182599], [88.683481, 27.182432], [88.683623, 27.182291], [88.683804, 27.18224], [88.6839, 27.182109], [88.684099, 27.181832], [88.684173, 27.181711], [88.684258, 27.181585], [88.684343, 27.181433], [88.684337, 27.181338], [88.684275, 27.181227], [88.684178, 27.181131], [88.684076, 27.181075], [88.684019, 27.181005], [88.684019, 27.180894], [88.68398, 27.180833], [88.683895, 27.180823], [88.683815, 27.180879], [88.683764, 27.181015], [88.683787, 27.181237], [88.683821, 27.181459], [88.683855, 27.181595], [88.683827, 27.181726], [88.683742, 27.181882], [88.683606, 27.182029], [88.683515, 27.182059], [88.683413, 27.182024], [88.683435, 27.181923], [88.683492, 27.181867], [88.683594, 27.181756], [88.683577, 27.181615], [88.683362, 27.181373], [88.683067, 27.180747], [88.683033, 27.180657], [88.683044, 27.180576], [88.683067, 27.180475], [88.683141, 27.180359], [88.68322, 27.180142], [88.683356, 27.179956], [88.683538, 27.179845], [88.683787, 27.179799], [88.684218, 27.179855], [88.684501, 27.179875], [88.684819, 27.179819], [88.684921, 27.179834], [88.68508, 27.179683], [88.685142, 27.179451], [88.685131, 27.179189], [88.685188, 27.178291], [88.685148, 27.178135], [88.685159, 27.177958], [88.685256, 27.177781], [88.685312, 27.177625], [88.685335, 27.177398], [88.685312, 27.177176], [88.685222, 27.17703], [88.685222, 27.176954], [88.685233, 27.176798], [88.685244, 27.176092], [88.68521, 27.1759], [88.685159, 27.175829], [88.685131, 27.175698], [88.685193, 27.175552], [88.685256, 27.175375], [88.685244, 27.1753], [88.685176, 27.175209], [88.685074, 27.175078], [88.68504, 27.174952], [88.685029, 27.174815], [88.685057, 27.174674], [88.68512, 27.174498], [88.685199, 27.174341], [88.68527, 27.174236], [88.685286, 27.174078], [88.685357, 27.17393], [88.685444, 27.173761], [88.685554, 27.173627], [88.685661, 27.173458], [88.685768, 27.173261], [88.685819, 27.17304], [88.685871, 27.172783], [88.685831, 27.172681], [88.685697, 27.17247], [88.685602, 27.172315], [88.685448, 27.172195], [88.685271, 27.172081], [88.685163, 27.171987], [88.685091, 27.171894], [88.685079, 27.171798], [88.685081, 27.171592], [88.685198, 27.171183], [88.685407, 27.170472], [88.685421, 27.170383], [88.685439, 27.170282], [88.685425, 27.170023], [88.685471, 27.169518], [88.685539, 27.169315], [88.685925, 27.168471], [88.686143, 27.167985], [88.686184, 27.167901], [88.686216, 27.167775], [88.686246, 27.1672], [88.686273, 27.167104], [88.686302, 27.167023], [88.686351, 27.166942], [88.686409, 27.166884], [88.686527, 27.166907], [88.686592, 27.166965], [88.686706, 27.16704], [88.686823, 27.167066], [88.68694, 27.167066], [88.687025, 27.167003], [88.686996, 27.166924], [88.686905, 27.166852], [88.686826, 27.166727], [88.686647, 27.166232], [88.686602, 27.166174], [88.686507, 27.166133], [88.686315, 27.16609], [88.686119, 27.166107], [88.685865, 27.166185], [88.68554, 27.16635], [88.685458, 27.166481], [88.685452, 27.166608], [88.685484, 27.166739], [88.685517, 27.166872], [88.685513, 27.167043], [88.685439, 27.167246], [88.685246, 27.167504], [88.685123, 27.167643], [88.684885, 27.167948], [88.684086, 27.168594], [88.684028, 27.168606], [88.683959, 27.16862], [88.683914, 27.168579], [88.68394, 27.168513], [88.684028, 27.1684], [88.684096, 27.168333], [88.684155, 27.168197], [88.684187, 27.167988], [88.684236, 27.167864], [88.684285, 27.167768], [88.684324, 27.167681], [88.684334, 27.167545], [88.684308, 27.167408], [88.68421, 27.167301], [88.684132, 27.167203], [88.684103, 27.167043], [88.684158, 27.166881], [88.684233, 27.166681], [88.684292, 27.166426], [88.684318, 27.166133], [88.684337, 27.165907], [88.684373, 27.165768], [88.684464, 27.165626], [88.68465, 27.165507], [88.684855, 27.165406], [88.684956, 27.165313], [88.685061, 27.165116], [88.685175, 27.165006], [88.685269, 27.164924], [88.685292, 27.164806], [88.68536, 27.164693], [88.685452, 27.164562], [88.685627, 27.164432], [88.685787, 27.164298], [88.685979, 27.163968], [88.68625, 27.163377], [88.686312, 27.163295], [88.686393, 27.163246], [88.68651, 27.163252], [88.686605, 27.16333], [88.686644, 27.163403], [88.686709, 27.163458], [88.6868, 27.16349], [88.686869, 27.163423], [88.686826, 27.163298], [88.686637, 27.162985], [88.686582, 27.162924], [88.686468, 27.162927], [88.685869, 27.163327], [88.685742, 27.163379], [88.685566, 27.163408], [88.685429, 27.163464], [88.685145, 27.163594], [88.685096, 27.163632], [88.685002, 27.163716], [88.684836, 27.163759], [88.684653, 27.163823], [88.684546, 27.163861], [88.684432, 27.163948], [88.684285, 27.164081], [88.683933, 27.164374], [88.683842, 27.164394], [88.683725, 27.164394], [88.683624, 27.164385], [88.68351, 27.164348], [88.683438, 27.164362], [88.683292, 27.164435], [88.683119, 27.164582], [88.682852, 27.164759], [88.682718, 27.164945], [88.682611, 27.165145], [88.682552, 27.165295], [88.682389, 27.165481], [88.682265, 27.165519], [88.682132, 27.16553], [88.68205, 27.165559], [88.681757, 27.165756], [88.681555, 27.165852], [88.681435, 27.165875], [88.681304, 27.165959], [88.68106, 27.166394], [88.681008, 27.166452], [88.68093, 27.166475], [88.680848, 27.166464], [88.680744, 27.166455], [88.680672, 27.166498], [88.680627, 27.16655], [88.680545, 27.166574], [88.680447, 27.166562], [88.68021, 27.166516], [88.680102, 27.16655], [88.680047, 27.16662], [88.679968, 27.166826], [88.67989, 27.166965], [88.679786, 27.167043], [88.679688, 27.167165], [88.679555, 27.167316], [88.679512, 27.167524], [88.679538, 27.16769], [88.679538, 27.167788], [88.679424, 27.168081], [88.679356, 27.168145], [88.679281, 27.168139], [88.679252, 27.16809], [88.679265, 27.167994], [88.679343, 27.167826], [88.679363, 27.167756], [88.679336, 27.167562], [88.679265, 27.167162], [88.679304, 27.166971], [88.679372, 27.16684], [88.679437, 27.166797], [88.679464, 27.166733], [88.679457, 27.166591], [88.679415, 27.166429], [88.679415, 27.166327], [88.679483, 27.166211], [88.679587, 27.166003], [88.679639, 27.165858], [88.679662, 27.16569], [88.679662, 27.165577], [88.679698, 27.165449], [88.679799, 27.165342], [88.679936, 27.165261], [88.680122, 27.165185], [88.680278, 27.16511], [88.680385, 27.164962], [88.680415, 27.164791], [88.680385, 27.164623], [88.680379, 27.164495], [88.680392, 27.164374], [88.680444, 27.164275], [88.680571, 27.164153], [88.680737, 27.163939], [88.68075, 27.163858], [88.68076, 27.163779], [88.680728, 27.163681], [88.680695, 27.1636], [88.680679, 27.163464], [88.68075, 27.163275], [88.680809, 27.163211], [88.6809, 27.163168], [88.681018, 27.163124], [88.681158, 27.163055], [88.681255, 27.162959], [88.68122, 27.162907], [88.681158, 27.162898], [88.68105, 27.162971], [88.680952, 27.162997], [88.680799, 27.163023], [88.680568, 27.163032], [88.680483, 27.16309], [88.680399, 27.163174], [88.680226, 27.163362], [88.68019, 27.163429], [88.680184, 27.163498], [88.680203, 27.163594], [88.680223, 27.163669], [88.680216, 27.163762], [88.680184, 27.16384], [88.680043, 27.163924], [88.67975, 27.164075], [88.679626, 27.164162], [88.679483, 27.164269], [88.67934, 27.16433], [88.679232, 27.164423], [88.679112, 27.164588], [88.678981, 27.16471], [88.67877, 27.164777], [88.678607, 27.164823], [88.67847, 27.164956], [88.678232, 27.165313], [88.67819, 27.165356], [88.678111, 27.165403], [88.677997, 27.16542], [88.677926, 27.165417], [88.677822, 27.165408], [88.67774, 27.165423], [88.677652, 27.165484], [88.677584, 27.165577], [88.67747, 27.165907], [88.677411, 27.165994], [88.677232, 27.166188], [88.676597, 27.166658], [88.676548, 27.166739], [88.67646, 27.166852], [88.676271, 27.167026], [88.676092, 27.167252], [88.675981, 27.167374], [88.675782, 27.167487], [88.675662, 27.167539], [88.675489, 27.167594], [88.675245, 27.167649], [88.675088, 27.167698], [88.674958, 27.167768], [88.674854, 27.167852], [88.674753, 27.168066], [88.674684, 27.168577], [88.674694, 27.168788], [88.674684, 27.168884], [88.674652, 27.169032], [88.674547, 27.1692], [88.67458, 27.169336], [88.674635, 27.169597], [88.674635, 27.169739], [88.674583, 27.169904], [88.674616, 27.17009], [88.674665, 27.17031], [88.674622, 27.170608], [88.67456, 27.170855], [88.674564, 27.170947], [88.674551, 27.171], [88.674498, 27.171026], [88.674397, 27.171003], [88.674355, 27.170916], [88.674352, 27.170852], [88.674368, 27.170794], [88.674352, 27.170698], [88.674238, 27.170382], [88.674192, 27.170278], [88.674163, 27.170159], [88.674098, 27.17002], [88.674013, 27.16993], [88.67387, 27.169837], [88.673743, 27.169753], [88.673684, 27.16969], [88.673638, 27.169605], [88.673651, 27.169469], [88.673674, 27.169011], [88.673704, 27.168968], [88.673782, 27.168866], [88.673876, 27.168724], [88.673902, 27.168655], [88.673892, 27.168516], [88.673824, 27.168377], [88.673677, 27.168229], [88.673638, 27.168156], [88.673593, 27.168064], [88.67356, 27.167913], [88.67358, 27.167748], [88.673596, 27.167464], [88.673645, 27.167298], [88.673664, 27.167156], [88.673648, 27.166997], [88.673609, 27.166913], [88.673511, 27.166791], [88.673436, 27.166704], [88.673404, 27.166617], [88.673394, 27.166507], [88.673446, 27.166348], [88.673502, 27.166226], [88.67356, 27.166185], [88.673674, 27.166098], [88.673834, 27.165977], [88.673935, 27.165852], [88.674098, 27.165588], [88.67428, 27.165264], [88.674349, 27.165197], [88.674476, 27.165104], [88.674629, 27.164936], [88.674687, 27.164849], [88.674726, 27.164739], [88.674743, 27.164629], [88.674818, 27.164469], [88.674909, 27.164359], [88.675176, 27.164127], [88.675258, 27.164081], [88.675704, 27.163858], [88.675805, 27.163823], [88.675919, 27.163762], [88.676085, 27.163608], [88.676228, 27.163504], [88.676382, 27.163371], [88.676466, 27.163293], [88.676613, 27.163208], [88.676789, 27.163177], [88.676929, 27.163127], [88.676916, 27.163058], [88.67686, 27.163011], [88.676541, 27.16295], [88.676391, 27.162893], [88.676092, 27.162758], [88.676391, 27.162893], [88.676541, 27.16295], [88.67686, 27.163011], [88.676916, 27.163058], [88.676929, 27.163127], [88.676789, 27.163177], [88.676613, 27.163208], [88.676466, 27.163293], [88.676382, 27.163371], [88.676228, 27.163504], [88.676085, 27.163608], [88.675919, 27.163762], [88.675805, 27.163823], [88.675704, 27.163858], [88.675258, 27.164081], [88.675176, 27.164127], [88.674909, 27.164359], [88.674818, 27.164469], [88.674743, 27.164629], [88.674726, 27.164739], [88.674687, 27.164849], [88.674629, 27.164936], [88.674476, 27.165104], [88.674349, 27.165197], [88.67428, 27.165264], [88.674098, 27.165588], [88.673935, 27.165852], [88.673834, 27.165977], [88.673674, 27.166098], [88.67356, 27.166185], [88.673502, 27.166226], [88.673446, 27.166348], [88.673394, 27.166507], [88.673404, 27.166617], [88.673436, 27.166704], [88.673511, 27.166791], [88.673609, 27.166913], [88.673648, 27.166997], [88.673664, 27.167156], [88.673645, 27.167298], [88.673596, 27.167464], [88.67358, 27.167748], [88.67356, 27.167913], [88.673593, 27.168064], [88.673638, 27.168156], [88.673677, 27.168229], [88.673824, 27.168377], [88.673892, 27.168516], [88.673902, 27.168655], [88.673876, 27.168724], [88.673782, 27.168866], [88.673704, 27.168968], [88.673674, 27.169011], [88.673651, 27.169469], [88.673638, 27.169605], [88.673684, 27.16969], [88.673743, 27.169753], [88.67387, 27.169837], [88.674013, 27.16993], [88.674098, 27.17002], [88.674163, 27.170159], [88.674192, 27.170278], [88.674238, 27.170382], [88.674352, 27.170698], [88.674368, 27.170794], [88.674352, 27.170852], [88.674355, 27.170916], [88.674397, 27.171003], [88.674498, 27.171026], [88.674551, 27.171], [88.674564, 27.170947], [88.67456, 27.170855], [88.674622, 27.170608], [88.674665, 27.17031], [88.674616, 27.17009], [88.674583, 27.169904], [88.674635, 27.169739], [88.674635, 27.169597], [88.67458, 27.169336], [88.674547, 27.1692], [88.674652, 27.169032], [88.674684, 27.168884], [88.674694, 27.168788], [88.674684, 27.168577], [88.674753, 27.168066], [88.674854, 27.167852], [88.674958, 27.167768], [88.675088, 27.167698], [88.675245, 27.167649], [88.675489, 27.167594], [88.675662, 27.167539], [88.675782, 27.167487], [88.675981, 27.167374], [88.676092, 27.167252], [88.676271, 27.167026], [88.67646, 27.166852], [88.676548, 27.166739], [88.676597, 27.166658], [88.677232, 27.166188], [88.677411, 27.165994], [88.67747, 27.165907], [88.677584, 27.165577], [88.677652, 27.165484], [88.67774, 27.165423], [88.677822, 27.165408], [88.677926, 27.165417], [88.677997, 27.16542], [88.678111, 27.165403], [88.67819, 27.165356], [88.678232, 27.165313], [88.67847, 27.164956], [88.678607, 27.164823], [88.67877, 27.164777], [88.678981, 27.16471], [88.679112, 27.164588], [88.679232, 27.164423], [88.67934, 27.16433], [88.679483, 27.164269], [88.679626, 27.164162], [88.67975, 27.164075], [88.680043, 27.163924], [88.680184, 27.16384], [88.680216, 27.163762], [88.680223, 27.163669], [88.680203, 27.163594], [88.680184, 27.163498], [88.68019, 27.163429], [88.680226, 27.163362], [88.680399, 27.163174], [88.680483, 27.16309], [88.680568, 27.163032], [88.680799, 27.163023], [88.680952, 27.162997], [88.68105, 27.162971], [88.681158, 27.162898], [88.68122, 27.162907], [88.681255, 27.162959], [88.681158, 27.163055], [88.681018, 27.163124], [88.6809, 27.163168], [88.680809, 27.163211], [88.68075, 27.163275], [88.680679, 27.163464], [88.680695, 27.1636], [88.680728, 27.163681], [88.68076, 27.163779], [88.68075, 27.163858], [88.680737, 27.163939], [88.680571, 27.164153], [88.680444, 27.164275], [88.680392, 27.164374], [88.680379, 27.164495], [88.680385, 27.164623], [88.680415, 27.164791], [88.680385, 27.164962], [88.680278, 27.16511], [88.680122, 27.165185], [88.679936, 27.165261], [88.679799, 27.165342], [88.679698, 27.165449], [88.679662, 27.165577], [88.679662, 27.16569], [88.679639, 27.165858], [88.679587, 27.166003], [88.679483, 27.166211], [88.679415, 27.166327], [88.679415, 27.166429], [88.679457, 27.166591], [88.679464, 27.166733], [88.679437, 27.166797], [88.679372, 27.16684], [88.679304, 27.166971], [88.679265, 27.167162], [88.679336, 27.167562], [88.679363, 27.167756], [88.679343, 27.167826], [88.679265, 27.167994], [88.679252, 27.16809], [88.679281, 27.168139], [88.679356, 27.168145], [88.679424, 27.168081], [88.679538, 27.167788], [88.679538, 27.16769], [88.679512, 27.167524], [88.679555, 27.167316], [88.679688, 27.167165], [88.679786, 27.167043], [88.67989, 27.166965], [88.679968, 27.166826], [88.680047, 27.16662], [88.680102, 27.16655], [88.68021, 27.166516], [88.680447, 27.166562], [88.680545, 27.166574], [88.680627, 27.16655], [88.680672, 27.166498], [88.680744, 27.166455], [88.680848, 27.166464], [88.68093, 27.166475], [88.681008, 27.166452], [88.68106, 27.166394], [88.681304, 27.165959], [88.681435, 27.165875], [88.681555, 27.165852], [88.681757, 27.165756], [88.68205, 27.165559], [88.682132, 27.16553], [88.682265, 27.165519], [88.682389, 27.165481], [88.682552, 27.165295], [88.682611, 27.165145], [88.682718, 27.164945], [88.682852, 27.164759], [88.683119, 27.164582], [88.683292, 27.164435], [88.683438, 27.164362], [88.68351, 27.164348], [88.683624, 27.164385], [88.683725, 27.164394], [88.683842, 27.164394], [88.683933, 27.164374], [88.684285, 27.164081], [88.684432, 27.163948], [88.684546, 27.163861], [88.684653, 27.163823], [88.684836, 27.163759], [88.685002, 27.163716], [88.685096, 27.163632], [88.685145, 27.163594], [88.685429, 27.163464], [88.685566, 27.163408], [88.685742, 27.163379], [88.685869, 27.163327], [88.686468, 27.162927], [88.686582, 27.162924], [88.686637, 27.162985], [88.686826, 27.163298], [88.686869, 27.163423], [88.6868, 27.16349], [88.686709, 27.163458], [88.686644, 27.163403], [88.686605, 27.16333], [88.68651, 27.163252], [88.686393, 27.163246], [88.686312, 27.163295], [88.68625, 27.163377], [88.685979, 27.163968], [88.685787, 27.164298], [88.685627, 27.164432], [88.685452, 27.164562], [88.68536, 27.164693], [88.685292, 27.164806], [88.685269, 27.164924], [88.685175, 27.165006], [88.685061, 27.165116], [88.684956, 27.165313], [88.684855, 27.165406], [88.68465, 27.165507], [88.684464, 27.165626], [88.684373, 27.165768], [88.684337, 27.165907], [88.684318, 27.166133], [88.684292, 27.166426], [88.684233, 27.166681], [88.684158, 27.166881], [88.684103, 27.167043], [88.684132, 27.167203], [88.68421, 27.167301], [88.684308, 27.167408], [88.684334, 27.167545], [88.684324, 27.167681], [88.684285, 27.167768], [88.684236, 27.167864], [88.684187, 27.167988], [88.684155, 27.168197], [88.684096, 27.168333], [88.684028, 27.1684], [88.68394, 27.168513], [88.683914, 27.168579], [88.683959, 27.16862], [88.684028, 27.168606], [88.684086, 27.168594], [88.684885, 27.167948], [88.685123, 27.167643], [88.685246, 27.167504], [88.685439, 27.167246], [88.685513, 27.167043], [88.685517, 27.166872], [88.685484, 27.166739], [88.685452, 27.166608], [88.685458, 27.166481], [88.68554, 27.16635], [88.685865, 27.166185], [88.686119, 27.166107], [88.686315, 27.16609], [88.686507, 27.166133], [88.686602, 27.166174], [88.686647, 27.166232], [88.686647, 27.166232], [88.686826, 27.166727], [88.686905, 27.166852], [88.686996, 27.166924], [88.687025, 27.167003], [88.68694, 27.167066], [88.686823, 27.167066], [88.686706, 27.16704], [88.686592, 27.166965], [88.686527, 27.166907], [88.686409, 27.166884], [88.686351, 27.166942], [88.686302, 27.167023], [88.686273, 27.167104], [88.686246, 27.1672], [88.686216, 27.167775], [88.686184, 27.167901], [88.686143, 27.167985], [88.685925, 27.168471], [88.685539, 27.169315], [88.685471, 27.169518], [88.685425, 27.170023], [88.685439, 27.170282], [88.685421, 27.170383], [88.685407, 27.170472], [88.685198, 27.171183], [88.685081, 27.171592], [88.685079, 27.171798], [88.685091, 27.171894], [88.685163, 27.171987], [88.685271, 27.172081], [88.685448, 27.172195], [88.685602, 27.172315], [88.685697, 27.17247], [88.685831, 27.172681], [88.685871, 27.172783], [88.685819, 27.17304], [88.685768, 27.173261], [88.685661, 27.173458], [88.685554, 27.173627], [88.685444, 27.173761], [88.685357, 27.17393], [88.685286, 27.174078], [88.68527, 27.174236], [88.685199, 27.174341], [88.68512, 27.174498], [88.685057, 27.174674], [88.685029, 27.174815], [88.68504, 27.174952], [88.685074, 27.175078], [88.685176, 27.175209], [88.685244, 27.1753], [88.685256, 27.175375], [88.685193, 27.175552], [88.685131, 27.175698], [88.685159, 27.175829], [88.68521, 27.1759], [88.685244, 27.176092], [88.685233, 27.176798], [88.685222, 27.176954], [88.685222, 27.17703], [88.685312, 27.177176], [88.685335, 27.177398], [88.685312, 27.177625], [88.685256, 27.177781], [88.685159, 27.177958], [88.685148, 27.178135], [88.685188, 27.178291], [88.685131, 27.179189], [88.685142, 27.179451], [88.68508, 27.179683], [88.684921, 27.179834], [88.684819, 27.179819], [88.684501, 27.179875], [88.684218, 27.179855], [88.683787, 27.179799], [88.683538, 27.179845], [88.683356, 27.179956], [88.68322, 27.180142], [88.683141, 27.180359], [88.683067, 27.180475], [88.683044, 27.180576], [88.683033, 27.180657], [88.683067, 27.180747], [88.683362, 27.181373], [88.683577, 27.181615], [88.683594, 27.181756], [88.683492, 27.181867], [88.683435, 27.181923], [88.683413, 27.182024], [88.683515, 27.182059], [88.683606, 27.182029], [88.683742, 27.181882], [88.683827, 27.181726], [88.683855, 27.181595], [88.683821, 27.181459], [88.683787, 27.181237], [88.683764, 27.181015], [88.683815, 27.180879], [88.683895, 27.180823], [88.68398, 27.180833], [88.684019, 27.180894], [88.684019, 27.181005], [88.684076, 27.181075], [88.684178, 27.181131], [88.684275, 27.181227], [88.684337, 27.181338], [88.684343, 27.181433], [88.684258, 27.181585], [88.684173, 27.181711], [88.684099, 27.181832], [88.6839, 27.182109], [88.683804, 27.18224], [88.683623, 27.182291], [88.683481, 27.182432], [88.683435, 27.182599], [88.683316, 27.18272], [88.683141, 27.182876], [88.682982, 27.182997], [88.68284, 27.183017], [88.682721, 27.182977], [88.682642, 27.182921], [88.68262, 27.182854], [88.682596, 27.182809], [88.682557, 27.182792], [88.68249, 27.182793], [88.682432, 27.182804], [88.682256, 27.182826], [88.682018, 27.182906], [88.681797, 27.183027], [88.681349, 27.183244], [88.681082, 27.183421], [88.680838, 27.183481], [88.680663, 27.183542], [88.68047, 27.183663], [88.680322, 27.183769], [88.680254, 27.18388], [88.680152, 27.184021], [88.680045, 27.184142], [88.679926, 27.184253], [88.679778, 27.184283], [88.679636, 27.184288], [88.6795, 27.184177], [88.679438, 27.184122], [88.679376, 27.184076], [88.679313, 27.184056], [88.679132, 27.184036], [88.678848, 27.183945], [88.678292, 27.18385], [88.678122, 27.183794], [88.678003, 27.183804], [88.677731, 27.18385], [88.677584, 27.183966], [88.67751, 27.184087], [88.677425, 27.184233], [88.677295, 27.184288], [88.677158, 27.184379], [88.67696, 27.184475], [88.676767, 27.184616], [88.675145, 27.185216], [88.674913, 27.185247], [88.674749, 27.185216], [88.674482, 27.185216], [88.674278, 27.185252], [88.674153, 27.185181], [88.674108, 27.185095], [88.674023, 27.184949], [88.673887, 27.184818], [88.673592, 27.184793], [88.673427, 27.184828], [88.673223, 27.184909], [88.673104, 27.185025], [88.673042, 27.185171], [88.672962, 27.185398], [88.672877, 27.185595], [88.672798, 27.185696], [88.672679, 27.185776], [88.671545, 27.186235], [88.671239, 27.186397], [88.670723, 27.186735], [88.670587, 27.18678], [88.670269, 27.186694], [88.670054, 27.186659], [88.669929, 27.18674], [88.669889, 27.186836], [88.669435, 27.187199], [88.669373, 27.18732], [88.669322, 27.187436], [88.669135, 27.187552], [88.669015, 27.187616], [88.668813, 27.187611], [88.668535, 27.18759], [88.6683, 27.187526], [88.668098, 27.1875], [88.667964, 27.1875], [88.667839, 27.18747], [88.667714, 27.187415], [88.667608, 27.187406], [88.667459, 27.187402], [88.667272, 27.187402], [88.667157, 27.187415], [88.66696, 27.187483], [88.666802, 27.187517], [88.666619, 27.187483], [88.666389, 27.187389], [88.666163, 27.187389], [88.666, 27.187423], [88.665899, 27.187453], [88.665815, 27.187474], [88.665726, 27.187485], [88.665639, 27.187499], [88.665553, 27.187509], [88.665443, 27.1875], [88.665289, 27.187419], [88.664996, 27.187265], [88.664646, 27.18718], [88.664463, 27.187206], [88.664276, 27.187248], [88.664213, 27.187284], [88.664167, 27.187282], [88.664106, 27.187251], [88.664091, 27.187199], [88.664115, 27.187154], [88.664161, 27.187129], [88.665068, 27.186945], [88.665256, 27.186928], [88.665472, 27.186945], [88.665635, 27.186934], [88.665678, 27.186919], [88.665725, 27.186879], [88.665739, 27.186814], [88.665703, 27.186744], [88.66571, 27.186684], [88.665735, 27.18665], [88.665773, 27.186618], [88.665933, 27.186608], [88.66611, 27.186603], [88.666207, 27.186587], [88.666253, 27.186561], [88.666278, 27.186521], [88.666279, 27.186468], [88.666246, 27.186426], [88.666186, 27.18641], [88.66612, 27.186395], [88.666067, 27.186373], [88.665684, 27.186186], [88.665579, 27.186204], [88.665385, 27.186296], [88.66527, 27.186386], [88.66515, 27.186386], [88.664977, 27.18627], [88.664468, 27.186087], [88.664204, 27.186018], [88.663738, 27.185924], [88.663417, 27.185826], [88.662831, 27.185536], [88.662375, 27.185433], [88.662116, 27.185408], [88.661928, 27.18545], [88.661775, 27.185553], [88.661434, 27.185677], [88.661189, 27.185737], [88.66103, 27.185698], [88.66081, 27.185536], [88.660579, 27.185301], [88.660445, 27.185134], [88.660291, 27.184942], [88.659845, 27.184481], [88.659688, 27.184361], [88.659634, 27.184322], [88.65961, 27.184291], [88.659613, 27.184247], [88.659633, 27.184218], [88.659675, 27.184202], [88.659714, 27.184208], [88.659758, 27.184242], [88.660493, 27.184703], [88.660661, 27.184805], [88.660829, 27.184895], [88.660973, 27.184908], [88.661947, 27.184865], [88.66212, 27.184814], [88.662269, 27.18469], [88.662485, 27.184613], [88.663585, 27.184643], [88.663806, 27.184711], [88.663954, 27.184686], [88.664091, 27.184651], [88.664139, 27.184638], [88.664175, 27.184606], [88.664198, 27.184559], [88.664181, 27.184514], [88.664153, 27.184492], [88.663671, 27.184357], [88.663518, 27.184284], [88.663489, 27.184208], [88.663546, 27.184084], [88.663734, 27.183798], [88.66377, 27.183725], [88.663785, 27.183679], [88.663789, 27.183656], [88.663776, 27.183631], [88.663756, 27.183614], [88.663737, 27.183612], [88.663699, 27.183612], [88.663647, 27.183622], [88.663537, 27.183652], [88.663239, 27.183725], [88.663085, 27.183746], [88.662941, 27.183674], [88.66249, 27.183289], [88.662308, 27.183127], [88.66214, 27.182982], [88.662039, 27.182841], [88.66189, 27.182691], [88.661789, 27.182654], [88.661732, 27.182645], [88.661704, 27.182631], [88.661673, 27.182597], [88.661675, 27.182541], [88.661705, 27.182502], [88.661755, 27.182495], [88.661885, 27.182491], [88.662111, 27.182495], [88.662274, 27.182456], [88.662376, 27.18241], [88.662427, 27.182378], [88.662443, 27.182356], [88.662459, 27.182318], [88.662458, 27.182285], [88.662436, 27.182252], [88.66237, 27.18223], [88.66226, 27.182204], [88.662068, 27.182153], [88.661957, 27.182093], [88.661823, 27.181995], [88.661693, 27.18188], [88.661472, 27.181794], [88.661266, 27.181739], [88.661146, 27.181641], [88.661074, 27.181564], [88.66105, 27.181389], [88.661016, 27.181282], [88.660958, 27.181179], [88.660824, 27.18112], [88.66068, 27.181128], [88.660441, 27.181154], [88.660381, 27.181189], [88.660337, 27.181181], [88.660302, 27.181152], [88.660291, 27.181115], [88.66031, 27.180996], [88.660329, 27.180845], [88.660309, 27.180768], [88.66025, 27.180709], [88.660147, 27.18065], [88.659993, 27.180347], [88.659989, 27.18024], [88.659907, 27.18006], [88.659715, 27.179894], [88.659554, 27.179823], [88.659516, 27.179808], [88.659482, 27.179773], [88.659474, 27.179715], [88.659499, 27.17968], [88.659563, 27.179656], [88.659753, 27.179633], [88.659936, 27.179526], [88.660099, 27.179403], [88.660344, 27.179386], [88.660454, 27.179367], [88.660535, 27.179338], [88.660565, 27.179307], [88.660592, 27.179274], [88.660597, 27.179219], [88.660571, 27.179182], [88.660507, 27.179146], [88.66032, 27.179078], [88.660008, 27.179035], [88.659408, 27.179155], [88.658865, 27.179215], [88.658582, 27.17918], [88.657884, 27.178867], [88.657734, 27.178815], [88.657706, 27.178787], [88.65769, 27.178746], [88.65771, 27.178703], [88.657758, 27.178655], [88.657938, 27.17857], [88.658106, 27.178446], [88.658212, 27.178382], [88.658238, 27.178337], [88.65825, 27.178272], [88.658229, 27.178228], [88.658191, 27.178193], [88.65815, 27.178172], [88.657881, 27.178172], [88.657688, 27.1782], [88.65757, 27.178241], [88.657439, 27.178278], [88.657362, 27.178254], [88.657242, 27.178164], [88.657189, 27.178066], [88.657237, 27.177903], [88.657453, 27.177613], [88.657626, 27.177472], [88.657838, 27.177365], [88.658078, 27.177391], [88.658265, 27.177344], [88.658438, 27.177152], [88.658601, 27.177006], [88.658836, 27.176789], [88.659086, 27.176712], [88.659244, 27.17672], [88.659398, 27.176776], [88.659624, 27.176844], [88.660406, 27.177083], [88.660574, 27.177126], [88.660738, 27.177109], [88.660862, 27.177109], [88.660915, 27.177135], [88.660978, 27.17719], [88.66117, 27.177241], [88.661271, 27.177229], [88.661376, 27.177203], [88.661453, 27.177169], [88.661539, 27.177118], [88.661554, 27.177058], [88.661631, 27.177006], [88.661731, 27.176994], [88.661933, 27.176947], [88.662039, 27.176853], [88.662192, 27.176784], [88.66236, 27.176742], [88.662471, 27.176763], [88.662538, 27.176793], [88.662597, 27.176874], [88.66268, 27.176899], [88.66272, 27.176892], [88.662771, 27.17686], [88.663049, 27.176224], [88.663077, 27.176064], [88.663057, 27.175967], [88.663086, 27.175872], [88.663175, 27.175812], [88.663251, 27.175819], [88.66332, 27.175845], [88.663383, 27.175956], [88.66393, 27.176075], [88.664084, 27.176165], [88.664199, 27.176297], [88.664276, 27.17646], [88.6643, 27.176626], [88.664339, 27.176699], [88.664574, 27.176853], [88.664704, 27.176963], [88.664811, 27.176979], [88.664892, 27.176908], [88.664916, 27.176809], [88.664912, 27.176727], [88.664838, 27.176545], [88.664958, 27.176357], [88.665046, 27.176255], [88.665124, 27.176219], [88.665212, 27.176216], [88.665327, 27.176304], [88.665427, 27.176319], [88.665504, 27.176282], [88.665611, 27.176165], [88.665741, 27.176127], [88.665885, 27.176045], [88.665952, 27.175939], [88.666005, 27.175853], [88.666153, 27.175746], [88.666302, 27.175635], [88.666403, 27.175311], [88.666456, 27.175225], [88.666744, 27.175012], [88.666912, 27.174862], [88.667099, 27.174802], [88.667373, 27.174713], [88.667901, 27.174439], [88.668108, 27.174367], [88.668247, 27.174264], [88.668468, 27.174209], [88.668708, 27.174166], [88.668828, 27.1742], [88.6689, 27.174251], [88.669058, 27.174324], [88.66925, 27.17435], [88.66951, 27.174414], [88.66974, 27.174563], [88.66998, 27.174679], [88.670273, 27.174768], [88.670374, 27.174828], [88.670484, 27.174982], [88.670599, 27.175127], [88.670806, 27.175204], [88.670993, 27.175174], [88.671099, 27.175101], [88.672097, 27.174794], [88.672303, 27.174674], [88.672395, 27.174606], [88.672427, 27.174507], [88.672393, 27.174426], [88.672289, 27.174397], [88.672045, 27.174444], [88.671905, 27.174388], [88.671771, 27.174384], [88.671492, 27.174546], [88.671147, 27.174606], [88.670849, 27.174568], [88.669654, 27.173876], [88.669514, 27.173773], [88.669482, 27.173732], [88.669476, 27.173682], [88.669501, 27.173649], [88.669552, 27.173625], [88.669627, 27.173638], [88.669681, 27.173666], [88.670066, 27.173777], [88.670283, 27.17385], [88.670513, 27.17382], [88.670567, 27.173815], [88.670653, 27.173801], [88.670705, 27.173761], [88.670733, 27.173717], [88.670721, 27.17366], [88.670672, 27.173626], [88.670628, 27.173611], [88.670532, 27.173602], [88.66999, 27.173517], [88.66963, 27.173359], [88.66914, 27.172979], [88.668703, 27.172855], [88.668487, 27.172944], [88.668309, 27.172974], [88.667747, 27.173201], [88.667479, 27.173252], [88.667287, 27.173256], [88.667034, 27.173351], [88.666955, 27.173414], [88.666906, 27.17347], [88.666787, 27.173658], [88.666619, 27.173846], [88.66648, 27.174021], [88.666269, 27.174102], [88.666009, 27.174153], [88.665781, 27.174029], [88.665593, 27.173871], [88.665297, 27.173827], [88.665141, 27.173906], [88.665082, 27.173937], [88.665027, 27.173943], [88.664977, 27.173933], [88.664944, 27.173904], [88.664902, 27.173784], [88.664869, 27.173728], [88.664768, 27.173658], [88.664488, 27.173599], [88.66432, 27.173467], [88.664181, 27.173286], [88.664151, 27.173255], [88.664123, 27.173228], [88.664083, 27.173206], [88.664029, 27.173194], [88.663931, 27.173209], [88.663868, 27.17326], [88.66383, 27.173356], [88.663816, 27.173546], [88.663826, 27.173748], [88.66402, 27.173965], [88.664029, 27.174034], [88.664014, 27.17409], [88.663981, 27.174122], [88.663953, 27.174137], [88.663906, 27.174143], [88.663747, 27.174108], [88.66352, 27.174038], [88.663432, 27.173945], [88.663404, 27.173912], [88.663377, 27.173894], [88.663347, 27.173883], [88.663315, 27.173884], [88.663296, 27.173888], [88.663259, 27.173904], [88.663125, 27.173977], [88.66301, 27.17404], [88.662977, 27.17407], [88.662942, 27.174094], [88.662918, 27.174098], [88.662889, 27.174093], [88.662859, 27.174067], [88.66282, 27.173986], [88.662786, 27.173932], [88.66275, 27.17391], [88.662677, 27.173906], [88.662613, 27.173926], [88.662577, 27.173962], [88.662534, 27.17405], [88.662513, 27.174143], [88.662365, 27.174644], [88.662237, 27.174767], [88.661812, 27.17489], [88.661585, 27.17482], [88.661377, 27.174719], [88.661198, 27.174701], [88.661161, 27.1747], [88.661119, 27.174675], [88.661111, 27.174627], [88.661137, 27.174589], [88.661202, 27.174552], [88.661347, 27.174517], [88.661711, 27.174459], [88.661795, 27.174465], [88.661871, 27.174463], [88.661906, 27.174463], [88.661937, 27.174458], [88.661974, 27.174426], [88.661985, 27.174394], [88.66201, 27.174331], [88.662033, 27.174266], [88.662148, 27.174003], [88.662276, 27.173704], [88.662209, 27.173349], [88.662193, 27.173207], [88.662215, 27.173152], [88.662269, 27.173112], [88.662334, 27.173094], [88.66239, 27.173092], [88.662447, 27.173127], [88.662546, 27.173215], [88.662775, 27.17335], [88.662893, 27.173385], [88.662962, 27.173382], [88.663034, 27.173339], [88.66305, 27.173289], [88.663066, 27.17324], [88.663056, 27.173195], [88.662987, 27.173125], [88.662829, 27.17294], [88.662742, 27.172852], [88.662684, 27.172767], [88.662686, 27.172675], [88.662763, 27.172604], [88.662862, 27.172555], [88.663204, 27.172387], [88.663402, 27.172264], [88.663481, 27.172018], [88.663737, 27.171965], [88.664577, 27.172062], [88.664705, 27.171983], [88.665366, 27.171957], [88.665653, 27.171825], [88.66581, 27.171852], [88.665946, 27.171853], [88.665998, 27.171819], [88.666013, 27.171776], [88.666005, 27.171733], [88.665979, 27.171711], [88.665742, 27.171649], [88.665544, 27.171482], [88.665278, 27.171456], [88.6651, 27.171535], [88.664883, 27.171552], [88.664646, 27.171465], [88.6643, 27.171307], [88.663866, 27.171192], [88.663523, 27.171178], [88.66341, 27.171172], [88.663357, 27.171154], [88.663322, 27.17112], [88.663316, 27.171042], [88.663341, 27.171004], [88.663372, 27.170982], [88.663485, 27.170938], [88.663668, 27.170885], [88.664251, 27.170938], [88.664478, 27.170841], [88.664912, 27.170718], [88.665406, 27.170499], [88.666393, 27.170147], [88.667124, 27.170007], [88.667475, 27.169957], [88.66752, 27.169936], [88.667539, 27.169899], [88.667536, 27.169852], [88.667485, 27.169823], [88.66729, 27.169854], [88.666886, 27.169938], [88.666627, 27.16999], [88.666413, 27.169948], [88.666074, 27.169935], [88.665881, 27.169941], [88.665372, 27.170058], [88.665245, 27.170035], [88.665048, 27.170087], [88.664917, 27.170136], [88.664732, 27.170207], [88.664557, 27.17021], [88.664419, 27.170194], [88.664259, 27.170259], [88.664015, 27.170291], [88.663767, 27.1702], [88.663595, 27.170023], [88.663569, 27.170003], [88.663526, 27.16998], [88.663477, 27.16998], [88.663434, 27.170001], [88.663412, 27.170011], [88.663362, 27.170064], [88.66328, 27.170123], [88.663185, 27.170255], [88.663072, 27.170353], [88.662985, 27.170391], [88.662788, 27.170466], [88.662501, 27.170398], [88.662374, 27.170395], [88.662257, 27.170424], [88.662017, 27.170466], [88.661802, 27.170498], [88.661599, 27.170641], [88.661489, 27.170848], [88.661409, 27.170951], [88.661311, 27.170974], [88.661169, 27.171067], [88.661118, 27.171097], [88.660958, 27.171252], [88.660762, 27.171327], [88.660689, 27.171401], [88.660631, 27.171489], [88.660391, 27.171657], [88.660307, 27.171825], [88.660266, 27.172082], [88.660263, 27.172184], [88.660249, 27.172228], [88.660211, 27.172255], [88.660163, 27.172255], [88.660125, 27.172249], [88.660016, 27.172233], [88.659623, 27.172172], [88.659324, 27.172104], [88.65919, 27.172], [88.659077, 27.171858], [88.659086, 27.171798], [88.659087, 27.171759], [88.659087, 27.171745], [88.659083, 27.17172], [88.659065, 27.171702], [88.659042, 27.171693], [88.659025, 27.171694], [88.65898, 27.171705], [88.658926, 27.171712], [88.658891, 27.171719], [88.658655, 27.171732], [88.658491, 27.171767], [88.658426, 27.171864], [88.658422, 27.171944], [88.658398, 27.171964], [88.658367, 27.171963], [88.658346, 27.171926], [88.658331, 27.171887], [88.658301, 27.171869], [88.658247, 27.171874], [88.65821, 27.171897], [88.658186, 27.171929], [88.658073, 27.171984], [88.657902, 27.171994], [88.657625, 27.171923], [88.657352, 27.171745], [88.65705, 27.171524], [88.656963, 27.171376], [88.656905, 27.17123], [88.656792, 27.171142], [88.656595, 27.171107], [88.656381, 27.171117], [88.656257, 27.171204], [88.656159, 27.17133], [88.65601, 27.171492], [88.655814, 27.171716], [88.655704, 27.171845], [88.6556, 27.171868], [88.655527, 27.171842], [88.65547, 27.171778], [88.655422, 27.171656], [88.655224, 27.171528], [88.654896, 27.171482], [88.654634, 27.171495], [88.654379, 27.171586], [88.654248, 27.171673], [88.654198, 27.17179], [88.654088, 27.171845], [88.653954, 27.171848], [88.653761, 27.171897], [88.653524, 27.171945], [88.653346, 27.171932], [88.653201, 27.171923], [88.653048, 27.171955], [88.652666, 27.172052], [88.652262, 27.172117], [88.651796, 27.172149], [88.651545, 27.172146], [88.651294, 27.172152], [88.651039, 27.172139], [88.650868, 27.172201], [88.650712, 27.172318], [88.650585, 27.172441], [88.65055, 27.172491], [88.650514, 27.17253], [88.650476, 27.172539], [88.650434, 27.172525], [88.650425, 27.172489], [88.650463, 27.172417], [88.650512, 27.172337], [88.650522, 27.172315], [88.650536, 27.172278], [88.650544, 27.172226], [88.650531, 27.172187], [88.650505, 27.172157], [88.650451, 27.172142], [88.650383, 27.172135], [88.650038, 27.172237], [88.649602, 27.172282], [88.649424, 27.172224], [88.649213, 27.172127], [88.649071, 27.17211], [88.648863, 27.172146], [88.648219, 27.172385], [88.647692, 27.172534], [88.647521, 27.172725], [88.647291, 27.172878], [88.647029, 27.172942], [88.646709, 27.17291], [88.646516, 27.172958], [88.646019, 27.173125], [88.645932, 27.173172], [88.645852, 27.17321], [88.645758, 27.173281], [88.645726, 27.173377], [88.645715, 27.173477], [88.645908, 27.173692], [88.645916, 27.173768], [88.645725, 27.174197], [88.645575, 27.174299], [88.645486, 27.174315], [88.645318, 27.174496], [88.645219, 27.174616], [88.645171, 27.174679], [88.645141, 27.174726], [88.64509, 27.174739], [88.645027, 27.174727], [88.644978, 27.174651], [88.644902, 27.17447], [88.644835, 27.174326], [88.644782, 27.174424], [88.644694, 27.174661], [88.644585, 27.17482], [88.644326, 27.174989], [88.644128, 27.175208], [88.643999, 27.175424], [88.643623, 27.175917], [88.643376, 27.176109], [88.643287, 27.176201], [88.643184, 27.176341], [88.643067, 27.176578], [88.64298, 27.176703], [88.642812, 27.176831], [88.642693, 27.176949], [88.642579, 27.177103], [88.642486, 27.177279], [88.642435, 27.177389], [88.642375, 27.17745], [88.642287, 27.17747], [88.642156, 27.177463], [88.641997, 27.177458], [88.641795, 27.177519], [88.641623, 27.177586], [88.641425, 27.177636], [88.64117, 27.177679], [88.640957, 27.177687], [88.640673, 27.177708], [88.640451, 27.177719], [88.640355, 27.177796], [88.640313, 27.177978], [88.640247, 27.178084], [88.640169, 27.178116], [88.639948, 27.178186], [88.639594, 27.17825], [88.639342, 27.178415], [88.639216, 27.178655], [88.639159, 27.178833], [88.639136, 27.178887], [88.639087, 27.17893], [88.639013, 27.178936], [88.638897, 27.178905], [88.638581, 27.178868], [88.638161, 27.178959], [88.63788, 27.179065], [88.637706, 27.179188], [88.63752, 27.179391], [88.637451, 27.179449], [88.6374, 27.179492], [88.637304, 27.179561], [88.636951, 27.179657], [88.636633, 27.17986], [88.636243, 27.179972], [88.635944, 27.180004], [88.635728, 27.179918], [88.635374, 27.179839], [88.634919, 27.179769], [88.634867, 27.179755], [88.634812, 27.179759], [88.634751, 27.179796], [88.634703, 27.17987], [88.634585, 27.179976], [88.63452, 27.180047], [88.634463, 27.18014], [88.634396, 27.180393], [88.634382, 27.180446], [88.634337, 27.180482], [88.63427, 27.18049], [88.634192, 27.18048], [88.634193, 27.18069], [88.634199, 27.180884], [88.634348, 27.181185], [88.634352, 27.181478], [88.634165, 27.181901], [88.633966, 27.182398], [88.633833, 27.182739], [88.633795, 27.182823], [88.633732, 27.182965], [88.633511, 27.18332], [88.63318, 27.183619], [88.632536, 27.184191], [88.632186, 27.184528], [88.631907, 27.184776], [88.631562, 27.184934], [88.630976, 27.185212], [88.630361, 27.185216], [88.630011, 27.185284], [88.629713, 27.185361], [88.629358, 27.18554], [88.628906, 27.185677], [88.628575, 27.185921], [88.62831, 27.186016], [88.628071, 27.186062], [88.627797, 27.186121], [88.627591, 27.186322], [88.627466, 27.186668], [88.62737, 27.18692], [88.627087, 27.187202], [88.626837, 27.187373], [88.626463, 27.187531], [88.626194, 27.187672], [88.62603, 27.187872], [88.625776, 27.188013], [88.625541, 27.188], [88.625181, 27.188009], [88.624801, 27.188099], [88.624556, 27.188291], [88.624475, 27.1885], [88.624466, 27.18858], [88.624489, 27.188641], [88.624537, 27.18867], [88.62459, 27.18868], [88.624796, 27.18862], [88.624979, 27.188526], [88.625363, 27.188513], [88.625795, 27.18868], [88.626045, 27.188838], [88.6264, 27.189094], [88.626943, 27.189209], [88.627255, 27.189188], [88.627351, 27.189239], [88.627416, 27.189277], [88.627461, 27.18934], [88.627457, 27.189393], [88.627437, 27.189433], [88.627394, 27.189457], [88.627274, 27.189495], [88.627126, 27.189499], [88.626962, 27.189423], [88.626823, 27.189316], [88.626631, 27.189303], [88.625392, 27.18926], [88.625118, 27.189282], [88.624917, 27.189478], [88.624386, 27.189917], [88.624391, 27.189986], [88.624416, 27.190023], [88.624451, 27.190045], [88.624499, 27.190051], [88.624542, 27.190045], [88.624575, 27.190038], [88.624848, 27.18974], [88.625003, 27.189697], [88.626146, 27.189831], [88.626382, 27.18994], [88.627004, 27.190341], [88.627165, 27.190413], [88.627787, 27.190475], [88.62812, 27.190613], [88.62842, 27.190918], [88.628748, 27.191544], [88.62871, 27.191744], [88.628721, 27.19183], [88.628871, 27.191987], [88.629375, 27.192288], [88.629405, 27.192329], [88.629423, 27.192359], [88.629417, 27.192395], [88.629381, 27.192412], [88.629342, 27.192414], [88.629128, 27.192297], [88.628501, 27.191925], [88.628399, 27.19182], [88.628361, 27.191644], [88.628308, 27.191381], [88.628061, 27.191066], [88.627648, 27.190828], [88.627315, 27.190828], [88.626393, 27.190981], [88.62577, 27.190985], [88.625384, 27.190895], [88.62508, 27.190871], [88.625009, 27.19089], [88.62498, 27.190911], [88.624961, 27.190972], [88.624967, 27.191028], [88.625007, 27.191071], [88.625076, 27.1911], [88.625239, 27.191081], [88.625545, 27.191109], [88.626065, 27.191243], [88.626548, 27.191291], [88.626865, 27.19119], [88.627192, 27.191152], [88.627353, 27.191224], [88.627793, 27.191844], [88.627954, 27.19234], [88.627937, 27.19256], [88.627793, 27.193037], [88.627492, 27.193304], [88.627149, 27.1936], [88.626822, 27.193963], [88.626757, 27.194239], [88.626789, 27.194521], [88.626818, 27.194854], [88.626808, 27.1949], [88.626789, 27.194921], [88.626758, 27.194936], [88.626714, 27.194933], [88.626677, 27.194912], [88.626669, 27.194875], [88.626666, 27.194693], [88.62657, 27.194197], [88.626586, 27.193977], [88.626666, 27.193619], [88.626784, 27.193462], [88.626999, 27.192918], [88.627015, 27.192779], [88.626972, 27.192717], [88.626943, 27.192696], [88.626885, 27.192691], [88.626816, 27.192698], [88.626596, 27.192722], [88.626264, 27.192717], [88.62599, 27.192717], [88.625749, 27.192622], [88.625363, 27.192488], [88.624724, 27.192255], [88.624252, 27.192183], [88.624075, 27.192259], [88.623807, 27.192431], [88.62356, 27.192455], [88.623308, 27.192364], [88.623158, 27.192197], [88.622981, 27.19204], [88.622777, 27.192021], [88.622283, 27.19203], [88.622192, 27.192049], [88.622153, 27.192062], [88.622112, 27.192083], [88.622087, 27.192142], [88.622096, 27.192182], [88.622136, 27.192224], [88.622214, 27.19224], [88.622493, 27.192235], [88.62282, 27.192293], [88.623126, 27.192517], [88.62348, 27.192722], [88.624225, 27.19308], [88.624612, 27.193214], [88.625062, 27.193385], [88.625175, 27.193557], [88.625368, 27.193867], [88.625346, 27.194068], [88.625218, 27.19433], [88.625159, 27.194688], [88.625255, 27.195098], [88.625464, 27.195309], [88.625481, 27.195381], [88.625451, 27.195431], [88.625416, 27.195463], [88.625366, 27.195469], [88.62511, 27.195158], [88.624869, 27.194612], [88.624783, 27.194464], [88.624805, 27.194101], [88.624812, 27.194026], [88.624756, 27.19391], [88.624671, 27.193888], [88.624563, 27.193901], [88.624241, 27.194049], [88.624032, 27.19401], [88.623426, 27.19363], [88.622795, 27.193344], [88.622117, 27.193458], [88.621463, 27.193365], [88.621424, 27.193374], [88.621409, 27.193394], [88.6214, 27.193439], [88.621433, 27.193473], [88.621469, 27.193496], [88.621709, 27.193565], [88.62246, 27.193587], [88.623083, 27.193673], [88.623659, 27.194016], [88.623905, 27.194167], [88.624054, 27.19425], [88.62407, 27.194335], [88.624036, 27.194403], [88.624002, 27.194431], [88.623902, 27.194444], [88.623781, 27.194424], [88.623674, 27.194332], [88.623464, 27.194194], [88.623126, 27.194145], [88.622778, 27.193991], [88.622557, 27.19397], [88.622372, 27.194026], [88.622189, 27.194144], [88.621998, 27.194199], [88.621817, 27.194166], [88.621123, 27.193903], [88.62094, 27.193901], [88.620683, 27.19394], [88.620282, 27.194122], [88.619907, 27.194209], [88.619242, 27.194402], [88.618577, 27.194316], [88.617954, 27.194467], [88.61773, 27.194656], [88.617501, 27.194755], [88.617332, 27.194789], [88.617156, 27.194767], [88.616955, 27.194695], [88.616667, 27.194617], [88.615959, 27.194531], [88.615422, 27.194209], [88.614821, 27.193973], [88.614199, 27.193801], [88.613555, 27.19363], [88.612847, 27.19348], [88.612139, 27.193458], [88.611388, 27.19348], [88.610723, 27.193587], [88.610036, 27.193716], [88.609371, 27.193887], [88.608663, 27.19408], [88.607998, 27.194381], [88.607805, 27.194502], [88.607768, 27.194569], [88.607747, 27.194626], [88.607782, 27.19469], [88.608002, 27.195007], [88.608619, 27.195886], [88.608998, 27.196222], [88.60951, 27.195888], [88.609757, 27.195799], [88.610112, 27.195814], [88.610409, 27.195893], [88.610456, 27.195892], [88.610502, 27.195851], [88.61054, 27.195811], [88.610531, 27.195736], [88.610495, 27.195695], [88.610433, 27.195663], [88.609985, 27.195622], [88.609915, 27.195608], [88.609873, 27.195574], [88.609863, 27.19552], [88.6099, 27.195444], [88.610019, 27.195411], [88.610192, 27.195395], [88.610469, 27.19542], [88.610755, 27.195492], [88.61107, 27.19564], [88.611172, 27.195819], [88.611136, 27.196152], [88.611084, 27.196446], [88.611138, 27.196794], [88.611239, 27.197216], [88.611237, 27.197305], [88.611178, 27.197343], [88.611139, 27.197356], [88.611093, 27.197358], [88.61107, 27.197355], [88.61104, 27.19734], [88.610836, 27.197138], [88.610505, 27.196905], [88.610184, 27.196619], [88.609927, 27.196328], [88.60972, 27.19624], [88.609644, 27.196224], [88.60958, 27.196218], [88.609503, 27.196227], [88.609438, 27.196255], [88.609369, 27.196307], [88.609272, 27.196365], [88.609026, 27.196476], [88.608742, 27.196616], [88.608562, 27.196711], [88.608411, 27.196847], [88.608255, 27.197161], [88.607915, 27.197292], [88.607751, 27.19736], [88.607704, 27.197417], [88.60767, 27.197465], [88.607671, 27.197516], [88.60769, 27.197548], [88.60773, 27.197576], [88.607776, 27.197583], [88.607924, 27.197549], [88.608172, 27.197436], [88.608316, 27.197361], [88.608521, 27.197251], [88.608616, 27.197146], [88.60872, 27.19704], [88.608903, 27.196867], [88.609178, 27.196713], [88.60943, 27.196729], [88.609609, 27.196853], [88.609798, 27.197031], [88.609948, 27.197255], [88.60997, 27.197442], [88.609887, 27.197619], [88.609853, 27.197914], [88.609893, 27.198361], [88.609893, 27.198411], [88.60987, 27.198442], [88.609829, 27.198457], [88.609787, 27.198458], [88.609747, 27.198451], [88.609714, 27.198424], [88.609695, 27.198393], [88.609686, 27.198353], [88.609669, 27.198045], [88.609663, 27.19785], [88.609642, 27.197608], [88.609612, 27.197436], [88.609612, 27.197306], [88.609484, 27.19717], [88.609335, 27.19713], [88.609186, 27.197162], [88.609052, 27.197257], [88.608956, 27.197442], [88.60885, 27.197592], [88.608661, 27.197825], [88.608524, 27.198074], [88.608127, 27.198336], [88.607682, 27.198794], [88.607386, 27.199084], [88.607284, 27.199168], [88.607141, 27.199248], [88.606997, 27.199283], [88.606843, 27.199277], [88.606075, 27.199166], [88.605947, 27.199154], [88.605863, 27.19916], [88.605796, 27.199203], [88.605788, 27.199246], [88.6058, 27.199294], [88.60584, 27.19932], [88.605933, 27.19934], [88.606402, 27.19941], [88.607188, 27.199705], [88.60755, 27.199688], [88.607776, 27.199598], [88.607979, 27.199334], [88.608101, 27.199256], [88.608273, 27.199187], [88.608604, 27.199106], [88.608714, 27.199113], [88.60881, 27.199144], [88.608953, 27.199241], [88.609186, 27.199546], [88.609194, 27.199696], [88.609039, 27.200116], [88.608999, 27.200769], [88.608717, 27.201261], [88.608441, 27.201874], [88.608435, 27.202508], [88.608575, 27.202883], [88.608677, 27.203377], [88.609213, 27.2042], [88.609355, 27.204381], [88.609192, 27.204846], [88.609176, 27.20493], [88.609189, 27.205], [88.609248, 27.20507], [88.609666, 27.205144], [88.610002, 27.205669], [88.609742, 27.207007], [88.610058, 27.207317], [88.610137, 27.207448], [88.610146, 27.207542], [88.61011, 27.207575], [88.610047, 27.207573], [88.610004, 27.207534], [88.609947, 27.207476], [88.609868, 27.207303], [88.609656, 27.207184], [88.609562, 27.20705], [88.609513, 27.206914], [88.609613, 27.205867], [88.609481, 27.205688], [88.609084, 27.205545], [88.608666, 27.205516], [88.608592, 27.205473], [88.608564, 27.205411], [88.608573, 27.205316], [88.608622, 27.20524], [88.60876, 27.204949], [88.608712, 27.204663], [88.608384, 27.20393], [88.608103, 27.203749], [88.607716, 27.202799], [88.607555, 27.202606], [88.607443, 27.202184], [88.607896, 27.201039], [88.607869, 27.200867], [88.607776, 27.200741], [88.607679, 27.200697], [88.607581, 27.200678], [88.607317, 27.200676], [88.607081, 27.200781], [88.607032, 27.200817], [88.607007, 27.200876], [88.606965, 27.200974], [88.607177, 27.202093], [88.607062, 27.202682], [88.607352, 27.203625], [88.60762, 27.204183], [88.607845, 27.204784], [88.607453, 27.205614], [88.607437, 27.205721], [88.607478, 27.205853], [88.607594, 27.20595], [88.608108, 27.206222], [88.608261, 27.206926], [88.608068, 27.207389], [88.608234, 27.207823], [88.608663, 27.208782], [88.608859, 27.209221], [88.608722, 27.209779], [88.608983, 27.210266], [88.609464, 27.210683], [88.609559, 27.210838], [88.609572, 27.210998], [88.609433, 27.211616], [88.609398, 27.212222], [88.609304, 27.212522], [88.609286, 27.212771], [88.608982, 27.213026], [88.608902, 27.213326], [88.608883, 27.213596], [88.608575, 27.214013], [88.608473, 27.214249], [88.608596, 27.214498], [88.608551, 27.214655], [88.608406, 27.214707], [88.608304, 27.214683], [88.608253, 27.214645], [88.608191, 27.214572], [88.608163, 27.214494], [88.608151, 27.214244], [88.608435, 27.213457], [88.608454, 27.212794], [88.608803, 27.212215], [88.608891, 27.212], [88.609012, 27.211406], [88.60895, 27.211308], [88.608835, 27.211322], [88.608746, 27.211394], [88.608787, 27.211687], [88.608519, 27.212136], [88.608331, 27.212291], [88.608135, 27.21226], [88.608038, 27.212162], [88.608052, 27.211878], [88.607824, 27.211415], [88.607982, 27.210523], [88.607893, 27.210428], [88.607759, 27.210469], [88.607631, 27.210607], [88.607534, 27.210922], [88.607534, 27.211561], [88.6077, 27.211835], [88.607751, 27.212026], [88.607652, 27.212174], [88.607496, 27.212172], [88.607443, 27.212045], [88.607464, 27.211761], [88.607266, 27.211494], [88.606957, 27.210812], [88.606955, 27.210402], [88.607091, 27.21012], [88.60704, 27.209937], [88.60678, 27.20972], [88.606375, 27.208897], [88.606362, 27.208651], [88.606123, 27.20836], [88.606104, 27.208043], [88.605906, 27.207224], [88.605748, 27.207086], [88.605564, 27.207054], [88.605351, 27.207029], [88.605238, 27.206983], [88.605133, 27.206868], [88.604777, 27.206184], [88.604777, 27.205919], [88.604911, 27.205357], [88.604863, 27.205025], [88.604779, 27.204488], [88.604573, 27.204188], [88.60442, 27.204087], [88.604254, 27.203861], [88.604058, 27.203739], [88.603891, 27.203743], [88.603825, 27.203818], [88.603827, 27.203876], [88.603851, 27.20393], [88.603946, 27.204013], [88.604146, 27.204118], [88.604305, 27.204252], [88.604428, 27.204758], [88.604487, 27.205242], [88.604425, 27.205936], [88.604104, 27.206566], [88.603987, 27.207011], [88.603979, 27.207119], [88.603994, 27.207272], [88.604089, 27.207469], [88.604538, 27.207897], [88.604729, 27.208141], [88.604619, 27.208816], [88.604812, 27.209438], [88.605209, 27.211265], [88.605327, 27.211602], [88.605249, 27.212119], [88.60515, 27.212198], [88.60501, 27.212143], [88.604973, 27.211468], [88.604669, 27.211225], [88.604354, 27.211046], [88.604258, 27.210965], [88.604213, 27.210894], [88.604206, 27.2108], [88.604313, 27.210373], [88.604125, 27.209968], [88.603564, 27.208407], [88.603484, 27.208274], [88.6032, 27.208079], [88.602939, 27.207303], [88.60298, 27.2067], [88.602548, 27.205903], [88.602451, 27.2055], [88.60225, 27.205273], [88.601995, 27.205173], [88.601925, 27.204928], [88.60184, 27.20487], [88.601735, 27.204858], [88.601628, 27.204877], [88.6015, 27.204975], [88.601431, 27.204988], [88.60136, 27.20497], [88.601279, 27.204933], [88.601231, 27.20486], [88.601216, 27.204787], [88.601327, 27.204331], [88.601207, 27.204161], [88.601014, 27.204028], [88.600963, 27.203827], [88.600948, 27.203507], [88.60092, 27.20337], [88.600889, 27.203331], [88.600831, 27.203305], [88.600772, 27.203312], [88.600733, 27.203337], [88.600717, 27.20338], [88.60076, 27.203715], [88.600536, 27.20445], [88.600526, 27.204541], [88.600537, 27.204586], [88.600605, 27.204623], [88.600667, 27.20464], [88.600828, 27.204665], [88.600877, 27.204698], [88.600909, 27.20477], [88.60078, 27.205075], [88.600717, 27.20534], [88.600692, 27.205449], [88.600708, 27.205523], [88.600745, 27.205577], [88.600818, 27.205635], [88.602196, 27.206685], [88.602292, 27.206769], [88.602336, 27.206841], [88.602408, 27.207048], [88.602414, 27.207537], [88.602269, 27.208119], [88.602526, 27.209226], [88.602822, 27.211439], [88.602532, 27.212227], [88.602017, 27.212775], [88.601952, 27.212887], [88.601915, 27.213004], [88.601912, 27.213099], [88.601966, 27.213231], [88.602226, 27.214145], [88.60198, 27.214627], [88.601975, 27.214719], [88.602006, 27.214812], [88.602049, 27.214888], [88.602125, 27.214971], [88.602726, 27.21524], [88.602835, 27.21532], [88.602929, 27.215451], [88.603256, 27.216053], [88.603685, 27.216547], [88.603363, 27.21704], [88.603265, 27.217113], [88.603159, 27.217133], [88.603118, 27.21712], [88.603076, 27.217082], [88.603068, 27.217028], [88.603081, 27.21696], [88.603476, 27.216558], [88.6035, 27.216499], [88.603497, 27.216458], [88.603444, 27.216449], [88.603084, 27.216804], [88.602548, 27.217147], [88.602348, 27.217492], [88.602281, 27.217587], [88.602235, 27.217603], [88.602184, 27.217599], [88.602128, 27.217574], [88.602097, 27.217534], [88.602084, 27.217487], [88.602089, 27.21742], [88.602088, 27.217302], [88.602115, 27.217204], [88.602225, 27.217056], [88.602334, 27.216905], [88.602719, 27.216568], [88.602959, 27.216197], [88.602967, 27.216159], [88.602965, 27.216144], [88.602953, 27.216132], [88.602934, 27.216125], [88.602908, 27.216126], [88.602868, 27.216157], [88.60244, 27.216504], [88.602301, 27.216773], [88.602038, 27.216988], [88.60177, 27.217216], [88.601703, 27.217512], [88.601325, 27.217984], [88.601003, 27.218564], [88.600488, 27.218971], [88.600016, 27.219443], [88.599867, 27.219669], [88.599659, 27.219794], [88.599538, 27.219931], [88.599333, 27.220323], [88.599279, 27.220367], [88.599239, 27.220374], [88.599206, 27.220367], [88.599167, 27.220358], [88.599143, 27.220345], [88.599125, 27.220324], [88.599108, 27.220284], [88.599106, 27.220256], [88.59915, 27.220108], [88.599324, 27.219886], [88.599734, 27.21948], [88.599876, 27.219242], [88.600378, 27.218767], [88.600491, 27.218538], [88.600568, 27.217937], [88.600756, 27.217579], [88.600684, 27.216942], [88.600697, 27.216763], [88.60066, 27.216692], [88.600599, 27.216673], [88.600563, 27.216675], [88.600526, 27.216691], [88.6005, 27.216713], [88.600485, 27.216733], [88.600469, 27.216773], [88.600471, 27.216839], [88.600574, 27.21719], [88.600571, 27.217634], [88.600375, 27.218035], [88.600008, 27.218498], [88.599423, 27.219168], [88.598946, 27.21947], [88.598693, 27.219802], [88.598519, 27.220027], [88.598454, 27.220076], [88.598356, 27.2201], [88.598249, 27.22011], [88.597355, 27.219979], [88.59731, 27.219984], [88.597079, 27.219982], [88.597014, 27.22], [88.596969, 27.220029], [88.596937, 27.220064], [88.59692, 27.220117], [88.596891, 27.220448], [88.597022, 27.221422], [88.597433, 27.221968], [88.597717, 27.222085], [88.597804, 27.22215], [88.597839, 27.222211], [88.597854, 27.222299], [88.597838, 27.222367], [88.597806, 27.222427], [88.597669, 27.222543], [88.597175, 27.223051], [88.59676, 27.223249], [88.596167, 27.223766], [88.595684, 27.223926], [88.595311, 27.224369], [88.594989, 27.22456], [88.594828, 27.224707], [88.594783, 27.224811], [88.594769, 27.224918], [88.594767, 27.225085], [88.594649, 27.22539], [88.594616, 27.225753], [88.594643, 27.225882], [88.594675, 27.225975], [88.594783, 27.226137], [88.594785, 27.226287], [88.594694, 27.226418], [88.594595, 27.226585], [88.594504, 27.226676], [88.594472, 27.226824], [88.594501, 27.227007], [88.594482, 27.227234], [88.594544, 27.227756], [88.594611, 27.227868], [88.594673, 27.227911], [88.594834, 27.227947], [88.595279, 27.22815], [88.595365, 27.228226], [88.595408, 27.228341], [88.595542, 27.228799], [88.595703, 27.229138], [88.595622, 27.229631], [88.596089, 27.230435], [88.596309, 27.230797], [88.596328, 27.230997], [88.596314, 27.231157], [88.596273, 27.232777], [88.596263, 27.232822], [88.59624, 27.232871], [88.596204, 27.232901], [88.596145, 27.232908], [88.596144, 27.232992], [88.596147, 27.233046], [88.596151, 27.233153], [88.59621, 27.233268], [88.596239, 27.233347], [88.596263, 27.233432], [88.596261, 27.233504], [88.596218, 27.23363], [88.596177, 27.233742], [88.596145, 27.233833], [88.596151, 27.233909], [88.59618, 27.23401], [88.596194, 27.234083], [88.596202, 27.234167], [88.596204, 27.234246], [88.596226, 27.234329], [88.596269, 27.234396], [88.596344, 27.23447], [88.596454, 27.234591], [88.59647, 27.234677], [88.596483, 27.234775], [88.596481, 27.234875], [88.596462, 27.235006], [88.596464, 27.235102], [88.596497, 27.235223], [88.59651, 27.235321], [88.59647, 27.235433], [88.596395, 27.235591], [88.596397, 27.235684], [88.596478, 27.23581], [88.596593, 27.235913], [88.596668, 27.236032], [88.596727, 27.236158], [88.596832, 27.236266], [88.596918, 27.236342], [88.597028, 27.236437], [88.597097, 27.236528], [88.59717, 27.236638], [88.597173, 27.236764], [88.597151, 27.236864], [88.59717, 27.236964], [88.597248, 27.237067], [88.597376, 27.237217], [88.597513, 27.237346], [88.59762, 27.237425], [88.597669, 27.23746], [88.59776, 27.237475], [88.597851, 27.237441], [88.597897, 27.237346], [88.597929, 27.23727], [88.597991, 27.237174], [88.598079, 27.237127], [88.598184, 27.237131], [88.598377, 27.237167], [88.598543, 27.23726], [88.598637, 27.237391], [88.598726, 27.237549], [88.598763, 27.237718], [88.598793, 27.237854], [88.59879, 27.238011], [88.598744, 27.238171], [88.598712, 27.238314], [88.59872, 27.238436], [88.598777, 27.238591], [88.598836, 27.238698], [88.598962, 27.23892], [88.598991, 27.239018], [88.599023, 27.239118], [88.599053, 27.239187], [88.599064, 27.239225], [88.59912, 27.239254], [88.599227, 27.23927], [88.599294, 27.239244], [88.599329, 27.239168], [88.599326, 27.239042], [88.59931, 27.238946], [88.599289, 27.238867], [88.5993, 27.238786], [88.599385, 27.238703], [88.599479, 27.238705], [88.5996, 27.238762], [88.599739, 27.238784], [88.599874, 27.238827], [88.600005, 27.238856], [88.600163, 27.23886], [88.600163, 27.23886], [88.600249, 27.238798], [88.600284, 27.238677], [88.600319, 27.2386], [88.60041, 27.238522], [88.600627, 27.238379], [88.600877, 27.238243], [88.601086, 27.238107], [88.601231, 27.238061], [88.60137, 27.238088], [88.601601, 27.238164], [88.601756, 27.238209], [88.601853, 27.238219], [88.601955, 27.238185], [88.601998, 27.238116], [88.601966, 27.238016], [88.601912, 27.237914], [88.601877, 27.237797], [88.60184, 27.237661], [88.601821, 27.237525], [88.601778, 27.237417], [88.601756, 27.237336], [88.601692, 27.237022], [88.601644, 27.236867], [88.601585, 27.236685], [88.601523, 27.236549], [88.601435, 27.236416], [88.6013, 27.236268], [88.601228, 27.236208], [88.601156, 27.236149], [88.601105, 27.236089], [88.601072, 27.236022], [88.601067, 27.235946], [88.601102, 27.235889], [88.601185, 27.235853], [88.601365, 27.23586], [88.601515, 27.235858], [88.601673, 27.235832], [88.601799, 27.235805], [88.601917, 27.235801], [88.60206, 27.235789], [88.602226, 27.235719], [88.602381, 27.235657], [88.602521, 27.235603], [88.60273, 27.235514], [88.602859, 27.235417], [88.602974, 27.235252], [88.603089, 27.23504], [88.603232, 27.234859], [88.603326, 27.234744], [88.603427, 27.234656], [88.603511, 27.234558], [88.603562, 27.234432], [88.603583, 27.234291], [88.603599, 27.234186], [88.603672, 27.234026], [88.603808, 27.233731], [88.603881, 27.233599], [88.603983, 27.233528], [88.604109, 27.233454], [88.604176, 27.233378], [88.604254, 27.23327], [88.604296, 27.233163], [88.60431, 27.23301], [88.604331, 27.232862], [88.604364, 27.232781], [88.604431, 27.232707], [88.604514, 27.2327], [88.604594, 27.232755], [88.604731, 27.232927], [88.604956, 27.233227], [88.605037, 27.233361], [88.605174, 27.233657], [88.605294, 27.233809], [88.605436, 27.233998], [88.605538, 27.234229], [88.605605, 27.234336], [88.605681, 27.234427], [88.605815, 27.234527], [88.605892, 27.234646], [88.605965, 27.23488], [88.60608, 27.235076], [88.606236, 27.235283], [88.606367, 27.235433], [88.606531, 27.235579], [88.606694, 27.235674], [88.606812, 27.235777], [88.606898, 27.235913], [88.606955, 27.23601], [88.60704, 27.236108], [88.60715, 27.236187], [88.607279, 27.236237], [88.607421, 27.236304], [88.607475, 27.236411], [88.607507, 27.236547], [88.607526, 27.236673], [88.607585, 27.23679], [88.6077, 27.236898], [88.607842, 27.236988], [88.607944, 27.237086], [88.607993, 27.237227], [88.608017, 27.237348], [88.608073, 27.237446], [88.608204, 27.237539], [88.60839, 27.237673], [88.608564, 27.23779], [88.608687, 27.237849], [88.608768, 27.237935], [88.608827, 27.238061], [88.608945, 27.238238], [88.609079, 27.238355], [88.609208, 27.238472], [88.609328, 27.238581], [88.609497, 27.238684], [88.609648, 27.238782], [88.609841, 27.238932], [88.609967, 27.239025], [88.610095, 27.239058], [88.610262, 27.23913], [88.610447, 27.239213], [88.610567, 27.239311], [88.610677, 27.239402], [88.610793, 27.239454], [88.610927, 27.239492], [88.611013, 27.239559], [88.611107, 27.239654], [88.6112, 27.239738], [88.61138, 27.239902], [88.611471, 27.239962], [88.611579, 27.240036], [88.611651, 27.240127], [88.611622, 27.240208], [88.611557, 27.240286], [88.611514, 27.240375], [88.611509, 27.240503], [88.611565, 27.240625], [88.611683, 27.240711], [88.611654, 27.24071], [88.611476, 27.240674], [88.611373, 27.240618], [88.611257, 27.240436], [88.611306, 27.240229], [88.611345, 27.240098], [88.611263, 27.239966], [88.611097, 27.239944], [88.610898, 27.239861], [88.610783, 27.239708], [88.610703, 27.239619], [88.610598, 27.239537], [88.610488, 27.239477], [88.610369, 27.239398], [88.610258, 27.239372], [88.610081, 27.239294], [88.609873, 27.239285], [88.609653, 27.2392], [88.609388, 27.23917], [88.609249, 27.239117], [88.609074, 27.239109], [88.608867, 27.239085], [88.608651, 27.239], [88.608485, 27.238849], [88.608425, 27.238657], [88.608288, 27.238556], [88.608084, 27.238512], [88.607609, 27.238509], [88.607398, 27.238528], [88.607126, 27.238481], [88.607024, 27.238408], [88.606979, 27.238312], [88.607005, 27.23808], [88.607022, 27.237958], [88.606952, 27.237763], [88.606803, 27.237508], [88.606583, 27.237249], [88.606325, 27.236984], [88.605916, 27.236591], [88.605777, 27.23623], [88.605687, 27.236024], [88.60551, 27.235865], [88.605117, 27.23575], [88.604912, 27.235597], [88.604678, 27.235546], [88.604027, 27.235617], [88.603472, 27.235709], [88.603359, 27.235842], [88.603273, 27.23601], [88.603162, 27.236246], [88.603316, 27.236619], [88.603498, 27.236834], [88.60391, 27.23703], [88.604098, 27.237138], [88.604195, 27.23727], [88.604259, 27.237685], [88.604092, 27.238017], [88.603955, 27.238242], [88.603968, 27.238358], [88.604066, 27.238574], [88.604019, 27.238757], [88.603989, 27.238925], [88.60405, 27.239063], [88.604443, 27.239378], [88.604471, 27.239457], [88.604438, 27.239523], [88.604269, 27.239683], [88.604237, 27.239927], [88.60413, 27.239961], [88.603743, 27.240118], [88.603515, 27.240366], [88.603276, 27.240697], [88.603049, 27.240938], [88.602964, 27.241017], [88.602838, 27.241077], [88.602693, 27.241121], [88.602486, 27.24119], [88.602348, 27.241252], [88.602227, 27.241271], [88.602061, 27.241269], [88.601893, 27.241296], [88.601805, 27.241359], [88.601617, 27.24154], [88.601536, 27.241706], [88.601466, 27.241781], [88.60135, 27.2418], [88.601153, 27.241783], [88.600945, 27.24181], [88.600627, 27.241937], [88.600423, 27.242007], [88.60008, 27.242078], [88.599937, 27.242041], [88.59977, 27.242058], [88.599656, 27.242119], [88.599618, 27.242227], [88.599591, 27.242432], [88.599548, 27.242569], [88.599415, 27.242886], [88.59935, 27.24299], [88.599135, 27.243004], [88.599001, 27.243111], [88.598889, 27.243247], [88.598596, 27.243327], [88.598163, 27.243394], [88.598278, 27.243435], [88.598447, 27.243448], [88.598635, 27.24346], [88.598777, 27.24346], [88.598889, 27.243481], [88.5991, 27.243574], [88.599242, 27.243634], [88.599348, 27.24367], [88.599427, 27.243677], [88.599647, 27.243676], [88.599884, 27.24366], [88.600104, 27.243644], [88.600364, 27.243629], [88.600591, 27.243617], [88.600826, 27.243637], [88.60102, 27.243711], [88.601125, 27.243795], [88.601192, 27.243885], [88.601414, 27.244111], [88.601534, 27.244143], [88.601804, 27.244078], [88.602098, 27.244018], [88.602387, 27.243991], [88.60261, 27.243902], [88.602682, 27.243884], [88.602756, 27.243882], [88.60285, 27.243902], [88.602932, 27.243956], [88.603029, 27.244039], [88.603107, 27.244076], [88.603174, 27.244097], [88.603385, 27.244125], [88.60349, 27.244158], [88.603709, 27.244289], [88.603908, 27.244408], [88.604224, 27.244459], [88.604443, 27.244368], [88.604663, 27.244335], [88.604965, 27.244467], [88.605496, 27.244542], [88.605806, 27.244689], [88.605922, 27.244843], [88.606117, 27.244944], [88.606419, 27.245012], [88.60655, 27.245104], [88.606728, 27.245403], [88.606876, 27.245569], [88.607084, 27.245662], [88.607322, 27.245796], [88.607399, 27.245942], [88.607461, 27.246228], [88.607544, 27.246392], [88.607695, 27.246588], [88.607725, 27.246712], [88.607695, 27.246832], [88.607617, 27.246918], [88.607393, 27.246996], [88.607234, 27.247028], [88.607122, 27.247101], [88.607057, 27.247206], [88.607036, 27.247327], [88.607109, 27.247514], [88.607343, 27.247751], [88.607375, 27.247822], [88.607402, 27.247915], [88.607466, 27.248082], [88.60758, 27.248327], [88.60771, 27.248509], [88.607794, 27.248605], [88.607852, 27.248669], [88.607882, 27.248721], [88.607901, 27.24878], [88.607891, 27.248822], [88.607858, 27.24885], [88.607805, 27.24886], [88.607742, 27.248852], [88.60769, 27.248824], [88.607648, 27.248766], [88.607552, 27.248563], [88.607405, 27.248256], [88.607091, 27.247806], [88.606867, 27.247564], [88.606814, 27.247473], [88.606776, 27.247362], [88.60679, 27.24726], [88.606857, 27.246798], [88.60684, 27.246507], [88.606733, 27.246191], [88.606574, 27.245916], [88.606303, 27.24572], [88.605875, 27.245356], [88.605821, 27.245312], [88.605764, 27.245277], [88.605732, 27.245268], [88.605687, 27.245265], [88.605626, 27.245276], [88.60558, 27.245294], [88.605166, 27.24573], [88.605009, 27.245908], [88.604964, 27.245946], [88.604905, 27.245962], [88.604852, 27.245968], [88.604812, 27.245963], [88.604405, 27.245898], [88.604005, 27.245798], [88.603928, 27.24579], [88.603748, 27.245735], [88.603625, 27.245714], [88.60351, 27.245738], [88.603333, 27.245767], [88.60318, 27.245738], [88.603035, 27.245618], [88.602809, 27.24539], [88.602708, 27.245322], [88.602661, 27.245314], [88.60242, 27.245337], [88.602152, 27.245238], [88.601963, 27.245251], [88.601586, 27.245371], [88.601527, 27.245393], [88.601245, 27.245581], [88.601103, 27.245604], [88.60098, 27.24559], [88.600902, 27.245555], [88.60081, 27.24549], [88.600573, 27.245363], [88.60039, 27.245342], [88.600187, 27.245365], [88.600087, 27.245393], [88.599994, 27.245465], [88.599941, 27.245561], [88.599857, 27.245743], [88.599796, 27.245858], [88.599714, 27.245918], [88.599625, 27.245946], [88.599446, 27.245993], [88.599388, 27.246038], [88.599348, 27.246089], [88.599321, 27.246194], [88.599265, 27.246426], [88.599039, 27.246627], [88.598553, 27.246848], [88.598371, 27.247113], [88.598207, 27.247245], [88.598082, 27.247324], [88.598036, 27.247439], [88.597999, 27.247538], [88.597969, 27.247571], [88.597885, 27.247617], [88.597822, 27.247635], [88.597688, 27.24766], [88.59759, 27.247681], [88.597539, 27.247703], [88.597502, 27.247739], [88.597461, 27.247785], [88.597436, 27.247926], [88.597434, 27.248138], [88.597427, 27.248312], [88.597384, 27.248398], [88.597303, 27.248494], [88.59705, 27.248677], [88.596674, 27.248763], [88.596309, 27.248926], [88.59614, 27.24914], [88.596018, 27.24929], [88.595775, 27.249439], [88.595664, 27.24952], [88.595626, 27.249681], [88.595686, 27.250137], [88.595736, 27.250472], [88.595734, 27.250729], [88.595715, 27.250947], [88.595738, 27.250992], [88.595768, 27.251021], [88.595794, 27.25103], [88.595852, 27.251028], [88.595891, 27.251004], [88.59595, 27.250907], [88.595967, 27.250843], [88.595964, 27.250806], [88.595953, 27.250773], [88.595911, 27.25067], [88.595902, 27.250616], [88.595878, 27.250371], [88.595842, 27.250056], [88.59579, 27.249819], [88.595963, 27.24961], [88.596249, 27.24938], [88.59653, 27.249211], [88.596715, 27.249194], [88.597187, 27.249062], [88.597338, 27.248868], [88.597679, 27.248605], [88.597751, 27.248431], [88.597862, 27.248261], [88.597992, 27.248187], [88.598229, 27.248087], [88.598449, 27.247957], [88.598655, 27.247778], [88.598974, 27.247552], [88.599386, 27.247431], [88.59961, 27.247315], [88.599838, 27.247149], [88.600018, 27.246998], [88.60028, 27.246866], [88.600416, 27.246792], [88.600709, 27.246717], [88.600966, 27.246675], [88.601109, 27.246651], [88.601376, 27.246599], [88.601538, 27.246608], [88.601662, 27.246611], [88.601735, 27.246648], [88.601777, 27.246666], [88.601903, 27.246789], [88.601998, 27.246859], [88.602088, 27.24687], [88.602155, 27.246862], [88.602298, 27.246854], [88.602374, 27.246864], [88.602471, 27.246875], [88.602514, 27.246898], [88.602612, 27.246975], [88.602815, 27.247152], [88.603077, 27.247208], [88.603396, 27.247248], [88.604018, 27.24725], [88.604474, 27.247249], [88.604586, 27.247275], [88.604654, 27.247315], [88.604694, 27.247364], [88.604767, 27.247528], [88.604807, 27.247662], [88.604803, 27.247734], [88.604781, 27.247784], [88.604739, 27.247852], [88.604706, 27.247931], [88.604691, 27.247992], [88.604688, 27.248036], [88.604695, 27.248075], [88.604728, 27.248135], [88.604964, 27.248391], [88.605223, 27.248651], [88.605251, 27.24879], [88.605186, 27.248983], [88.605129, 27.249248], [88.605069, 27.249481], [88.605112, 27.249741], [88.605217, 27.249987], [88.605243, 27.250078], [88.605297, 27.25027], [88.605325, 27.250384], [88.605385, 27.250475], [88.605536, 27.250563], [88.605735, 27.250672], [88.605868, 27.250789], [88.605884, 27.250807], [88.605893, 27.250826], [88.605894, 27.250847], [88.605885, 27.250867], [88.605861, 27.250881], [88.60584, 27.250886], [88.605788, 27.250879], [88.605695, 27.250844], [88.605394, 27.250701], [88.605161, 27.250561], [88.605076, 27.250432], [88.604919, 27.250289], [88.604642, 27.250161], [88.604549, 27.250021], [88.604412, 27.249746], [88.604328, 27.249502], [88.60434, 27.249363], [88.604392, 27.249216], [88.604477, 27.249102], [88.604511, 27.248792], [88.604479, 27.248701], [88.604409, 27.248739], [88.604306, 27.248928], [88.604279, 27.249105], [88.604193, 27.249331], [88.604106, 27.249538], [88.604059, 27.24974], [88.604043, 27.249971], [88.604083, 27.25006], [88.604193, 27.250214], [88.604273, 27.250362], [88.604436, 27.250659], [88.604533, 27.251005], [88.604649, 27.25124], [88.604763, 27.2514], [88.604926, 27.251465], [88.605149, 27.251521], [88.605279, 27.251595], [88.605433, 27.25172], [88.605686, 27.251809], [88.605856, 27.251847], [88.606096, 27.251924], [88.606206, 27.252064], [88.606353, 27.252399], [88.606563, 27.252834], [88.606636, 27.252905], [88.606716, 27.252946], [88.606786, 27.252956], [88.606885, 27.252943], [88.606997, 27.252884], [88.607213, 27.252722], [88.60767, 27.252476], [88.60791, 27.252434], [88.6081, 27.252399], [88.60834, 27.252363], [88.608375, 27.25237], [88.608413, 27.252387], [88.608437, 27.252406], [88.608451, 27.252426], [88.608455, 27.25246], [88.608445, 27.252493], [88.608414, 27.252512], [88.608369, 27.252527], [88.60826, 27.252553], [88.607997, 27.252586], [88.607803, 27.252659], [88.607663, 27.252778], [88.607563, 27.252911], [88.607472, 27.253014], [88.60737, 27.253101], [88.60728, 27.253163], [88.60717, 27.253314], [88.607071, 27.253539], [88.60703, 27.253587], [88.606967, 27.253614], [88.606904, 27.253623], [88.606837, 27.25361], [88.606736, 27.253578], [88.6065, 27.253543], [88.606253, 27.253593], [88.605793, 27.253898], [88.6054, 27.253955], [88.605186, 27.253975], [88.605066, 27.253928], [88.604949, 27.253786], [88.604909, 27.25367], [88.604779, 27.253501], [88.604706, 27.253409], [88.604413, 27.253228], [88.604306, 27.253065], [88.604233, 27.252852], [88.60417, 27.25258], [88.604134, 27.252509], [88.604086, 27.252461], [88.603929, 27.252339], [88.603876, 27.252302], [88.60382, 27.252284], [88.603769, 27.252283], [88.603717, 27.252309], [88.603694, 27.252353], [88.603694, 27.252397], [88.603709, 27.252449], [88.603872, 27.252695], [88.603933, 27.252917], [88.603986, 27.253252], [88.604086, 27.253486], [88.604199, 27.253649], [88.604306, 27.253895], [88.604313, 27.254058], [88.604255, 27.254224], [88.604243, 27.25428], [88.604233, 27.254361], [88.60424, 27.254427], [88.604288, 27.254505], [88.604365, 27.254593], [88.604375, 27.254676], [88.604346, 27.254708], [88.604312, 27.254716], [88.604245, 27.254689], [88.604193, 27.254655], [88.604125, 27.25461], [88.604037, 27.254512], [88.604008, 27.254473], [88.603958, 27.254414], [88.603912, 27.254365], [88.603859, 27.254322], [88.603819, 27.25432], [88.60378, 27.254343], [88.603754, 27.254416], [88.603768, 27.254518], [88.603795, 27.254595], [88.603835, 27.254665], [88.60397, 27.254816], [88.604034, 27.254927], [88.604045, 27.254967], [88.604045, 27.254994], [88.604037, 27.255019], [88.60402, 27.255032], [88.603995, 27.255039], [88.603972, 27.255038], [88.603841, 27.255016], [88.603795, 27.255], [88.603761, 27.254968], [88.603651, 27.254848], [88.603562, 27.254714], [88.603492, 27.254635], [88.603452, 27.254616], [88.603432, 27.254612], [88.603417, 27.254616], [88.603406, 27.254626], [88.603396, 27.254644], [88.603385, 27.25467], [88.60339, 27.254802], [88.603516, 27.255041], [88.603574, 27.255173], [88.60359, 27.255259], [88.603589, 27.255278], [88.603577, 27.255295], [88.603561, 27.255307], [88.603546, 27.25531], [88.603527, 27.255309], [88.603508, 27.255299], [88.60343, 27.255243], [88.603313, 27.25504], [88.603232, 27.254952], [88.603221, 27.254945], [88.603203, 27.254942], [88.603187, 27.254943], [88.603175, 27.254948], [88.603166, 27.254955], [88.603159, 27.254972], [88.603161, 27.254995], [88.603216, 27.255422], [88.603237, 27.255476], [88.603261, 27.255505], [88.603297, 27.255533], [88.603398, 27.255572], [88.603507, 27.25564], [88.603593, 27.25572], [88.603766, 27.25573], [88.603996, 27.25566], [88.604183, 27.255637], [88.604554, 27.255647], [88.604653, 27.255725], [88.60469, 27.255841], [88.604796, 27.256177], [88.604757, 27.256259], [88.604659, 27.256323], [88.60451, 27.256313], [88.604344, 27.256244], [88.604185, 27.256268], [88.60409, 27.256374], [88.60393, 27.256419], [88.603785, 27.256401], [88.603619, 27.25635], [88.603334, 27.256262], [88.603148, 27.25619], [88.602914, 27.256151], [88.602687, 27.256223], [88.602466, 27.256353], [88.602341, 27.256579], [88.602341, 27.256726], [88.602439, 27.257076], [88.602458, 27.257763], [88.602392, 27.258087], [88.602316, 27.258388], [88.602333, 27.258474], [88.602309, 27.258562], [88.602257, 27.258646], [88.602128, 27.25881], [88.602077, 27.258976], [88.602097, 27.259098], [88.602209, 27.259204], [88.602355, 27.259286], [88.60245, 27.259351], [88.60248, 27.259526], [88.602541, 27.259672], [88.602614, 27.259766], [88.602684, 27.259799], [88.602791, 27.259921], [88.602787, 27.26005], [88.602563, 27.260396], [88.602229, 27.260586], [88.602017, 27.260683], [88.601615, 27.260841], [88.601531, 27.260934], [88.601446, 27.261136], [88.601441, 27.26132], [88.601415, 27.261573], [88.601329, 27.261757], [88.601175, 27.261918], [88.601087, 27.261992], [88.601026, 27.262088], [88.600936, 27.262196], [88.600848, 27.262248], [88.600717, 27.26229], [88.600634, 27.262305], [88.60051, 27.262355], [88.600439, 27.2624], [88.600404, 27.262495], [88.600438, 27.262615], [88.600553, 27.262834], [88.600663, 27.263064], [88.600698, 27.263093], [88.600751, 27.263099], [88.600892, 27.263099], [88.600987, 27.263139], [88.601015, 27.263204], [88.601052, 27.263349], [88.601045, 27.263414], [88.600924, 27.263572], [88.600722, 27.26375], [88.600516, 27.263875], [88.600373, 27.263991], [88.600226, 27.264229], [88.600183, 27.264351], [88.600055, 27.264436], [88.59988, 27.264595], [88.599658, 27.265098], [88.599548, 27.265387], [88.599511, 27.26561], [88.59946, 27.265768], [88.599373, 27.265938], [88.599338, 27.266029], [88.599151, 27.266206], [88.599063, 27.266289], [88.599007, 27.266355], [88.598901, 27.26644], [88.598755, 27.266476], [88.598604, 27.266432], [88.598526, 27.266381], [88.598448, 27.266333], [88.598367, 27.266327], [88.598292, 27.266363], [88.59825, 27.266438], [88.598226, 27.266563], [88.598177, 27.266767], [88.597987, 27.267109], [88.597887, 27.267211], [88.597677, 27.267325], [88.59744, 27.267399], [88.597103, 27.267612], [88.596808, 27.267688], [88.596716, 27.267698], [88.596493, 27.267889], [88.59638, 27.268104], [88.59622, 27.268262], [88.596045, 27.268404], [88.595729, 27.268522], [88.595554, 27.268532], [88.595415, 27.268532], [88.595328, 27.26856], [88.595074, 27.268722], [88.595012, 27.268724], [88.594962, 27.268705], [88.594806, 27.26869], [88.594511, 27.268709], [88.594358, 27.268709], [88.59414, 27.268698], [88.593915, 27.268683], [88.593761, 27.2687], [88.593697, 27.268724], [88.593637, 27.268828], [88.593623, 27.268928], [88.593613, 27.269087], [88.593629, 27.26925], [88.59368, 27.26939], [88.59375, 27.269449], [88.593975, 27.269494], [88.594193, 27.269557], [88.594434, 27.269557], [88.594648, 27.269569], [88.594746, 27.269614], [88.594804, 27.269625], [88.595105, 27.269763], [88.595412, 27.269973], [88.59543, 27.270015], [88.595428, 27.270061], [88.595381, 27.270092], [88.595232, 27.270079], [88.594751, 27.269853], [88.594379, 27.269832], [88.594103, 27.269866], [88.59388, 27.269885], [88.593641, 27.269841], [88.593441, 27.269828], [88.593403, 27.269844], [88.593387, 27.269891], [88.593399, 27.269935], [88.593477, 27.269984], [88.593657, 27.270018], [88.593864, 27.270012], [88.594134, 27.270016], [88.594476, 27.27003], [88.594752, 27.270084], [88.594927, 27.270203], [88.595016, 27.270294], [88.595324, 27.270481], [88.595426, 27.270521], [88.595523, 27.270538], [88.595681, 27.270576], [88.595797, 27.270646], [88.59602, 27.270715], [88.596374, 27.27087], [88.596889, 27.271097], [88.597167, 27.271196], [88.597318, 27.271221], [88.597501, 27.271265], [88.597568, 27.271335], [88.597582, 27.27144], [88.59752, 27.271496], [88.597303, 27.271567], [88.597176, 27.2716], [88.597106, 27.271564], [88.596972, 27.271608], [88.596884, 27.271637], [88.596725, 27.271689], [88.596511, 27.271628], [88.596361, 27.271625], [88.596204, 27.271717], [88.595963, 27.271923], [88.595748, 27.272124], [88.595625, 27.272452], [88.595589, 27.272651], [88.59548, 27.272826], [88.595412, 27.273015], [88.595398, 27.273238], [88.595406, 27.27347], [88.595468, 27.273649], [88.595545, 27.273845], [88.595628, 27.274058], [88.59579, 27.274332], [88.596277, 27.275353], [88.596319, 27.275591], [88.596306, 27.275683], [88.596141, 27.275991], [88.596083, 27.276142], [88.596096, 27.277208], [88.596102, 27.277853], [88.596137, 27.278185], [88.596282, 27.278332], [88.596774, 27.278716], [88.596963, 27.278968], [88.597077, 27.279257], [88.597047, 27.279487], [88.597016, 27.279712], [88.597038, 27.27987], [88.597048, 27.279995], [88.59711, 27.280142], [88.597282, 27.280332], [88.597345, 27.280402], [88.597684, 27.28079], [88.597747, 27.280971], [88.597731, 27.28124], [88.597762, 27.281609], [88.597777, 27.281695], [88.597701, 27.282134], [88.59766, 27.282193], [88.597564, 27.282217], [88.597204, 27.282048], [88.596971, 27.281838], [88.59688, 27.281771], [88.59681, 27.281765], [88.596717, 27.281794], [88.596574, 27.281957], [88.596027, 27.2823], [88.595532, 27.282549], [88.595291, 27.282614], [88.594984, 27.282644], [88.594687, 27.282726], [88.59433, 27.282962], [88.594146, 27.283136], [88.594012, 27.283463], [88.594024, 27.283855], [88.5941, 27.284286], [88.59438, 27.284849], [88.594383, 27.285171], [88.594406, 27.285298], [88.594541, 27.285475], [88.594655, 27.285721], [88.594783, 27.286165], [88.594809, 27.286375], [88.59471, 27.286705], [88.594596, 27.286868], [88.594319, 27.287027], [88.594249, 27.287107], [88.594234, 27.287187], [88.594268, 27.287275], [88.594344, 27.287456], [88.594881, 27.288452], [88.595077, 27.288775], [88.595294, 27.289128], [88.595771, 27.289737], [88.596052, 27.29013], [88.596101, 27.290323], [88.59607, 27.290367], [88.596022, 27.290401], [88.595955, 27.290423], [88.595528, 27.290564], [88.59529, 27.290625], [88.595128, 27.290699], [88.595058, 27.290787], [88.595027, 27.29093], [88.595037, 27.291073], [88.595131, 27.291242], [88.595212, 27.29129], [88.595336, 27.291313], [88.595399, 27.291357], [88.595414, 27.291426], [88.595347, 27.291547], [88.595313, 27.291595], [88.595191, 27.291773], [88.594918, 27.292073], [88.594751, 27.292207], [88.594398, 27.292378], [88.594206, 27.292434], [88.593992, 27.292415], [88.593899, 27.292394], [88.593748, 27.292411], [88.593657, 27.292457], [88.59355, 27.292526], [88.593431, 27.292524], [88.593275, 27.292489], [88.593015, 27.292445], [88.59265, 27.292403], [88.592302, 27.292358], [88.59217, 27.292323], [88.591999, 27.292296], [88.591867, 27.292309], [88.591732, 27.292358], [88.591649, 27.292437], [88.591485, 27.292635], [88.591287, 27.2929], [88.591205, 27.293234], [88.59122, 27.293317], [88.591205, 27.293391], [88.591167, 27.293468], [88.591116, 27.293522], [88.590995, 27.293586], [88.590917, 27.293649], [88.590851, 27.293729], [88.590802, 27.293871], [88.590719, 27.294039], [88.590554, 27.294552], [88.590505, 27.294721], [88.590462, 27.294809], [88.590384, 27.294872], [88.590063, 27.29499], [88.589959, 27.295044], [88.589723, 27.29527], [88.589639, 27.295323], [88.589542, 27.295352], [88.589126, 27.295386], [88.589023, 27.295408], [88.588824, 27.295491], [88.588718, 27.295517], [88.588603, 27.295522], [88.588419, 27.295526], [88.588178, 27.295543], [88.588087, 27.295575], [88.58803, 27.295621], [88.587995, 27.295683], [88.587978, 27.295775], [88.588006, 27.296018], [88.587999, 27.296262], [88.587918, 27.296495], [88.5878, 27.296707], [88.587745, 27.29686], [88.587764, 27.297009], [88.587813, 27.297134], [88.587929, 27.297269], [88.588018, 27.297336], [88.58806, 27.297374], [88.588074, 27.297403], [88.588072, 27.297433], [88.588061, 27.297456], [88.588012, 27.297495], [88.587927, 27.297545], [88.587795, 27.29761], [88.587723, 27.297675], [88.587649, 27.29776], [88.587591, 27.29788], [88.587564, 27.298006], [88.587568, 27.298158], [88.587627, 27.298315], [88.587779, 27.298508], [88.587988, 27.298768], [88.588061, 27.298863], [88.58825, 27.299059], [88.588594, 27.299356], [88.588643, 27.299475], [88.588689, 27.299777], [88.588821, 27.300113], [88.588912, 27.300516], [88.58897, 27.301027], [88.588956, 27.30129], [88.588896, 27.301516], [88.588795, 27.301739], [88.588635, 27.301971], [88.588501, 27.302107], [88.588233, 27.3023], [88.588043, 27.30248], [88.587901, 27.302652], [88.587838, 27.302946], [88.587888, 27.303188], [88.587911, 27.303301], [88.587948, 27.303488], [88.588208, 27.303641], [88.588472, 27.30372], [88.588935, 27.303882], [88.589035, 27.303953], [88.589022, 27.304063], [88.588929, 27.304301], [88.588814, 27.304535], [88.588662, 27.304702], [88.588486, 27.304833], [88.588288, 27.305038], [88.588278, 27.305213], [88.588353, 27.305506], [88.588488, 27.305746], [88.588574, 27.306017], [88.58854, 27.306299], [88.588539, 27.306459], [88.58855, 27.30669], [88.588688, 27.306895], [88.58879, 27.307011], [88.588795, 27.307148], [88.588681, 27.307291], [88.588325, 27.3074], [88.588141, 27.307592], [88.588087, 27.30769], [88.588145, 27.307866], [88.588285, 27.308082], [88.588313, 27.308185], [88.588281, 27.30835], [88.588169, 27.308651], [88.588169, 27.30882], [88.588216, 27.308979], [88.588375, 27.309099], [88.588634, 27.309229], [88.588909, 27.30933], [88.589244, 27.309537], [88.589416, 27.30966], [88.589457, 27.309796], [88.589466, 27.309943], [88.589438, 27.310127], [88.589399, 27.310266], [88.589382, 27.310343], [88.589037, 27.310844], [88.5889, 27.311122], [88.588839, 27.311289], [88.588809, 27.311396], [88.588843, 27.311534], [88.588874, 27.311583], [88.588927, 27.311667], [88.589043, 27.311777], [88.589234, 27.311878], [88.589526, 27.312014], [88.58988, 27.312178], [88.590184, 27.312272], [88.590364, 27.312312], [88.590707, 27.31236], [88.590972, 27.312387], [88.591241, 27.312371], [88.591541, 27.312279], [88.591987, 27.312188], [88.592331, 27.312089], [88.592493, 27.312051], [88.59264, 27.312091], [88.592834, 27.312308], [88.592874, 27.312472], [88.592896, 27.312644], [88.593001, 27.312799], [88.593287, 27.313011], [88.593475, 27.313207], [88.593662, 27.313368], [88.593838, 27.313492], [88.593996, 27.313593], [88.594327, 27.313806], [88.594555, 27.313963], [88.594832, 27.314118], [88.594926, 27.314181], [88.59508, 27.314284], [88.595348, 27.314413], [88.595508, 27.314549], [88.59564, 27.314818], [88.595722, 27.315066], [88.595714, 27.315274], [88.595628, 27.315415], [88.595551, 27.315523], [88.595516, 27.315697], [88.595489, 27.315966], [88.595511, 27.316112], [88.595518, 27.316154], [88.595533, 27.316197], [88.595551, 27.316229], [88.59558, 27.316262], [88.595693, 27.316383], [88.595884, 27.31661], [88.595863, 27.316736], [88.595833, 27.316967], [88.595801, 27.317183], [88.595813, 27.317346], [88.59588, 27.317478], [88.596016, 27.317593], [88.596216, 27.317631], [88.596204, 27.317469], [88.596161, 27.317305], [88.596163, 27.317164], [88.596151, 27.317018], [88.596236, 27.316595], [88.596243, 27.316562], [88.596318, 27.31619], [88.59636, 27.315858], [88.596384, 27.31557], [88.596432, 27.315465], [88.596524, 27.315421], [88.596663, 27.315324], [88.596905, 27.315178], [88.597139, 27.314975], [88.597181, 27.314853], [88.597162, 27.31468], [88.597201, 27.314552], [88.597228, 27.314177], [88.597213, 27.313984], [88.5972, 27.313814], [88.59718, 27.313504], [88.59706, 27.313274], [88.59687, 27.313014], [88.596657, 27.312885], [88.596445, 27.312879], [88.596251, 27.312889], [88.596065, 27.312819], [88.595958, 27.312738], [88.595841, 27.312582], [88.595624, 27.312177], [88.595482, 27.311882], [88.59539, 27.311566], [88.595296, 27.311195], [88.595213, 27.310923], [88.595154, 27.31068], [88.59515, 27.31034], [88.595166, 27.310201], [88.595145, 27.310106], [88.595134, 27.310057], [88.59507, 27.309973], [88.595058, 27.309761], [88.594967, 27.309542], [88.594948, 27.309376], [88.594806, 27.309191], [88.594781, 27.308994], [88.594764, 27.3089], [88.594746, 27.308782], [88.594663, 27.308622], [88.594397, 27.308148], [88.594186, 27.307831], [88.593924, 27.307495], [88.59386, 27.307413], [88.593527, 27.306902], [88.593533, 27.30684], [88.593564, 27.30681], [88.593631, 27.306787], [88.593696, 27.306809], [88.593909, 27.307071], [88.59426, 27.30745], [88.594495, 27.307662], [88.594575, 27.307716], [88.594902, 27.307908], [88.595179, 27.308021], [88.595477, 27.308246], [88.595665, 27.308434], [88.595791, 27.308545], [88.596002, 27.308783], [88.59616, 27.308972], [88.596281, 27.309062], [88.596357, 27.309117], [88.596563, 27.309306], [88.596831, 27.309492], [88.59697, 27.309705], [88.597026, 27.309781], [88.597177, 27.310014], [88.597302, 27.310241], [88.597423, 27.310503], [88.597555, 27.31069], [88.597654, 27.310845], [88.597772, 27.311012], [88.597964, 27.311246], [88.59813, 27.311456], [88.598282, 27.311565], [88.598465, 27.311701], [88.598681, 27.311903], [88.598908, 27.312144], [88.599127, 27.312385], [88.599368, 27.312616], [88.599549, 27.312773], [88.599905, 27.313077], [88.600233, 27.313261], [88.600312, 27.313319], [88.600447, 27.313417], [88.600567, 27.313495], [88.600773, 27.313714], [88.600951, 27.314003], [88.601045, 27.314126], [88.601178, 27.314269], [88.601287, 27.314488], [88.601395, 27.314606], [88.601648, 27.314787], [88.601702, 27.314824], [88.601716, 27.314886], [88.601668, 27.314954], [88.601377, 27.315308], [88.601005, 27.315868], [88.600844, 27.316129], [88.600842, 27.316423], [88.600943, 27.316633], [88.60107, 27.316826], [88.60111, 27.316888], [88.601376, 27.317291], [88.601456, 27.317332], [88.601578, 27.317325], [88.601684, 27.317291], [88.601795, 27.317274], [88.601927, 27.317312], [88.602063, 27.317428], [88.602265, 27.317626], [88.602427, 27.317765], [88.602593, 27.317918], [88.602791, 27.318075], [88.603194, 27.318389], [88.603367, 27.318566], [88.603401, 27.318695], [88.603417, 27.318756], [88.603431, 27.318982], [88.603452, 27.319116], [88.603599, 27.31925], [88.60378, 27.319368], [88.603967, 27.319422], [88.604299, 27.319514], [88.604544, 27.319554], [88.60488, 27.319576], [88.605109, 27.319708], [88.605247, 27.319793], [88.60537, 27.319831], [88.605503, 27.319952], [88.605626, 27.320156], [88.605735, 27.320338], [88.605735, 27.320484], [88.605855, 27.32065], [88.606053, 27.320708], [88.606314, 27.320924], [88.606401, 27.321004], [88.606544, 27.3212], [88.606678, 27.321343], [88.60692, 27.321626], [88.607387, 27.322039], [88.607407, 27.321794], [88.607005, 27.321373], [88.606771, 27.321038], [88.606719, 27.320548], [88.606668, 27.320099], [88.60654, 27.319779], [88.606356, 27.319529], [88.605989, 27.319033], [88.605721, 27.31879], [88.605455, 27.318543], [88.604763, 27.318079], [88.604579, 27.317979], [88.604339, 27.317704], [88.604208, 27.317508], [88.604232, 27.317368], [88.604353, 27.317346], [88.604554, 27.317461], [88.60482, 27.317656], [88.605326, 27.317944], [88.605689, 27.318025], [88.606112, 27.318092], [88.606458, 27.318126], [88.606555, 27.318147], [88.606771, 27.318194], [88.606963, 27.318245], [88.60733, 27.318384], [88.607617, 27.318612], [88.608564, 27.319517], [88.608839, 27.319821], [88.608932, 27.320166], [88.608982, 27.320379], [88.608807, 27.320948], [88.608824, 27.321246], [88.608891, 27.321515], [88.609009, 27.321742], [88.609303, 27.32213], [88.609425, 27.322322], [88.609593, 27.322584], [88.609806, 27.323047], [88.609852, 27.323156], [88.609922, 27.323377], [88.610081, 27.324105], [88.610205, 27.32485], [88.610193, 27.325068], [88.610124, 27.325246], [88.610025, 27.325583], [88.610029, 27.326018], [88.610039, 27.326269], [88.610257, 27.32712], [88.610275, 27.327161], [88.610313, 27.327195], [88.610365, 27.327226], [88.610445, 27.327217], [88.610954, 27.327023], [88.611144, 27.32697], [88.611305, 27.326947], [88.611342, 27.326965], [88.611369, 27.326977], [88.611424, 27.327019], [88.611479, 27.327058], [88.611524, 27.327111], [88.611618, 27.327378], [88.61164, 27.327535], [88.611714, 27.327993], [88.611707, 27.328308], [88.611687, 27.328519], [88.611676, 27.3286], [88.61169, 27.32873], [88.611761, 27.329042], [88.611767, 27.329068], [88.611857, 27.329385], [88.611873, 27.329442], [88.611927, 27.329611], [88.612057, 27.329942], [88.612076, 27.329976], [88.612146, 27.330084], [88.612271, 27.330217], [88.612384, 27.330297], [88.612412, 27.330311], [88.612439, 27.330324], [88.6126, 27.330367], [88.612851, 27.330433], [88.613243, 27.330521], [88.613435, 27.330579], [88.613526, 27.330699], [88.613708, 27.330968], [88.613772, 27.331325], [88.613814, 27.331393]]}, "leaflet_coordinates": [[26.726911, 88.395306], [26.7269, 88.394875], [26.726598, 88.394879], [26.726281, 88.394884], [26.725941, 88.394889], [26.725682, 88.394893], [26.725639, 88.394893], [26.725321, 88.394893], [26.725368, 88.396656], [26.725371, 88.396758], [26.725326, 88.39676], [26.724911, 88.396771], [26.724883, 88.396879], [26.724824, 88.396998], [26.724745, 88.397143], [26.724554, 88.397439], [26.724736, 88.397774], [26.72492, 88.398127], [26.725106, 88.398471], [26.725451, 88.399124], [26.725961, 88.400094], [26.726194, 88.400541], [26.726266, 88.400681], [26.726333, 88.400797], [26.726423, 88.400935], [26.726534, 88.401067], [26.726968, 88.401565], [26.727294, 88.401936], [26.727434, 88.402095], [26.727551, 88.402207], [26.727625, 88.402272], [26.727744, 88.402366], [26.727917, 88.402476], [26.728009, 88.402517], [26.728107, 88.402568], [26.728252, 88.402616], [26.728391, 88.402646], [26.728516, 88.402669], [26.72879, 88.402706], [26.729115, 88.402748], [26.729367, 88.40281], [26.729602, 88.402905], [26.72981, 88.403048], [26.73004, 88.403233], [26.730246, 88.403418], [26.730333, 88.40351], [26.730583, 88.403801], [26.73104, 88.404357], [26.73117, 88.404511], [26.731225, 88.404575], [26.731288, 88.404661], [26.731382, 88.404806], [26.731447, 88.404934], [26.731497, 88.405053], [26.731523, 88.405124], [26.731564, 88.405268], [26.73158, 88.405334], [26.731711, 88.405792], [26.731753, 88.405942], [26.731879, 88.406407], [26.732043, 88.406976], [26.732126, 88.407133], [26.732224, 88.407385], [26.732291, 88.407594], [26.732346, 88.407862], [26.732372, 88.408035], [26.732424, 88.408389], [26.732453, 88.40868], [26.732478, 88.408889], [26.732517, 88.409169], [26.732521, 88.409253], [26.732677, 88.409425], [26.732771, 88.409616], [26.732944, 88.410014], [26.732933, 88.410349], [26.732953, 88.410517], [26.732975, 88.410742], [26.733054, 88.411115], [26.733182, 88.411519], [26.733287, 88.41175], [26.733419, 88.412043], [26.733587, 88.412406], [26.733674, 88.412575], [26.733793, 88.412765], [26.733947, 88.412972], [26.73423, 88.413281], [26.734533, 88.413556], [26.734832, 88.413827], [26.734941, 88.413935], [26.73539, 88.41429], [26.735724, 88.414584], [26.735854, 88.414727], [26.735965, 88.414885], [26.736099, 88.415098], [26.736217, 88.415226], [26.736387, 88.415371], [26.736573, 88.415523], [26.736929, 88.415816], [26.737138, 88.415985], [26.737183, 88.416107], [26.73746, 88.416333], [26.7376, 88.416454], [26.737696, 88.416533], [26.737848, 88.416692], [26.738027, 88.416853], [26.738274, 88.417108], [26.738287, 88.417125], [26.738451, 88.417334], [26.738638, 88.417634], [26.738793, 88.417942], [26.738903, 88.418243], [26.739008, 88.418627], [26.73909, 88.41904], [26.739127, 88.41923], [26.739188, 88.419553], [26.739244, 88.419862], [26.739271, 88.420035], [26.73929, 88.420131], [26.739348, 88.420415], [26.739438, 88.42086], [26.739621, 88.421769], [26.739632, 88.422001], [26.739731, 88.422247], [26.739762, 88.422352], [26.740245, 88.424349], [26.740457, 88.425575], [26.740759, 88.426694], [26.740868, 88.426955], [26.741123, 88.4275], [26.741556, 88.428203], [26.742029, 88.428897], [26.742314, 88.429302], [26.742708, 88.429844], [26.742916, 88.430171], [26.744058, 88.431783], [26.74516, 88.433377], [26.745498, 88.433889], [26.745792, 88.434342], [26.746819, 88.435858], [26.747616, 88.437024], [26.748101, 88.437563], [26.748391, 88.437877], [26.748452, 88.43793], [26.7488, 88.438218], [26.74896, 88.438316], [26.749225, 88.438482], [26.749361, 88.43859], [26.749555, 88.438774], [26.749682, 88.438823], [26.749881, 88.438901], [26.749939, 88.438923], [26.750135, 88.438997], [26.750157, 88.439006], [26.750303, 88.439061], [26.750983, 88.439316], [26.751207, 88.439403], [26.751681, 88.439582], [26.75181, 88.43963], [26.752124, 88.439748], [26.752381, 88.439845], [26.752922, 88.440049], [26.753817, 88.440382], [26.754092, 88.440493], [26.754338, 88.440588], [26.754376, 88.440602], [26.754461, 88.440634], [26.754534, 88.440662], [26.754975, 88.440831], [26.755378, 88.440985], [26.755723, 88.441118], [26.756298, 88.441329], [26.756516, 88.441408], [26.756651, 88.441458], [26.756808, 88.441522], [26.756996, 88.441596], [26.757771, 88.441899], [26.757817, 88.441917], [26.757963, 88.441967], [26.758121, 88.442025], [26.758999, 88.442347], [26.759655, 88.442594], [26.760182, 88.442801], [26.761042, 88.443141], [26.76131, 88.443246], [26.761593, 88.443348], [26.761638, 88.443364], [26.761957, 88.443477], [26.762237, 88.443576], [26.762584, 88.443718], [26.763469, 88.444059], [26.763688, 88.444135], [26.76386, 88.444195], [26.764139, 88.444299], [26.764328, 88.444353], [26.764625, 88.444441], [26.765116, 88.444607], [26.765555, 88.444761], [26.765994, 88.444997], [26.766059, 88.445022], [26.766326, 88.44513], [26.766453, 88.445182], [26.767242, 88.44547], [26.7675, 88.445563], [26.768236, 88.445834], [26.768714, 88.446035], [26.768798, 88.44607], [26.768945, 88.446127], [26.769512, 88.446343], [26.769797, 88.446444], [26.770219, 88.446612], [26.771321, 88.447039], [26.772304, 88.447416], [26.772635, 88.447543], [26.772805, 88.447607], [26.77337, 88.447819], [26.773938, 88.448042], [26.77423, 88.448157], [26.774508, 88.448235], [26.774726, 88.44828], [26.774941, 88.448305], [26.775202, 88.448323], [26.775605, 88.448337], [26.775935, 88.448353], [26.777321, 88.448508], [26.778108, 88.448619], [26.77889, 88.448718], [26.779661, 88.448795], [26.780547, 88.448881], [26.780674, 88.448898], [26.781316, 88.448986], [26.78207, 88.449115], [26.782665, 88.449204], [26.783382, 88.449274], [26.784235, 88.449362], [26.784517, 88.449391], [26.785657, 88.449509], [26.786131, 88.449549], [26.7874, 88.449683], [26.787704, 88.449718], [26.787939, 88.449742], [26.788481, 88.44975], [26.789206, 88.449754], [26.789496, 88.449756], [26.789694, 88.449764], [26.789889, 88.44978], [26.790029, 88.449799], [26.790144, 88.449823], [26.790266, 88.449856], [26.790393, 88.449899], [26.790498, 88.44993], [26.79065, 88.449962], [26.790781, 88.449978], [26.79091, 88.449986], [26.791128, 88.450002], [26.791519, 88.450011], [26.791626, 88.450013], [26.792804, 88.450126], [26.79391, 88.450206], [26.794168, 88.450226], [26.795157, 88.450303], [26.795876, 88.450364], [26.795945, 88.45037], [26.796982, 88.450464], [26.798229, 88.450566], [26.798348, 88.450576], [26.799196, 88.450649], [26.799998, 88.450719], [26.800774, 88.450764], [26.801475, 88.450815], [26.802048, 88.450885], [26.802806, 88.45097], [26.803594, 88.451065], [26.804528, 88.451153], [26.805229, 88.451204], [26.806237, 88.451282], [26.808727, 88.451472], [26.809541, 88.451534], [26.809619, 88.451541], [26.810711, 88.451641], [26.811552, 88.451708], [26.812713, 88.451816], [26.813424, 88.451891], [26.813766, 88.451934], [26.814206, 88.451979], [26.814442, 88.45201], [26.814703, 88.452018], [26.815073, 88.45203], [26.815427, 88.45203], [26.81576, 88.45203], [26.816277, 88.452027], [26.816483, 88.452041], [26.816703, 88.45207], [26.81688, 88.452116], [26.817124, 88.452202], [26.817433, 88.452288], [26.817677, 88.45236], [26.817962, 88.452459], [26.818482, 88.452671], [26.818994, 88.452859], [26.819243, 88.452942], [26.819501, 88.453006], [26.819774, 88.453055], [26.819987, 88.453092], [26.820224, 88.453127], [26.820674, 88.453165], [26.820947, 88.453186], [26.821225, 88.453213], [26.821598, 88.453267], [26.822017, 88.453336], [26.822434, 88.453414], [26.82359, 88.45361], [26.824408, 88.453755], [26.825229, 88.453892], [26.825833, 88.454002], [26.827829, 88.454318], [26.828834, 88.454506], [26.829825, 88.454694], [26.830679, 88.454852], [26.831785, 88.455066], [26.832245, 88.455158], [26.832951, 88.4553], [26.833812, 88.455466], [26.834284, 88.455549], [26.834782, 88.455642], [26.835458, 88.455761], [26.835513, 88.455771], [26.836486, 88.45593], [26.837529, 88.456091], [26.838302, 88.456214], [26.838878, 88.456302], [26.840332, 88.456611], [26.840932, 88.456724], [26.841279, 88.456802], [26.841571, 88.45685], [26.84231, 88.457004], [26.842957, 88.457137], [26.843993, 88.457354], [26.844685, 88.457475], [26.845192, 88.457574], [26.845721, 88.457682], [26.846221, 88.457781], [26.846631, 88.457864], [26.846997, 88.457934], [26.848117, 88.458159], [26.848866, 88.458307], [26.850281, 88.458599], [26.850549, 88.45865], [26.850823, 88.458706], [26.851314, 88.458808], [26.851751, 88.458897], [26.852349, 88.45902], [26.852912, 88.459135], [26.853054, 88.459169], [26.853173, 88.45921], [26.853287, 88.459273], [26.85339, 88.459335], [26.8535, 88.459412], [26.85364, 88.459518], [26.854083, 88.459868], [26.854427, 88.460145], [26.855189, 88.460762], [26.855943, 88.46135], [26.856692, 88.461944], [26.857174, 88.462316], [26.858426, 88.46327], [26.858819, 88.463595], [26.859333, 88.46399], [26.859687, 88.464242], [26.860261, 88.464685], [26.861311, 88.465551], [26.862343, 88.466407], [26.863207, 88.46715], [26.863673, 88.467552], [26.86382, 88.467666], [26.863949, 88.467755], [26.8641, 88.467842], [26.864299, 88.467937], [26.864755, 88.468118], [26.86507, 88.468236], [26.865415, 88.468351], [26.865716, 88.468448], [26.866032, 88.468539], [26.866432, 88.468649], [26.866865, 88.46877], [26.867339, 88.468893], [26.867607, 88.468955], [26.867923, 88.469019], [26.868482, 88.469121], [26.868691, 88.469159], [26.868965, 88.469211], [26.869311, 88.469305], [26.869475, 88.469353], [26.86967, 88.469412], [26.869855, 88.469475], [26.870042, 88.469549], [26.87024, 88.469631], [26.870424, 88.469725], [26.870643, 88.469844], [26.870832, 88.469934], [26.870992, 88.470013], [26.87113, 88.470084], [26.871282, 88.470171], [26.871407, 88.47024], [26.871634, 88.470351], [26.871818, 88.470429], [26.87204, 88.470511], [26.872242, 88.470575], [26.872387, 88.470621], [26.872664, 88.470681], [26.872898, 88.470721], [26.873156, 88.470755], [26.873421, 88.470799], [26.873623, 88.470838], [26.873885, 88.4709], [26.874083, 88.470956], [26.874373, 88.47103], [26.874696, 88.471127], [26.875108, 88.47124], [26.875383, 88.471319], [26.875816, 88.471443], [26.87597, 88.471458], [26.876117, 88.47147], [26.876189, 88.47147], [26.876248, 88.471465], [26.876286, 88.471453], [26.876352, 88.471419], [26.876396, 88.471391], [26.876438, 88.471354], [26.876481, 88.471301], [26.876537, 88.471229], [26.876593, 88.471152], [26.876678, 88.470912], [26.876734, 88.470781], [26.876782, 88.470695], [26.876825, 88.470639], [26.876873, 88.4706], [26.876962, 88.470566], [26.877851, 88.470508], [26.878083, 88.470493], [26.878223, 88.4705], [26.878312, 88.470512], [26.878395, 88.47054], [26.878464, 88.470576], [26.87847, 88.470579], [26.878565, 88.470649], [26.878595, 88.470677], [26.878666, 88.470745], [26.878785, 88.470863], [26.879061, 88.471153], [26.879267, 88.471362], [26.879414, 88.471489], [26.879514, 88.471575], [26.879818, 88.471798], [26.880002, 88.471932], [26.880158, 88.472043], [26.880459, 88.472259], [26.88063, 88.472391], [26.880817, 88.472534], [26.880917, 88.472614], [26.881028, 88.472703], [26.881068, 88.472733], [26.881084, 88.472745], [26.881109, 88.472764], [26.881177, 88.472815], [26.881373, 88.472933], [26.881967, 88.473226], [26.882491, 88.473448], [26.882792, 88.473525], [26.883014, 88.473592], [26.88323, 88.473622], [26.8835, 88.473646], [26.883766, 88.473633], [26.884049, 88.473606], [26.884153, 88.473637], [26.884274, 88.473658], [26.88437, 88.473676], [26.884572, 88.473676], [26.884697, 88.473672], [26.884811, 88.473655], [26.884924, 88.473635], [26.885107, 88.473605], [26.885236, 88.473579], [26.885318, 88.47356], [26.885397, 88.473516], [26.885451, 88.47348], [26.88548, 88.473436], [26.885502, 88.473382], [26.885519, 88.473319], [26.885526, 88.473206], [26.885554, 88.47311], [26.885596, 88.473049], [26.885596, 88.473049], [26.885656, 88.473041], [26.885715, 88.473059], [26.885759, 88.473094], [26.885796, 88.473154], [26.885829, 88.473248], [26.885869, 88.473309], [26.885914, 88.473383], [26.885968, 88.473428], [26.886077, 88.473465], [26.88613, 88.473469], [26.886181, 88.473462], [26.886237, 88.473441], [26.886287, 88.473426], [26.886347, 88.473375], [26.886389, 88.47336], [26.886432, 88.473362], [26.886452, 88.473397], [26.886501, 88.473474], [26.886543, 88.473564], [26.886592, 88.473642], [26.886634, 88.473682], [26.886675, 88.4737], [26.886718, 88.473698], [26.886932, 88.473696], [26.887139, 88.473697], [26.887202, 88.473701], [26.887262, 88.473688], [26.887327, 88.473676], [26.887378, 88.473637], [26.887431, 88.473591], [26.887469, 88.473543], [26.887624, 88.473257], [26.887673, 88.473179], [26.887702, 88.473136], [26.887734, 88.473092], [26.887769, 88.473077], [26.887811, 88.473091], [26.887876, 88.473126], [26.887941, 88.473169], [26.887994, 88.473212], [26.888173, 88.473458], [26.888244, 88.473535], [26.888305, 88.473571], [26.888373, 88.4736], [26.888443, 88.473623], [26.888525, 88.473639], [26.888605, 88.47365], [26.888651, 88.473645], [26.888699, 88.473622], [26.888773, 88.473558], [26.888862, 88.473473], [26.888937, 88.473421], [26.889051, 88.473339], [26.889143, 88.473229], [26.88924, 88.473141], [26.889344, 88.473104], [26.889423, 88.473095], [26.889522, 88.473108], [26.889572, 88.473127], [26.889624, 88.473145], [26.889681, 88.473189], [26.889728, 88.473244], [26.889799, 88.473336], [26.889858, 88.473417], [26.88994, 88.473513], [26.889982, 88.473564], [26.890027, 88.473599], [26.890072, 88.47362], [26.890139, 88.473629], [26.890233, 88.473627], [26.890331, 88.47364], [26.890399, 88.473641], [26.89045, 88.473611], [26.890525, 88.47356], [26.890574, 88.473508], [26.890623, 88.473487], [26.890673, 88.473496], [26.890728, 88.473517], [26.890797, 88.473547], [26.890887, 88.473575], [26.89098, 88.473605], [26.891068, 88.473622], [26.891135, 88.473637], [26.891209, 88.473651], [26.891265, 88.473657], [26.891318, 88.47365], [26.891375, 88.473622], [26.891462, 88.47358], [26.891523, 88.473563], [26.891592, 88.473535], [26.891653, 88.473503], [26.891697, 88.47346], [26.891732, 88.473358], [26.891744, 88.473295], [26.891755, 88.473245], [26.891774, 88.473175], [26.891789, 88.473127], [26.891819, 88.473029], [26.891868, 88.472939], [26.891915, 88.47287], [26.891969, 88.472815], [26.89203, 88.47277], [26.892086, 88.472768], [26.892145, 88.472785], [26.892192, 88.472823], [26.892234, 88.472875], [26.892259, 88.472959], [26.892305, 88.473083], [26.892351, 88.473206], [26.89239, 88.473358], [26.892423, 88.473422], [26.892481, 88.473488], [26.89254, 88.473528], [26.892604, 88.473555], [26.892655, 88.473568], [26.892715, 88.473571], [26.892875, 88.473539], [26.893021, 88.473493], [26.893172, 88.473432], [26.893286, 88.473381], [26.893408, 88.473347], [26.893542, 88.473279], [26.893635, 88.473259], [26.893701, 88.47326], [26.893781, 88.473277], [26.893845, 88.473307], [26.893917, 88.473368], [26.893984, 88.473434], [26.894077, 88.473489], [26.894128, 88.473505], [26.894182, 88.473511], [26.894258, 88.473493], [26.894386, 88.473455], [26.894488, 88.473441], [26.894647, 88.473414], [26.894784, 88.473401], [26.894874, 88.473383], [26.894966, 88.473348], [26.895068, 88.473332], [26.895141, 88.473331], [26.895208, 88.473334], [26.895283, 88.47335], [26.895344, 88.473371], [26.895406, 88.473389], [26.89545, 88.473378], [26.895497, 88.473338], [26.895557, 88.473264], [26.895624, 88.473171], [26.895685, 88.473132], [26.89574, 88.47313], [26.895794, 88.473163], [26.895833, 88.473194], [26.895865, 88.473259], [26.895889, 88.473323], [26.89593, 88.47341], [26.89596, 88.473474], [26.895998, 88.473532], [26.89605, 88.473568], [26.896107, 88.473595], [26.896161, 88.473606], [26.896204, 88.473607], [26.896285, 88.473566], [26.896367, 88.473517], [26.896486, 88.473461], [26.896602, 88.473445], [26.896701, 88.473413], [26.896822, 88.47339], [26.896937, 88.473375], [26.89703, 88.473377], [26.897117, 88.473398], [26.897177, 88.473426], [26.897264, 88.473454], [26.897326, 88.473464], [26.897376, 88.473465], [26.897438, 88.473448], [26.897518, 88.473402], [26.897609, 88.47335], [26.897711, 88.473283], [26.897799, 88.473263], [26.897909, 88.473254], [26.898004, 88.47328], [26.89812, 88.473314], [26.898219, 88.473346], [26.89828, 88.473386], [26.89834, 88.473415], [26.898397, 88.473405], [26.89846, 88.473389], [26.898517, 88.473354], [26.89858, 88.473343], [26.898686, 88.47336], [26.898766, 88.473354], [26.898823, 88.473312], [26.898865, 88.47323], [26.898909, 88.473162], [26.898974, 88.473081], [26.899056, 88.473051], [26.899127, 88.473071], [26.899236, 88.473099], [26.89929, 88.473086], [26.899335, 88.473045], [26.899419, 88.472977], [26.899501, 88.472942], [26.899549, 88.47293], [26.899805, 88.47278], [26.899891, 88.472726], [26.899976, 88.472658], [26.900042, 88.472631], [26.900116, 88.472632], [26.900175, 88.472628], [26.900266, 88.472605], [26.900321, 88.47258], [26.900365, 88.472535], [26.900414, 88.472489], [26.900431, 88.47241], [26.900435, 88.472324], [26.900429, 88.47212], [26.900434, 88.472031], [26.900447, 88.47197], [26.900468, 88.471921], [26.90051, 88.471857], [26.900548, 88.471801], [26.900579, 88.47173], [26.900587, 88.471668], [26.900575, 88.471575], [26.900568, 88.471444], [26.900563, 88.471361], [26.900567, 88.471307], [26.900569, 88.471223], [26.900614, 88.471131], [26.900677, 88.471118], [26.900746, 88.471107], [26.900846, 88.47115], [26.900957, 88.471216], [26.901145, 88.471341], [26.901288, 88.471437], [26.901367, 88.471538], [26.901465, 88.471687], [26.901575, 88.471832], [26.901707, 88.471964], [26.901771, 88.47205], [26.901793, 88.472112], [26.901805, 88.472175], [26.901817, 88.472238], [26.901831, 88.472282], [26.901859, 88.472341], [26.90189, 88.472387], [26.901933, 88.472416], [26.901994, 88.472453], [26.902056, 88.472473], [26.902107, 88.472475], [26.902154, 88.472469], [26.902209, 88.472448], [26.902315, 88.47241], [26.90243, 88.472369], [26.902481, 88.472355], [26.90251, 88.472356], [26.902533, 88.472366], [26.902559, 88.472385], [26.90258, 88.472408], [26.902604, 88.472459], [26.902627, 88.472536], [26.903029, 88.47375], [26.90304, 88.473838], [26.903035, 88.47391], [26.90302, 88.473975], [26.902988, 88.474035], [26.902955, 88.474078], [26.902915, 88.474113], [26.902881, 88.474134], [26.902829, 88.474164], [26.902687, 88.474215], [26.902441, 88.474275], [26.902347, 88.474321], [26.902278, 88.474372], [26.902229, 88.474424], [26.902209, 88.474472], [26.902185, 88.474562], [26.90216, 88.474665], [26.902131, 88.474744], [26.902079, 88.474812], [26.902007, 88.474861], [26.901959, 88.474877], [26.901915, 88.474881], [26.901869, 88.474876], [26.901834, 88.474853], [26.901786, 88.474801], [26.901678, 88.474684], [26.901635, 88.474648], [26.901597, 88.47463], [26.901549, 88.474622], [26.901501, 88.474622], [26.901463, 88.474634], [26.901292, 88.474714], [26.901239, 88.474724], [26.901155, 88.47472], [26.90098, 88.474718], [26.900911, 88.474723], [26.900856, 88.474734], [26.900804, 88.47475], [26.900367, 88.475088], [26.900345, 88.475094], [26.900306, 88.475099], [26.900122, 88.475097], [26.900047, 88.475103], [26.899976, 88.475113], [26.899854, 88.475155], [26.899446, 88.475339], [26.899379, 88.475349], [26.899324, 88.475349], [26.899261, 88.475335], [26.899177, 88.475325], [26.899116, 88.475332], [26.899032, 88.475352], [26.898926, 88.475394], [26.898834, 88.475438], [26.898748, 88.475473], [26.89868, 88.475485], [26.89858, 88.475475], [26.898472, 88.475467], [26.898362, 88.475467], [26.898273, 88.475479], [26.898191, 88.475499], [26.898134, 88.475525], [26.89807, 88.475577], [26.897907, 88.475815], [26.897813, 88.475968], [26.897737, 88.476075], [26.897689, 88.476115], [26.897648, 88.476127], [26.897614, 88.476124], [26.897585, 88.476107], [26.89756, 88.476078], [26.897541, 88.476037], [26.897461, 88.475742], [26.897442, 88.475654], [26.897418, 88.475608], [26.897392, 88.47558], [26.897359, 88.47556], [26.897309, 88.475534], [26.897234, 88.47552], [26.897134, 88.475509], [26.896942, 88.475497], [26.896829, 88.475497], [26.896749, 88.475499], [26.89668, 88.475518], [26.896602, 88.475546], [26.896532, 88.475563], [26.896471, 88.475569], [26.896407, 88.475557], [26.896331, 88.47553], [26.896186, 88.475449], [26.896126, 88.475424], [26.896054, 88.475411], [26.895971, 88.475407], [26.89588, 88.475422], [26.895781, 88.475455], [26.89567, 88.475522], [26.895589, 88.475556], [26.895507, 88.475572], [26.895441, 88.475572], [26.895309, 88.475552], [26.895241, 88.475554], [26.895169, 88.475572], [26.895065, 88.475604], [26.89499, 88.47562], [26.894915, 88.47562], [26.894846, 88.475601], [26.894793, 88.475572], [26.894744, 88.475557], [26.894679, 88.47555], [26.894628, 88.47556], [26.894434, 88.475612], [26.89436, 88.475619], [26.894297, 88.475613], [26.894234, 88.475587], [26.894156, 88.475553], [26.894088, 88.475536], [26.894024, 88.475533], [26.893893, 88.475537], [26.893801, 88.475559], [26.893641, 88.475616], [26.893326, 88.475721], [26.893183, 88.475752], [26.893022, 88.475774], [26.892932, 88.475792], [26.892879, 88.475812], [26.892831, 88.475829], [26.892772, 88.475841], [26.892723, 88.47584], [26.892685, 88.47584], [26.892638, 88.475819], [26.892569, 88.475805], [26.89243, 88.475789], [26.892, 88.475803], [26.891873, 88.475808], [26.89178, 88.475829], [26.891651, 88.475883], [26.891337, 88.476023], [26.891234, 88.476087], [26.891131, 88.47617], [26.891015, 88.47632], [26.89094, 88.476401], [26.890862, 88.476445], [26.890799, 88.47646], [26.890722, 88.476448], [26.890646, 88.476419], [26.89058, 88.476373], [26.890414, 88.47621], [26.890367, 88.476175], [26.890303, 88.476154], [26.89022, 88.476145], [26.890148, 88.476157], [26.89005, 88.476193], [26.889433, 88.476457], [26.889313, 88.476528], [26.889173, 88.476563], [26.889002, 88.476605], [26.888821, 88.476656], [26.888645, 88.476729], [26.888519, 88.47677], [26.888303, 88.476822], [26.887812, 88.476972], [26.88761, 88.477026], [26.88748, 88.477063], [26.887327, 88.477121], [26.887051, 88.477262], [26.886885, 88.477358], [26.886785, 88.477431], [26.886711, 88.47751], [26.886613, 88.477641], [26.886544, 88.477757], [26.886474, 88.47792], [26.886435, 88.478068], [26.886412, 88.478167], [26.886384, 88.478242], [26.886352, 88.478308], [26.886297, 88.47838], [26.88587, 88.478757], [26.885555, 88.479075], [26.885266, 88.479381], [26.885208, 88.479434], [26.885139, 88.479524], [26.885101, 88.479589], [26.885065, 88.479666], [26.885043, 88.479729], [26.88503, 88.479808], [26.885004, 88.479889], [26.884962, 88.479965], [26.884904, 88.48004], [26.884837, 88.480104], [26.884751, 88.480163], [26.884709, 88.480188], [26.884611, 88.480239], [26.88452, 88.48031], [26.884468, 88.48038], [26.884369, 88.480541], [26.884206, 88.480805], [26.88405, 88.480993], [26.883885, 88.481229], [26.883748, 88.481459], [26.883632, 88.481737], [26.883519, 88.482084], [26.88344, 88.482412], [26.883397, 88.482617], [26.883342, 88.482972], [26.88331, 88.483144], [26.883269, 88.483293], [26.883217, 88.483419], [26.883125, 88.483592], [26.883029, 88.483737], [26.88294, 88.483884], [26.882883, 88.484007], [26.882846, 88.484186], [26.882847, 88.484378], [26.882885, 88.484611], [26.882969, 88.484933], [26.883005, 88.485115], [26.883014, 88.485282], [26.883017, 88.485448], [26.883031, 88.485619], [26.883086, 88.485853], [26.883168, 88.486078], [26.883273, 88.486247], [26.883408, 88.486395], [26.883559, 88.486525], [26.883696, 88.486588], [26.884148, 88.486743], [26.884261, 88.486813], [26.884325, 88.486912], [26.884378, 88.487065], [26.884433, 88.487317], [26.884524, 88.487929], [26.884522, 88.48806], [26.884507, 88.488131], [26.884467, 88.48821], [26.884369, 88.488304], [26.884296, 88.488339], [26.884223, 88.488353], [26.884128, 88.488361], [26.884029, 88.488339], [26.883797, 88.488296], [26.883562, 88.488261], [26.883352, 88.488259], [26.883213, 88.488278], [26.883079, 88.488318], [26.882897, 88.488398], [26.882867, 88.488414], [26.882708, 88.488495], [26.882531, 88.488583], [26.882342, 88.48872], [26.882158, 88.488889], [26.882038, 88.489026], [26.881926, 88.4892], [26.881814, 88.489466], [26.88162, 88.490034], [26.881325, 88.490968], [26.880792, 88.492505], [26.880357, 88.493787], [26.880261, 88.494082], [26.880187, 88.49427], [26.880065, 88.49449], [26.879933, 88.494707], [26.879761, 88.494967], [26.879598, 88.495254], [26.879498, 88.495444], [26.879416, 88.495654], [26.879325, 88.495911], [26.879263, 88.496102], [26.879208, 88.496332], [26.879174, 88.496594], [26.879139, 88.49694], [26.879117, 88.49716], [26.879081, 88.497361], [26.879047, 88.497535], [26.878981, 88.497765], [26.878928, 88.497933], [26.878817, 88.498259], [26.878421, 88.499473], [26.878134, 88.500333], [26.877956, 88.50085], [26.877813, 88.501289], [26.877565, 88.50204], [26.877556, 88.502064], [26.877502, 88.502217], [26.87723, 88.503057], [26.876775, 88.504387], [26.876691, 88.504634], [26.876288, 88.505879], [26.876201, 88.506149], [26.87584, 88.507265], [26.875586, 88.508056], [26.875397, 88.508622], [26.874598, 88.510862], [26.873938, 88.512745], [26.873469, 88.514083], [26.873332, 88.514491], [26.87322, 88.514818], [26.872909, 88.5157], [26.872509, 88.516867], [26.872045, 88.518267], [26.871696, 88.519297], [26.871127, 88.521005], [26.871032, 88.521301], [26.871, 88.521401], [26.870984, 88.52145], [26.870966, 88.521564], [26.870962, 88.521675], [26.870976, 88.521777], [26.871021, 88.521933], [26.871149, 88.522299], [26.871518, 88.523261], [26.871679, 88.523706], [26.871891, 88.52429], [26.871982, 88.524532], [26.872055, 88.524758], [26.872124, 88.52499], [26.872198, 88.52525], [26.872373, 88.525846], [26.872629, 88.526746], [26.872873, 88.527572], [26.872988, 88.52797], [26.873021, 88.528111], [26.873026, 88.528206], [26.873012, 88.528299], [26.872977, 88.528383], [26.872929, 88.528465], [26.872839, 88.528571], [26.872679, 88.528737], [26.872417, 88.528992], [26.871839, 88.52953], [26.871712, 88.529652], [26.871626, 88.529751], [26.871547, 88.529863], [26.871497, 88.529979], [26.871459, 88.530097], [26.871439, 88.53023], [26.871421, 88.530428], [26.871422, 88.530627], [26.871437, 88.531088], [26.871453, 88.531499], [26.871477, 88.532014], [26.8715, 88.532716], [26.87155, 88.534269], [26.871577, 88.535549], [26.8716, 88.536198], [26.871619, 88.536793], [26.871635, 88.536981], [26.871656, 88.537117], [26.871681, 88.537212], [26.871723, 88.537331], [26.871864, 88.537649], [26.872058, 88.53802], [26.872384, 88.5387], [26.872557, 88.539127], [26.872795, 88.539611], [26.872977, 88.539962], [26.873163, 88.540336], [26.87322, 88.540476], [26.873263, 88.540597], [26.873308, 88.540751], [26.873342, 88.540951], [26.873362, 88.541141], [26.873392, 88.541474], [26.873399, 88.541715], [26.873402, 88.54194], [26.873388, 88.542126], [26.873356, 88.542293], [26.8733, 88.542486], [26.873201, 88.542776], [26.873028, 88.543232], [26.87297, 88.543389], [26.872904, 88.54354], [26.872813, 88.543709], [26.872714, 88.543866], [26.872448, 88.544239], [26.871496, 88.545576], [26.870889, 88.546436], [26.870411, 88.547144], [26.87004, 88.547674], [26.869071, 88.549052], [26.868949, 88.549248], [26.868845, 88.549433], [26.868759, 88.549598], [26.868689, 88.549742], [26.868624, 88.549907], [26.868534, 88.550164], [26.868468, 88.550375], [26.868431, 88.550575], [26.868394, 88.550868], [26.868364, 88.551229], [26.868319, 88.551768], [26.868249, 88.55251], [26.868133, 88.554053], [26.868102, 88.554362], [26.868066, 88.554611], [26.867999, 88.554879], [26.867903, 88.555193], [26.867809, 88.555459], [26.867702, 88.555704], [26.867638, 88.555837], [26.867485, 88.556095], [26.867265, 88.556423], [26.866894, 88.556942], [26.866645, 88.55731], [26.866398, 88.557685], [26.866243, 88.557967], [26.866157, 88.558162], [26.866092, 88.55835], [26.866013, 88.558643], [26.865961, 88.558916], [26.865927, 88.559251], [26.865898, 88.559683], [26.865853, 88.560416], [26.865772, 88.561462], [26.865664, 88.562878], [26.865606, 88.563602], [26.865431, 88.565499], [26.865355, 88.566346], [26.865294, 88.566983], [26.865274, 88.56725], [26.86527, 88.567432], [26.865265, 88.567678], [26.865286, 88.56792], [26.865328, 88.568155], [26.865447, 88.568729], [26.865705, 88.570053], [26.865812, 88.570559], [26.865907, 88.571008], [26.865982, 88.571364], [26.866087, 88.571858], [26.866215, 88.572473], [26.866355, 88.57316], [26.866378, 88.57327], [26.866388, 88.573317], [26.866511, 88.573927], [26.866591, 88.57433], [26.866674, 88.574693], [26.866736, 88.574945], [26.866805, 88.575178], [26.866906, 88.575469], [26.86697, 88.575648], [26.867438, 88.576989], [26.867968, 88.578524], [26.868149, 88.57905], [26.868218, 88.579265], [26.868264, 88.579436], [26.868299, 88.57963], [26.86832, 88.579847], [26.868338, 88.580183], [26.86836, 88.580948], [26.868375, 88.581582], [26.868388, 88.581846], [26.868413, 88.582152], [26.86845, 88.582395], [26.868486, 88.582545], [26.868524, 88.582693], [26.868734, 88.583355], [26.868967, 88.584118], [26.869157, 88.584728], [26.869375, 88.585455], [26.86944, 88.585675], [26.869529, 88.585972], [26.869893, 88.587153], [26.870542, 88.589239], [26.87069, 88.589697], [26.870807, 88.590057], [26.870991, 88.59071], [26.871071, 88.590932], [26.871154, 88.591115], [26.871235, 88.591264], [26.871361, 88.591465], [26.8718, 88.592119], [26.872083, 88.592554], [26.87228, 88.592846], [26.872571, 88.593285], [26.872763, 88.593576], [26.872924, 88.593835], [26.873021, 88.594013], [26.873098, 88.594179], [26.873213, 88.594524], [26.87336, 88.59499], [26.873476, 88.595369], [26.873546, 88.595602], [26.873648, 88.595945], [26.873985, 88.597063], [26.874204, 88.597771], [26.874869, 88.599873], [26.875015, 88.600338], [26.875425, 88.601619], [26.875689, 88.60249], [26.875791, 88.602921], [26.875835, 88.60322], [26.875855, 88.60359], [26.875858, 88.60389], [26.875837, 88.604382], [26.875776, 88.604693], [26.875761, 88.604985], [26.875637, 88.60633], [26.87559, 88.606882], [26.87556, 88.60717], [26.875521, 88.60737], [26.875476, 88.607535], [26.875389, 88.607865], [26.875283, 88.608284], [26.875107, 88.609037], [26.874601, 88.61094], [26.874488, 88.611289], [26.874351, 88.611643], [26.874229, 88.611906], [26.874093, 88.612131], [26.87394, 88.612362], [26.873725, 88.612662], [26.873614, 88.61282], [26.873466, 88.613032], [26.873002, 88.613695], [26.87277, 88.614028], [26.872129, 88.614948], [26.871985, 88.615154], [26.871715, 88.615543], [26.871389, 88.616031], [26.870918, 88.616731], [26.870771, 88.616938], [26.870679, 88.617066], [26.870437, 88.61741], [26.870157, 88.617769], [26.869557, 88.618504], [26.86937, 88.618738], [26.869143, 88.619034], [26.868987, 88.619237], [26.868073, 88.620392], [26.867787, 88.620782], [26.867714, 88.620883], [26.867674, 88.620937], [26.867487, 88.621213], [26.867441, 88.621278], [26.866917, 88.622033], [26.866704, 88.622341], [26.866621, 88.62246], [26.866432, 88.622731], [26.866226, 88.623024], [26.866075, 88.623236], [26.865913, 88.623509], [26.865844, 88.623644], [26.865786, 88.623756], [26.865594, 88.624216], [26.865477, 88.624523], [26.865465, 88.624555], [26.865446, 88.6246], [26.865231, 88.625102], [26.864985, 88.625635], [26.864934, 88.625746], [26.864724, 88.626245], [26.864698, 88.626308], [26.864561, 88.626639], [26.864305, 88.627339], [26.864166, 88.627736], [26.864101, 88.627972], [26.864058, 88.628171], [26.864027, 88.628439], [26.863991, 88.62897], [26.863929, 88.629705], [26.863876, 88.630453], [26.863845, 88.630963], [26.863829, 88.631325], [26.863814, 88.631998], [26.863817, 88.632951], [26.863798, 88.633519], [26.863784, 88.633749], [26.863761, 88.634163], [26.86364, 88.635768], [26.863635, 88.635807], [26.863546, 88.636434], [26.863534, 88.636521], [26.863503, 88.636696], [26.863458, 88.63695], [26.863438, 88.637011], [26.863376, 88.637202], [26.863316, 88.637333], [26.863277, 88.637416], [26.863242, 88.637492], [26.862946, 88.637883], [26.862242, 88.638613], [26.862013, 88.638902], [26.861831, 88.639337], [26.861759, 88.639686], [26.861778, 88.640045], [26.861879, 88.640388], [26.861993, 88.640619], [26.86219, 88.640882], [26.862529, 88.641123], [26.862903, 88.641252], [26.863166, 88.641327], [26.8643, 88.641622], [26.866233, 88.642105], [26.868147, 88.642652], [26.868626, 88.642818], [26.869166, 88.642977], [26.869211, 88.642998], [26.869608, 88.64312], [26.872559, 88.644176], [26.873036, 88.644337], [26.873227, 88.64442], [26.87343, 88.644543], [26.873552, 88.64466], [26.873649, 88.644786], [26.873744, 88.644941], [26.873839, 88.645138], [26.873886, 88.645285], [26.873928, 88.645471], [26.873944, 88.645672], [26.873948, 88.645859], [26.873951, 88.646779], [26.873947, 88.64858], [26.873959, 88.649441], [26.873964, 88.650296], [26.873964, 88.650822], [26.873962, 88.651064], [26.873948, 88.651533], [26.873933, 88.6518], [26.873914, 88.652053], [26.873892, 88.652232], [26.873855, 88.652433], [26.873775, 88.652648], [26.87365, 88.653244], [26.873203, 88.654953], [26.87293, 88.656018], [26.872624, 88.657214], [26.872507, 88.657664], [26.872404, 88.658039], [26.871978, 88.659708], [26.871846, 88.660226], [26.8717, 88.660802], [26.871665, 88.660941], [26.871354, 88.662189], [26.870851, 88.664099], [26.870394, 88.665848], [26.870306, 88.666166], [26.870169, 88.666736], [26.869966, 88.667511], [26.869913, 88.667752], [26.869899, 88.667817], [26.869871, 88.668075], [26.869841, 88.668383], [26.869789, 88.669037], [26.869728, 88.669828], [26.869691, 88.6704], [26.869688, 88.670555], [26.870028, 88.670641], [26.87054, 88.670764], [26.871289, 88.670928], [26.872406, 88.671145], [26.872863, 88.671207], [26.87322, 88.671274], [26.873476, 88.671328], [26.873983, 88.671424], [26.874139, 88.671494], [26.874347, 88.671558], [26.874548, 88.67166], [26.874765, 88.671786], [26.874847, 88.671841], [26.875105, 88.672012], [26.875349, 88.67219], [26.875686, 88.672438], [26.875878, 88.672554], [26.876218, 88.67276], [26.876655, 88.673033], [26.876995, 88.673259], [26.877268, 88.673511], [26.877464, 88.673723], [26.877612, 88.673897], [26.877804, 88.674157], [26.878156, 88.674726], [26.878445, 88.675171], [26.878938, 88.676003], [26.879107, 88.676263], [26.87924, 88.676467], [26.879321, 88.676583], [26.87938, 88.676653], [26.87944, 88.676717], [26.879498, 88.676762], [26.879515, 88.676772], [26.879532, 88.676783], [26.879574, 88.676809], [26.879666, 88.676834], [26.879773, 88.676835], [26.879925, 88.676814], [26.880152, 88.676763], [26.880469, 88.676685], [26.880922, 88.676567], [26.881385, 88.676451], [26.882266, 88.676229], [26.88257, 88.676145], [26.883376, 88.675946], [26.884201, 88.675737], [26.884526, 88.675651], [26.884885, 88.675547], [26.884996, 88.675508], [26.885282, 88.67541], [26.885775, 88.675215], [26.885835, 88.675192], [26.886239, 88.675029], [26.887019, 88.674715], [26.888294, 88.674176], [26.888761, 88.673991], [26.889201, 88.673827], [26.88955, 88.673684], [26.889964, 88.673514], [26.890444, 88.673314], [26.890667, 88.673221], [26.890738, 88.673193], [26.891174, 88.673023], [26.891495, 88.672907], [26.891582, 88.672883], [26.891664, 88.67287], [26.891725, 88.672864], [26.891776, 88.672864], [26.891923, 88.672883], [26.892243, 88.672948], [26.892555, 88.673007], [26.892833, 88.673057], [26.89449, 88.67336], [26.895406, 88.67353], [26.897234, 88.67386], [26.899163, 88.67422], [26.899645, 88.67431], [26.900352, 88.674441], [26.900472, 88.674463], [26.900633, 88.674492], [26.901212, 88.674597], [26.901398, 88.67463], [26.901554, 88.674656], [26.901674, 88.674677], [26.90214, 88.674758], [26.902891, 88.674891], [26.90302, 88.674914], [26.903558, 88.675015], [26.904606, 88.675213], [26.904798, 88.675261], [26.904887, 88.675291], [26.904987, 88.675332], [26.905079, 88.675405], [26.90513, 88.675489], [26.905185, 88.675635], [26.905311, 88.676021], [26.90538, 88.676238], [26.9055, 88.676617], [26.905526, 88.676699], [26.905618, 88.676989], [26.90601, 88.67814], [26.906223, 88.678801], [26.906402, 88.679356], [26.906433, 88.679452], [26.906667, 88.680168], [26.906952, 88.681055], [26.907336, 88.6822], [26.907454, 88.682545], [26.907496, 88.682676], [26.907536, 88.682813], [26.907549, 88.682903], [26.90755, 88.682982], [26.907532, 88.683078], [26.907501, 88.683172], [26.907457, 88.683267], [26.907393, 88.683365], [26.907298, 88.683485], [26.90716, 88.683615], [26.90695, 88.683793], [26.906824, 88.683892], [26.906713, 88.683993], [26.906609, 88.684104], [26.90653, 88.684222], [26.90648, 88.684359], [26.906446, 88.684519], [26.906442, 88.684578], [26.906434, 88.684681], [26.906425, 88.684945], [26.906388, 88.685644], [26.90636, 88.686172], [26.906302, 88.687028], [26.90622, 88.687949], [26.906146, 88.689046], [26.906086, 88.689551], [26.906062, 88.68984], [26.906064, 88.689962], [26.906085, 88.690076], [26.906115, 88.690142], [26.906181, 88.69022], [26.906366, 88.690374], [26.906578, 88.690531], [26.907293, 88.691057], [26.907586, 88.691278], [26.907926, 88.691539], [26.908473, 88.691955], [26.908685, 88.692108], [26.909245, 88.692532], [26.909584, 88.692779], [26.910535, 88.693471], [26.911047, 88.693847], [26.911556, 88.694224], [26.912517, 88.694961], [26.912883, 88.695239], [26.913443, 88.695674], [26.913527, 88.695748], [26.913589, 88.695817], [26.913647, 88.695906], [26.913689, 88.696009], [26.913699, 88.696073], [26.913709, 88.696131], [26.913714, 88.696336], [26.913692, 88.696909], [26.913668, 88.697707], [26.913662, 88.698048], [26.913631, 88.699228], [26.913612, 88.699869], [26.913589, 88.700833], [26.91357, 88.701607], [26.913571, 88.701717], [26.913586, 88.701793], [26.913618, 88.701874], [26.913675, 88.70193], [26.913756, 88.701957], [26.913903, 88.701973], [26.914634, 88.702007], [26.915866, 88.702052], [26.916825, 88.702079], [26.917794, 88.70213], [26.918691, 88.702138], [26.919827, 88.702181], [26.920465, 88.702181], [26.920525, 88.702181], [26.92146, 88.702143], [26.922108, 88.70213], [26.922687, 88.702154], [26.923498, 88.702224], [26.923805, 88.70225], [26.924498, 88.70231], [26.925093, 88.702358], [26.925829, 88.702409], [26.926058, 88.70241], [26.92622, 88.702398], [26.926316, 88.702366], [26.926395, 88.702304], [26.926432, 88.702231], [26.926445, 88.702126], [26.92647, 88.701046], [26.926505, 88.699103], [26.926517, 88.698923], [26.92654, 88.698836], [26.926573, 88.698785], [26.926664, 88.698744], [26.926761, 88.698732], [26.92701, 88.698745], [26.927582, 88.698783], [26.928232, 88.698803], [26.928887, 88.698814], [26.92968, 88.698837], [26.929841, 88.698844], [26.93041, 88.698883], [26.931169, 88.698911], [26.931634, 88.698928], [26.932308, 88.698957], [26.932744, 88.698981], [26.933679, 88.699029], [26.935466, 88.699121], [26.936063, 88.699153], [26.93634, 88.699162], [26.936534, 88.699161], [26.936724, 88.699153], [26.936882, 88.699131], [26.93703, 88.699101], [26.937272, 88.69904], [26.937461, 88.698982], [26.938048, 88.698803], [26.938167, 88.698773], [26.938322, 88.69875], [26.938471, 88.698742], [26.938708, 88.698741], [26.939111, 88.698749], [26.939347, 88.698769], [26.9396, 88.6988], [26.940239, 88.698899], [26.940527, 88.698914], [26.940837, 88.698923], [26.941342, 88.698938], [26.941668, 88.69896], [26.941933, 88.698992], [26.942206, 88.699025], [26.944044, 88.699225], [26.944909, 88.699281], [26.945684, 88.699357], [26.947418, 88.699556], [26.948438, 88.69979], [26.949858, 88.700374], [26.951045, 88.700535], [26.952799, 88.70082], [26.95343, 88.70091], [26.95436, 88.70059], [26.9553, 88.70042], [26.95622, 88.70029], [26.95697, 88.69969], [26.9577, 88.69896], [26.95839, 88.69816], [26.958649, 88.697892], [26.958779, 88.697798], [26.958924, 88.697777], [26.959193, 88.697742], [26.959553, 88.697911], [26.959973, 88.6984], [26.960416, 88.698536], [26.960813, 88.698514], [26.961049, 88.698419], [26.96114, 88.69842], [26.96193, 88.69833], [26.96283, 88.69859], [26.963087, 88.698721], [26.96366, 88.699231], [26.964033, 88.699424], [26.964768, 88.699784], [26.96538, 88.69982], [26.966538, 88.70009], [26.966749, 88.700041], [26.966912, 88.700035], [26.967112, 88.700207], [26.967481, 88.700362], [26.967772, 88.70047], [26.96798, 88.7007], [26.968236, 88.700835], [26.968518, 88.70092], [26.968724, 88.700824], [26.96882, 88.70072], [26.969484, 88.700475], [26.96978, 88.7005], [26.970029, 88.700625], [26.970136, 88.700684], [26.970251, 88.700717], [26.970416, 88.700671], [26.970582, 88.700615], [26.970997, 88.700666], [26.9716, 88.700786], [26.97219, 88.700931], [26.97255, 88.70115], [26.97296, 88.701537], [26.973533, 88.7018], [26.974535, 88.70208], [26.9752, 88.702145], [26.97624, 88.70211], [26.97677, 88.702251], [26.977324, 88.702272], [26.977697, 88.702363], [26.978029, 88.702516], [26.978524, 88.702508], [26.97926, 88.702331], [26.979595, 88.70228], [26.979684, 88.70227], [26.979732, 88.702219], [26.979755, 88.702119], [26.97976, 88.70196], [26.979739, 88.701795], [26.979723, 88.701617], [26.979703, 88.701448], [26.979674, 88.7013], [26.979647, 88.701176], [26.979682, 88.70109], [26.979742, 88.701021], [26.979893, 88.700901], [26.980034, 88.700781], [26.980195, 88.700671], [26.980381, 88.700595], [26.980665, 88.7005], [26.980954, 88.700391], [26.981231, 88.700276], [26.98145, 88.700198], [26.981557, 88.700137], [26.981688, 88.700058], [26.981817, 88.699923], [26.981914, 88.699801], [26.982011, 88.6997], [26.982121, 88.699566], [26.9822, 88.69948], [26.982308, 88.699394], [26.982404, 88.699353], [26.982492, 88.699335], [26.982593, 88.699324], [26.982703, 88.699292], [26.982799, 88.699247], [26.982882, 88.699183], [26.982977, 88.699071], [26.983058, 88.698976], [26.983124, 88.698892], [26.983195, 88.698836], [26.983308, 88.698775], [26.983403, 88.698694], [26.983501, 88.698611], [26.983595, 88.698562], [26.98368, 88.698549], [26.983809, 88.698507], [26.983894, 88.698464], [26.98396, 88.6984], [26.98402, 88.698302], [26.984101, 88.698228], [26.98419, 88.698197], [26.98427, 88.698191], [26.984374, 88.69817], [26.984497, 88.698148], [26.984678, 88.698116], [26.984753, 88.698101], [26.984859, 88.698083], [26.984958, 88.698032], [26.985055, 88.697964], [26.98514, 88.697919], [26.985228, 88.697893], [26.985375, 88.697858], [26.985443, 88.697819], [26.985496, 88.69778], [26.985551, 88.697706], [26.985615, 88.697665], [26.985682, 88.697657], [26.985771, 88.697647], [26.98586, 88.697613], [26.985935, 88.697557], [26.985982, 88.697498], [26.986023, 88.697413], [26.986065, 88.697314], [26.986128, 88.697238], [26.986256, 88.697153], [26.98642, 88.697042], [26.986574, 88.696886], [26.986715, 88.696717], [26.986809, 88.696599], [26.986941, 88.696374], [26.986998, 88.696308], [26.987072, 88.696266], [26.987134, 88.696281], [26.987187, 88.696305], [26.987259, 88.696334], [26.987345, 88.696367], [26.987425, 88.696374], [26.987483, 88.696391], [26.987583, 88.696457], [26.987709, 88.696521], [26.987837, 88.696558], [26.987939, 88.69656], [26.988039, 88.696558], [26.988132, 88.696565], [26.988224, 88.696584], [26.988379, 88.696638], [26.988463, 88.696675], [26.988528, 88.696675], [26.988614, 88.69666], [26.988709, 88.696597], [26.988819, 88.696511], [26.988914, 88.696438], [26.988998, 88.696432], [26.989058, 88.696455], [26.989106, 88.696499], [26.989152, 88.696563], [26.989194, 88.69665], [26.989237, 88.696743], [26.989292, 88.696805], [26.989344, 88.696846], [26.9894, 88.696841], [26.989438, 88.696793], [26.98945, 88.696699], [26.98946, 88.69658], [26.989489, 88.696487], [26.989538, 88.69644], [26.989623, 88.696401], [26.98971, 88.696396], [26.98982, 88.696391], [26.989972, 88.696406], [26.990053, 88.696393], [26.990159, 88.696346], [26.990278, 88.69631], [26.990386, 88.6963], [26.990475, 88.696308], [26.990544, 88.696327], [26.990623, 88.696362], [26.99068, 88.696413], [26.990745, 88.696487], [26.990802, 88.696543], [26.990869, 88.69658], [26.990949, 88.696584], [26.991061, 88.696585], [26.991168, 88.696609], [26.991297, 88.696645], [26.991449, 88.69668], [26.991595, 88.696716], [26.991692, 88.696722], [26.991786, 88.696727], [26.991866, 88.696721], [26.991961, 88.696699], [26.992032, 88.696673], [26.99208, 88.696677], [26.992312, 88.696721], [26.992421, 88.696744], [26.992515, 88.696765], [26.99272, 88.696805], [26.99295, 88.69683], [26.99308, 88.696851], [26.993203, 88.696871], [26.993354, 88.696913], [26.993506, 88.69694], [26.993631, 88.696952], [26.993759, 88.696959], [26.993858, 88.696974], [26.993944, 88.697003], [26.994042, 88.697047], [26.994149, 88.697094], [26.994209, 88.697111], [26.994265, 88.697092], [26.994328, 88.697053], [26.994405, 88.697015], [26.994456, 88.697015], [26.994525, 88.69703], [26.994644, 88.697052], [26.994739, 88.697065], [26.994829, 88.697064], [26.994917, 88.69705], [26.995022, 88.697043], [26.995111, 88.69705], [26.995273, 88.697081], [26.995382, 88.697092], [26.995486, 88.697104], [26.995565, 88.697101], [26.995698, 88.697079], [26.995791, 88.697053], [26.995861, 88.697069], [26.995939, 88.697092], [26.996008, 88.697113], [26.996073, 88.697121], [26.996174, 88.697108], [26.996272, 88.697082], [26.996354, 88.69706], [26.99646, 88.697006], [26.996589, 88.696937], [26.996726, 88.696876], [26.996833, 88.696839], [26.996916, 88.696824], [26.996982, 88.696829], [26.997054, 88.696822], [26.997125, 88.696798], [26.99725, 88.696753], [26.997405, 88.696706], [26.997458, 88.69669], [26.997685, 88.696597], [26.9978, 88.696547], [26.997977, 88.696479], [26.998105, 88.696447], [26.998181, 88.696432], [26.998253, 88.696444], [26.998301, 88.696484], [26.998337, 88.696533], [26.998343, 88.696607], [26.998307, 88.696678], [26.998241, 88.696727], [26.998184, 88.696742], [26.998138, 88.696754], [26.998015, 88.696775], [26.997949, 88.696798], [26.997867, 88.696841], [26.997627, 88.697001], [26.99747, 88.697116], [26.997336, 88.697231], [26.997247, 88.697299], [26.997137, 88.697369], [26.99696, 88.697466], [26.996842, 88.697547], [26.996659, 88.697697], [26.996485, 88.697804], [26.996293, 88.697895], [26.996103, 88.697963], [26.99593, 88.697983], [26.995852, 88.697981], [26.995781, 88.697964], [26.995608, 88.697961], [26.995576, 88.697961], [26.995502, 88.697976], [26.995421, 88.697991], [26.995111, 88.698099], [26.995058, 88.698157], [26.995046, 88.698236], [26.995064, 88.698302], [26.995093, 88.698327], [26.995114, 88.698344], [26.995165, 88.698348], [26.995276, 88.698295], [26.995471, 88.698208], [26.995552, 88.698194], [26.995639, 88.698208], [26.99576, 88.698219], [26.995885, 88.698228], [26.995917, 88.698225], [26.99597, 88.698219], [26.996123, 88.698189], [26.996378, 88.698113], [26.996619, 88.698044], [26.996687, 88.698018], [26.996761, 88.697954], [26.996844, 88.697871], [26.996924, 88.69781], [26.996988, 88.69779], [26.997045, 88.697797], [26.997097, 88.697822], [26.997158, 88.697881], [26.997217, 88.697936], [26.997285, 88.697979], [26.997366, 88.698013], [26.997485, 88.698049], [26.997643, 88.698074], [26.99788, 88.698108], [26.998003, 88.698115], [26.998132, 88.69812], [26.998229, 88.698093], [26.998319, 88.698052], [26.998414, 88.698], [26.998488, 88.697956], [26.998521, 88.697937], [26.998622, 88.697902], [26.998726, 88.69788], [26.998834, 88.697868], [26.998914, 88.697861], [26.999033, 88.697868], [26.999168, 88.69788], [26.999225, 88.697876], [26.999275, 88.697853], [26.999316, 88.697816], [26.99935, 88.697751], [26.999379, 88.69768], [26.999406, 88.697586], [26.999442, 88.697493], [26.999492, 88.697437], [26.999555, 88.697413], [26.999627, 88.697405], [26.999703, 88.697417], [26.999764, 88.697446], [26.999859, 88.697505], [26.999945, 88.697542], [27.00007, 88.697554], [27.000168, 88.697545], [27.00026, 88.697513], [27.000424, 88.6975], [27.000596, 88.697506], [27.000726, 88.697496], [27.000808, 88.697491], [27.00094, 88.697564], [27.001032, 88.69762], [27.001136, 88.697675], [27.001196, 88.697731], [27.001253, 88.697797], [27.001323, 88.697844], [27.001402, 88.697883], [27.001483, 88.6979], [27.0015, 88.697903], [27.001631, 88.697903], [27.00171, 88.697888], [27.001785, 88.697868], [27.00186, 88.697814], [27.001934, 88.697772], [27.001999, 88.69779], [27.002047, 88.697829], [27.002098, 88.697881], [27.002151, 88.69793], [27.002215, 88.697986], [27.002282, 88.698034], [27.002374, 88.69805], [27.002488, 88.698055], [27.00258, 88.69805], [27.002673, 88.698039], [27.002781, 88.698], [27.002905, 88.697937], [27.002992, 88.697915], [27.003068, 88.697903], [27.003168, 88.697905], [27.00323, 88.69791], [27.003384, 88.697919], [27.003433, 88.697927], [27.003491, 88.697949], [27.003616, 88.698054], [27.003727, 88.69813], [27.003787, 88.698162], [27.003929, 88.698214], [27.003984, 88.698241], [27.004052, 88.698284], [27.004141, 88.698333], [27.004203, 88.698338], [27.004254, 88.698328], [27.00431, 88.698302], [27.004442, 88.698226], [27.004642, 88.698103], [27.004775, 88.697991], [27.004852, 88.697957], [27.004939, 88.697932], [27.005067, 88.697905], [27.005186, 88.697883], [27.00533, 88.697863], [27.005466, 88.697844], [27.005547, 88.697838], [27.005615, 88.697851], [27.005756, 88.697876], [27.005907, 88.69792], [27.005993, 88.697936], [27.006237, 88.697979], [27.00642, 88.69802], [27.006584, 88.698032], [27.00669, 88.698032], [27.006803, 88.69803], [27.007098, 88.698042], [27.00717, 88.698044], [27.007211, 88.698071], [27.007229, 88.698132], [27.007215, 88.698204], [27.007168, 88.69826], [27.00708, 88.698306], [27.006979, 88.698351], [27.006908, 88.698404], [27.006854, 88.698456], [27.006769, 88.698554], [27.006666, 88.698692], [27.006541, 88.698851], [27.006476, 88.698922], [27.006416, 88.698958], [27.006336, 88.698961], [27.005859, 88.698953], [27.005536, 88.698888], [27.005473, 88.698882], [27.0054, 88.698902], [27.005377, 88.698934], [27.005363, 88.698954], [27.005357, 88.699029], [27.005381, 88.699101], [27.005425, 88.699134], [27.005601, 88.699154], [27.005752, 88.699177], [27.005892, 88.69924], [27.006038, 88.699318], [27.006155, 88.699395], [27.006339, 88.699546], [27.006535, 88.699718], [27.006739, 88.699862], [27.006824, 88.699926], [27.00692, 88.69995], [27.007018, 88.699956], [27.007146, 88.699951], [27.007323, 88.699924], [27.0075, 88.699909], [27.007632, 88.699906], [27.007757, 88.699914], [27.00792, 88.699948], [27.008132, 88.699992], [27.00834, 88.7], [27.008478, 88.699992], [27.008629, 88.699977], [27.008763, 88.699939], [27.008933, 88.699879], [27.009154, 88.699828], [27.009256, 88.699803], [27.009354, 88.699759], [27.009479, 88.699684], [27.009618, 88.699608], [27.009752, 88.699542], [27.009871, 88.699512], [27.009971, 88.699505], [27.010327, 88.69954], [27.010532, 88.699583], [27.01062, 88.699608], [27.010678, 88.699668], [27.010691, 88.699737], [27.010668, 88.699785], [27.010618, 88.699823], [27.010517, 88.699824], [27.010375, 88.699781], [27.010167, 88.699698], [27.010025, 88.69966], [27.009962, 88.699687], [27.009925, 88.699762], [27.00994, 88.699862], [27.00997, 88.699894], [27.010152, 88.699921], [27.010312, 88.699904], [27.010419, 88.699934], [27.010496, 88.699977], [27.010705, 88.70009], [27.01079, 88.700068], [27.01087, 88.699992], [27.010951, 88.699916], [27.01112, 88.699901], [27.011282, 88.699886], [27.011571, 88.699769], [27.011723, 88.699719], [27.011829, 88.699713], [27.012029, 88.699843], [27.012093, 88.699949], [27.012168, 88.700141], [27.012285, 88.700245], [27.012507, 88.700313], [27.012646, 88.70038], [27.012942, 88.700397], [27.01336, 88.7005], [27.013658, 88.700647], [27.013854, 88.700783], [27.01418, 88.70097], [27.014784, 88.701202], [27.015006, 88.70135], [27.015191, 88.701452], [27.015756, 88.701652], [27.015991, 88.701836], [27.016079, 88.701872], [27.016166, 88.70188], [27.016242, 88.701834], [27.016407, 88.701535], [27.016735, 88.700961], [27.01695, 88.70031], [27.017099, 88.699879], [27.017253, 88.699626], [27.017416, 88.699399], [27.01758, 88.699195], [27.017698, 88.699134], [27.017797, 88.699132], [27.017873, 88.699209], [27.017901, 88.699265], [27.017896, 88.699347], [27.01778, 88.699568], [27.0177, 88.699815], [27.017666, 88.700179], [27.017634, 88.700401], [27.017653, 88.700507], [27.01772, 88.700559], [27.017799, 88.700559], [27.017858, 88.700497], [27.018023, 88.699934], [27.018026, 88.699781], [27.018072, 88.699668], [27.018139, 88.699609], [27.018226, 88.699592], [27.018289, 88.699631], [27.018313, 88.699724], [27.01832, 88.70036], [27.018359, 88.700844], [27.018438, 88.701193], [27.01851, 88.701359], [27.018569, 88.701448], [27.018671, 88.701516], [27.018762, 88.70151], [27.018848, 88.701481], [27.018958, 88.701397], [27.019018, 88.701286], [27.019172, 88.700882], [27.019324, 88.700428], [27.019369, 88.70038], [27.019428, 88.700369], [27.019477, 88.700403], [27.019497, 88.700461], [27.019338, 88.700897], [27.019354, 88.700963], [27.0194, 88.70101], [27.01946, 88.70102], [27.019523, 88.700983], [27.019671, 88.700614], [27.019781, 88.700458], [27.01985, 88.70042], [27.019923, 88.700405], [27.020003, 88.700428], [27.020039, 88.700482], [27.020063, 88.700577], [27.020039, 88.700837], [27.020031, 88.701007], [27.020054, 88.701122], [27.02012, 88.70125], [27.020223, 88.701397], [27.020335, 88.701476], [27.020427, 88.701501], [27.02054, 88.701481], [27.020782, 88.701284], [27.020922, 88.701199], [27.02101, 88.701163], [27.021089, 88.701164], [27.021161, 88.701197], [27.021224, 88.701271], [27.021268, 88.701367], [27.021268, 88.701506], [27.021205, 88.701782], [27.021142, 88.702068], [27.021123, 88.702253], [27.02115, 88.702376], [27.021187, 88.702527], [27.021266, 88.702645], [27.021332, 88.702715], [27.021408, 88.702739], [27.021518, 88.702698], [27.021653, 88.702579], [27.021808, 88.702478], [27.022082, 88.702377], [27.022235, 88.702387], [27.022432, 88.702427], [27.022607, 88.702468], [27.022728, 88.70247], [27.022824, 88.702445], [27.022864, 88.702413], [27.0229, 88.702385], [27.022957, 88.702289], [27.023025, 88.702139], [27.02313, 88.702042], [27.023459, 88.701839], [27.023755, 88.701796], [27.024083, 88.701719], [27.024203, 88.701721], [27.024328, 88.701791], [27.024529, 88.701955], [27.02488, 88.702182], [27.025047, 88.702225], [27.025144, 88.702234], [27.025244, 88.702195], [27.0253, 88.702083], [27.02537, 88.701951], [27.025438, 88.701859], [27.025491, 88.701804], [27.025629, 88.701806], [27.025819, 88.701872], [27.026038, 88.701978], [27.026531, 88.702263], [27.027444, 88.702751], [27.027522, 88.70277], [27.027588, 88.702768], [27.027642, 88.702756], [27.02766, 88.702708], [27.027649, 88.702655], [27.027606, 88.702603], [27.027511, 88.702583], [27.027296, 88.702547], [27.027066, 88.702462], [27.026619, 88.702121], [27.02639, 88.701887], [27.026277, 88.701785], [27.026208, 88.701731], [27.026121, 88.701676], [27.026105, 88.701623], [27.026102, 88.701561], [27.026132, 88.701493], [27.026178, 88.701476], [27.026236, 88.701459], [27.026295, 88.701514], [27.026333, 88.701572], [27.026396, 88.701657], [27.026439, 88.701725], [27.027059, 88.702257], [27.027257, 88.702317], [27.027472, 88.702369], [27.027609, 88.702327], [27.027695, 88.702251], [27.027759, 88.702246], [27.02791, 88.702314], [27.028235, 88.702268], [27.02837, 88.70224], [27.028459, 88.702258], [27.028546, 88.702306], [27.028616, 88.702408], [27.028709, 88.702708], [27.028755, 88.702778], [27.028882, 88.702883], [27.029024, 88.702953], [27.029276, 88.703013], [27.029428, 88.703006], [27.029538, 88.702983], [27.029625, 88.702943], [27.029676, 88.702881], [27.029686, 88.702812], [27.029675, 88.702723], [27.029471, 88.702345], [27.029346, 88.702065], [27.029348, 88.701946], [27.029409, 88.701682], [27.029386, 88.701562], [27.02927, 88.701386], [27.029219, 88.701291], [27.029253, 88.700984], [27.029253, 88.700862], [27.029147, 88.700511], [27.028982, 88.700254], [27.028705, 88.699945], [27.028355, 88.699555], [27.027858, 88.698891], [27.027772, 88.698759], [27.027738, 88.698659], [27.027689, 88.698397], [27.027655, 88.698293], [27.027571, 88.698153], [27.027505, 88.698046], [27.027456, 88.697861], [27.027422, 88.697755], [27.027382, 88.697693], [27.027308, 88.697616], [27.027234, 88.697561], [27.027071, 88.697499], [27.026976, 88.697452], [27.026898, 88.697371], [27.026811, 88.697265], [27.026744, 88.69719], [27.026669, 88.697167], [27.026399, 88.697097], [27.026223, 88.697024], [27.025895, 88.696952], [27.025789, 88.696929], [27.025732, 88.696897], [27.025703, 88.696809], [27.025711, 88.696726], [27.02576, 88.696688], [27.025827, 88.696684], [27.025906, 88.696714], [27.02613, 88.696854], [27.026204, 88.696892], [27.026261, 88.69689], [27.02631, 88.696858], [27.026339, 88.696801], [27.026337, 88.696743], [27.02631, 88.696692], [27.026257, 88.69666], [27.026054, 88.696609], [27.025846, 88.69653], [27.025584, 88.696394], [27.025394, 88.696279], [27.025324, 88.696226], [27.025256, 88.696145], [27.025201, 88.696079], [27.025019, 88.695971], [27.024778, 88.695851], [27.024679, 88.695824], [27.024586, 88.695819], [27.024435, 88.695843], [27.024272, 88.695896], [27.024152, 88.695941], [27.02405, 88.695964], [27.023873, 88.696005], [27.023504, 88.696122], [27.023168, 88.696254], [27.023107, 88.696271], [27.023048, 88.69626], [27.023003, 88.696196], [27.02298, 88.696094], [27.022969, 88.695964], [27.022938, 88.695704], [27.022899, 88.695558], [27.022823, 88.695464], [27.022698, 88.695368], [27.022506, 88.69527], [27.02235, 88.695187], [27.022299, 88.695093], [27.022303, 88.695015], [27.022362, 88.694974], [27.02243, 88.694959], [27.022521, 88.69497], [27.022618, 88.694998], [27.022715, 88.695072], [27.022811, 88.695164], [27.022895, 88.695264], [27.022963, 88.69537], [27.023033, 88.695496], [27.023081, 88.695651], [27.023124, 88.695749], [27.023196, 88.695822], [27.023284, 88.695832], [27.023371, 88.695824], [27.023659, 88.695679], [27.023981, 88.695536], [27.024217, 88.695432], [27.024344, 88.695357], [27.02444, 88.695319], [27.024581, 88.695302], [27.024755, 88.695321], [27.02496, 88.695355], [27.025064, 88.695389], [27.02514, 88.695432], [27.025225, 88.695489], [27.025299, 88.695549], [27.025387, 88.6956], [27.025535, 88.695651], [27.025703, 88.695713], [27.025829, 88.695775], [27.025988, 88.695873], [27.026107, 88.695951], [27.026177, 88.695977], [27.026238, 88.695953], [27.026432, 88.695851], [27.026534, 88.695819], [27.026604, 88.695828], [27.026672, 88.695836], [27.026877, 88.695902], [27.027084, 88.695953], [27.02727, 88.69599], [27.027359, 88.696005], [27.027446, 88.696043], [27.027541, 88.696113], [27.027691, 88.696205], [27.027913, 88.696332], [27.028047, 88.696405], [27.028129, 88.696471], [27.02821, 88.696543], [27.028318, 88.696607], [27.028391, 88.696679], [27.02844, 88.696762], [27.028508, 88.696909], [27.028573, 88.696997], [27.028652, 88.697035], [27.028736, 88.697014], [27.028785, 88.69698], [27.028844, 88.696892], [27.028901, 88.696797], [27.028975, 88.696711], [27.029035, 88.696641], [27.029094, 88.696582], [27.029138, 88.696479], [27.029183, 88.696347], [27.029291, 88.696171], [27.029513, 88.695834], [27.029775, 88.695511], [27.030001, 88.695191], [27.030183, 88.694874], [27.030298, 88.694695], [27.030376, 88.694574], [27.030437, 88.694457], [27.030511, 88.694385], [27.030577, 88.694355], [27.030674, 88.694338], [27.030755, 88.694355], [27.030844, 88.694387], [27.030977, 88.694448], [27.031034, 88.694461], [27.031076, 88.694446], [27.03111, 88.694391], [27.031117, 88.694319], [27.031097, 88.694255], [27.031047, 88.69421], [27.030941, 88.694163], [27.030708, 88.694112], [27.030469, 88.694106], [27.030323, 88.694123], [27.030217, 88.69418], [27.030129, 88.694272], [27.03008, 88.694402], [27.030076, 88.694536], [27.030048, 88.694644], [27.029976, 88.694749], [27.029739, 88.695], [27.029612, 88.695098], [27.029506, 88.695164], [27.02939, 88.695221], [27.029297, 88.695306], [27.029176, 88.695466], [27.029022, 88.695611], [27.028906, 88.69577], [27.028791, 88.695962], [27.028709, 88.696056], [27.028648, 88.696075], [27.028609, 88.696041], [27.028633, 88.695951], [27.028709, 88.695849], [27.028861, 88.695658], [27.028916, 88.695523], [27.029068, 88.695187], [27.029299, 88.694857], [27.029483, 88.694531], [27.029564, 88.694365], [27.029642, 88.694135], [27.029669, 88.694031], [27.029646, 88.693963], [27.029602, 88.693929], [27.029542, 88.693946], [27.029477, 88.693997], [27.029388, 88.694238], [27.029282, 88.69457], [27.029206, 88.694738], [27.029145, 88.694846], [27.029066, 88.694934], [27.028973, 88.695023], [27.028874, 88.695153], [27.028789, 88.695308], [27.028728, 88.695368], [27.028681, 88.69537], [27.028643, 88.695353], [27.028628, 88.695298], [27.028645, 88.695242], [27.0288, 88.695044], [27.028978, 88.694804], [27.029115, 88.694553], [27.029212, 88.694284], [27.029343, 88.693859], [27.029399, 88.693746], [27.029466, 88.693678], [27.029549, 88.693644], [27.030323, 88.693593], [27.030495, 88.69355], [27.030581, 88.693514], [27.030645, 88.693444], [27.030719, 88.69332], [27.030801, 88.693235], [27.030871, 88.693205], [27.031131, 88.693175], [27.031336, 88.693143], [27.031493, 88.693097], [27.031597, 88.692992], [27.031645, 88.692909], [27.031654, 88.692745], [27.031677, 88.692609], [27.031717, 88.692507], [27.031785, 88.692441], [27.031878, 88.692381], [27.03198, 88.692332], [27.032039, 88.692254], [27.032107, 88.692115], [27.032164, 88.692026], [27.032287, 88.691949], [27.032407, 88.691872], [27.0325, 88.691796], [27.032638, 88.691709], [27.032708, 88.691681], [27.032765, 88.691677], [27.032837, 88.691681], [27.032983, 88.691691], [27.033086, 88.691683], [27.033145, 88.69166], [27.033247, 88.691572], [27.033397, 88.691434], [27.033518, 88.69131], [27.033594, 88.691168], [27.033655, 88.691089], [27.033721, 88.691076], [27.033772, 88.691085], [27.033818, 88.69111], [27.033871, 88.691149], [27.033937, 88.691198], [27.034021, 88.691264], [27.034117, 88.691321], [27.034216, 88.691357], [27.034334, 88.691374], [27.034487, 88.691387], [27.03466, 88.691404], [27.034832, 88.691421], [27.034995, 88.691415], [27.035194, 88.691402], [27.035285, 88.691443], [27.035353, 88.691493], [27.035427, 88.691565], [27.03546, 88.691608], [27.03548, 88.691664], [27.035471, 88.691723], [27.035439, 88.691804], [27.035365, 88.691904], [27.035305, 88.691959], [27.035215, 88.69203], [27.035102, 88.6921], [27.034999, 88.69217], [27.034901, 88.692264], [27.034802, 88.692383], [27.034701, 88.692535], [27.034626, 88.692667], [27.034559, 88.692788], [27.034533, 88.692873], [27.034525, 88.692973], [27.034531, 88.693094], [27.034518, 88.693231], [27.034487, 88.693416], [27.034455, 88.693499], [27.034404, 88.693552], [27.034351, 88.693565], [27.034258, 88.693571], [27.034176, 88.693584], [27.034114, 88.693618], [27.034057, 88.693712], [27.03399, 88.69391], [27.03393, 88.694114], [27.03389, 88.694187], [27.03382, 88.694255], [27.033662, 88.694372], [27.033571, 88.694429], [27.033522, 88.694491], [27.033507, 88.694619], [27.033499, 88.694708], [27.033467, 88.694802], [27.033418, 88.694874], [27.03333, 88.694966], [27.033298, 88.695019], [27.033289, 88.695089], [27.033296, 88.695208], [27.033306, 88.695336], [27.033304, 88.695419], [27.033274, 88.695515], [27.03323, 88.695658], [27.033234, 88.695734], [27.033268, 88.695813], [27.0333, 88.695919], [27.033304, 88.695996], [27.033287, 88.696073], [27.033215, 88.696192], [27.033156, 88.696269], [27.033128, 88.696373], [27.033076, 88.696784], [27.033107, 88.696837], [27.033158, 88.696867], [27.033207, 88.696869], [27.033281, 88.696833], [27.033626, 88.696637], [27.0337, 88.696601], [27.033748, 88.696596], [27.033812, 88.696605], [27.033877, 88.696628], [27.033937, 88.696671], [27.034024, 88.69676], [27.034138, 88.696858], [27.03425, 88.696924], [27.034362, 88.696965], [27.034536, 88.697018], [27.034682, 88.697039], [27.034806, 88.697039], [27.034948, 88.697007], [27.035014, 88.697005], [27.035096, 88.697043], [27.035164, 88.697095], [27.035219, 88.697165], [27.035312, 88.697282], [27.035445, 88.697456], [27.035547, 88.697529], [27.03575, 88.697661], [27.035913, 88.69781], [27.036076, 88.697976], [27.036165, 88.698055], [27.036243, 88.698091], [27.036332, 88.698136], [27.036397, 88.69818], [27.036518, 88.6983], [27.036639, 88.698449], [27.036761, 88.698585], [27.03684, 88.698638], [27.036937, 88.698672], [27.037102, 88.698649], [27.037273, 88.698604], [27.037485, 88.698534], [27.037697, 88.698461], [27.037893, 88.698404], [27.03799, 88.698387], [27.038145, 88.698351], [27.038371, 88.698287], [27.038575, 88.698219], [27.038668, 88.698195], [27.03878, 88.698206], [27.038922, 88.698251], [27.039067, 88.698278], [27.039203, 88.698236], [27.039446, 88.698108], [27.03963, 88.69801], [27.039825, 88.697959], [27.039982, 88.697914], [27.040085, 88.697867], [27.040197, 88.697821], [27.040335, 88.697782], [27.040511, 88.697729], [27.040601, 88.69774], [27.040663, 88.697797], [27.040733, 88.697867], [27.040826, 88.697921], [27.041006, 88.697944], [27.04127, 88.697899], [27.041509, 88.697869], [27.041598, 88.697823], [27.041681, 88.69774], [27.041746, 88.697614], [27.041784, 88.697463], [27.041801, 88.697327], [27.041808, 88.697169], [27.041833, 88.697031], [27.041899, 88.69688], [27.041996, 88.696728], [27.042098, 88.696569], [27.042163, 88.69636], [27.042197, 88.696217], [27.042199, 88.696075], [27.04218, 88.695917], [27.04215, 88.695785], [27.042146, 88.695647], [27.042191, 88.695496], [27.042231, 88.695387], [27.042296, 88.695328], [27.042379, 88.695304], [27.042495, 88.695332], [27.042675, 88.695443], [27.042863, 88.69554], [27.043052, 88.695583], [27.043301, 88.69563], [27.043517, 88.695628], [27.043638, 88.695602], [27.043765, 88.6955], [27.043947, 88.695238], [27.044008, 88.69514], [27.044023, 88.695053], [27.043987, 88.694991], [27.043943, 88.694985], [27.043877, 88.695066], [27.043754, 88.695208], [27.043642, 88.695325], [27.043522, 88.695394], [27.043365, 88.695387], [27.043179, 88.695355], [27.042929, 88.695279], [27.042834, 88.695225], [27.042745, 88.695157], [27.042686, 88.695076], [27.042624, 88.694981], [27.042535, 88.694927], [27.042421, 88.694881], [27.042299, 88.694815], [27.042224, 88.694742], [27.042161, 88.694672], [27.042083, 88.694623], [27.042004, 88.694597], [27.041934, 88.694604], [27.041882, 88.694695], [27.04186, 88.694819], [27.041805, 88.694957], [27.041753, 88.695068], [27.041736, 88.695159], [27.041676, 88.695281], [27.041626, 88.695377], [27.041604, 88.69547], [27.04159, 88.695585], [27.041558, 88.6957], [27.041509, 88.695843], [27.041499, 88.696013], [27.041467, 88.696151], [27.041425, 88.696256], [27.041372, 88.69636], [27.041298, 88.696435], [27.041215, 88.69649], [27.041135, 88.696511], [27.041046, 88.696501], [27.040968, 88.69646], [27.040824, 88.696388], [27.040699, 88.69632], [27.04061, 88.696283], [27.040489, 88.696294], [27.040326, 88.696298], [27.040202, 88.696277], [27.040007, 88.696217], [27.039831, 88.696162], [27.039692, 88.696111], [27.039618, 88.696088], [27.039552, 88.69609], [27.039281, 88.696154], [27.039012, 88.696235], [27.038922, 88.696286], [27.038835, 88.696328], [27.038754, 88.696341], [27.038629, 88.696315], [27.038519, 88.696279], [27.038426, 88.696275], [27.038306, 88.696313], [27.038204, 88.696373], [27.03812, 88.696405], [27.037931, 88.696447], [27.037806, 88.696462], [27.037724, 88.696484], [27.037608, 88.696556], [27.037514, 88.696635], [27.03743, 88.696696], [27.037299, 88.696718], [27.037222, 88.696703], [27.037155, 88.696665], [27.037085, 88.696594], [27.037049, 88.696516], [27.037047, 88.696426], [27.037072, 88.696352], [27.037136, 88.696288], [27.037241, 88.696256], [27.0374, 88.696245], [27.037637, 88.696226], [27.037826, 88.696194], [27.038063, 88.696124], [27.038264, 88.69603], [27.038473, 88.695911], [27.038716, 88.695768], [27.038958, 88.695617], [27.039095, 88.695555], [27.03923, 88.695538], [27.039387, 88.695543], [27.039558, 88.695592], [27.039774, 88.695666], [27.039927, 88.695715], [27.040032, 88.695777], [27.040191, 88.695847], [27.040339, 88.695905], [27.040473, 88.695936], [27.040627, 88.695915], [27.040745, 88.695866], [27.040847, 88.695794], [27.040912, 88.695709], [27.040951, 88.695594], [27.040961, 88.695453], [27.040972, 88.695289], [27.040984, 88.695123], [27.04101, 88.694934], [27.041094, 88.6947], [27.041211, 88.694378], [27.041313, 88.694099], [27.041382, 88.693937], [27.041477, 88.693848], [27.041604, 88.693761], [27.04174, 88.693701], [27.041884, 88.693673], [27.042013, 88.693667], [27.042102, 88.693691], [27.042174, 88.693722], [27.042243, 88.69378], [27.042301, 88.693844], [27.042377, 88.693903], [27.04244, 88.693957], [27.042506, 88.693969], [27.042597, 88.693946], [27.042918, 88.693835], [27.043098, 88.693754], [27.043261, 88.693656], [27.043505, 88.693516], [27.043706, 88.693418], [27.04385, 88.693346], [27.043936, 88.693301], [27.043962, 88.693254], [27.043957, 88.693203], [27.04393, 88.693171], [27.043887, 88.693169], [27.043818, 88.693199], [27.043665, 88.693288], [27.043477, 88.693388], [27.043278, 88.693495], [27.043132, 88.693567], [27.042963, 88.69361], [27.042774, 88.693646], [27.042705, 88.693633], [27.042645, 88.693595], [27.042487, 88.693395], [27.042377, 88.69318], [27.042288, 88.693024], [27.042208, 88.69292], [27.042104, 88.69282], [27.04203, 88.692752], [27.041979, 88.692669], [27.041962, 88.692588], [27.041966, 88.692471], [27.041958, 88.692347], [27.041937, 88.692236], [27.041903, 88.692107], [27.041865, 88.691962], [27.041837, 88.691834], [27.041782, 88.691598], [27.041753, 88.691455], [27.041698, 88.691355], [27.041588, 88.691204], [27.04153, 88.691104], [27.04149, 88.690995], [27.041456, 88.69088], [27.041427, 88.690753], [27.041386, 88.69055], [27.041403, 88.69047], [27.041435, 88.690435], [27.041484, 88.690427], [27.041528, 88.69045], [27.041547, 88.690491], [27.041552, 88.690553], [27.041545, 88.690838], [27.041558, 88.690951], [27.041594, 88.691029], [27.041659, 88.691102], [27.041761, 88.691202], [27.041829, 88.691296], [27.041873, 88.691383], [27.041922, 88.691498], [27.042074, 88.691798], [27.042136, 88.691913], [27.042182, 88.691992], [27.042193, 88.692064], [27.042186, 88.692258], [27.042193, 88.692388], [27.042224, 88.69246], [27.042256, 88.692503], [27.042298, 88.69252], [27.042349, 88.692486], [27.042366, 88.692426], [27.042343, 88.692351], [27.042309, 88.692222], [27.042294, 88.692083], [27.042279, 88.691968], [27.042248, 88.691877], [27.042155, 88.691666], [27.042047, 88.691415], [27.041971, 88.691219], [27.041916, 88.691147], [27.041791, 88.690934], [27.041784, 88.690863], [27.041789, 88.69074], [27.041818, 88.690623], [27.041867, 88.690559], [27.04196, 88.69054], [27.042269, 88.690542], [27.042548, 88.690531], [27.04265, 88.690495], [27.042772, 88.690429], [27.042904, 88.690348], [27.042988, 88.690276], [27.043028, 88.690212], [27.043045, 88.690131], [27.043028, 88.690063], [27.042988, 88.689988], [27.042946, 88.689939], [27.042878, 88.689884], [27.042715, 88.689778], [27.042576, 88.68969], [27.042519, 88.689635], [27.04248, 88.689543], [27.042502, 88.689348], [27.042546, 88.689156], [27.042609, 88.689028], [27.042669, 88.688875], [27.042739, 88.688713], [27.042798, 88.688645], [27.042853, 88.688626], [27.042889, 88.688649], [27.042906, 88.6887], [27.042891, 88.68876], [27.04284, 88.688866], [27.042739, 88.689039], [27.042658, 88.689179], [27.042635, 88.689265], [27.042629, 88.689371], [27.042648, 88.689458], [27.0427, 88.689526], [27.042798, 88.689607], [27.04299, 88.689714], [27.043153, 88.68982], [27.043327, 88.689944], [27.043475, 88.690061], [27.043532, 88.690118], [27.043553, 88.690184], [27.043555, 88.690233], [27.04353, 88.690284], [27.043479, 88.690338], [27.043376, 88.690412], [27.04328, 88.690446], [27.043227, 88.69048], [27.04313, 88.690593], [27.043024, 88.690687], [27.042935, 88.69077], [27.04287, 88.690808], [27.042724, 88.690846], [27.042525, 88.690895], [27.042451, 88.690936], [27.042409, 88.691012], [27.042421, 88.691091], [27.042453, 88.691166], [27.042497, 88.691206], [27.04254, 88.691213], [27.042578, 88.691176], [27.042626, 88.691098], [27.042671, 88.691029], [27.042726, 88.690976], [27.042791, 88.690946], [27.042897, 88.690929], [27.042978, 88.690893], [27.043077, 88.690817], [27.043196, 88.690744], [27.043376, 88.690648], [27.04353, 88.690572], [27.043731, 88.69051], [27.043881, 88.690457], [27.044, 88.690401], [27.044135, 88.690335], [27.044173, 88.690282], [27.044173, 88.690193], [27.044139, 88.690123], [27.044084, 88.690052], [27.044012, 88.689986], [27.04394, 88.689944], [27.043856, 88.689903], [27.04378, 88.689856], [27.043699, 88.689788], [27.043621, 88.68972], [27.04356, 88.68965], [27.043496, 88.689567], [27.043462, 88.68948], [27.043441, 88.689354], [27.043435, 88.689254], [27.043394, 88.689069], [27.043361, 88.68893], [27.043363, 88.68886], [27.043392, 88.688815], [27.043443, 88.688818], [27.043486, 88.688869], [27.043511, 88.688941], [27.043536, 88.689064], [27.043564, 88.68919], [27.043585, 88.689288], [27.043619, 88.689354], [27.043657, 88.68939], [27.043708, 88.689384], [27.043754, 88.689337], [27.043771, 88.689275], [27.043752, 88.689192], [27.043699, 88.689096], [27.043653, 88.689016], [27.043623, 88.688926], [27.043593, 88.68879], [27.043596, 88.68869], [27.043621, 88.688588], [27.043646, 88.688485], [27.043648, 88.68839], [27.043629, 88.688315], [27.04357, 88.688224], [27.043504, 88.688162], [27.043456, 88.688111], [27.043416, 88.688036], [27.043412, 88.687983], [27.043447, 88.687957], [27.043505, 88.687962], [27.04356, 88.688021], [27.043623, 88.688119], [27.043674, 88.688207], [27.043723, 88.688313], [27.043735, 88.688402], [27.043731, 88.688519], [27.043723, 88.688639], [27.043733, 88.688749], [27.043771, 88.688877], [27.043835, 88.688979], [27.043928, 88.689111], [27.04401, 88.689235], [27.044095, 88.689352], [27.04418, 88.689437], [27.044368, 88.689597], [27.044516, 88.689733], [27.044592, 88.689816], [27.044649, 88.689929], [27.044719, 88.690027], [27.044789, 88.690071], [27.044857, 88.690078], [27.044905, 88.690048], [27.044926, 88.689976], [27.044909, 88.689899], [27.044846, 88.689793], [27.044747, 88.689671], [27.044649, 88.689552], [27.044563, 88.689439], [27.044495, 88.689324], [27.044429, 88.68926], [27.044345, 88.689182], [27.044175, 88.68903], [27.044148, 88.688964], [27.04415, 88.688898], [27.044209, 88.688864], [27.044287, 88.688901], [27.044417, 88.689016], [27.044609, 88.689203], [27.04477, 88.689388], [27.044922, 88.689554], [27.044996, 88.689612], [27.045062, 88.689618], [27.0451, 88.68959], [27.045127, 88.689537], [27.045113, 88.689475], [27.045075, 88.689414], [27.045001, 88.689352], [27.044844, 88.689233], [27.044708, 88.689122], [27.044584, 88.689016], [27.044461, 88.688877], [27.044342, 88.688732], [27.044264, 88.688662], [27.04416, 88.688568], [27.044093, 88.688511], [27.044055, 88.688443], [27.04405, 88.68836], [27.044088, 88.688275], [27.044161, 88.688187], [27.044264, 88.688096], [27.044328, 88.687996], [27.04444, 88.687794], [27.04444, 88.687723], [27.044417, 88.687659], [27.044374, 88.687602], [27.044319, 88.687564], [27.044188, 88.687551], [27.04401, 88.687536], [27.043904, 88.687521], [27.043856, 88.68747], [27.043845, 88.687412], [27.043885, 88.68734], [27.043953, 88.687329], [27.044061, 88.687372], [27.044196, 88.687412], [27.044347, 88.687449], [27.044505, 88.687478], [27.044596, 88.6875], [27.044653, 88.687536], [27.044679, 88.687604], [27.044683, 88.687693], [27.04463, 88.687772], [27.044539, 88.687906], [27.04451, 88.687985], [27.044505, 88.688117], [27.044503, 88.688207], [27.044495, 88.688321], [27.044512, 88.688443], [27.044558, 88.688545], [27.044641, 88.688664], [27.044742, 88.688777], [27.044852, 88.688841], [27.044986, 88.688892], [27.045079, 88.688943], [27.045166, 88.689005], [27.045254, 88.689107], [27.045341, 88.689162], [27.045439, 88.689213], [27.04551, 88.689254], [27.045584, 88.689299], [27.045652, 88.689339], [27.045711, 88.689358], [27.045766, 88.689337], [27.045889, 88.689237], [27.045989, 88.689137], [27.04608, 88.689009], [27.0462, 88.68889], [27.04631, 88.688775], [27.046389, 88.688705], [27.046465, 88.688651], [27.046615, 88.688609], [27.046814, 88.68856], [27.047004, 88.688496], [27.047171, 88.688415], [27.047299, 88.688375], [27.04762, 88.688296], [27.047709, 88.688287], [27.047809, 88.688298], [27.047916, 88.688328], [27.048098, 88.688377], [27.048179, 88.688379], [27.048308, 88.688347], [27.048435, 88.688317], [27.04856, 88.688319], [27.048744, 88.688313], [27.049048, 88.688285], [27.049131, 88.688258], [27.049171, 88.688202], [27.049178, 88.688141], [27.049158, 88.688098], [27.049122, 88.688072], [27.049065, 88.688062], [27.048989, 88.688085], [27.048886, 88.688143], [27.04878, 88.68819], [27.048685, 88.688213], [27.048524, 88.688215], [27.048373, 88.688224], [27.048238, 88.688232], [27.048081, 88.688236], [27.047957, 88.688209], [27.047834, 88.688172], [27.047732, 88.688138], [27.047588, 88.688128], [27.047423, 88.688132], [27.047191, 88.688147], [27.047091, 88.688172], [27.046934, 88.688247], [27.046831, 88.688287], [27.046772, 88.688294], [27.046712, 88.688294], [27.04664, 88.688266], [27.046579, 88.688228], [27.046522, 88.688211], [27.046433, 88.688215], [27.046355, 88.688241], [27.046236, 88.688298], [27.04609, 88.688411], [27.045993, 88.688505], [27.0459, 88.688551], [27.045851, 88.68856], [27.04579, 88.68853], [27.045743, 88.688468], [27.045693, 88.6884], [27.045646, 88.688351], [27.045585, 88.688315], [27.045513, 88.688296], [27.045434, 88.688311], [27.045295, 88.688349], [27.045202, 88.688379], [27.045111, 88.688394], [27.045045, 88.688362], [27.044967, 88.688296], [27.044924, 88.688232], [27.044901, 88.688158], [27.044924, 88.68807], [27.045, 88.688011], [27.045161, 88.687932], [27.04531, 88.687842], [27.045409, 88.687764], [27.045517, 88.68763], [27.045589, 88.687508], [27.045606, 88.68741], [27.04558, 88.687332], [27.045527, 88.687298], [27.045438, 88.687283], [27.045362, 88.687249], [27.045314, 88.687197], [27.045278, 88.687144], [27.045252, 88.687063], [27.045219, 88.686982], [27.04518, 88.686919], [27.045134, 88.68687], [27.045058, 88.686848], [27.044958, 88.68687], [27.044869, 88.686861], [27.044776, 88.686833], [27.044698, 88.686742], [27.044594, 88.686612], [27.044522, 88.686461], [27.044499, 88.686346], [27.044474, 88.686246], [27.044433, 88.686152], [27.044353, 88.686088], [27.044251, 88.686056], [27.044169, 88.686012], [27.044112, 88.685954], [27.044063, 88.685886], [27.044008, 88.68582], [27.043947, 88.68578], [27.043869, 88.685726], [27.04379, 88.68569], [27.043742, 88.685624], [27.043722, 88.68555], [27.043742, 88.685477], [27.043778, 88.685405], [27.043797, 88.685347], [27.043778, 88.685281], [27.043729, 88.685226], [27.043619, 88.685205], [27.043485, 88.685177], [27.043356, 88.685118], [27.043266, 88.685047], [27.04313, 88.684922], [27.043026, 88.684828], [27.042887, 88.684705], [27.042804, 88.684626], [27.042796, 88.684551], [27.042828, 88.684502], [27.042906, 88.684487], [27.042982, 88.684521], [27.043071, 88.684609], [27.043174, 88.684711], [27.043301, 88.684813], [27.043416, 88.684898], [27.043534, 88.684958], [27.043621, 88.684975], [27.043703, 88.68496], [27.043784, 88.684913], [27.043972, 88.684792], [27.044031, 88.684781], [27.044093, 88.68479], [27.044154, 88.684839], [27.044173, 88.684909], [27.044167, 88.68499], [27.044131, 88.685122], [27.044112, 88.685226], [27.044118, 88.685303], [27.044148, 88.685377], [27.044188, 88.685411], [27.044252, 88.68543], [27.044338, 88.685448], [27.044406, 88.685469], [27.044493, 88.685518], [27.044567, 88.685539], [27.044666, 88.685539], [27.044732, 88.685571], [27.044795, 88.685626], [27.044855, 88.685716], [27.044926, 88.685775], [27.045026, 88.685792], [27.045123, 88.685818], [27.045199, 88.685867], [27.045248, 88.685946], [27.045307, 88.686018], [27.045417, 88.686039], [27.04551, 88.686048], [27.045591, 88.686095], [27.045663, 88.686161], [27.045756, 88.686284], [27.045872, 88.68642], [27.045972, 88.68652], [27.046054, 88.686614], [27.046135, 88.686678], [27.046219, 88.686699], [27.046327, 88.686684], [27.046482, 88.68665], [27.046683, 88.686576], [27.046899, 88.686476], [27.047087, 88.686391], [27.047241, 88.686337], [27.047353, 88.68634], [27.047453, 88.686361], [27.047591, 88.686406], [27.047779, 88.686459], [27.048255, 88.686638], [27.048418, 88.686676], [27.048498, 88.686674], [27.048574, 88.686648], [27.048629, 88.686593], [27.048748, 88.686429], [27.04882, 88.686346], [27.048892, 88.686282], [27.049084, 88.68621], [27.049285, 88.686125], [27.049455, 88.686063], [27.049728, 88.685952], [27.049819, 88.685873], [27.049903, 88.685786], [27.049963, 88.685703], [27.050011, 88.685607], [27.050051, 88.68552], [27.050115, 88.685407], [27.050219, 88.68532], [27.050344, 88.685201], [27.050447, 88.685109], [27.050494, 88.684994], [27.050587, 88.684792], [27.050644, 88.684711], [27.050714, 88.684649], [27.050769, 88.684613], [27.051042, 88.684519], [27.051194, 88.684455], [27.051402, 88.684347], [27.051579, 88.684272], [27.051666, 88.684249], [27.051749, 88.68426], [27.051812, 88.684266], [27.051882, 88.684253], [27.051954, 88.684209], [27.052024, 88.684181], [27.052102, 88.684174], [27.052185, 88.684194], [27.052257, 88.684194], [27.052335, 88.684181], [27.052536, 88.684172], [27.052625, 88.684145], [27.052705, 88.684062], [27.05279, 88.684002], [27.05287, 88.683972], [27.052927, 88.683932], [27.052953, 88.68387], [27.052953, 88.683815], [27.052931, 88.683749], [27.052881, 88.683717], [27.05283, 88.68373], [27.052773, 88.6838], [27.052688, 88.683915], [27.052623, 88.683998], [27.052553, 88.684034], [27.052476, 88.684062], [27.052383, 88.684072], [27.052252, 88.684083], [27.052151, 88.684072], [27.052079, 88.684038], [27.052013, 88.684019], [27.051943, 88.684025], [27.051861, 88.684053], [27.051802, 88.684055], [27.051715, 88.684055], [27.051558, 88.684006], [27.051442, 88.684015], [27.051291, 88.684045], [27.051086, 88.684115], [27.05083, 88.684196], [27.050415, 88.684281], [27.050307, 88.684332], [27.049726, 88.684611], [27.04963, 88.684658], [27.049533, 88.684751], [27.049451, 88.684839], [27.049376, 88.6849], [27.049269, 88.684947], [27.049112, 88.685], [27.048968, 88.685026], [27.048847, 88.685032], [27.04874, 88.685011], [27.048627, 88.684988], [27.04852, 88.68499], [27.048342, 88.684992], [27.048259, 88.684975], [27.04816, 88.684909], [27.048075, 88.684815], [27.047997, 88.684711], [27.047931, 88.684643], [27.047857, 88.684617], [27.047751, 88.684636], [27.047622, 88.684677], [27.0474, 88.684771], [27.047256, 88.684826], [27.047129, 88.684834], [27.04699, 88.684839], [27.04686, 88.68482], [27.046719, 88.684771], [27.046551, 88.684692], [27.046374, 88.684619], [27.04627, 88.684558], [27.046185, 88.684483], [27.046103, 88.684394], [27.046059, 88.684302], [27.046022, 88.684209], [27.04598, 88.684128], [27.045921, 88.684068], [27.045722, 88.683906], [27.045678, 88.683844], [27.045648, 88.683749], [27.045646, 88.683649], [27.045676, 88.683534], [27.045798, 88.683293], [27.045946, 88.683006], [27.045995, 88.682855], [27.045993, 88.682757], [27.045961, 88.682667], [27.045923, 88.682612], [27.045866, 88.682537], [27.045771, 88.682476], [27.045413, 88.682295], [27.045244, 88.682192], [27.044964, 88.681997], [27.04474, 88.681865], [27.044643, 88.681811], [27.04448, 88.681797], [27.044381, 88.681786], [27.044283, 88.681754], [27.044161, 88.681748], [27.043892, 88.681728], [27.043803, 88.681701], [27.043729, 88.681643], [27.043678, 88.681573], [27.043663, 88.681498], [27.043672, 88.681396], [27.043714, 88.681264], [27.043777, 88.681181], [27.043862, 88.68113], [27.044019, 88.681088], [27.044116, 88.681045], [27.044228, 88.680979], [27.044634, 88.680798], [27.044744, 88.68076], [27.044819, 88.680692], [27.044867, 88.680592], [27.044907, 88.680489], [27.044981, 88.6804], [27.045007, 88.680323], [27.045013, 88.680221], [27.045032, 88.68013], [27.045073, 88.680087], [27.045138, 88.680074], [27.045204, 88.680106], [27.045274, 88.680147], [27.045527, 88.680332], [27.045629, 88.680372], [27.045743, 88.680385], [27.045887, 88.680404], [27.046001, 88.680379], [27.046086, 88.680325], [27.046152, 88.680253], [27.046158, 88.680187], [27.046126, 88.6801], [27.046086, 88.680027], [27.046063, 88.679957], [27.046071, 88.679857], [27.04616, 88.679678], [27.046221, 88.679493], [27.046222, 88.679387], [27.046219, 88.679276], [27.046234, 88.679189], [27.046272, 88.679133], [27.046329, 88.679129], [27.04638, 88.679148], [27.046405, 88.67921], [27.046393, 88.679289], [27.04634, 88.679399], [27.04624, 88.679695], [27.046186, 88.679855], [27.046185, 88.679919], [27.046226, 88.680002], [27.046268, 88.680091], [27.046295, 88.680217], [27.046291, 88.680317], [27.046234, 88.680408], [27.046141, 88.680498], [27.046052, 88.680549], [27.045963, 88.680589], [27.045841, 88.680606], [27.045743, 88.680604], [27.045627, 88.680602], [27.045553, 88.680566], [27.04546, 88.680494], [27.045392, 88.680457], [27.045322, 88.68043], [27.045246, 88.680462], [27.045208, 88.680532], [27.045235, 88.680604], [27.045307, 88.680653], [27.045432, 88.680681], [27.045561, 88.680689], [27.04572, 88.680702], [27.045866, 88.680709], [27.046014, 88.680692], [27.046116, 88.680649], [27.046274, 88.680534], [27.046401, 88.680417], [27.046458, 88.680325], [27.046465, 88.680223], [27.046448, 88.680142], [27.046439, 88.68003], [27.046465, 88.67991], [27.046558, 88.679774], [27.046659, 88.679661], [27.046746, 88.6796], [27.046833, 88.679602], [27.046901, 88.679661], [27.046949, 88.679749], [27.047042, 88.679917], [27.047133, 88.68], [27.04725, 88.680051], [27.047459, 88.680076], [27.047675, 88.680083], [27.047777, 88.680093], [27.047902, 88.680132], [27.048005, 88.680183], [27.048064, 88.680259], [27.048115, 88.680355], [27.04817, 88.680423], [27.048266, 88.680453], [27.048382, 88.680464], [27.048503, 88.680453], [27.048608, 88.680462], [27.048695, 88.680511], [27.04879, 88.680579], [27.048879, 88.680634], [27.048983, 88.68066], [27.04912, 88.680621], [27.049211, 88.680568], [27.049237, 88.680553], [27.049319, 88.680506], [27.04944, 88.680466], [27.049577, 88.680477], [27.0497, 88.680513], [27.049835, 88.680533], [27.050051, 88.68052], [27.050238, 88.680513], [27.050451, 88.680488], [27.050593, 88.680425], [27.050777, 88.680272], [27.051023, 88.680148], [27.05112, 88.680121], [27.051243, 88.680074], [27.051321, 88.680054], [27.051451, 88.680047], [27.051529, 88.680064], [27.051595, 88.680101], [27.051628, 88.680152], [27.051625, 88.680212], [27.051622, 88.680297], [27.051622, 88.680402], [27.051649, 88.680473], [27.051707, 88.680523], [27.051755, 88.680574], [27.051797, 88.680628], [27.051839, 88.680692], [27.05186, 88.680777], [27.051869, 88.680875], [27.051893, 88.68099], [27.051928, 88.681041], [27.051977, 88.681077], [27.052032, 88.68109], [27.052089, 88.681066], [27.052185, 88.681028], [27.052275, 88.680994], [27.052348, 88.680975], [27.052426, 88.680964], [27.052623, 88.680962], [27.052836, 88.680939], [27.052921, 88.680924], [27.052986, 88.680907], [27.053035, 88.680864], [27.053065, 88.680798], [27.053056, 88.680743], [27.053025, 88.680711], [27.052982, 88.680687], [27.052931, 88.680692], [27.052864, 88.680717], [27.052805, 88.680768], [27.052749, 88.680804], [27.052713, 88.680815], [27.052667, 88.680819], [27.052616, 88.680824], [27.052555, 88.680811], [27.052494, 88.680781], [27.052455, 88.680728], [27.052421, 88.680638], [27.052413, 88.680532], [27.052443, 88.680451], [27.052464, 88.680374], [27.05246, 88.680283], [27.052441, 88.680191], [27.052394, 88.680108], [27.052322, 88.680042], [27.052242, 88.679974], [27.052176, 88.679878], [27.052153, 88.679793], [27.052142, 88.679749], [27.05211, 88.679687], [27.052039, 88.679621], [27.051979, 88.679559], [27.051947, 88.67947], [27.051941, 88.679346], [27.051948, 88.679206], [27.051945, 88.679125], [27.051905, 88.679048], [27.051852, 88.678967], [27.051812, 88.678859], [27.051818, 88.678797], [27.051895, 88.67862], [27.051979, 88.678482], [27.052072, 88.678388], [27.052225, 88.678303], [27.052455, 88.678207], [27.052585, 88.678173], [27.052716, 88.678177], [27.052826, 88.678184], [27.052917, 88.67818], [27.052997, 88.678141], [27.053088, 88.678075], [27.053158, 88.678007], [27.053224, 88.677962], [27.053323, 88.677941], [27.05345, 88.677943], [27.053556, 88.677922], [27.053638, 88.677826], [27.053668, 88.67772], [27.053664, 88.677626], [27.053615, 88.677528], [27.053537, 88.677428], [27.053469, 88.677349], [27.053401, 88.677241], [27.053355, 88.677139], [27.053346, 88.67699], [27.053357, 88.676849], [27.053442, 88.676594], [27.053539, 88.676374], [27.053619, 88.6762], [27.053712, 88.676091], [27.053803, 88.676038], [27.053977, 88.675991], [27.054148, 88.675934], [27.05426, 88.675893], [27.054345, 88.675836], [27.054375, 88.675748], [27.054371, 88.675629], [27.054389, 88.675529], [27.05444, 88.675423], [27.054514, 88.675361], [27.054589, 88.675314], [27.054654, 88.675263], [27.054713, 88.675212], [27.054766, 88.675118], [27.054781, 88.675033], [27.054777, 88.674903], [27.054802, 88.674833], [27.054878, 88.674758], [27.05534, 88.674546], [27.055435, 88.674531], [27.055547, 88.674524], [27.055625, 88.674509], [27.055708, 88.67446], [27.055757, 88.674384], [27.055754, 88.674294], [27.055727, 88.674196], [27.055697, 88.674111], [27.055678, 88.674037], [27.055653, 88.673932], [27.055668, 88.673837], [27.055754, 88.673794], [27.055858, 88.673792], [27.055926, 88.67382], [27.055992, 88.673873], [27.056059, 88.673918], [27.056146, 88.673943], [27.056245, 88.673939], [27.056332, 88.673888], [27.056421, 88.67379], [27.05647, 88.673634], [27.056504, 88.673507], [27.056584, 88.673424], [27.056686, 88.673383], [27.056798, 88.673353], [27.056906, 88.673347], [27.056988, 88.673362], [27.057079, 88.673394], [27.057162, 88.673415], [27.05724, 88.673413], [27.05732, 88.673375], [27.057411, 88.673324], [27.057521, 88.673321], [27.057613, 88.67336], [27.05771, 88.673392], [27.057801, 88.67337], [27.057886, 88.673298], [27.057996, 88.673166], [27.058093, 88.673106], [27.05819, 88.673079], [27.058286, 88.673072], [27.058385, 88.673028], [27.058504, 88.672964], [27.058607, 88.672934], [27.058738, 88.672928], [27.058831, 88.672947], [27.058971, 88.672981], [27.059088, 88.672996], [27.059195, 88.672998], [27.059299, 88.672979], [27.059352, 88.672913], [27.059384, 88.672781], [27.059485, 88.672619], [27.059598, 88.672483], [27.059748, 88.672327], [27.059896, 88.672185], [27.059968, 88.672142], [27.060027, 88.672165], [27.060097, 88.672217], [27.060177, 88.672263], [27.060271, 88.672304], [27.060359, 88.672325], [27.060438, 88.672297], [27.060482, 88.672225], [27.060469, 88.672142], [27.060434, 88.672038], [27.060412, 88.671936], [27.0604, 88.671842], [27.060421, 88.67174], [27.060472, 88.671672], [27.060505, 88.671634], [27.060656, 88.671535], [27.060815, 88.671408], [27.060927, 88.671335], [27.061049, 88.67128], [27.061221, 88.671214], [27.061379, 88.671163], [27.061487, 88.671148], [27.061562, 88.671152], [27.06164, 88.671205], [27.061752, 88.671297], [27.061832, 88.671329], [27.061926, 88.671339], [27.062004, 88.671303], [27.062078, 88.671235], [27.062105, 88.671133], [27.06212, 88.670975], [27.062122, 88.670848], [27.062101, 88.670763], [27.062061, 88.670677], [27.062006, 88.670592], [27.061978, 88.670516], [27.061995, 88.670416], [27.062052, 88.670356], [27.062141, 88.670318], [27.062264, 88.670296], [27.062398, 88.670267], [27.062508, 88.670237], [27.062592, 88.670179], [27.062698, 88.670092], [27.06278, 88.670024], [27.062836, 88.670009], [27.062884, 88.670028], [27.062914, 88.670066], [27.062927, 88.67013], [27.062922, 88.670179], [27.062888, 88.670215], [27.062833, 88.670247], [27.062742, 88.670277], [27.062596, 88.670324], [27.062503, 88.67035], [27.06234, 88.670435], [27.062266, 88.670479], [27.062232, 88.670526], [27.062222, 88.670603], [27.06227, 88.670658], [27.062328, 88.670675], [27.062402, 88.670645], [27.062493, 88.670575], [27.06256, 88.670507], [27.062628, 88.670462], [27.062713, 88.67046], [27.062808, 88.670477], [27.062912, 88.670499], [27.063003, 88.670507], [27.063079, 88.670492], [27.063178, 88.670439], [27.063314, 88.670345], [27.063388, 88.670305], [27.063484, 88.670273], [27.063561, 88.670284], [27.063631, 88.670345], [27.06368, 88.670482], [27.06386, 88.670703], [27.064053, 88.670787], [27.064331, 88.67094], [27.06451, 88.670912], [27.064587, 88.670798], [27.064483, 88.670413], [27.0644, 88.670156], [27.064438, 88.669887], [27.064425, 88.669698], [27.064305, 88.669512], [27.064249, 88.669378], [27.064263, 88.669206], [27.064836, 88.668323], [27.065104, 88.667988], [27.065361, 88.667763], [27.065688, 88.667613], [27.0659, 88.667243], [27.066144, 88.666824], [27.066377, 88.665984], [27.066339, 88.66559], [27.066406, 88.665282], [27.066387, 88.665083], [27.066427, 88.6649], [27.066815, 88.664097], [27.066965, 88.66364], [27.067125, 88.663297], [27.06724, 88.66323], [27.067303, 88.663265], [27.067327, 88.663408], [27.067233, 88.663597], [27.066778, 88.664597], [27.066633, 88.66485], [27.066621, 88.665148], [27.066625, 88.665297], [27.066687, 88.665348], [27.066788, 88.665344], [27.066811, 88.665293], [27.06677, 88.665031], [27.066801, 88.664864], [27.066902, 88.664614], [27.067003, 88.664431], [27.067285, 88.664245], [27.067366, 88.664167], [27.067432, 88.663941], [27.067469, 88.66371], [27.067558, 88.663541], [27.067896, 88.663294], [27.067963, 88.663174], [27.067959, 88.663054], [27.067863, 88.66279], [27.067864, 88.662688], [27.067898, 88.662567], [27.068067, 88.662318], [27.068145, 88.662117], [27.068153, 88.661975], [27.068066, 88.661749], [27.067617, 88.661355], [27.0672, 88.66102], [27.066327, 88.660468], [27.066126, 88.660406], [27.065917, 88.66035], [27.065401, 88.660363], [27.065355, 88.660279], [27.065357, 88.660036], [27.065305, 88.659837], [27.065238, 88.65969], [27.064899, 88.659569], [27.064769, 88.659452], [27.06474, 88.65911], [27.064591, 88.65882], [27.064534, 88.658544], [27.064593, 88.658296], [27.064677, 88.658271], [27.064864, 88.658291], [27.065348, 88.65863], [27.065553, 88.658786], [27.065725, 88.658819], [27.066105, 88.658834], [27.066273, 88.658714], [27.066565, 88.658505], [27.06686, 88.658246], [27.06697, 88.658146], [27.067101, 88.658158], [27.067179, 88.658279], [27.066917, 88.658382], [27.066347, 88.658878], [27.066, 88.659], [27.065662, 88.65908], [27.065634, 88.659226], [27.066, 88.6595], [27.066373, 88.659743], [27.0669, 88.65988], [27.0677, 88.660306], [27.068257, 88.660609], [27.068504, 88.660752], [27.068886, 88.660731], [27.06926, 88.66128], [27.06931, 88.661492], [27.069404, 88.661706], [27.069648, 88.661975], [27.069946, 88.662079], [27.070143, 88.662025], [27.070257, 88.661892], [27.070416, 88.661865], [27.070598, 88.66201], [27.070692, 88.662151], [27.07077, 88.662369], [27.070745, 88.662547], [27.070532, 88.662836], [27.070454, 88.662954], [27.070485, 88.663152], [27.070736, 88.663573], [27.070975, 88.663901], [27.070966, 88.664201], [27.071064, 88.664423], [27.071178, 88.664528], [27.071251, 88.664693], [27.071286, 88.664914], [27.071446, 88.665153], [27.071555, 88.665451], [27.071651, 88.665598], [27.071821, 88.665623], [27.072107, 88.665577], [27.072173, 88.665487], [27.072268, 88.665187], [27.072336, 88.664952], [27.07256, 88.66479], [27.073058, 88.664692], [27.073258, 88.664496], [27.073381, 88.664504], [27.073717, 88.664633], [27.073879, 88.664721], [27.074125, 88.664706], [27.074128, 88.664947], [27.073939, 88.665419], [27.073946, 88.665611], [27.074066, 88.665727], [27.074338, 88.665596], [27.074851, 88.665613], [27.075268, 88.665454], [27.075549, 88.665686], [27.075569, 88.665931], [27.075522, 88.666248], [27.075476, 88.666922], [27.07547, 88.667181], [27.075555, 88.667348], [27.075875, 88.667762], [27.076126, 88.668197], [27.076588, 88.668576], [27.076944, 88.668827], [27.077306, 88.668796], [27.077548, 88.668718], [27.077679, 88.668724], [27.077826, 88.668761], [27.077907, 88.66877], [27.077992, 88.668753], [27.078112, 88.668727], [27.078228, 88.668679], [27.078251, 88.668598], [27.078241, 88.668525], [27.078195, 88.668413], [27.078147, 88.668315], [27.078114, 88.668218], [27.078099, 88.668148], [27.078112, 88.668083], [27.078132, 88.668041], [27.078176, 88.668012], [27.078232, 88.66801], [27.078289, 88.668039], [27.07844, 88.668132], [27.07853, 88.668138], [27.078567, 88.668108], [27.07862, 88.668003], [27.078688, 88.667858], [27.078775, 88.667763], [27.078831, 88.667699], [27.078883, 88.667638], [27.078917, 88.667552], [27.078924, 88.667495], [27.078909, 88.667418], [27.078881, 88.667279], [27.078881, 88.667217], [27.078918, 88.667141], [27.079078, 88.667104], [27.079158, 88.667147], [27.079215, 88.667193], [27.079255, 88.667249], [27.07927, 88.667334], [27.079248, 88.667438], [27.079191, 88.667546], [27.079154, 88.667609], [27.079102, 88.667682], [27.079062, 88.667772], [27.079031, 88.667825], [27.079006, 88.667912], [27.078998, 88.668027], [27.078987, 88.668148], [27.07899, 88.668297], [27.079006, 88.668404], [27.079022, 88.668468], [27.07902, 88.668539], [27.079009, 88.668601], [27.078991, 88.668648], [27.078938, 88.668749], [27.078922, 88.668871], [27.07895, 88.668912], [27.078997, 88.668919], [27.079051, 88.668889], [27.079112, 88.668834], [27.079154, 88.668729], [27.079179, 88.668644], [27.079206, 88.668514], [27.079216, 88.668399], [27.079225, 88.668295], [27.079241, 88.668078], [27.079248, 88.668006], [27.079277, 88.667941], [27.079307, 88.667897], [27.079352, 88.667877], [27.079415, 88.667869], [27.07947, 88.667877], [27.07956, 88.667913], [27.079815, 88.668063], [27.079926, 88.668164], [27.080086, 88.668448], [27.080152, 88.668594], [27.080206, 88.668664], [27.080244, 88.668678], [27.080302, 88.668659], [27.080369, 88.668586], [27.080412, 88.668487], [27.080439, 88.668404], [27.080466, 88.66829], [27.080484, 88.668218], [27.08052, 88.668093], [27.080569, 88.667956], [27.080637, 88.66792], [27.080705, 88.667901], [27.080799, 88.667937], [27.080845, 88.667983], [27.081171, 88.668295], [27.081439, 88.668505], [27.081609, 88.668596], [27.081744, 88.668642], [27.081891, 88.668706], [27.081967, 88.668709], [27.082021, 88.668676], [27.082044, 88.668623], [27.082052, 88.668538], [27.082068, 88.668459], [27.082096, 88.668381], [27.082147, 88.668316], [27.082282, 88.66825], [27.082429, 88.668145], [27.082512, 88.668008], [27.082554, 88.667873], [27.082579, 88.667697], [27.082615, 88.667552], [27.082607, 88.667354], [27.082577, 88.667174], [27.082567, 88.667067], [27.082585, 88.666997], [27.082617, 88.666946], [27.082662, 88.666919], [27.082713, 88.66692], [27.082751, 88.666937], [27.082905, 88.667012], [27.08296, 88.667013], [27.083076, 88.666972], [27.083142, 88.666923], [27.083236, 88.666848], [27.083378, 88.666817], [27.083479, 88.66682], [27.083531, 88.666801], [27.083579, 88.666785], [27.083627, 88.666749], [27.083715, 88.666724], [27.08387, 88.666696], [27.083981, 88.666658], [27.084062, 88.666601], [27.084143, 88.666518], [27.084238, 88.666461], [27.084326, 88.666394], [27.084392, 88.666315], [27.084416, 88.666222], [27.084416, 88.666146], [27.084409, 88.666081], [27.08442, 88.666014], [27.084448, 88.665967], [27.084527, 88.665901], [27.084861, 88.665665], [27.08496, 88.665591], [27.085012, 88.665553], [27.085069, 88.665483], [27.085131, 88.665316], [27.085137, 88.665151], [27.085121, 88.665072], [27.085088, 88.665016], [27.085043, 88.664979], [27.085006, 88.664969], [27.084962, 88.664958], [27.08488, 88.664951], [27.084812, 88.664947], [27.084746, 88.664932], [27.084683, 88.664898], [27.084635, 88.664853], [27.084608, 88.664787], [27.084611, 88.66472], [27.084637, 88.664661], [27.084705, 88.664614], [27.084773, 88.664593], [27.084854, 88.664592], [27.084932, 88.664613], [27.085006, 88.664638], [27.08507, 88.664648], [27.085366, 88.664647], [27.085413, 88.664629], [27.085449, 88.664594], [27.085484, 88.664532], [27.085534, 88.6644], [27.085577, 88.664274], [27.085617, 88.66415], [27.085637, 88.664041], [27.085643, 88.663925], [27.085657, 88.663773], [27.085682, 88.663643], [27.085712, 88.663531], [27.085758, 88.663384], [27.085814, 88.66325], [27.085901, 88.663083], [27.08598, 88.662957], [27.086093, 88.662808], [27.086189, 88.662685], [27.086301, 88.66258], [27.086445, 88.662435], [27.086527, 88.662385], [27.086597, 88.662298], [27.086682, 88.662149], [27.086698, 88.662067], [27.086659, 88.661958], [27.086579, 88.661845], [27.086495, 88.66174], [27.086471, 88.661676], [27.086418, 88.661599], [27.086363, 88.661482], [27.086242, 88.661371], [27.08614, 88.661308], [27.086107, 88.661259], [27.086074, 88.661194], [27.086067, 88.661139], [27.086088, 88.661096], [27.086147, 88.661068], [27.086313, 88.66101], [27.086451, 88.660949], [27.086544, 88.660906], [27.086649, 88.660844], [27.086839, 88.660675], [27.086903, 88.660579], [27.086921, 88.660445], [27.086934, 88.660312], [27.086921, 88.660237], [27.086895, 88.66014], [27.086861, 88.660026], [27.086817, 88.659926], [27.086596, 88.659692], [27.086665, 88.659643], [27.08672, 88.659598], [27.08677, 88.659524], [27.086813, 88.6594], [27.086868, 88.659153], [27.08689, 88.658956], [27.086908, 88.658833], [27.086942, 88.658705], [27.08697, 88.658594], [27.087005, 88.658489], [27.087062, 88.658379], [27.087109, 88.658284], [27.087168, 88.658139], [27.087216, 88.658019], [27.087248, 88.657894], [27.087251, 88.657821], [27.087234, 88.657768], [27.087192, 88.657727], [27.087127, 88.65769], [27.087045, 88.657669], [27.08685, 88.657633], [27.086785, 88.657612], [27.08672, 88.657558], [27.086681, 88.657472], [27.086662, 88.657379], [27.086645, 88.657284], [27.086608, 88.657111], [27.086577, 88.65703], [27.086533, 88.656964], [27.086476, 88.656898], [27.086396, 88.656821], [27.085937, 88.65642], [27.085811, 88.656297], [27.085712, 88.656193], [27.085641, 88.656131], [27.085552, 88.656085], [27.085459, 88.65606], [27.085271, 88.656033], [27.085066, 88.656008], [27.084925, 88.655969], [27.084748, 88.655896], [27.084612, 88.655812], [27.08453, 88.65575], [27.084471, 88.655673], [27.084419, 88.655555], [27.08427, 88.655301], [27.08424, 88.655206], [27.084234, 88.655101], [27.084202, 88.654982], [27.084159, 88.654889], [27.084083, 88.654768], [27.084033, 88.654659], [27.084012, 88.654596], [27.084008, 88.654563], [27.084012, 88.65453], [27.084027, 88.654503], [27.084052, 88.654485], [27.084078, 88.654478], [27.084122, 88.654483], [27.084159, 88.654497], [27.084196, 88.654524], [27.08425, 88.654604], [27.084311, 88.654742], [27.084354, 88.654895], [27.084402, 88.655155], [27.084422, 88.655226], [27.084449, 88.655271], [27.084495, 88.655302], [27.084541, 88.655327], [27.084903, 88.655568], [27.085009, 88.655639], [27.085104, 88.65569], [27.085255, 88.655733], [27.085366, 88.655743], [27.085666, 88.655741], [27.085858, 88.655748], [27.08604, 88.655771], [27.086112, 88.655786], [27.086168, 88.655813], [27.086281, 88.655877], [27.086606, 88.656082], [27.08696, 88.656322], [27.087009, 88.656331], [27.087061, 88.656306], [27.08709, 88.656269], [27.087085, 88.656208], [27.087057, 88.656158], [27.086821, 88.655987], [27.086557, 88.655752], [27.086489, 88.655692], [27.086405, 88.655655], [27.086249, 88.655604], [27.0861, 88.655568], [27.085904, 88.655527], [27.085543, 88.655458], [27.085443, 88.655431], [27.085323, 88.655388], [27.085207, 88.655317], [27.085143, 88.655263], [27.085078, 88.655197], [27.085004, 88.655099], [27.084936, 88.654958], [27.084789, 88.6546], [27.084768, 88.654522], [27.084764, 88.654455], [27.084786, 88.654407], [27.084835, 88.654364], [27.084889, 88.654329], [27.084961, 88.654307], [27.085054, 88.654308], [27.085138, 88.654321], [27.08537, 88.654367], [27.085607, 88.654429], [27.085834, 88.654525], [27.086051, 88.654643], [27.086231, 88.654777], [27.086323, 88.654833], [27.086401, 88.654873], [27.086557, 88.654918], [27.086892, 88.654986], [27.086973, 88.654986], [27.08705, 88.654981], [27.087136, 88.654958], [27.087199, 88.654921], [27.087245, 88.654873], [27.087277, 88.654797], [27.087343, 88.654619], [27.08739, 88.654471], [27.087424, 88.65435], [27.087466, 88.654255], [27.087513, 88.654205], [27.087653, 88.654106], [27.087774, 88.654008], [27.087881, 88.65391], [27.087951, 88.653833], [27.088066, 88.653681], [27.08822, 88.653523], [27.088339, 88.653472], [27.088547, 88.65337], [27.088684, 88.653356], [27.088807, 88.653356], [27.088952, 88.653456], [27.089147, 88.653451], [27.089295, 88.653314], [27.089442, 88.653297], [27.08956, 88.653337], [27.089662, 88.653366], [27.089801, 88.653393], [27.089885, 88.653271], [27.089907, 88.65314], [27.08992, 88.652997], [27.089848, 88.652861], [27.089773, 88.652658], [27.089742, 88.65248], [27.089658, 88.652233], [27.08966, 88.652006], [27.08969, 88.651847], [27.089797, 88.651707], [27.089878, 88.651618], [27.08994, 88.651495], [27.089982, 88.651365], [27.090004, 88.651141], [27.090049, 88.650924], [27.090083, 88.65079], [27.090149, 88.650645], [27.090155, 88.650548], [27.09018, 88.650455], [27.090234, 88.650359], [27.090277, 88.650289], [27.090349, 88.65025], [27.090408, 88.650249], [27.090507, 88.650267], [27.09061, 88.650309], [27.090694, 88.650368], [27.090814, 88.65049], [27.09094, 88.650563], [27.091105, 88.650651], [27.091219, 88.650672], [27.091294, 88.65062], [27.091369, 88.650441], [27.091447, 88.650292], [27.09156, 88.650117], [27.091749, 88.650046], [27.091857, 88.650084], [27.091959, 88.650085], [27.092074, 88.650085], [27.092147, 88.650034], [27.092162, 88.649977], [27.092147, 88.649897], [27.092124, 88.64982], [27.092021, 88.649734], [27.091995, 88.649555], [27.092046, 88.649419], [27.092435, 88.649335], [27.092497, 88.649303], [27.092555, 88.649265], [27.09258, 88.649234], [27.092591, 88.649205], [27.092591, 88.649178], [27.092589, 88.649149], [27.092585, 88.649112], [27.092581, 88.649054], [27.092585, 88.649], [27.092607, 88.648935], [27.092696, 88.648855], [27.092779, 88.648808], [27.09289, 88.648773], [27.092992, 88.648739], [27.093089, 88.648675], [27.093249, 88.648124], [27.093548, 88.647588], [27.093571, 88.646894], [27.093616, 88.646614], [27.093706, 88.646422], [27.093778, 88.646325], [27.093909, 88.64625], [27.094045, 88.646285], [27.09417, 88.646414], [27.094331, 88.646443], [27.094468, 88.646405], [27.094594, 88.646306], [27.094814, 88.646299], [27.095161, 88.646349], [27.095243, 88.64632], [27.095291, 88.646262], [27.095435, 88.645761], [27.095473, 88.645686], [27.095534, 88.645613], [27.095653, 88.645531], [27.095977, 88.645517], [27.096258, 88.645512], [27.096453, 88.645497], [27.096609, 88.645434], [27.096667, 88.645388], [27.09671, 88.645312], [27.096727, 88.645236], [27.096722, 88.645147], [27.09672, 88.644956], [27.096738, 88.644857], [27.096779, 88.644763], [27.09683, 88.644682], [27.09691, 88.644577], [27.096969, 88.644527], [27.097032, 88.644493], [27.097131, 88.64449], [27.097195, 88.644468], [27.09724, 88.644415], [27.097267, 88.644348], [27.097301, 88.644301], [27.097368, 88.644286], [27.097425, 88.644309], [27.097524, 88.644402], [27.097627, 88.644473], [27.097703, 88.644507], [27.097794, 88.644509], [27.097859, 88.644489], [27.097929, 88.644452], [27.097988, 88.644399], [27.098051, 88.644299], [27.098088, 88.6442], [27.098082, 88.644091], [27.098045, 88.643904], [27.097912, 88.643637], [27.09777, 88.643427], [27.09766, 88.6433], [27.097542, 88.643203], [27.097438, 88.64311], [27.097388, 88.643026], [27.097362, 88.642965], [27.097343, 88.642795], [27.097344, 88.642711], [27.097356, 88.642627], [27.097385, 88.64253], [27.097421, 88.642427], [27.097606, 88.64205], [27.097629, 88.641954], [27.097614, 88.641848], [27.097581, 88.641734], [27.097543, 88.641623], [27.097427, 88.641299], [27.097387, 88.641174], [27.097306, 88.641051], [27.097153, 88.640915], [27.096988, 88.640774], [27.096871, 88.640623], [27.096841, 88.640543], [27.096828, 88.640452], [27.096849, 88.640353], [27.096887, 88.640211], [27.096906, 88.640122], [27.09691, 88.640033], [27.096857, 88.639935], [27.096739, 88.639778], [27.096668, 88.639653], [27.096632, 88.639523], [27.096613, 88.639321], [27.096604, 88.639172], [27.096575, 88.639082], [27.096533, 88.63902], [27.096474, 88.63898], [27.09641, 88.638982], [27.096359, 88.63904], [27.096349, 88.639116], [27.096361, 88.639196], [27.096382, 88.639288], [27.096424, 88.639431], [27.096463, 88.639584], [27.096521, 88.639805], [27.096576, 88.640029], [27.09661, 88.640169], [27.096617, 88.640263], [27.096595, 88.640355], [27.096563, 88.640432], [27.0965, 88.640481], [27.096416, 88.640486], [27.096338, 88.640446], [27.096301, 88.64039], [27.096277, 88.640287], [27.096277, 88.640175], [27.096287, 88.640056], [27.096338, 88.63978], [27.09634, 88.63968], [27.096317, 88.639572], [27.096279, 88.639434], [27.096196, 88.63919], [27.096113, 88.63898], [27.096076, 88.638864], [27.096069, 88.63879], [27.096079, 88.638723], [27.096111, 88.638644], [27.096155, 88.638572], [27.09622, 88.638495], [27.096436, 88.638288], [27.096519, 88.638215], [27.096591, 88.638162], [27.096669, 88.63812], [27.096735, 88.638113], [27.096798, 88.638137], [27.09686, 88.638199], [27.096952, 88.638354], [27.09705, 88.638489], [27.097172, 88.638619], [27.097343, 88.638735], [27.097475, 88.638845], [27.097549, 88.638976], [27.09758, 88.63902], [27.097639, 88.639044], [27.097693, 88.639032], [27.097922, 88.638809], [27.098028, 88.638728], [27.098137, 88.638699], [27.098301, 88.638709], [27.098464, 88.638789], [27.098525, 88.638859], [27.098559, 88.638953], [27.098588, 88.639298], [27.098637, 88.6395], [27.098672, 88.639579], [27.098731, 88.639646], [27.09886, 88.639752], [27.099109, 88.639863], [27.099333, 88.639927], [27.099532, 88.63992], [27.099749, 88.639814], [27.099882, 88.639851], [27.100314, 88.6401], [27.100654, 88.640435], [27.100799, 88.640506], [27.100902, 88.640517], [27.100984, 88.640543], [27.101085, 88.640675], [27.101182, 88.640809], [27.101263, 88.641005], [27.101365, 88.641153], [27.101421, 88.641215], [27.101564, 88.641312], [27.101724, 88.641346], [27.101852, 88.641436], [27.101915, 88.641519], [27.102018, 88.641709], [27.102036, 88.641863], [27.102026, 88.64199], [27.102037, 88.642105], [27.102093, 88.642208], [27.102184, 88.642314], [27.102275, 88.642352], [27.102404, 88.642347], [27.102542, 88.64233], [27.102703, 88.642378], [27.102945, 88.642624], [27.103035, 88.642671], [27.103129, 88.642702], [27.103167, 88.642657], [27.10322, 88.642592], [27.103237, 88.642479], [27.103244, 88.642197], [27.103244, 88.641881], [27.103314, 88.641597], [27.103433, 88.641286], [27.103585, 88.640989], [27.103793, 88.640754], [27.103884, 88.640505], [27.103951, 88.640261], [27.104008, 88.640069], [27.104097, 88.63991], [27.104229, 88.639707], [27.104338, 88.639622], [27.104459, 88.639317], [27.104516, 88.639153], [27.104642, 88.638777], [27.104733, 88.638498], [27.104818, 88.638226], [27.1049, 88.637985], [27.104972, 88.637746], [27.104999, 88.637583], [27.104973, 88.63739], [27.104876, 88.63731], [27.104776, 88.637321], [27.104721, 88.637458], [27.104584, 88.637922], [27.104481, 88.638344], [27.104413, 88.638584], [27.10429, 88.638915], [27.104241, 88.638962], [27.104183, 88.638966], [27.104154, 88.638922], [27.104154, 88.638866], [27.10417, 88.63872], [27.104223, 88.638488], [27.104218, 88.638261], [27.104225, 88.637938], [27.104249, 88.637645], [27.104193, 88.637205], [27.104156, 88.636975], [27.104135, 88.636845], [27.104104, 88.636809], [27.104061, 88.6368], [27.104018, 88.636791], [27.103971, 88.636794], [27.103939, 88.636816], [27.103907, 88.636842], [27.103898, 88.636925], [27.103937, 88.637014], [27.103972, 88.63715], [27.104007, 88.637319], [27.104058, 88.637518], [27.104102, 88.637713], [27.104065, 88.637914], [27.103986, 88.638248], [27.103951, 88.638519], [27.103949, 88.638655], [27.103936, 88.638817], [27.103909, 88.638927], [27.103871, 88.639023], [27.103829, 88.639054], [27.103807, 88.63906], [27.103784, 88.639053], [27.103754, 88.639031], [27.103733, 88.639002], [27.103721, 88.638837], [27.103704, 88.638531], [27.103699, 88.638422], [27.103731, 88.638267], [27.103768, 88.638048], [27.103729, 88.63782], [27.103702, 88.637654], [27.103655, 88.637564], [27.103612, 88.637387], [27.103552, 88.637246], [27.10348, 88.63703], [27.103473, 88.636824], [27.103501, 88.636592], [27.103485, 88.636352], [27.103505, 88.636143], [27.103508, 88.635936], [27.103495, 88.635783], [27.103403, 88.635702], [27.103323, 88.635692], [27.10319, 88.635701], [27.103109, 88.635679], [27.102992, 88.635655], [27.102893, 88.635582], [27.102819, 88.635528], [27.102791, 88.635405], [27.102783, 88.635182], [27.102644, 88.635032], [27.102619, 88.634927], [27.102653, 88.634748], [27.102625, 88.634666], [27.10256, 88.634615], [27.102434, 88.634592], [27.10223, 88.634585], [27.102118, 88.634583], [27.102041, 88.634561], [27.102004, 88.634537], [27.101975, 88.634497], [27.101947, 88.634401], [27.101881, 88.634077], [27.1018, 88.633724], [27.101711, 88.6335], [27.101575, 88.633353], [27.101434, 88.633288], [27.101327, 88.633165], [27.101284, 88.632988], [27.101355, 88.632803], [27.101308, 88.632613], [27.101273, 88.632385], [27.10131, 88.6322], [27.10136, 88.63209], [27.10142, 88.631947], [27.101382, 88.631834], [27.101172, 88.631514], [27.101007, 88.631102], [27.10088, 88.630786], [27.100694, 88.63053], [27.10035, 88.629872], [27.100159, 88.629767], [27.099945, 88.62973], [27.099687, 88.629681], [27.099591, 88.629694], [27.099483, 88.62972], [27.099397, 88.629754], [27.099262, 88.62978], [27.099143, 88.629747], [27.099069, 88.629685], [27.099071, 88.629571], [27.099171, 88.629402], [27.099306, 88.629163], [27.099335, 88.629016], [27.099316, 88.628911], [27.099227, 88.628704], [27.099236, 88.628569], [27.099324, 88.628454], [27.099508, 88.62837], [27.099657, 88.628249], [27.099731, 88.628045], [27.099762, 88.627784], [27.099758, 88.627418], [27.099766, 88.627252], [27.099765, 88.62706], [27.099763, 88.626798], [27.099753, 88.626568], [27.099724, 88.626345], [27.09967, 88.626258], [27.099606, 88.626167], [27.099482, 88.626127], [27.099373, 88.626097], [27.099268, 88.626061], [27.099192, 88.626038], [27.099133, 88.625966], [27.099127, 88.625713], [27.099085, 88.625546], [27.098942, 88.625421], [27.098882, 88.625357], [27.098822, 88.625329], [27.098764, 88.625294], [27.098646, 88.625205], [27.098619, 88.625106], [27.098627, 88.62499], [27.098727, 88.624768], [27.098877, 88.624623], [27.098955, 88.624578], [27.099013, 88.62458], [27.099304, 88.624557], [27.09937, 88.624526], [27.099411, 88.624497], [27.099438, 88.624426], [27.099424, 88.624345], [27.099366, 88.624256], [27.099336, 88.624172], [27.099325, 88.624113], [27.099345, 88.624046], [27.099446, 88.62389], [27.09948, 88.623655], [27.099433, 88.623436], [27.099306, 88.62328], [27.099161, 88.623222], [27.099059, 88.623245], [27.09888, 88.62327], [27.098693, 88.623333], [27.098628, 88.623347], [27.098562, 88.623356], [27.098521, 88.623355], [27.098492, 88.623319], [27.098483, 88.623253], [27.098493, 88.62316], [27.098504, 88.622991], [27.098501, 88.622705], [27.09848, 88.622384], [27.098455, 88.622318], [27.09841, 88.622266], [27.098324, 88.62223], [27.098269, 88.622223], [27.098206, 88.622232], [27.098015, 88.622265], [27.097919, 88.622292], [27.097847, 88.62229], [27.09781, 88.622262], [27.097793, 88.622244], [27.097797, 88.62215], [27.097779, 88.622077], [27.097761, 88.622024], [27.097721, 88.621955], [27.097607, 88.621822], [27.097473, 88.621707], [27.097275, 88.621683], [27.097064, 88.621745], [27.096892, 88.621809], [27.09682, 88.621742], [27.096757, 88.621669], [27.096717, 88.62156], [27.096704, 88.62133], [27.096732, 88.621173], [27.096829, 88.620935], [27.096901, 88.620711], [27.096936, 88.620602], [27.096945, 88.620516], [27.0969, 88.620422], [27.096745, 88.620356], [27.09663, 88.620339], [27.096511, 88.620333], [27.096275, 88.620335], [27.09541, 88.620328], [27.094851, 88.620215], [27.094735, 88.620061], [27.094722, 88.619952], [27.094794, 88.619875], [27.095073, 88.619889], [27.09544, 88.620012], [27.09557, 88.620039], [27.095766, 88.620104], [27.095865, 88.620133], [27.096038, 88.620073], [27.096214, 88.619935], [27.096341, 88.619678], [27.09657, 88.619352], [27.096676, 88.619138], [27.096747, 88.618972], [27.096836, 88.61889], [27.096973, 88.618808], [27.097364, 88.618613], [27.097631, 88.618269], [27.097874, 88.618144], [27.098086, 88.618004], [27.098209, 88.617866], [27.098241, 88.617746], [27.098201, 88.617607], [27.098044, 88.617469], [27.097922, 88.617337], [27.097845, 88.617175], [27.097837, 88.617018], [27.097886, 88.616816], [27.097904, 88.616656], [27.097845, 88.616507], [27.097813, 88.616331], [27.097813, 88.616156], [27.097728, 88.616001], [27.097611, 88.615812], [27.0976, 88.615523], [27.097669, 88.615412], [27.097936, 88.615181], [27.09794, 88.61484], [27.097877, 88.614696], [27.097721, 88.614432], [27.097676, 88.614137], [27.097683, 88.613851], [27.097615, 88.613591], [27.097407, 88.613122], [27.097316, 88.612964], [27.097289, 88.612898], [27.097265, 88.61284], [27.097253, 88.612762], [27.097259, 88.612686], [27.097289, 88.61259], [27.097355, 88.612505], [27.09744, 88.612403], [27.097487, 88.612332], [27.097509, 88.612266], [27.097548, 88.612101], [27.0976, 88.611961], [27.097676, 88.611876], [27.097732, 88.611794], [27.097748, 88.611686], [27.097722, 88.611618], [27.097677, 88.611534], [27.097595, 88.611487], [27.097404, 88.611439], [27.097164, 88.611318], [27.096822, 88.610782], [27.096377, 88.610131], [27.096312, 88.610036], [27.096009, 88.60991], [27.095709, 88.609542], [27.095686, 88.60942], [27.095707, 88.609324], [27.095926, 88.609009], [27.096037, 88.60898], [27.096185, 88.609024], [27.096256, 88.609007], [27.096297, 88.608979], [27.09632, 88.608936], [27.096326, 88.608893], [27.096273, 88.608769], [27.096233, 88.608678], [27.096234, 88.608609], [27.096252, 88.608534], [27.096309, 88.608458], [27.09649, 88.608358], [27.096614, 88.608252], [27.096633, 88.608194], [27.096621, 88.608149], [27.096567, 88.60808], [27.096478, 88.608008], [27.096442, 88.607983], [27.096412, 88.607947], [27.096417, 88.607912], [27.096419, 88.607878], [27.096441, 88.607842], [27.096558, 88.607686], [27.096719, 88.607486], [27.096726, 88.607287], [27.096884, 88.607036], [27.096856, 88.606672], [27.097194, 88.606165], [27.09723, 88.606039], [27.097246, 88.60595], [27.097253, 88.605876], [27.097247, 88.605809], [27.097187, 88.605654], [27.097169, 88.605587], [27.097164, 88.6055], [27.097181, 88.605351], [27.097197, 88.605277], [27.097213, 88.605214], [27.097222, 88.605101], [27.0972, 88.604959], [27.097079, 88.604644], [27.097027, 88.604471], [27.097013, 88.604326], [27.096993, 88.603857], [27.096807, 88.60357], [27.096773, 88.603411], [27.096837, 88.603051], [27.096785, 88.602807], [27.096706, 88.602589], [27.096655, 88.602444], [27.096484, 88.602236], [27.096281, 88.602095], [27.09606, 88.601887], [27.095907, 88.601718], [27.095726, 88.601561], [27.09557, 88.601351], [27.09551, 88.601019], [27.095548, 88.600778], [27.095718, 88.600487], [27.095985, 88.600077], [27.096117, 88.599811], [27.096326, 88.599663], [27.096434, 88.599499], [27.096463, 88.599315], [27.096498, 88.599158], [27.09657, 88.599036], [27.096714, 88.598705], [27.096799, 88.598353], [27.096785, 88.598018], [27.096737, 88.597791], [27.096652, 88.597544], [27.096638, 88.597298], [27.096673, 88.597103], [27.096746, 88.59694], [27.096848, 88.59688], [27.096947, 88.596878], [27.097204, 88.596974], [27.097437, 88.597051], [27.097635, 88.597114], [27.09776, 88.597253], [27.097936, 88.597369], [27.098564, 88.59767], [27.099303, 88.597709], [27.099494, 88.597732], [27.099695, 88.597697], [27.099819, 88.597667], [27.099897, 88.597653], [27.099946, 88.597643], [27.099979, 88.597645], [27.10001, 88.597654], [27.100044, 88.597663], [27.100109, 88.597692], [27.100186, 88.59773], [27.100267, 88.597773], [27.100355, 88.597812], [27.10062, 88.597905], [27.101129, 88.598025], [27.101568, 88.598234], [27.101928, 88.598419], [27.102195, 88.598707], [27.102337, 88.59877], [27.102679, 88.598786], [27.103251, 88.598753], [27.103419, 88.598675], [27.103888, 88.598696], [27.103965, 88.598648], [27.104114, 88.598475], [27.104315, 88.598303], [27.104324, 88.598219], [27.104548, 88.59791], [27.10487, 88.597822], [27.105055, 88.597621], [27.105148, 88.597322], [27.105162, 88.597106], [27.10523, 88.597017], [27.10537, 88.596916], [27.105457, 88.596635], [27.105558, 88.596362], [27.105578, 88.595994], [27.105649, 88.595806], [27.106155, 88.595236], [27.106355, 88.595089], [27.106856, 88.594943], [27.106984, 88.594822], [27.107011, 88.594658], [27.106995, 88.594452], [27.106826, 88.594185], [27.106697, 88.594081], [27.106632, 88.593939], [27.106601, 88.593755], [27.106624, 88.5936], [27.106735, 88.593467], [27.106817, 88.593393], [27.10689, 88.593327], [27.106995, 88.593092], [27.107032, 88.592846], [27.106952, 88.592612], [27.106838, 88.592398], [27.10676, 88.592114], [27.106788, 88.591906], [27.106854, 88.591835], [27.106907, 88.591787], [27.106985, 88.591748], [27.107202, 88.591725], [27.107312, 88.591734], [27.107476, 88.591732], [27.107625, 88.591752], [27.107793, 88.591851], [27.107964, 88.591958], [27.108172, 88.59209], [27.108289, 88.592162], [27.108355, 88.592203], [27.108544, 88.592272], [27.108683, 88.592325], [27.108802, 88.592334], [27.109028, 88.592321], [27.109239, 88.592119], [27.109366, 88.591923], [27.10949, 88.591748], [27.109673, 88.591695], [27.109804, 88.591638], [27.109928, 88.591591], [27.110171, 88.591544], [27.110207, 88.591537], [27.110449, 88.591557], [27.111067, 88.591547], [27.111101, 88.591546], [27.111292, 88.591462], [27.111452, 88.591344], [27.111546, 88.591175], [27.111565, 88.590999], [27.111603, 88.590756], [27.111659, 88.590504], [27.111702, 88.590229], [27.11177, 88.589957], [27.111852, 88.589796], [27.111883, 88.589778], [27.111917, 88.589771], [27.111947, 88.589766], [27.111977, 88.589771], [27.112065, 88.589811], [27.112156, 88.589843], [27.112226, 88.589848], [27.112296, 88.589819], [27.112367, 88.589759], [27.112517, 88.589558], [27.112746, 88.58938], [27.112941, 88.589316], [27.113049, 88.589184], [27.113141, 88.589088], [27.113196, 88.588956], [27.113222, 88.588748], [27.113255, 88.588589], [27.113224, 88.588348], [27.113236, 88.588105], [27.113268, 88.587941], [27.113345, 88.587877], [27.113414, 88.587853], [27.113464, 88.587829], [27.113509, 88.587823], [27.11368, 88.587845], [27.113946, 88.58785], [27.114172, 88.587784], [27.114337, 88.587661], [27.114523, 88.587437], [27.114586, 88.587313], [27.114659, 88.58724], [27.114749, 88.587166], [27.11479, 88.587133], [27.114885, 88.587048], [27.115021, 88.586951], [27.115064, 88.586931], [27.115182, 88.586877], [27.115337, 88.586839], [27.115479, 88.586821], [27.115562, 88.5868], [27.115607, 88.586781], [27.115641, 88.586763], [27.115692, 88.586725], [27.115724, 88.586693], [27.115765, 88.586647], [27.115826, 88.586585], [27.116089, 88.586417], [27.116199, 88.586371], [27.116283, 88.586314], [27.116354, 88.586238], [27.116397, 88.586135], [27.116371, 88.585954], [27.116366, 88.585858], [27.116375, 88.585806], [27.11638, 88.585735], [27.116382, 88.585581], [27.116403, 88.585413], [27.116417, 88.585316], [27.116436, 88.585206], [27.11644, 88.585112], [27.116408, 88.584966], [27.116378, 88.584835], [27.11638, 88.58477], [27.116415, 88.584706], [27.116477, 88.584591], [27.116534, 88.584515], [27.116594, 88.584431], [27.116674, 88.584342], [27.116795, 88.584287], [27.116942, 88.584206], [27.117062, 88.584091], [27.117112, 88.584017], [27.117141, 88.583946], [27.117123, 88.583838], [27.117076, 88.583749], [27.11702, 88.583632], [27.116976, 88.583519], [27.116967, 88.583462], [27.116976, 88.583366], [27.117014, 88.58327], [27.117075, 88.583126], [27.117142, 88.582946], [27.117183, 88.582801], [27.117206, 88.582709], [27.117258, 88.582621], [27.117331, 88.582564], [27.117388, 88.582601], [27.117427, 88.582682], [27.11746, 88.582792], [27.117451, 88.582867], [27.117411, 88.583003], [27.117393, 88.583097], [27.117393, 88.58316], [27.117407, 88.583209], [27.117439, 88.583267], [27.11753, 88.583374], [27.117646, 88.583439], [27.11769, 88.583465], [27.117736, 88.583509], [27.117757, 88.583559], [27.117755, 88.583598], [27.117725, 88.58364], [27.117685, 88.58372], [27.117597, 88.583825], [27.117453, 88.583992], [27.11736, 88.584114], [27.117279, 88.584237], [27.117223, 88.584331], [27.117221, 88.584425], [27.117258, 88.584448], [27.117318, 88.584469], [27.117458, 88.584414], [27.117663, 88.584327], [27.117685, 88.584318], [27.117746, 88.5843], [27.11779, 88.5843], [27.117818, 88.584321], [27.117841, 88.584339], [27.117862, 88.584365], [27.11788, 88.584401], [27.11788, 88.584448], [27.117876, 88.584493], [27.117855, 88.584555], [27.117838, 88.58461], [27.117818, 88.584675], [27.117829, 88.584829], [27.117845, 88.584962], [27.117852, 88.585095], [27.117855, 88.585239], [27.117859, 88.585384], [27.117866, 88.585549], [27.117869, 88.58569], [27.117859, 88.585821], [27.117855, 88.585901], [27.117869, 88.585998], [27.117915, 88.586105], [27.117976, 88.586254], [27.118073, 88.586452], [27.118147, 88.586522], [27.118243, 88.586606], [27.118314, 88.586639], [27.118411, 88.58666], [27.118489, 88.58666], [27.118576, 88.586642], [27.11866, 88.586613], [27.118753, 88.586644], [27.118851, 88.586639], [27.118929, 88.586671], [27.119008, 88.586694], [27.119106, 88.586728], [27.119182, 88.586744], [27.119289, 88.58671], [27.119366, 88.586639], [27.119468, 88.586548], [27.119644, 88.586407], [27.119819, 88.586345], [27.119904, 88.586316], [27.119981, 88.586287], [27.120075, 88.586283], [27.120195, 88.586327], [27.120286, 88.586345], [27.120415, 88.586344], [27.120578, 88.586342], [27.120745, 88.586335], [27.12089, 88.586291], [27.121034, 88.586314], [27.121236, 88.586342], [27.121432, 88.586395], [27.121652, 88.586615], [27.121871, 88.586766], [27.122147, 88.586825], [27.123198, 88.586728], [27.124348, 88.587216], [27.125852, 88.587388], [27.126659, 88.587576], [27.127534, 88.588047], [27.127757, 88.588455], [27.127863, 88.588573], [27.128004, 88.58864], [27.128126, 88.588651], [27.128227, 88.588764], [27.128252, 88.588917], [27.128252, 88.589083], [27.128325, 88.589325], [27.128563, 88.58959], [27.12887, 88.589743], [27.129333, 88.589888], [27.129553, 88.590016], [27.129786, 88.590017], [27.129923, 88.590073], [27.130024, 88.590172], [27.130095, 88.590362], [27.130124, 88.590652], [27.13023, 88.590848], [27.130401, 88.591049], [27.130613, 88.59117], [27.131114, 88.591392], [27.131467, 88.591663], [27.131569, 88.591849], [27.131678, 88.592079], [27.131765, 88.592217], [27.131846, 88.592329], [27.131939, 88.592417], [27.132036, 88.592528], [27.132159, 88.592687], [27.132252, 88.592806], [27.132354, 88.592927], [27.132457, 88.593022], [27.132568, 88.593157], [27.132893, 88.593576], [27.13314, 88.593972], [27.133212, 88.594127], [27.133278, 88.594242], [27.133329, 88.594333], [27.133383, 88.594415], [27.133537, 88.59454], [27.13366, 88.594607], [27.133756, 88.594641], [27.133937, 88.594671], [27.134385, 88.594712], [27.134568, 88.594769], [27.134701, 88.594813], [27.134899, 88.594881], [27.134999, 88.594959], [27.13509, 88.595126], [27.135201, 88.595263], [27.1353, 88.595365], [27.135424, 88.59547], [27.135509, 88.595521], [27.135585, 88.595533], [27.135696, 88.595506], [27.135781, 88.595479], [27.13585, 88.595469], [27.135937, 88.595466], [27.135976, 88.595506], [27.13602, 88.595567], [27.136044, 88.595652], [27.136069, 88.595983], [27.136093, 88.596091], [27.13613, 88.596182], [27.13618, 88.596261], [27.136243, 88.596332], [27.136279, 88.596361], [27.136316, 88.596377], [27.136396, 88.596376], [27.136498, 88.596342], [27.136647, 88.596274], [27.136714, 88.596203], [27.136747, 88.596178], [27.13679, 88.59617], [27.136826, 88.596211], [27.136832, 88.596242], [27.136781, 88.596507], [27.136764, 88.596626], [27.136796, 88.596688], [27.136853, 88.596732], [27.136925, 88.596745], [27.137005, 88.596744], [27.137063, 88.596745], [27.137097, 88.596761], [27.137139, 88.596802], [27.137158, 88.596985], [27.137159, 88.597126], [27.137179, 88.59733], [27.137211, 88.59749], [27.137281, 88.597719], [27.137319, 88.597799], [27.137529, 88.598154], [27.13774, 88.598597], [27.137785, 88.598714], [27.137787, 88.598777], [27.13778, 88.598819], [27.137755, 88.598845], [27.137708, 88.59885], [27.137668, 88.59883], [27.137621, 88.598721], [27.137586, 88.598633], [27.137552, 88.598565], [27.137489, 88.598508], [27.137444, 88.598464], [27.137336, 88.598386], [27.137279, 88.598376], [27.137161, 88.598363], [27.137071, 88.598369], [27.137032, 88.59842], [27.137029, 88.598461], [27.137074, 88.598569], [27.137222, 88.598809], [27.137372, 88.599045], [27.13742, 88.599184], [27.137517, 88.59951], [27.137565, 88.599907], [27.13754, 88.60009], [27.137513, 88.600205], [27.137513, 88.600283], [27.137546, 88.600367], [27.137616, 88.600435], [27.137748, 88.600509], [27.137844, 88.600553], [27.13801, 88.600634], [27.138154, 88.600732], [27.138238, 88.600813], [27.138317, 88.600908], [27.138476, 88.601067], [27.138714, 88.601172], [27.139165, 88.601401], [27.139369, 88.60152], [27.139505, 88.601587], [27.139625, 88.601621], [27.13976, 88.601665], [27.139938, 88.601702], [27.140323, 88.6018], [27.140506, 88.601885], [27.14069, 88.601962], [27.140939, 88.602077], [27.141087, 88.602159], [27.141373, 88.602304], [27.141505, 88.602449], [27.141586, 88.602507], [27.141967, 88.602707], [27.142232, 88.602896], [27.1424, 88.603001], [27.142626, 88.603099], [27.143083, 88.603214], [27.143234, 88.603302], [27.143381, 88.60346], [27.143471, 88.603504], [27.143667, 88.603599], [27.143751, 88.603802], [27.143811, 88.603988], [27.143838, 88.604123], [27.143889, 88.604231], [27.143952, 88.604333], [27.143985, 88.60441], [27.144196, 88.604616], [27.144241, 88.604667], [27.144509, 88.604819], [27.144638, 88.604769], [27.144746, 88.604738], [27.144792, 88.604731], [27.144852, 88.604823], [27.144906, 88.604927], [27.14496, 88.605174], [27.14502, 88.605431], [27.145192, 88.605536], [27.145402, 88.605489], [27.145589, 88.605485], [27.145703, 88.605519], [27.14588, 88.60557], [27.146019, 88.605614], [27.146241, 88.605674], [27.146638, 88.605735], [27.146798, 88.605773], [27.146924, 88.605816], [27.147035, 88.60585], [27.147168, 88.605894], [27.147273, 88.605958], [27.147339, 88.60604], [27.14739, 88.606144], [27.147414, 88.606215], [27.147432, 88.606286], [27.147447, 88.606317], [27.14755, 88.606506], [27.147727, 88.606645], [27.147896, 88.606763], [27.14807, 88.606783], [27.148169, 88.60677], [27.148248, 88.606783], [27.148371, 88.606834], [27.148669, 88.606885], [27.14878, 88.606949], [27.148855, 88.607074], [27.148951, 88.607338], [27.149033, 88.607503], [27.14912, 88.607682], [27.149186, 88.607767], [27.149267, 88.607841], [27.149345, 88.607885], [27.149457, 88.607919], [27.149514, 88.607926], [27.149646, 88.607912], [27.149799, 88.607889], [27.149945, 88.607909], [27.150126, 88.607942], [27.150242, 88.607967], [27.150328, 88.607992], [27.150435, 88.608061], [27.150483, 88.60814], [27.150529, 88.60828], [27.150613, 88.608466], [27.150672, 88.608645], [27.15081, 88.60897], [27.150874, 88.609103], [27.150977, 88.609228], [27.151108, 88.609342], [27.15121, 88.609423], [27.151349, 88.609504], [27.151466, 88.609595], [27.151595, 88.6097], [27.151824, 88.609771], [27.151938, 88.609819], [27.152025, 88.609876], [27.152137, 88.609961], [27.152266, 88.610042], [27.152335, 88.610072], [27.152422, 88.610038], [27.15257, 88.609981], [27.152645, 88.60994], [27.152692, 88.609929], [27.152732, 88.609937], [27.152762, 88.609953], [27.152794, 88.610004], [27.152858, 88.610069], [27.152913, 88.610102], [27.153162, 88.610319], [27.153316, 88.610461], [27.1534, 88.610549], [27.153475, 88.610626], [27.153553, 88.610664], [27.153701, 88.610708], [27.153854, 88.610735], [27.154007, 88.610758], [27.154128, 88.610843], [27.154293, 88.610944], [27.154362, 88.611002], [27.154485, 88.611147], [27.1546, 88.611434], [27.154681, 88.611671], [27.154774, 88.611901], [27.154922, 88.612222], [27.155081, 88.612448], [27.155147, 88.612539], [27.155234, 88.612603], [27.155315, 88.612646], [27.155576, 88.612818], [27.155668, 88.612846], [27.155737, 88.612857], [27.155789, 88.612859], [27.155832, 88.612854], [27.155899, 88.612838], [27.155961, 88.612821], [27.15599, 88.612821], [27.156013, 88.612827], [27.15604, 88.612845], [27.15606, 88.612865], [27.15609, 88.612922], [27.156117, 88.612978], [27.156149, 88.613059], [27.156186, 88.613137], [27.156249, 88.613221], [27.156311, 88.613282], [27.156369, 88.61333], [27.156429, 88.613366], [27.156478, 88.613387], [27.156555, 88.613398], [27.156692, 88.613388], [27.156848, 88.613333], [27.156937, 88.613323], [27.15699, 88.613317], [27.15711, 88.61333], [27.157248, 88.613394], [27.157354, 88.613479], [27.157441, 88.61357], [27.157534, 88.613651], [27.157591, 88.613712], [27.157651, 88.61379], [27.157742, 88.613884], [27.157838, 88.613911], [27.157961, 88.613942], [27.158066, 88.613989], [27.158181, 88.614057], [27.158268, 88.614108], [27.158494, 88.614631], [27.15856, 88.61477], [27.158626, 88.614831], [27.158698, 88.614868], [27.158818, 88.614932], [27.158936, 88.614969], [27.158987, 88.615003], [27.159068, 88.615098], [27.159161, 88.615196], [27.159444, 88.61546], [27.159606, 88.615602], [27.159697, 88.615747], [27.159779, 88.615801], [27.159832, 88.615828], [27.159922, 88.615865], [27.160148, 88.615926], [27.160373, 88.616011], [27.160686, 88.616183], [27.160821, 88.616372], [27.160851, 88.616467], [27.160907, 88.616528], [27.160987, 88.616622], [27.161053, 88.616673], [27.161128, 88.616727], [27.161209, 88.616785], [27.16123, 88.616913], [27.161185, 88.616991], [27.161101, 88.617035], [27.16105, 88.617011], [27.160984, 88.616984], [27.160915, 88.616923], [27.160854, 88.616869], [27.160794, 88.616788], [27.160734, 88.61672], [27.16065, 88.616619], [27.160457, 88.616406], [27.160337, 88.616335], [27.160265, 88.616305], [27.160172, 88.616271], [27.159616, 88.616188], [27.159494, 88.616156], [27.159282, 88.616131], [27.159177, 88.616127], [27.159038, 88.616104], [27.15895, 88.616034], [27.158828, 88.615872], [27.158704, 88.615748], [27.158604, 88.615729], [27.158532, 88.615727], [27.158472, 88.615752], [27.158419, 88.615786], [27.158338, 88.615889], [27.158348, 88.615957], [27.15838, 88.616053], [27.158425, 88.616131], [27.158446, 88.616175], [27.15879, 88.616226], [27.158947, 88.616361], [27.159068, 88.616491], [27.159312, 88.616563], [27.159452, 88.616617], [27.15957, 88.616633], [27.159742, 88.616718], [27.159846, 88.616762], [27.159949, 88.616862], [27.160033, 88.616912], [27.160068, 88.616987], [27.160095, 88.617073], [27.160112, 88.617173], [27.160138, 88.61727], [27.160166, 88.617393], [27.160199, 88.617507], [27.160226, 88.617616], [27.160259, 88.617724], [27.160341, 88.617802], [27.160434, 88.617856], [27.160509, 88.61791], [27.160695, 88.617964], [27.160846, 88.617991], [27.16093, 88.618018], [27.161138, 88.618146], [27.161243, 88.618258], [27.161312, 88.618352], [27.161414, 88.618447], [27.161453, 88.618488], [27.16156, 88.618573], [27.16191, 88.618883], [27.162142, 88.619252], [27.162199, 88.619407], [27.162237, 88.619491], [27.162361, 88.619635], [27.162436, 88.619731], [27.162621, 88.619925], [27.162726, 88.620039], [27.162721, 88.620106], [27.1627, 88.620214], [27.162566, 88.620288], [27.162404, 88.620231], [27.162208, 88.620087], [27.161926, 88.619664], [27.161661, 88.61929], [27.161323, 88.618943], [27.161185, 88.61885], [27.160926, 88.618838], [27.160716, 88.618792], [27.160324, 88.618778], [27.160072, 88.61881], [27.159769, 88.618753], [27.159258, 88.618572], [27.159144, 88.618547], [27.159085, 88.618538], [27.159021, 88.618564], [27.158973, 88.618605], [27.158933, 88.618672], [27.158919, 88.618723], [27.158924, 88.618769], [27.158963, 88.618826], [27.159006, 88.618861], [27.159104, 88.618882], [27.159387, 88.618933], [27.159975, 88.619125], [27.160172, 88.619146], [27.160476, 88.619149], [27.160806, 88.619277], [27.161122, 88.619474], [27.161365, 88.619795], [27.161717, 88.620486], [27.161973, 88.620928], [27.162278, 88.621125], [27.162319, 88.621226], [27.162306, 88.621292], [27.162255, 88.621337], [27.162171, 88.621366], [27.162116, 88.621361], [27.162053, 88.621331], [27.161963, 88.621272], [27.161798, 88.621157], [27.161605, 88.620964], [27.161431, 88.620676], [27.161285, 88.620375], [27.16111, 88.620179], [27.160963, 88.620082], [27.160829, 88.620096], [27.160673, 88.620163], [27.160603, 88.620309], [27.16057, 88.620545], [27.160687, 88.620769], [27.161063, 88.621095], [27.161214, 88.621217], [27.161324, 88.621291], [27.161432, 88.621294], [27.161645, 88.621356], [27.161943, 88.621566], [27.162105, 88.621796], [27.162216, 88.621892], [27.162447, 88.62195], [27.162684, 88.621915], [27.162918, 88.621853], [27.16301, 88.621817], [27.163072, 88.621858], [27.163104, 88.621934], [27.163073, 88.622033], [27.162951, 88.622084], [27.162742, 88.622108], [27.162585, 88.622157], [27.16237, 88.622286], [27.162233, 88.622382], [27.16202, 88.622353], [27.161849, 88.62219], [27.161729, 88.622055], [27.161622, 88.621996], [27.161467, 88.621923], [27.161359, 88.621935], [27.161285, 88.622027], [27.161268, 88.622199], [27.161293, 88.622335], [27.161328, 88.622603], [27.161292, 88.622719], [27.161193, 88.622741], [27.161098, 88.622686], [27.161019, 88.622572], [27.161016, 88.622505], [27.161028, 88.622412], [27.161028, 88.622254], [27.161007, 88.62221], [27.16097, 88.622184], [27.160879, 88.622149], [27.160772, 88.622113], [27.160601, 88.622123], [27.160251, 88.622151], [27.159986, 88.622132], [27.159738, 88.622113], [27.159568, 88.621998], [27.159345, 88.621814], [27.159165, 88.621597], [27.159046, 88.621498], [27.158978, 88.621479], [27.158858, 88.621479], [27.158773, 88.621556], [27.158782, 88.621633], [27.158816, 88.621815], [27.158866, 88.621868], [27.158926, 88.621914], [27.159175, 88.622094], [27.159405, 88.622334], [27.159662, 88.622411], [27.159978, 88.622449], [27.160174, 88.622535], [27.160405, 88.622651], [27.160705, 88.622916], [27.160839, 88.623137], [27.160924, 88.623441], [27.160958, 88.623633], [27.160985, 88.62375], [27.161098, 88.623879], [27.161237, 88.623943], [27.1614, 88.623967], [27.161592, 88.623892], [27.161712, 88.62384], [27.161755, 88.623826], [27.161793, 88.62384], [27.16181, 88.623893], [27.161803, 88.623984], [27.161712, 88.624033], [27.161431, 88.624132], [27.161195, 88.624163], [27.160934, 88.624031], [27.160642, 88.623681], [27.160388, 88.623515], [27.159987, 88.623468], [27.159738, 88.623505], [27.159683, 88.62354], [27.159636, 88.623601], [27.15964, 88.623677], [27.159698, 88.623716], [27.159801, 88.623743], [27.159896, 88.62374], [27.160217, 88.623726], [27.160321, 88.623734], [27.160419, 88.623782], [27.160604, 88.62396], [27.160802, 88.624173], [27.160943, 88.624389], [27.161, 88.624629], [27.161074, 88.624736], [27.161229, 88.624853], [27.161282, 88.624932], [27.161292, 88.625021], [27.161248, 88.625109], [27.161148, 88.62516], [27.161093, 88.625139], [27.161042, 88.625092], [27.160935, 88.624974], [27.160832, 88.624744], [27.160755, 88.62459], [27.160601, 88.624446], [27.160456, 88.624293], [27.160251, 88.624235], [27.160045, 88.624309], [27.159925, 88.624397], [27.159894, 88.62451], [27.159884, 88.624623], [27.159851, 88.624765], [27.159815, 88.624888], [27.159834, 88.624935], [27.159872, 88.624967], [27.159991, 88.624968], [27.160157, 88.624932], [27.160327, 88.624972], [27.160499, 88.62508], [27.160655, 88.625334], [27.160692, 88.625403], [27.160704, 88.625466], [27.160687, 88.625541], [27.160645, 88.625573], [27.160597, 88.625554], [27.16056, 88.625497], [27.160477, 88.625405], [27.160407, 88.62537], [27.160305, 88.625287], [27.160098, 88.6253], [27.159997, 88.625349], [27.159802, 88.625456], [27.159639, 88.625456], [27.159517, 88.625419], [27.159381, 88.625267], [27.15926, 88.624914], [27.158991, 88.624523], [27.158887, 88.624461], [27.158739, 88.624437], [27.158594, 88.624523], [27.15844, 88.624581], [27.158269, 88.624619], [27.158103, 88.624583], [27.157901, 88.624571], [27.157773, 88.62459], [27.157671, 88.624677], [27.157691, 88.624789], [27.157808, 88.624856], [27.158047, 88.624888], [27.158346, 88.624907], [27.158619, 88.624898], [27.158696, 88.624888], [27.158819, 88.62492], [27.158951, 88.625076], [27.158997, 88.625156], [27.158997, 88.625256], [27.158988, 88.625499], [27.15913, 88.625892], [27.159362, 88.626012], [27.15961, 88.625992], [27.159884, 88.625983], [27.160072, 88.62606], [27.160251, 88.626271], [27.160396, 88.626607], [27.160566, 88.626784], [27.160688, 88.626976], [27.160758, 88.627155], [27.160808, 88.627298], [27.160895, 88.627409], [27.160963, 88.627522], [27.160949, 88.627583], [27.160904, 88.627631], [27.160853, 88.627636], [27.160795, 88.627583], [27.160747, 88.62749], [27.160678, 88.627322], [27.160533, 88.627202], [27.160379, 88.627116], [27.160242, 88.627001], [27.160149, 88.626857], [27.16008, 88.626693], [27.159969, 88.626607], [27.159852, 88.626609], [27.159694, 88.626621], [27.159519, 88.62662], [27.159303, 88.62654], [27.159183, 88.626497], [27.159103, 88.626482], [27.159012, 88.626501], [27.158959, 88.626549], [27.158941, 88.626588], [27.158943, 88.626656], [27.158982, 88.626724], [27.159037, 88.626769], [27.159077, 88.626805], [27.159177, 88.626852], [27.159311, 88.626914], [27.159499, 88.626981], [27.159653, 88.627029], [27.159926, 88.62725], [27.160097, 88.627442], [27.160277, 88.627654], [27.160413, 88.627971], [27.160449, 88.628362], [27.160464, 88.628485], [27.160513, 88.628528], [27.160564, 88.628548], [27.160712, 88.628499], [27.160878, 88.628501], [27.161219, 88.628684], [27.161422, 88.628787], [27.161575, 88.628777], [27.161722, 88.62847], [27.161738, 88.628192], [27.161695, 88.627865], [27.161678, 88.6275], [27.161772, 88.626914], [27.162062, 88.626492], [27.162284, 88.62629], [27.162502, 88.62622], [27.162738, 88.626217], [27.162917, 88.626213], [27.163207, 88.626184], [27.163463, 88.626069], [27.163677, 88.625858], [27.16401, 88.625541], [27.164369, 88.625023], [27.164745, 88.624667], [27.165064, 88.62445], [27.165214, 88.624373], [27.165354, 88.624322], [27.165463, 88.624322], [27.165552, 88.624308], [27.165638, 88.624261], [27.165745, 88.624129], [27.166001, 88.623793], [27.166172, 88.623544], [27.166368, 88.623448], [27.166667, 88.623419], [27.166847, 88.623428], [27.167026, 88.623486], [27.167253, 88.623439], [27.167658, 88.623332], [27.16788, 88.623256], [27.167897, 88.623251], [27.167914, 88.623256], [27.167938, 88.623268], [27.167958, 88.6233], [27.167964, 88.623331], [27.167954, 88.623358], [27.167718, 88.623573], [27.167557, 88.623709], [27.167425, 88.623845], [27.167422, 88.623863], [27.167425, 88.623881], [27.167432, 88.623908], [27.167446, 88.623931], [27.167465, 88.62395], [27.167493, 88.623958], [27.167519, 88.62396], [27.167803, 88.623936], [27.16829, 88.623822], [27.168555, 88.623774], [27.168858, 88.623773], [27.168974, 88.623783], [27.169068, 88.623813], [27.16958, 88.624149], [27.169935, 88.624438], [27.170088, 88.624511], [27.170275, 88.624577], [27.170436, 88.624678], [27.170473, 88.624778], [27.170452, 88.624898], [27.170332, 88.624974], [27.170127, 88.62484], [27.169905, 88.624763], [27.169719, 88.6247], [27.169549, 88.624564], [27.169324, 88.62437], [27.168982, 88.624101], [27.168589, 88.624129], [27.168162, 88.624129], [27.167838, 88.624158], [27.167553, 88.624233], [27.16741, 88.624254], [27.167202, 88.624209], [27.167094, 88.62419], [27.167007, 88.624215], [27.166681, 88.624435], [27.166445, 88.624744], [27.166129, 88.625099], [27.165907, 88.625551], [27.165821, 88.625714], [27.165709, 88.62582], [27.165394, 88.625973], [27.165155, 88.626088], [27.165065, 88.626156], [27.164984, 88.626309], [27.165, 88.626376], [27.165035, 88.626424], [27.165129, 88.626453], [27.165351, 88.626277], [27.165512, 88.626225], [27.165676, 88.626165], [27.165847, 88.62604], [27.166001, 88.62581], [27.166214, 88.625589], [27.166419, 88.625522], [27.166607, 88.625445], [27.166864, 88.625263], [27.167188, 88.625243], [27.167436, 88.625234], [27.167583, 88.625248], [27.167718, 88.625224], [27.167966, 88.625176], [27.168187, 88.625259], [27.168394, 88.625346], [27.168578, 88.625456], [27.168697, 88.625548], [27.168733, 88.625619], [27.168735, 88.625704], [27.168666, 88.6258], [27.168487, 88.625806], [27.168369, 88.625736], [27.168243, 88.625668], [27.168191, 88.625654], [27.168138, 88.625664], [27.168064, 88.625698], [27.167932, 88.625781], [27.167709, 88.626031], [27.167581, 88.626079], [27.167342, 88.626117], [27.167129, 88.626127], [27.167026, 88.626079], [27.166872, 88.62604], [27.166761, 88.626117], [27.16659, 88.626309], [27.166368, 88.626655], [27.16612, 88.626905], [27.16605, 88.627055], [27.16579, 88.627402], [27.165726, 88.627614], [27.165744, 88.627855], [27.165771, 88.628162], [27.165595, 88.628916], [27.165554, 88.629218], [27.165618, 88.629393], [27.16573, 88.629548], [27.165741, 88.629686], [27.165687, 88.629802], [27.165426, 88.630021], [27.165272, 88.630203], [27.165181, 88.630489], [27.165167, 88.630668], [27.16513, 88.630781], [27.165076, 88.630824], [27.165013, 88.630854], [27.164858, 88.63088], [27.164258, 88.631009], [27.163963, 88.630946], [27.163693, 88.630711], [27.163341, 88.630705], [27.162941, 88.630807], [27.162808, 88.630945], [27.162573, 88.631377], [27.162461, 88.631664], [27.162408, 88.63176], [27.162162, 88.631814], [27.161928, 88.63182], [27.161501, 88.631676], [27.161192, 88.631658], [27.160738, 88.631892], [27.16044, 88.632204], [27.160339, 88.632557], [27.160328, 88.632863], [27.160226, 88.63321], [27.160119, 88.633402], [27.160071, 88.633511], [27.160013, 88.63363], [27.159795, 88.633768], [27.159645, 88.634008], [27.159565, 88.634308], [27.159411, 88.634439], [27.15924, 88.634498], [27.159055, 88.634458], [27.15884, 88.634248], [27.158605, 88.634101], [27.158301, 88.633762], [27.157971, 88.63354], [27.157619, 88.633468], [27.157496, 88.633414], [27.157352, 88.633379], [27.157251, 88.633223], [27.157091, 88.633013], [27.156883, 88.632863], [27.156622, 88.632779], [27.156392, 88.632581], [27.156232, 88.632521], [27.156083, 88.632593], [27.155934, 88.632809], [27.15571, 88.633133], [27.155454, 88.633367], [27.155251, 88.633397], [27.155027, 88.633462], [27.154915, 88.633564], [27.154744, 88.633618], [27.154376, 88.6336], [27.153822, 88.633402], [27.153454, 88.633013], [27.153171, 88.632719], [27.152841, 88.632569], [27.15259, 88.632533], [27.152329, 88.632617], [27.152035, 88.632907], [27.15194, 88.632972], [27.151791, 88.632997], [27.151497, 88.632995], [27.151309, 88.632969], [27.15107, 88.632889], [27.150956, 88.632841], [27.150874, 88.632819], [27.150793, 88.63282], [27.150763, 88.632839], [27.150737, 88.632891], [27.150735, 88.632939], [27.15081, 88.633009], [27.150948, 88.633095], [27.151091, 88.633145], [27.151368, 88.633156], [27.15146, 88.633177], [27.151546, 88.633196], [27.151575, 88.63324], [27.151566, 88.633301], [27.15147, 88.633337], [27.151358, 88.633349], [27.151139, 88.633277], [27.151001, 88.633217], [27.150942, 88.633188], [27.150869, 88.63318], [27.150843, 88.633211], [27.150832, 88.633247], [27.150863, 88.633313], [27.150926, 88.63336], [27.151134, 88.633486], [27.151369, 88.633492], [27.151539, 88.633576], [27.151763, 88.633528], [27.152003, 88.633444], [27.152179, 88.633438], [27.152414, 88.633558], [27.152659, 88.633882], [27.153246, 88.634595], [27.15339, 88.634757], [27.153664, 88.63488], [27.154227, 88.634805], [27.154899, 88.634625], [27.155203, 88.634565], [27.155368, 88.634625], [27.155486, 88.634655], [27.155656, 88.634595], [27.155763, 88.634505], [27.155848, 88.634491], [27.155902, 88.634505], [27.15602, 88.634572], [27.156115, 88.634661], [27.156522, 88.635277], [27.156702, 88.635446], [27.156856, 88.635536], [27.157038, 88.635554], [27.157112, 88.63553], [27.157256, 88.635596], [27.157533, 88.635596], [27.157741, 88.635614], [27.157952, 88.635602], [27.158126, 88.635646], [27.158253, 88.635704], [27.158429, 88.635824], [27.158753, 88.636137], [27.158935, 88.636282], [27.159121, 88.636341], [27.159331, 88.636303], [27.159469, 88.636213], [27.159672, 88.63613], [27.159854, 88.635978], [27.159895, 88.635916], [27.159928, 88.635872], [27.159975, 88.635849], [27.160024, 88.635847], [27.160042, 88.635857], [27.16005, 88.635881], [27.160055, 88.635921], [27.160023, 88.635979], [27.159928, 88.63607], [27.159876, 88.636124], [27.159868, 88.636156], [27.159867, 88.636183], [27.159874, 88.636209], [27.159886, 88.636228], [27.159916, 88.636254], [27.159982, 88.636242], [27.160071, 88.636209], [27.160141, 88.636165], [27.160717, 88.63583], [27.160764, 88.635804], [27.160946, 88.63571], [27.160978, 88.635698], [27.161005, 88.635697], [27.161037, 88.635716], [27.161064, 88.635764], [27.161072, 88.635819], [27.161042, 88.63586], [27.160995, 88.63591], [27.160893, 88.635968], [27.160733, 88.636052], [27.160543, 88.63623], [27.160397, 88.636447], [27.16035, 88.636544], [27.160051, 88.636711], [27.1598, 88.636729], [27.159647, 88.636774], [27.159472, 88.636793], [27.159431, 88.636797], [27.159395, 88.636831], [27.159389, 88.636878], [27.1594, 88.636921], [27.159469, 88.636951], [27.159832, 88.636999], [27.159981, 88.637053], [27.160088, 88.637023], [27.160653, 88.636801], [27.160877, 88.636681], [27.16117, 88.636621], [27.16148, 88.636489], [27.161864, 88.636423], [27.162056, 88.636477], [27.162298, 88.636549], [27.162532, 88.636538], [27.163213, 88.636213], [27.163479, 88.636106], [27.163687, 88.636082], [27.163853, 88.636094], [27.164071, 88.636202], [27.164258, 88.636219], [27.16445, 88.636225], [27.164573, 88.636148], [27.164786, 88.635974], [27.165199, 88.635632], [27.165442, 88.635417], [27.165533, 88.635367], [27.165577, 88.635349], [27.165618, 88.635344], [27.165677, 88.635371], [27.165724, 88.635416], [27.165964, 88.635854], [27.166039, 88.635914], [27.166311, 88.636004], [27.167052, 88.635908], [27.167361, 88.635548], [27.167607, 88.63535], [27.167964, 88.635308], [27.168049, 88.63529], [27.168263, 88.635428], [27.168471, 88.63577], [27.168508, 88.63613], [27.168503, 88.636573], [27.168545, 88.636951], [27.168641, 88.637172], [27.168798, 88.637458], [27.168929, 88.637634], [27.169212, 88.6377], [27.169452, 88.637688], [27.169766, 88.637442], [27.169969, 88.637035], [27.170161, 88.636777], [27.170481, 88.636519], [27.170737, 88.636507], [27.170977, 88.636603], [27.171291, 88.636879], [27.171643, 88.637214], [27.171738, 88.637227], [27.171814, 88.637208], [27.171865, 88.637167], [27.171894, 88.637101], [27.171963, 88.636801], [27.172097, 88.636585], [27.172406, 88.636357], [27.172982, 88.636022], [27.173152, 88.635842], [27.173301, 88.635697], [27.173468, 88.635604], [27.173627, 88.635554], [27.173937, 88.635454], [27.174107, 88.63535], [27.17432, 88.635075], [27.174477, 88.634912], [27.174555, 88.634805], [27.174665, 88.634715], [27.174735, 88.634682], [27.174822, 88.634631], [27.174956, 88.634562], [27.175136, 88.634403], [27.175488, 88.634158], [27.175717, 88.633984], [27.175946, 88.633786], [27.176255, 88.633402], [27.17641, 88.633121], [27.176394, 88.632659], [27.176453, 88.632366], [27.176677, 88.631983], [27.176734, 88.63194], [27.176804, 88.631918], [27.176922, 88.631934], [27.177101, 88.631941], [27.17729, 88.631874], [27.177407, 88.631796], [27.177574, 88.631675], [27.177679, 88.63161], [27.178015, 88.631263], [27.178426, 88.630987], [27.178692, 88.630843], [27.179177, 88.630358], [27.179321, 88.630292], [27.179375, 88.630316], [27.179419, 88.63038], [27.179425, 88.630461], [27.179407, 88.630538], [27.179311, 88.630615], [27.179151, 88.630741], [27.178996, 88.630951], [27.178799, 88.631209], [27.178538, 88.631538], [27.178271, 88.631736], [27.178058, 88.631904], [27.17786, 88.632036], [27.177658, 88.632198], [27.177445, 88.632336], [27.177343, 88.632509], [27.177322, 88.632893], [27.177173, 88.633229], [27.176959, 88.634026], [27.17689, 88.634314], [27.176933, 88.634493], [27.17694, 88.63458], [27.176928, 88.634657], [27.176826, 88.634913], [27.176662, 88.635093], [27.176641, 88.635165], [27.176642, 88.635237], [27.176655, 88.63544], [27.176618, 88.635656], [27.176383, 88.63589], [27.175962, 88.635956], [27.175749, 88.636004], [27.175525, 88.636034], [27.175413, 88.63613], [27.17537, 88.636213], [27.175357, 88.636295], [27.175359, 88.636379], [27.175408, 88.636507], [27.17544, 88.636621], [27.175472, 88.636783], [27.175498, 88.636849], [27.17548, 88.636933], [27.17544, 88.636999], [27.175317, 88.637077], [27.175157, 88.637262], [27.175002, 88.63752], [27.174827, 88.63764], [27.174635, 88.637736], [27.174579, 88.637791], [27.174528, 88.637868], [27.17448, 88.638054], [27.174379, 88.638245], [27.174272, 88.638365], [27.174181, 88.638527], [27.174133, 88.638755], [27.174053, 88.639048], [27.174016, 88.639288], [27.174032, 88.639708], [27.174054, 88.639911], [27.174016, 88.640055], [27.173899, 88.640151], [27.173744, 88.640223], [27.17367, 88.640231], [27.173555, 88.640248], [27.173392, 88.640313], [27.173126, 88.640475], [27.172864, 88.640721], [27.17272, 88.640835], [27.172539, 88.641002], [27.172319, 88.641073], [27.172107, 88.641122], [27.17159, 88.641074], [27.171443, 88.641054], [27.171379, 88.641068], [27.171336, 88.64112], [27.171314, 88.641184], [27.17132, 88.641255], [27.171371, 88.641302], [27.171606, 88.64135], [27.172065, 88.641338], [27.172422, 88.64135], [27.172832, 88.641212], [27.173174, 88.64096], [27.173605, 88.640763], [27.173995, 88.640715], [27.174245, 88.640787], [27.174347, 88.640733], [27.174512, 88.640499], [27.174725, 88.640343], [27.174811, 88.640211], [27.174832, 88.639852], [27.174805, 88.63963], [27.174843, 88.639402], [27.175029, 88.639252], [27.175381, 88.639162], [27.175888, 88.639024], [27.176224, 88.638869], [27.176426, 88.638629], [27.176837, 88.638599], [27.176997, 88.638533], [27.177132, 88.638436], [27.177166, 88.638367], [27.177169, 88.638289], [27.177206, 88.638149], [27.177263, 88.638036], [27.177346, 88.638012], [27.177429, 88.638018], [27.177604, 88.638089], [27.177759, 88.63806], [27.177844, 88.637934], [27.17786, 88.637778], [27.177839, 88.637538], [27.177951, 88.637292], [27.1781, 88.636825], [27.178362, 88.636537], [27.178623, 88.636363], [27.178788, 88.636118], [27.178985, 88.63577], [27.179049, 88.635452], [27.179055, 88.635087], [27.179028, 88.634613], [27.179007, 88.634284], [27.179012, 88.634199], [27.179049, 88.634128], [27.179121, 88.634082], [27.179269, 88.634067], [27.17958, 88.634072], [27.1799, 88.634138], [27.18048, 88.634192], [27.18049, 88.63427], [27.180482, 88.634337], [27.180446, 88.634382], [27.180393, 88.634396], [27.18014, 88.634463], [27.180047, 88.63452], [27.179976, 88.634585], [27.17987, 88.634703], [27.179796, 88.634751], [27.179759, 88.634812], [27.179755, 88.634867], [27.179769, 88.634919], [27.179839, 88.635374], [27.179918, 88.635728], [27.180004, 88.635944], [27.179972, 88.636243], [27.17986, 88.636633], [27.179657, 88.636951], [27.179561, 88.637304], [27.179492, 88.6374], [27.179449, 88.637451], [27.179391, 88.63752], [27.179188, 88.637706], [27.179065, 88.63788], [27.178959, 88.638161], [27.178868, 88.638581], [27.178905, 88.638897], [27.178936, 88.639013], [27.17893, 88.639087], [27.178887, 88.639136], [27.178833, 88.639159], [27.178655, 88.639216], [27.178415, 88.639342], [27.17825, 88.639594], [27.178186, 88.639948], [27.178116, 88.640169], [27.178084, 88.640247], [27.177978, 88.640313], [27.177796, 88.640355], [27.177719, 88.640451], [27.177708, 88.640673], [27.177687, 88.640957], [27.177679, 88.64117], [27.177636, 88.641425], [27.177586, 88.641623], [27.177519, 88.641795], [27.177458, 88.641997], [27.177463, 88.642156], [27.17747, 88.642287], [27.17745, 88.642375], [27.177389, 88.642435], [27.177279, 88.642486], [27.177103, 88.642579], [27.176949, 88.642693], [27.176831, 88.642812], [27.176703, 88.64298], [27.176578, 88.643067], [27.176341, 88.643184], [27.176201, 88.643287], [27.176109, 88.643376], [27.175917, 88.643623], [27.175424, 88.643999], [27.175208, 88.644128], [27.174989, 88.644326], [27.17482, 88.644585], [27.174661, 88.644694], [27.174424, 88.644782], [27.174326, 88.644835], [27.17447, 88.644902], [27.174651, 88.644978], [27.174727, 88.645027], [27.174739, 88.64509], [27.174726, 88.645141], [27.174679, 88.645171], [27.174616, 88.645219], [27.174496, 88.645318], [27.174315, 88.645486], [27.174299, 88.645575], [27.174197, 88.645725], [27.173768, 88.645916], [27.173692, 88.645908], [27.173477, 88.645715], [27.173377, 88.645726], [27.173281, 88.645758], [27.17321, 88.645852], [27.173172, 88.645932], [27.173125, 88.646019], [27.172958, 88.646516], [27.17291, 88.646709], [27.172942, 88.647029], [27.172878, 88.647291], [27.172725, 88.647521], [27.172534, 88.647692], [27.172385, 88.648219], [27.172146, 88.648863], [27.17211, 88.649071], [27.172127, 88.649213], [27.172224, 88.649424], [27.172282, 88.649602], [27.172237, 88.650038], [27.172135, 88.650383], [27.172142, 88.650451], [27.172157, 88.650505], [27.172187, 88.650531], [27.172226, 88.650544], [27.172278, 88.650536], [27.172315, 88.650522], [27.172337, 88.650512], [27.172417, 88.650463], [27.172489, 88.650425], [27.172525, 88.650434], [27.172539, 88.650476], [27.17253, 88.650514], [27.172491, 88.65055], [27.172441, 88.650585], [27.172318, 88.650712], [27.172201, 88.650868], [27.172139, 88.651039], [27.172152, 88.651294], [27.172146, 88.651545], [27.172149, 88.651796], [27.172117, 88.652262], [27.172052, 88.652666], [27.171955, 88.653048], [27.171923, 88.653201], [27.171932, 88.653346], [27.171945, 88.653524], [27.171897, 88.653761], [27.171848, 88.653954], [27.171845, 88.654088], [27.17179, 88.654198], [27.171673, 88.654248], [27.171586, 88.654379], [27.171495, 88.654634], [27.171482, 88.654896], [27.171528, 88.655224], [27.171656, 88.655422], [27.171778, 88.65547], [27.171842, 88.655527], [27.171868, 88.6556], [27.171845, 88.655704], [27.171716, 88.655814], [27.171492, 88.65601], [27.17133, 88.656159], [27.171204, 88.656257], [27.171117, 88.656381], [27.171107, 88.656595], [27.171142, 88.656792], [27.17123, 88.656905], [27.171376, 88.656963], [27.171524, 88.65705], [27.171745, 88.657352], [27.171923, 88.657625], [27.171994, 88.657902], [27.171984, 88.658073], [27.171929, 88.658186], [27.171897, 88.65821], [27.171874, 88.658247], [27.171869, 88.658301], [27.171887, 88.658331], [27.171926, 88.658346], [27.171963, 88.658367], [27.171964, 88.658398], [27.171944, 88.658422], [27.171864, 88.658426], [27.171767, 88.658491], [27.171732, 88.658655], [27.171719, 88.658891], [27.171712, 88.658926], [27.171705, 88.65898], [27.171694, 88.659025], [27.171693, 88.659042], [27.171702, 88.659065], [27.17172, 88.659083], [27.171745, 88.659087], [27.171759, 88.659087], [27.171798, 88.659086], [27.171858, 88.659077], [27.172, 88.65919], [27.172104, 88.659324], [27.172172, 88.659623], [27.172233, 88.660016], [27.172249, 88.660125], [27.172255, 88.660163], [27.172255, 88.660211], [27.172228, 88.660249], [27.172184, 88.660263], [27.172082, 88.660266], [27.171825, 88.660307], [27.171657, 88.660391], [27.171489, 88.660631], [27.171401, 88.660689], [27.171327, 88.660762], [27.171252, 88.660958], [27.171097, 88.661118], [27.171067, 88.661169], [27.170974, 88.661311], [27.170951, 88.661409], [27.170848, 88.661489], [27.170641, 88.661599], [27.170498, 88.661802], [27.170466, 88.662017], [27.170424, 88.662257], [27.170395, 88.662374], [27.170398, 88.662501], [27.170466, 88.662788], [27.170391, 88.662985], [27.170353, 88.663072], [27.170255, 88.663185], [27.170123, 88.66328], [27.170064, 88.663362], [27.170011, 88.663412], [27.170001, 88.663434], [27.16998, 88.663477], [27.16998, 88.663526], [27.170003, 88.663569], [27.170023, 88.663595], [27.1702, 88.663767], [27.170291, 88.664015], [27.170259, 88.664259], [27.170194, 88.664419], [27.17021, 88.664557], [27.170207, 88.664732], [27.170136, 88.664917], [27.170087, 88.665048], [27.170035, 88.665245], [27.170058, 88.665372], [27.169941, 88.665881], [27.169935, 88.666074], [27.169948, 88.666413], [27.16999, 88.666627], [27.169938, 88.666886], [27.169854, 88.66729], [27.169823, 88.667485], [27.169852, 88.667536], [27.169899, 88.667539], [27.169936, 88.66752], [27.169957, 88.667475], [27.170007, 88.667124], [27.170147, 88.666393], [27.170499, 88.665406], [27.170718, 88.664912], [27.170841, 88.664478], [27.170938, 88.664251], [27.170885, 88.663668], [27.170938, 88.663485], [27.170982, 88.663372], [27.171004, 88.663341], [27.171042, 88.663316], [27.17112, 88.663322], [27.171154, 88.663357], [27.171172, 88.66341], [27.171178, 88.663523], [27.171192, 88.663866], [27.171307, 88.6643], [27.171465, 88.664646], [27.171552, 88.664883], [27.171535, 88.6651], [27.171456, 88.665278], [27.171482, 88.665544], [27.171649, 88.665742], [27.171711, 88.665979], [27.171733, 88.666005], [27.171776, 88.666013], [27.171819, 88.665998], [27.171853, 88.665946], [27.171852, 88.66581], [27.171825, 88.665653], [27.171957, 88.665366], [27.171983, 88.664705], [27.172062, 88.664577], [27.171965, 88.663737], [27.172018, 88.663481], [27.172264, 88.663402], [27.172387, 88.663204], [27.172555, 88.662862], [27.172604, 88.662763], [27.172675, 88.662686], [27.172767, 88.662684], [27.172852, 88.662742], [27.17294, 88.662829], [27.173125, 88.662987], [27.173195, 88.663056], [27.17324, 88.663066], [27.173289, 88.66305], [27.173339, 88.663034], [27.173382, 88.662962], [27.173385, 88.662893], [27.17335, 88.662775], [27.173215, 88.662546], [27.173127, 88.662447], [27.173092, 88.66239], [27.173094, 88.662334], [27.173112, 88.662269], [27.173152, 88.662215], [27.173207, 88.662193], [27.173349, 88.662209], [27.173704, 88.662276], [27.174003, 88.662148], [27.174266, 88.662033], [27.174331, 88.66201], [27.174394, 88.661985], [27.174426, 88.661974], [27.174458, 88.661937], [27.174463, 88.661906], [27.174463, 88.661871], [27.174465, 88.661795], [27.174459, 88.661711], [27.174517, 88.661347], [27.174552, 88.661202], [27.174589, 88.661137], [27.174627, 88.661111], [27.174675, 88.661119], [27.1747, 88.661161], [27.174701, 88.661198], [27.174719, 88.661377], [27.17482, 88.661585], [27.17489, 88.661812], [27.174767, 88.662237], [27.174644, 88.662365], [27.174143, 88.662513], [27.17405, 88.662534], [27.173962, 88.662577], [27.173926, 88.662613], [27.173906, 88.662677], [27.17391, 88.66275], [27.173932, 88.662786], [27.173986, 88.66282], [27.174067, 88.662859], [27.174093, 88.662889], [27.174098, 88.662918], [27.174094, 88.662942], [27.17407, 88.662977], [27.17404, 88.66301], [27.173977, 88.663125], [27.173904, 88.663259], [27.173888, 88.663296], [27.173884, 88.663315], [27.173883, 88.663347], [27.173894, 88.663377], [27.173912, 88.663404], [27.173945, 88.663432], [27.174038, 88.66352], [27.174108, 88.663747], [27.174143, 88.663906], [27.174137, 88.663953], [27.174122, 88.663981], [27.17409, 88.664014], [27.174034, 88.664029], [27.173965, 88.66402], [27.173748, 88.663826], [27.173546, 88.663816], [27.173356, 88.66383], [27.17326, 88.663868], [27.173209, 88.663931], [27.173194, 88.664029], [27.173206, 88.664083], [27.173228, 88.664123], [27.173255, 88.664151], [27.173286, 88.664181], [27.173467, 88.66432], [27.173599, 88.664488], [27.173658, 88.664768], [27.173728, 88.664869], [27.173784, 88.664902], [27.173904, 88.664944], [27.173933, 88.664977], [27.173943, 88.665027], [27.173937, 88.665082], [27.173906, 88.665141], [27.173827, 88.665297], [27.173871, 88.665593], [27.174029, 88.665781], [27.174153, 88.666009], [27.174102, 88.666269], [27.174021, 88.66648], [27.173846, 88.666619], [27.173658, 88.666787], [27.17347, 88.666906], [27.173414, 88.666955], [27.173351, 88.667034], [27.173256, 88.667287], [27.173252, 88.667479], [27.173201, 88.667747], [27.172974, 88.668309], [27.172944, 88.668487], [27.172855, 88.668703], [27.172979, 88.66914], [27.173359, 88.66963], [27.173517, 88.66999], [27.173602, 88.670532], [27.173611, 88.670628], [27.173626, 88.670672], [27.17366, 88.670721], [27.173717, 88.670733], [27.173761, 88.670705], [27.173801, 88.670653], [27.173815, 88.670567], [27.17382, 88.670513], [27.17385, 88.670283], [27.173777, 88.670066], [27.173666, 88.669681], [27.173638, 88.669627], [27.173625, 88.669552], [27.173649, 88.669501], [27.173682, 88.669476], [27.173732, 88.669482], [27.173773, 88.669514], [27.173876, 88.669654], [27.174568, 88.670849], [27.174606, 88.671147], [27.174546, 88.671492], [27.174384, 88.671771], [27.174388, 88.671905], [27.174444, 88.672045], [27.174397, 88.672289], [27.174426, 88.672393], [27.174507, 88.672427], [27.174606, 88.672395], [27.174674, 88.672303], [27.174794, 88.672097], [27.175101, 88.671099], [27.175174, 88.670993], [27.175204, 88.670806], [27.175127, 88.670599], [27.174982, 88.670484], [27.174828, 88.670374], [27.174768, 88.670273], [27.174679, 88.66998], [27.174563, 88.66974], [27.174414, 88.66951], [27.17435, 88.66925], [27.174324, 88.669058], [27.174251, 88.6689], [27.1742, 88.668828], [27.174166, 88.668708], [27.174209, 88.668468], [27.174264, 88.668247], [27.174367, 88.668108], [27.174439, 88.667901], [27.174713, 88.667373], [27.174802, 88.667099], [27.174862, 88.666912], [27.175012, 88.666744], [27.175225, 88.666456], [27.175311, 88.666403], [27.175635, 88.666302], [27.175746, 88.666153], [27.175853, 88.666005], [27.175939, 88.665952], [27.176045, 88.665885], [27.176127, 88.665741], [27.176165, 88.665611], [27.176282, 88.665504], [27.176319, 88.665427], [27.176304, 88.665327], [27.176216, 88.665212], [27.176219, 88.665124], [27.176255, 88.665046], [27.176357, 88.664958], [27.176545, 88.664838], [27.176727, 88.664912], [27.176809, 88.664916], [27.176908, 88.664892], [27.176979, 88.664811], [27.176963, 88.664704], [27.176853, 88.664574], [27.176699, 88.664339], [27.176626, 88.6643], [27.17646, 88.664276], [27.176297, 88.664199], [27.176165, 88.664084], [27.176075, 88.66393], [27.175956, 88.663383], [27.175845, 88.66332], [27.175819, 88.663251], [27.175812, 88.663175], [27.175872, 88.663086], [27.175967, 88.663057], [27.176064, 88.663077], [27.176224, 88.663049], [27.17686, 88.662771], [27.176892, 88.66272], [27.176899, 88.66268], [27.176874, 88.662597], [27.176793, 88.662538], [27.176763, 88.662471], [27.176742, 88.66236], [27.176784, 88.662192], [27.176853, 88.662039], [27.176947, 88.661933], [27.176994, 88.661731], [27.177006, 88.661631], [27.177058, 88.661554], [27.177118, 88.661539], [27.177169, 88.661453], [27.177203, 88.661376], [27.177229, 88.661271], [27.177241, 88.66117], [27.17719, 88.660978], [27.177135, 88.660915], [27.177109, 88.660862], [27.177109, 88.660738], [27.177126, 88.660574], [27.177083, 88.660406], [27.176844, 88.659624], [27.176776, 88.659398], [27.17672, 88.659244], [27.176712, 88.659086], [27.176789, 88.658836], [27.177006, 88.658601], [27.177152, 88.658438], [27.177344, 88.658265], [27.177391, 88.658078], [27.177365, 88.657838], [27.177472, 88.657626], [27.177613, 88.657453], [27.177903, 88.657237], [27.178066, 88.657189], [27.178164, 88.657242], [27.178254, 88.657362], [27.178278, 88.657439], [27.178241, 88.65757], [27.1782, 88.657688], [27.178172, 88.657881], [27.178172, 88.65815], [27.178193, 88.658191], [27.178228, 88.658229], [27.178272, 88.65825], [27.178337, 88.658238], [27.178382, 88.658212], [27.178446, 88.658106], [27.17857, 88.657938], [27.178655, 88.657758], [27.178703, 88.65771], [27.178746, 88.65769], [27.178787, 88.657706], [27.178815, 88.657734], [27.178867, 88.657884], [27.17918, 88.658582], [27.179215, 88.658865], [27.179155, 88.659408], [27.179035, 88.660008], [27.179078, 88.66032], [27.179146, 88.660507], [27.179182, 88.660571], [27.179219, 88.660597], [27.179274, 88.660592], [27.179307, 88.660565], [27.179338, 88.660535], [27.179367, 88.660454], [27.179386, 88.660344], [27.179403, 88.660099], [27.179526, 88.659936], [27.179633, 88.659753], [27.179656, 88.659563], [27.17968, 88.659499], [27.179715, 88.659474], [27.179773, 88.659482], [27.179808, 88.659516], [27.179823, 88.659554], [27.179894, 88.659715], [27.18006, 88.659907], [27.18024, 88.659989], [27.180347, 88.659993], [27.18065, 88.660147], [27.180709, 88.66025], [27.180768, 88.660309], [27.180845, 88.660329], [27.180996, 88.66031], [27.181115, 88.660291], [27.181152, 88.660302], [27.181181, 88.660337], [27.181189, 88.660381], [27.181154, 88.660441], [27.181128, 88.66068], [27.18112, 88.660824], [27.181179, 88.660958], [27.181282, 88.661016], [27.181389, 88.66105], [27.181564, 88.661074], [27.181641, 88.661146], [27.181739, 88.661266], [27.181794, 88.661472], [27.18188, 88.661693], [27.181995, 88.661823], [27.182093, 88.661957], [27.182153, 88.662068], [27.182204, 88.66226], [27.18223, 88.66237], [27.182252, 88.662436], [27.182285, 88.662458], [27.182318, 88.662459], [27.182356, 88.662443], [27.182378, 88.662427], [27.18241, 88.662376], [27.182456, 88.662274], [27.182495, 88.662111], [27.182491, 88.661885], [27.182495, 88.661755], [27.182502, 88.661705], [27.182541, 88.661675], [27.182597, 88.661673], [27.182631, 88.661704], [27.182645, 88.661732], [27.182654, 88.661789], [27.182691, 88.66189], [27.182841, 88.662039], [27.182982, 88.66214], [27.183127, 88.662308], [27.183289, 88.66249], [27.183674, 88.662941], [27.183746, 88.663085], [27.183725, 88.663239], [27.183652, 88.663537], [27.183622, 88.663647], [27.183612, 88.663699], [27.183612, 88.663737], [27.183614, 88.663756], [27.183631, 88.663776], [27.183656, 88.663789], [27.183679, 88.663785], [27.183725, 88.66377], [27.183798, 88.663734], [27.184084, 88.663546], [27.184208, 88.663489], [27.184284, 88.663518], [27.184357, 88.663671], [27.184492, 88.664153], [27.184514, 88.664181], [27.184559, 88.664198], [27.184606, 88.664175], [27.184638, 88.664139], [27.184651, 88.664091], [27.184686, 88.663954], [27.184711, 88.663806], [27.184643, 88.663585], [27.184613, 88.662485], [27.18469, 88.662269], [27.184814, 88.66212], [27.184865, 88.661947], [27.184908, 88.660973], [27.184895, 88.660829], [27.184805, 88.660661], [27.184703, 88.660493], [27.184242, 88.659758], [27.184208, 88.659714], [27.184202, 88.659675], [27.184218, 88.659633], [27.184247, 88.659613], [27.184291, 88.65961], [27.184322, 88.659634], [27.184361, 88.659688], [27.184481, 88.659845], [27.184942, 88.660291], [27.185134, 88.660445], [27.185301, 88.660579], [27.185536, 88.66081], [27.185698, 88.66103], [27.185737, 88.661189], [27.185677, 88.661434], [27.185553, 88.661775], [27.18545, 88.661928], [27.185408, 88.662116], [27.185433, 88.662375], [27.185536, 88.662831], [27.185826, 88.663417], [27.185924, 88.663738], [27.186018, 88.664204], [27.186087, 88.664468], [27.18627, 88.664977], [27.186386, 88.66515], [27.186386, 88.66527], [27.186296, 88.665385], [27.186204, 88.665579], [27.186186, 88.665684], [27.186373, 88.666067], [27.186395, 88.66612], [27.18641, 88.666186], [27.186426, 88.666246], [27.186468, 88.666279], [27.186521, 88.666278], [27.186561, 88.666253], [27.186587, 88.666207], [27.186603, 88.66611], [27.186608, 88.665933], [27.186618, 88.665773], [27.18665, 88.665735], [27.186684, 88.66571], [27.186744, 88.665703], [27.186814, 88.665739], [27.186879, 88.665725], [27.186919, 88.665678], [27.186934, 88.665635], [27.186945, 88.665472], [27.186928, 88.665256], [27.186945, 88.665068], [27.187129, 88.664161], [27.187154, 88.664115], [27.187199, 88.664091], [27.187251, 88.664106], [27.187282, 88.664167], [27.187284, 88.664213], [27.187248, 88.664276], [27.187206, 88.664463], [27.18718, 88.664646], [27.187265, 88.664996], [27.187419, 88.665289], [27.1875, 88.665443], [27.187509, 88.665553], [27.187499, 88.665639], [27.187485, 88.665726], [27.187474, 88.665815], [27.187453, 88.665899], [27.187423, 88.666], [27.187389, 88.666163], [27.187389, 88.666389], [27.187483, 88.666619], [27.187517, 88.666802], [27.187483, 88.66696], [27.187415, 88.667157], [27.187402, 88.667272], [27.187402, 88.667459], [27.187406, 88.667608], [27.187415, 88.667714], [27.18747, 88.667839], [27.1875, 88.667964], [27.1875, 88.668098], [27.187526, 88.6683], [27.18759, 88.668535], [27.187611, 88.668813], [27.187616, 88.669015], [27.187552, 88.669135], [27.187436, 88.669322], [27.18732, 88.669373], [27.187199, 88.669435], [27.186836, 88.669889], [27.18674, 88.669929], [27.186659, 88.670054], [27.186694, 88.670269], [27.18678, 88.670587], [27.186735, 88.670723], [27.186397, 88.671239], [27.186235, 88.671545], [27.185776, 88.672679], [27.185696, 88.672798], [27.185595, 88.672877], [27.185398, 88.672962], [27.185171, 88.673042], [27.185025, 88.673104], [27.184909, 88.673223], [27.184828, 88.673427], [27.184793, 88.673592], [27.184818, 88.673887], [27.184949, 88.674023], [27.185095, 88.674108], [27.185181, 88.674153], [27.185252, 88.674278], [27.185216, 88.674482], [27.185216, 88.674749], [27.185247, 88.674913], [27.185216, 88.675145], [27.184616, 88.676767], [27.184475, 88.67696], [27.184379, 88.677158], [27.184288, 88.677295], [27.184233, 88.677425], [27.184087, 88.67751], [27.183966, 88.677584], [27.18385, 88.677731], [27.183804, 88.678003], [27.183794, 88.678122], [27.18385, 88.678292], [27.183945, 88.678848], [27.184036, 88.679132], [27.184056, 88.679313], [27.184076, 88.679376], [27.184122, 88.679438], [27.184177, 88.6795], [27.184288, 88.679636], [27.184283, 88.679778], [27.184253, 88.679926], [27.184142, 88.680045], [27.184021, 88.680152], [27.18388, 88.680254], [27.183769, 88.680322], [27.183663, 88.68047], [27.183542, 88.680663], [27.183481, 88.680838], [27.183421, 88.681082], [27.183244, 88.681349], [27.183027, 88.681797], [27.182906, 88.682018], [27.182826, 88.682256], [27.182804, 88.682432], [27.182793, 88.68249], [27.182792, 88.682557], [27.182809, 88.682596], [27.182854, 88.68262], [27.182921, 88.682642], [27.182977, 88.682721], [27.183017, 88.68284], [27.182997, 88.682982], [27.182876, 88.683141], [27.18272, 88.683316], [27.182599, 88.683435], [27.182432, 88.683481], [27.182291, 88.683623], [27.18224, 88.683804], [27.182109, 88.6839], [27.181832, 88.684099], [27.181711, 88.684173], [27.181585, 88.684258], [27.181433, 88.684343], [27.181338, 88.684337], [27.181227, 88.684275], [27.181131, 88.684178], [27.181075, 88.684076], [27.181005, 88.684019], [27.180894, 88.684019], [27.180833, 88.68398], [27.180823, 88.683895], [27.180879, 88.683815], [27.181015, 88.683764], [27.181237, 88.683787], [27.181459, 88.683821], [27.181595, 88.683855], [27.181726, 88.683827], [27.181882, 88.683742], [27.182029, 88.683606], [27.182059, 88.683515], [27.182024, 88.683413], [27.181923, 88.683435], [27.181867, 88.683492], [27.181756, 88.683594], [27.181615, 88.683577], [27.181373, 88.683362], [27.180747, 88.683067], [27.180657, 88.683033], [27.180576, 88.683044], [27.180475, 88.683067], [27.180359, 88.683141], [27.180142, 88.68322], [27.179956, 88.683356], [27.179845, 88.683538], [27.179799, 88.683787], [27.179855, 88.684218], [27.179875, 88.684501], [27.179819, 88.684819], [27.179834, 88.684921], [27.179683, 88.68508], [27.179451, 88.685142], [27.179189, 88.685131], [27.178291, 88.685188], [27.178135, 88.685148], [27.177958, 88.685159], [27.177781, 88.685256], [27.177625, 88.685312], [27.177398, 88.685335], [27.177176, 88.685312], [27.17703, 88.685222], [27.176954, 88.685222], [27.176798, 88.685233], [27.176092, 88.685244], [27.1759, 88.68521], [27.175829, 88.685159], [27.175698, 88.685131], [27.175552, 88.685193], [27.175375, 88.685256], [27.1753, 88.685244], [27.175209, 88.685176], [27.175078, 88.685074], [27.174952, 88.68504], [27.174815, 88.685029], [27.174674, 88.685057], [27.174498, 88.68512], [27.174341, 88.685199], [27.174236, 88.68527], [27.174078, 88.685286], [27.17393, 88.685357], [27.173761, 88.685444], [27.173627, 88.685554], [27.173458, 88.685661], [27.173261, 88.685768], [27.17304, 88.685819], [27.172783, 88.685871], [27.172681, 88.685831], [27.17247, 88.685697], [27.172315, 88.685602], [27.172195, 88.685448], [27.172081, 88.685271], [27.171987, 88.685163], [27.171894, 88.685091], [27.171798, 88.685079], [27.171592, 88.685081], [27.171183, 88.685198], [27.170472, 88.685407], [27.170383, 88.685421], [27.170282, 88.685439], [27.170023, 88.685425], [27.169518, 88.685471], [27.169315, 88.685539], [27.168471, 88.685925], [27.167985, 88.686143], [27.167901, 88.686184], [27.167775, 88.686216], [27.1672, 88.686246], [27.167104, 88.686273], [27.167023, 88.686302], [27.166942, 88.686351], [27.166884, 88.686409], [27.166907, 88.686527], [27.166965, 88.686592], [27.16704, 88.686706], [27.167066, 88.686823], [27.167066, 88.68694], [27.167003, 88.687025], [27.166924, 88.686996], [27.166852, 88.686905], [27.166727, 88.686826], [27.166232, 88.686647], [27.166174, 88.686602], [27.166133, 88.686507], [27.16609, 88.686315], [27.166107, 88.686119], [27.166185, 88.685865], [27.16635, 88.68554], [27.166481, 88.685458], [27.166608, 88.685452], [27.166739, 88.685484], [27.166872, 88.685517], [27.167043, 88.685513], [27.167246, 88.685439], [27.167504, 88.685246], [27.167643, 88.685123], [27.167948, 88.684885], [27.168594, 88.684086], [27.168606, 88.684028], [27.16862, 88.683959], [27.168579, 88.683914], [27.168513, 88.68394], [27.1684, 88.684028], [27.168333, 88.684096], [27.168197, 88.684155], [27.167988, 88.684187], [27.167864, 88.684236], [27.167768, 88.684285], [27.167681, 88.684324], [27.167545, 88.684334], [27.167408, 88.684308], [27.167301, 88.68421], [27.167203, 88.684132], [27.167043, 88.684103], [27.166881, 88.684158], [27.166681, 88.684233], [27.166426, 88.684292], [27.166133, 88.684318], [27.165907, 88.684337], [27.165768, 88.684373], [27.165626, 88.684464], [27.165507, 88.68465], [27.165406, 88.684855], [27.165313, 88.684956], [27.165116, 88.685061], [27.165006, 88.685175], [27.164924, 88.685269], [27.164806, 88.685292], [27.164693, 88.68536], [27.164562, 88.685452], [27.164432, 88.685627], [27.164298, 88.685787], [27.163968, 88.685979], [27.163377, 88.68625], [27.163295, 88.686312], [27.163246, 88.686393], [27.163252, 88.68651], [27.16333, 88.686605], [27.163403, 88.686644], [27.163458, 88.686709], [27.16349, 88.6868], [27.163423, 88.686869], [27.163298, 88.686826], [27.162985, 88.686637], [27.162924, 88.686582], [27.162927, 88.686468], [27.163327, 88.685869], [27.163379, 88.685742], [27.163408, 88.685566], [27.163464, 88.685429], [27.163594, 88.685145], [27.163632, 88.685096], [27.163716, 88.685002], [27.163759, 88.684836], [27.163823, 88.684653], [27.163861, 88.684546], [27.163948, 88.684432], [27.164081, 88.684285], [27.164374, 88.683933], [27.164394, 88.683842], [27.164394, 88.683725], [27.164385, 88.683624], [27.164348, 88.68351], [27.164362, 88.683438], [27.164435, 88.683292], [27.164582, 88.683119], [27.164759, 88.682852], [27.164945, 88.682718], [27.165145, 88.682611], [27.165295, 88.682552], [27.165481, 88.682389], [27.165519, 88.682265], [27.16553, 88.682132], [27.165559, 88.68205], [27.165756, 88.681757], [27.165852, 88.681555], [27.165875, 88.681435], [27.165959, 88.681304], [27.166394, 88.68106], [27.166452, 88.681008], [27.166475, 88.68093], [27.166464, 88.680848], [27.166455, 88.680744], [27.166498, 88.680672], [27.16655, 88.680627], [27.166574, 88.680545], [27.166562, 88.680447], [27.166516, 88.68021], [27.16655, 88.680102], [27.16662, 88.680047], [27.166826, 88.679968], [27.166965, 88.67989], [27.167043, 88.679786], [27.167165, 88.679688], [27.167316, 88.679555], [27.167524, 88.679512], [27.16769, 88.679538], [27.167788, 88.679538], [27.168081, 88.679424], [27.168145, 88.679356], [27.168139, 88.679281], [27.16809, 88.679252], [27.167994, 88.679265], [27.167826, 88.679343], [27.167756, 88.679363], [27.167562, 88.679336], [27.167162, 88.679265], [27.166971, 88.679304], [27.16684, 88.679372], [27.166797, 88.679437], [27.166733, 88.679464], [27.166591, 88.679457], [27.166429, 88.679415], [27.166327, 88.679415], [27.166211, 88.679483], [27.166003, 88.679587], [27.165858, 88.679639], [27.16569, 88.679662], [27.165577, 88.679662], [27.165449, 88.679698], [27.165342, 88.679799], [27.165261, 88.679936], [27.165185, 88.680122], [27.16511, 88.680278], [27.164962, 88.680385], [27.164791, 88.680415], [27.164623, 88.680385], [27.164495, 88.680379], [27.164374, 88.680392], [27.164275, 88.680444], [27.164153, 88.680571], [27.163939, 88.680737], [27.163858, 88.68075], [27.163779, 88.68076], [27.163681, 88.680728], [27.1636, 88.680695], [27.163464, 88.680679], [27.163275, 88.68075], [27.163211, 88.680809], [27.163168, 88.6809], [27.163124, 88.681018], [27.163055, 88.681158], [27.162959, 88.681255], [27.162907, 88.68122], [27.162898, 88.681158], [27.162971, 88.68105], [27.162997, 88.680952], [27.163023, 88.680799], [27.163032, 88.680568], [27.16309, 88.680483], [27.163174, 88.680399], [27.163362, 88.680226], [27.163429, 88.68019], [27.163498, 88.680184], [27.163594, 88.680203], [27.163669, 88.680223], [27.163762, 88.680216], [27.16384, 88.680184], [27.163924, 88.680043], [27.164075, 88.67975], [27.164162, 88.679626], [27.164269, 88.679483], [27.16433, 88.67934], [27.164423, 88.679232], [27.164588, 88.679112], [27.16471, 88.678981], [27.164777, 88.67877], [27.164823, 88.678607], [27.164956, 88.67847], [27.165313, 88.678232], [27.165356, 88.67819], [27.165403, 88.678111], [27.16542, 88.677997], [27.165417, 88.677926], [27.165408, 88.677822], [27.165423, 88.67774], [27.165484, 88.677652], [27.165577, 88.677584], [27.165907, 88.67747], [27.165994, 88.677411], [27.166188, 88.677232], [27.166658, 88.676597], [27.166739, 88.676548], [27.166852, 88.67646], [27.167026, 88.676271], [27.167252, 88.676092], [27.167374, 88.675981], [27.167487, 88.675782], [27.167539, 88.675662], [27.167594, 88.675489], [27.167649, 88.675245], [27.167698, 88.675088], [27.167768, 88.674958], [27.167852, 88.674854], [27.168066, 88.674753], [27.168577, 88.674684], [27.168788, 88.674694], [27.168884, 88.674684], [27.169032, 88.674652], [27.1692, 88.674547], [27.169336, 88.67458], [27.169597, 88.674635], [27.169739, 88.674635], [27.169904, 88.674583], [27.17009, 88.674616], [27.17031, 88.674665], [27.170608, 88.674622], [27.170855, 88.67456], [27.170947, 88.674564], [27.171, 88.674551], [27.171026, 88.674498], [27.171003, 88.674397], [27.170916, 88.674355], [27.170852, 88.674352], [27.170794, 88.674368], [27.170698, 88.674352], [27.170382, 88.674238], [27.170278, 88.674192], [27.170159, 88.674163], [27.17002, 88.674098], [27.16993, 88.674013], [27.169837, 88.67387], [27.169753, 88.673743], [27.16969, 88.673684], [27.169605, 88.673638], [27.169469, 88.673651], [27.169011, 88.673674], [27.168968, 88.673704], [27.168866, 88.673782], [27.168724, 88.673876], [27.168655, 88.673902], [27.168516, 88.673892], [27.168377, 88.673824], [27.168229, 88.673677], [27.168156, 88.673638], [27.168064, 88.673593], [27.167913, 88.67356], [27.167748, 88.67358], [27.167464, 88.673596], [27.167298, 88.673645], [27.167156, 88.673664], [27.166997, 88.673648], [27.166913, 88.673609], [27.166791, 88.673511], [27.166704, 88.673436], [27.166617, 88.673404], [27.166507, 88.673394], [27.166348, 88.673446], [27.166226, 88.673502], [27.166185, 88.67356], [27.166098, 88.673674], [27.165977, 88.673834], [27.165852, 88.673935], [27.165588, 88.674098], [27.165264, 88.67428], [27.165197, 88.674349], [27.165104, 88.674476], [27.164936, 88.674629], [27.164849, 88.674687], [27.164739, 88.674726], [27.164629, 88.674743], [27.164469, 88.674818], [27.164359, 88.674909], [27.164127, 88.675176], [27.164081, 88.675258], [27.163858, 88.675704], [27.163823, 88.675805], [27.163762, 88.675919], [27.163608, 88.676085], [27.163504, 88.676228], [27.163371, 88.676382], [27.163293, 88.676466], [27.163208, 88.676613], [27.163177, 88.676789], [27.163127, 88.676929], [27.163058, 88.676916], [27.163011, 88.67686], [27.16295, 88.676541], [27.162893, 88.676391], [27.162758, 88.676092], [27.162893, 88.676391], [27.16295, 88.676541], [27.163011, 88.67686], [27.163058, 88.676916], [27.163127, 88.676929], [27.163177, 88.676789], [27.163208, 88.676613], [27.163293, 88.676466], [27.163371, 88.676382], [27.163504, 88.676228], [27.163608, 88.676085], [27.163762, 88.675919], [27.163823, 88.675805], [27.163858, 88.675704], [27.164081, 88.675258], [27.164127, 88.675176], [27.164359, 88.674909], [27.164469, 88.674818], [27.164629, 88.674743], [27.164739, 88.674726], [27.164849, 88.674687], [27.164936, 88.674629], [27.165104, 88.674476], [27.165197, 88.674349], [27.165264, 88.67428], [27.165588, 88.674098], [27.165852, 88.673935], [27.165977, 88.673834], [27.166098, 88.673674], [27.166185, 88.67356], [27.166226, 88.673502], [27.166348, 88.673446], [27.166507, 88.673394], [27.166617, 88.673404], [27.166704, 88.673436], [27.166791, 88.673511], [27.166913, 88.673609], [27.166997, 88.673648], [27.167156, 88.673664], [27.167298, 88.673645], [27.167464, 88.673596], [27.167748, 88.67358], [27.167913, 88.67356], [27.168064, 88.673593], [27.168156, 88.673638], [27.168229, 88.673677], [27.168377, 88.673824], [27.168516, 88.673892], [27.168655, 88.673902], [27.168724, 88.673876], [27.168866, 88.673782], [27.168968, 88.673704], [27.169011, 88.673674], [27.169469, 88.673651], [27.169605, 88.673638], [27.16969, 88.673684], [27.169753, 88.673743], [27.169837, 88.67387], [27.16993, 88.674013], [27.17002, 88.674098], [27.170159, 88.674163], [27.170278, 88.674192], [27.170382, 88.674238], [27.170698, 88.674352], [27.170794, 88.674368], [27.170852, 88.674352], [27.170916, 88.674355], [27.171003, 88.674397], [27.171026, 88.674498], [27.171, 88.674551], [27.170947, 88.674564], [27.170855, 88.67456], [27.170608, 88.674622], [27.17031, 88.674665], [27.17009, 88.674616], [27.169904, 88.674583], [27.169739, 88.674635], [27.169597, 88.674635], [27.169336, 88.67458], [27.1692, 88.674547], [27.169032, 88.674652], [27.168884, 88.674684], [27.168788, 88.674694], [27.168577, 88.674684], [27.168066, 88.674753], [27.167852, 88.674854], [27.167768, 88.674958], [27.167698, 88.675088], [27.167649, 88.675245], [27.167594, 88.675489], [27.167539, 88.675662], [27.167487, 88.675782], [27.167374, 88.675981], [27.167252, 88.676092], [27.167026, 88.676271], [27.166852, 88.67646], [27.166739, 88.676548], [27.166658, 88.676597], [27.166188, 88.677232], [27.165994, 88.677411], [27.165907, 88.67747], [27.165577, 88.677584], [27.165484, 88.677652], [27.165423, 88.67774], [27.165408, 88.677822], [27.165417, 88.677926], [27.16542, 88.677997], [27.165403, 88.678111], [27.165356, 88.67819], [27.165313, 88.678232], [27.164956, 88.67847], [27.164823, 88.678607], [27.164777, 88.67877], [27.16471, 88.678981], [27.164588, 88.679112], [27.164423, 88.679232], [27.16433, 88.67934], [27.164269, 88.679483], [27.164162, 88.679626], [27.164075, 88.67975], [27.163924, 88.680043], [27.16384, 88.680184], [27.163762, 88.680216], [27.163669, 88.680223], [27.163594, 88.680203], [27.163498, 88.680184], [27.163429, 88.68019], [27.163362, 88.680226], [27.163174, 88.680399], [27.16309, 88.680483], [27.163032, 88.680568], [27.163023, 88.680799], [27.162997, 88.680952], [27.162971, 88.68105], [27.162898, 88.681158], [27.162907, 88.68122], [27.162959, 88.681255], [27.163055, 88.681158], [27.163124, 88.681018], [27.163168, 88.6809], [27.163211, 88.680809], [27.163275, 88.68075], [27.163464, 88.680679], [27.1636, 88.680695], [27.163681, 88.680728], [27.163779, 88.68076], [27.163858, 88.68075], [27.163939, 88.680737], [27.164153, 88.680571], [27.164275, 88.680444], [27.164374, 88.680392], [27.164495, 88.680379], [27.164623, 88.680385], [27.164791, 88.680415], [27.164962, 88.680385], [27.16511, 88.680278], [27.165185, 88.680122], [27.165261, 88.679936], [27.165342, 88.679799], [27.165449, 88.679698], [27.165577, 88.679662], [27.16569, 88.679662], [27.165858, 88.679639], [27.166003, 88.679587], [27.166211, 88.679483], [27.166327, 88.679415], [27.166429, 88.679415], [27.166591, 88.679457], [27.166733, 88.679464], [27.166797, 88.679437], [27.16684, 88.679372], [27.166971, 88.679304], [27.167162, 88.679265], [27.167562, 88.679336], [27.167756, 88.679363], [27.167826, 88.679343], [27.167994, 88.679265], [27.16809, 88.679252], [27.168139, 88.679281], [27.168145, 88.679356], [27.168081, 88.679424], [27.167788, 88.679538], [27.16769, 88.679538], [27.167524, 88.679512], [27.167316, 88.679555], [27.167165, 88.679688], [27.167043, 88.679786], [27.166965, 88.67989], [27.166826, 88.679968], [27.16662, 88.680047], [27.16655, 88.680102], [27.166516, 88.68021], [27.166562, 88.680447], [27.166574, 88.680545], [27.16655, 88.680627], [27.166498, 88.680672], [27.166455, 88.680744], [27.166464, 88.680848], [27.166475, 88.68093], [27.166452, 88.681008], [27.166394, 88.68106], [27.165959, 88.681304], [27.165875, 88.681435], [27.165852, 88.681555], [27.165756, 88.681757], [27.165559, 88.68205], [27.16553, 88.682132], [27.165519, 88.682265], [27.165481, 88.682389], [27.165295, 88.682552], [27.165145, 88.682611], [27.164945, 88.682718], [27.164759, 88.682852], [27.164582, 88.683119], [27.164435, 88.683292], [27.164362, 88.683438], [27.164348, 88.68351], [27.164385, 88.683624], [27.164394, 88.683725], [27.164394, 88.683842], [27.164374, 88.683933], [27.164081, 88.684285], [27.163948, 88.684432], [27.163861, 88.684546], [27.163823, 88.684653], [27.163759, 88.684836], [27.163716, 88.685002], [27.163632, 88.685096], [27.163594, 88.685145], [27.163464, 88.685429], [27.163408, 88.685566], [27.163379, 88.685742], [27.163327, 88.685869], [27.162927, 88.686468], [27.162924, 88.686582], [27.162985, 88.686637], [27.163298, 88.686826], [27.163423, 88.686869], [27.16349, 88.6868], [27.163458, 88.686709], [27.163403, 88.686644], [27.16333, 88.686605], [27.163252, 88.68651], [27.163246, 88.686393], [27.163295, 88.686312], [27.163377, 88.68625], [27.163968, 88.685979], [27.164298, 88.685787], [27.164432, 88.685627], [27.164562, 88.685452], [27.164693, 88.68536], [27.164806, 88.685292], [27.164924, 88.685269], [27.165006, 88.685175], [27.165116, 88.685061], [27.165313, 88.684956], [27.165406, 88.684855], [27.165507, 88.68465], [27.165626, 88.684464], [27.165768, 88.684373], [27.165907, 88.684337], [27.166133, 88.684318], [27.166426, 88.684292], [27.166681, 88.684233], [27.166881, 88.684158], [27.167043, 88.684103], [27.167203, 88.684132], [27.167301, 88.68421], [27.167408, 88.684308], [27.167545, 88.684334], [27.167681, 88.684324], [27.167768, 88.684285], [27.167864, 88.684236], [27.167988, 88.684187], [27.168197, 88.684155], [27.168333, 88.684096], [27.1684, 88.684028], [27.168513, 88.68394], [27.168579, 88.683914], [27.16862, 88.683959], [27.168606, 88.684028], [27.168594, 88.684086], [27.167948, 88.684885], [27.167643, 88.685123], [27.167504, 88.685246], [27.167246, 88.685439], [27.167043, 88.685513], [27.166872, 88.685517], [27.166739, 88.685484], [27.166608, 88.685452], [27.166481, 88.685458], [27.16635, 88.68554], [27.166185, 88.685865], [27.166107, 88.686119], [27.16609, 88.686315], [27.166133, 88.686507], [27.166174, 88.686602], [27.166232, 88.686647], [27.166232, 88.686647], [27.166727, 88.686826], [27.166852, 88.686905], [27.166924, 88.686996], [27.167003, 88.687025], [27.167066, 88.68694], [27.167066, 88.686823], [27.16704, 88.686706], [27.166965, 88.686592], [27.166907, 88.686527], [27.166884, 88.686409], [27.166942, 88.686351], [27.167023, 88.686302], [27.167104, 88.686273], [27.1672, 88.686246], [27.167775, 88.686216], [27.167901, 88.686184], [27.167985, 88.686143], [27.168471, 88.685925], [27.169315, 88.685539], [27.169518, 88.685471], [27.170023, 88.685425], [27.170282, 88.685439], [27.170383, 88.685421], [27.170472, 88.685407], [27.171183, 88.685198], [27.171592, 88.685081], [27.171798, 88.685079], [27.171894, 88.685091], [27.171987, 88.685163], [27.172081, 88.685271], [27.172195, 88.685448], [27.172315, 88.685602], [27.17247, 88.685697], [27.172681, 88.685831], [27.172783, 88.685871], [27.17304, 88.685819], [27.173261, 88.685768], [27.173458, 88.685661], [27.173627, 88.685554], [27.173761, 88.685444], [27.17393, 88.685357], [27.174078, 88.685286], [27.174236, 88.68527], [27.174341, 88.685199], [27.174498, 88.68512], [27.174674, 88.685057], [27.174815, 88.685029], [27.174952, 88.68504], [27.175078, 88.685074], [27.175209, 88.685176], [27.1753, 88.685244], [27.175375, 88.685256], [27.175552, 88.685193], [27.175698, 88.685131], [27.175829, 88.685159], [27.1759, 88.68521], [27.176092, 88.685244], [27.176798, 88.685233], [27.176954, 88.685222], [27.17703, 88.685222], [27.177176, 88.685312], [27.177398, 88.685335], [27.177625, 88.685312], [27.177781, 88.685256], [27.177958, 88.685159], [27.178135, 88.685148], [27.178291, 88.685188], [27.179189, 88.685131], [27.179451, 88.685142], [27.179683, 88.68508], [27.179834, 88.684921], [27.179819, 88.684819], [27.179875, 88.684501], [27.179855, 88.684218], [27.179799, 88.683787], [27.179845, 88.683538], [27.179956, 88.683356], [27.180142, 88.68322], [27.180359, 88.683141], [27.180475, 88.683067], [27.180576, 88.683044], [27.180657, 88.683033], [27.180747, 88.683067], [27.181373, 88.683362], [27.181615, 88.683577], [27.181756, 88.683594], [27.181867, 88.683492], [27.181923, 88.683435], [27.182024, 88.683413], [27.182059, 88.683515], [27.182029, 88.683606], [27.181882, 88.683742], [27.181726, 88.683827], [27.181595, 88.683855], [27.181459, 88.683821], [27.181237, 88.683787], [27.181015, 88.683764], [27.180879, 88.683815], [27.180823, 88.683895], [27.180833, 88.68398], [27.180894, 88.684019], [27.181005, 88.684019], [27.181075, 88.684076], [27.181131, 88.684178], [27.181227, 88.684275], [27.181338, 88.684337], [27.181433, 88.684343], [27.181585, 88.684258], [27.181711, 88.684173], [27.181832, 88.684099], [27.182109, 88.6839], [27.18224, 88.683804], [27.182291, 88.683623], [27.182432, 88.683481], [27.182599, 88.683435], [27.18272, 88.683316], [27.182876, 88.683141], [27.182997, 88.682982], [27.183017, 88.68284], [27.182977, 88.682721], [27.182921, 88.682642], [27.182854, 88.68262], [27.182809, 88.682596], [27.182792, 88.682557], [27.182793, 88.68249], [27.182804, 88.682432], [27.182826, 88.682256], [27.182906, 88.682018], [27.183027, 88.681797], [27.183244, 88.681349], [27.183421, 88.681082], [27.183481, 88.680838], [27.183542, 88.680663], [27.183663, 88.68047], [27.183769, 88.680322], [27.18388, 88.680254], [27.184021, 88.680152], [27.184142, 88.680045], [27.184253, 88.679926], [27.184283, 88.679778], [27.184288, 88.679636], [27.184177, 88.6795], [27.184122, 88.679438], [27.184076, 88.679376], [27.184056, 88.679313], [27.184036, 88.679132], [27.183945, 88.678848], [27.18385, 88.678292], [27.183794, 88.678122], [27.183804, 88.678003], [27.18385, 88.677731], [27.183966, 88.677584], [27.184087, 88.67751], [27.184233, 88.677425], [27.184288, 88.677295], [27.184379, 88.677158], [27.184475, 88.67696], [27.184616, 88.676767], [27.185216, 88.675145], [27.185247, 88.674913], [27.185216, 88.674749], [27.185216, 88.674482], [27.185252, 88.674278], [27.185181, 88.674153], [27.185095, 88.674108], [27.184949, 88.674023], [27.184818, 88.673887], [27.184793, 88.673592], [27.184828, 88.673427], [27.184909, 88.673223], [27.185025, 88.673104], [27.185171, 88.673042], [27.185398, 88.672962], [27.185595, 88.672877], [27.185696, 88.672798], [27.185776, 88.672679], [27.186235, 88.671545], [27.186397, 88.671239], [27.186735, 88.670723], [27.18678, 88.670587], [27.186694, 88.670269], [27.186659, 88.670054], [27.18674, 88.669929], [27.186836, 88.669889], [27.187199, 88.669435], [27.18732, 88.669373], [27.187436, 88.669322], [27.187552, 88.669135], [27.187616, 88.669015], [27.187611, 88.668813], [27.18759, 88.668535], [27.187526, 88.6683], [27.1875, 88.668098], [27.1875, 88.667964], [27.18747, 88.667839], [27.187415, 88.667714], [27.187406, 88.667608], [27.187402, 88.667459], [27.187402, 88.667272], [27.187415, 88.667157], [27.187483, 88.66696], [27.187517, 88.666802], [27.187483, 88.666619], [27.187389, 88.666389], [27.187389, 88.666163], [27.187423, 88.666], [27.187453, 88.665899], [27.187474, 88.665815], [27.187485, 88.665726], [27.187499, 88.665639], [27.187509, 88.665553], [27.1875, 88.665443], [27.187419, 88.665289], [27.187265, 88.664996], [27.18718, 88.664646], [27.187206, 88.664463], [27.187248, 88.664276], [27.187284, 88.664213], [27.187282, 88.664167], [27.187251, 88.664106], [27.187199, 88.664091], [27.187154, 88.664115], [27.187129, 88.664161], [27.186945, 88.665068], [27.186928, 88.665256], [27.186945, 88.665472], [27.186934, 88.665635], [27.186919, 88.665678], [27.186879, 88.665725], [27.186814, 88.665739], [27.186744, 88.665703], [27.186684, 88.66571], [27.18665, 88.665735], [27.186618, 88.665773], [27.186608, 88.665933], [27.186603, 88.66611], [27.186587, 88.666207], [27.186561, 88.666253], [27.186521, 88.666278], [27.186468, 88.666279], [27.186426, 88.666246], [27.18641, 88.666186], [27.186395, 88.66612], [27.186373, 88.666067], [27.186186, 88.665684], [27.186204, 88.665579], [27.186296, 88.665385], [27.186386, 88.66527], [27.186386, 88.66515], [27.18627, 88.664977], [27.186087, 88.664468], [27.186018, 88.664204], [27.185924, 88.663738], [27.185826, 88.663417], [27.185536, 88.662831], [27.185433, 88.662375], [27.185408, 88.662116], [27.18545, 88.661928], [27.185553, 88.661775], [27.185677, 88.661434], [27.185737, 88.661189], [27.185698, 88.66103], [27.185536, 88.66081], [27.185301, 88.660579], [27.185134, 88.660445], [27.184942, 88.660291], [27.184481, 88.659845], [27.184361, 88.659688], [27.184322, 88.659634], [27.184291, 88.65961], [27.184247, 88.659613], [27.184218, 88.659633], [27.184202, 88.659675], [27.184208, 88.659714], [27.184242, 88.659758], [27.184703, 88.660493], [27.184805, 88.660661], [27.184895, 88.660829], [27.184908, 88.660973], [27.184865, 88.661947], [27.184814, 88.66212], [27.18469, 88.662269], [27.184613, 88.662485], [27.184643, 88.663585], [27.184711, 88.663806], [27.184686, 88.663954], [27.184651, 88.664091], [27.184638, 88.664139], [27.184606, 88.664175], [27.184559, 88.664198], [27.184514, 88.664181], [27.184492, 88.664153], [27.184357, 88.663671], [27.184284, 88.663518], [27.184208, 88.663489], [27.184084, 88.663546], [27.183798, 88.663734], [27.183725, 88.66377], [27.183679, 88.663785], [27.183656, 88.663789], [27.183631, 88.663776], [27.183614, 88.663756], [27.183612, 88.663737], [27.183612, 88.663699], [27.183622, 88.663647], [27.183652, 88.663537], [27.183725, 88.663239], [27.183746, 88.663085], [27.183674, 88.662941], [27.183289, 88.66249], [27.183127, 88.662308], [27.182982, 88.66214], [27.182841, 88.662039], [27.182691, 88.66189], [27.182654, 88.661789], [27.182645, 88.661732], [27.182631, 88.661704], [27.182597, 88.661673], [27.182541, 88.661675], [27.182502, 88.661705], [27.182495, 88.661755], [27.182491, 88.661885], [27.182495, 88.662111], [27.182456, 88.662274], [27.18241, 88.662376], [27.182378, 88.662427], [27.182356, 88.662443], [27.182318, 88.662459], [27.182285, 88.662458], [27.182252, 88.662436], [27.18223, 88.66237], [27.182204, 88.66226], [27.182153, 88.662068], [27.182093, 88.661957], [27.181995, 88.661823], [27.18188, 88.661693], [27.181794, 88.661472], [27.181739, 88.661266], [27.181641, 88.661146], [27.181564, 88.661074], [27.181389, 88.66105], [27.181282, 88.661016], [27.181179, 88.660958], [27.18112, 88.660824], [27.181128, 88.66068], [27.181154, 88.660441], [27.181189, 88.660381], [27.181181, 88.660337], [27.181152, 88.660302], [27.181115, 88.660291], [27.180996, 88.66031], [27.180845, 88.660329], [27.180768, 88.660309], [27.180709, 88.66025], [27.18065, 88.660147], [27.180347, 88.659993], [27.18024, 88.659989], [27.18006, 88.659907], [27.179894, 88.659715], [27.179823, 88.659554], [27.179808, 88.659516], [27.179773, 88.659482], [27.179715, 88.659474], [27.17968, 88.659499], [27.179656, 88.659563], [27.179633, 88.659753], [27.179526, 88.659936], [27.179403, 88.660099], [27.179386, 88.660344], [27.179367, 88.660454], [27.179338, 88.660535], [27.179307, 88.660565], [27.179274, 88.660592], [27.179219, 88.660597], [27.179182, 88.660571], [27.179146, 88.660507], [27.179078, 88.66032], [27.179035, 88.660008], [27.179155, 88.659408], [27.179215, 88.658865], [27.17918, 88.658582], [27.178867, 88.657884], [27.178815, 88.657734], [27.178787, 88.657706], [27.178746, 88.65769], [27.178703, 88.65771], [27.178655, 88.657758], [27.17857, 88.657938], [27.178446, 88.658106], [27.178382, 88.658212], [27.178337, 88.658238], [27.178272, 88.65825], [27.178228, 88.658229], [27.178193, 88.658191], [27.178172, 88.65815], [27.178172, 88.657881], [27.1782, 88.657688], [27.178241, 88.65757], [27.178278, 88.657439], [27.178254, 88.657362], [27.178164, 88.657242], [27.178066, 88.657189], [27.177903, 88.657237], [27.177613, 88.657453], [27.177472, 88.657626], [27.177365, 88.657838], [27.177391, 88.658078], [27.177344, 88.658265], [27.177152, 88.658438], [27.177006, 88.658601], [27.176789, 88.658836], [27.176712, 88.659086], [27.17672, 88.659244], [27.176776, 88.659398], [27.176844, 88.659624], [27.177083, 88.660406], [27.177126, 88.660574], [27.177109, 88.660738], [27.177109, 88.660862], [27.177135, 88.660915], [27.17719, 88.660978], [27.177241, 88.66117], [27.177229, 88.661271], [27.177203, 88.661376], [27.177169, 88.661453], [27.177118, 88.661539], [27.177058, 88.661554], [27.177006, 88.661631], [27.176994, 88.661731], [27.176947, 88.661933], [27.176853, 88.662039], [27.176784, 88.662192], [27.176742, 88.66236], [27.176763, 88.662471], [27.176793, 88.662538], [27.176874, 88.662597], [27.176899, 88.66268], [27.176892, 88.66272], [27.17686, 88.662771], [27.176224, 88.663049], [27.176064, 88.663077], [27.175967, 88.663057], [27.175872, 88.663086], [27.175812, 88.663175], [27.175819, 88.663251], [27.175845, 88.66332], [27.175956, 88.663383], [27.176075, 88.66393], [27.176165, 88.664084], [27.176297, 88.664199], [27.17646, 88.664276], [27.176626, 88.6643], [27.176699, 88.664339], [27.176853, 88.664574], [27.176963, 88.664704], [27.176979, 88.664811], [27.176908, 88.664892], [27.176809, 88.664916], [27.176727, 88.664912], [27.176545, 88.664838], [27.176357, 88.664958], [27.176255, 88.665046], [27.176219, 88.665124], [27.176216, 88.665212], [27.176304, 88.665327], [27.176319, 88.665427], [27.176282, 88.665504], [27.176165, 88.665611], [27.176127, 88.665741], [27.176045, 88.665885], [27.175939, 88.665952], [27.175853, 88.666005], [27.175746, 88.666153], [27.175635, 88.666302], [27.175311, 88.666403], [27.175225, 88.666456], [27.175012, 88.666744], [27.174862, 88.666912], [27.174802, 88.667099], [27.174713, 88.667373], [27.174439, 88.667901], [27.174367, 88.668108], [27.174264, 88.668247], [27.174209, 88.668468], [27.174166, 88.668708], [27.1742, 88.668828], [27.174251, 88.6689], [27.174324, 88.669058], [27.17435, 88.66925], [27.174414, 88.66951], [27.174563, 88.66974], [27.174679, 88.66998], [27.174768, 88.670273], [27.174828, 88.670374], [27.174982, 88.670484], [27.175127, 88.670599], [27.175204, 88.670806], [27.175174, 88.670993], [27.175101, 88.671099], [27.174794, 88.672097], [27.174674, 88.672303], [27.174606, 88.672395], [27.174507, 88.672427], [27.174426, 88.672393], [27.174397, 88.672289], [27.174444, 88.672045], [27.174388, 88.671905], [27.174384, 88.671771], [27.174546, 88.671492], [27.174606, 88.671147], [27.174568, 88.670849], [27.173876, 88.669654], [27.173773, 88.669514], [27.173732, 88.669482], [27.173682, 88.669476], [27.173649, 88.669501], [27.173625, 88.669552], [27.173638, 88.669627], [27.173666, 88.669681], [27.173777, 88.670066], [27.17385, 88.670283], [27.17382, 88.670513], [27.173815, 88.670567], [27.173801, 88.670653], [27.173761, 88.670705], [27.173717, 88.670733], [27.17366, 88.670721], [27.173626, 88.670672], [27.173611, 88.670628], [27.173602, 88.670532], [27.173517, 88.66999], [27.173359, 88.66963], [27.172979, 88.66914], [27.172855, 88.668703], [27.172944, 88.668487], [27.172974, 88.668309], [27.173201, 88.667747], [27.173252, 88.667479], [27.173256, 88.667287], [27.173351, 88.667034], [27.173414, 88.666955], [27.17347, 88.666906], [27.173658, 88.666787], [27.173846, 88.666619], [27.174021, 88.66648], [27.174102, 88.666269], [27.174153, 88.666009], [27.174029, 88.665781], [27.173871, 88.665593], [27.173827, 88.665297], [27.173906, 88.665141], [27.173937, 88.665082], [27.173943, 88.665027], [27.173933, 88.664977], [27.173904, 88.664944], [27.173784, 88.664902], [27.173728, 88.664869], [27.173658, 88.664768], [27.173599, 88.664488], [27.173467, 88.66432], [27.173286, 88.664181], [27.173255, 88.664151], [27.173228, 88.664123], [27.173206, 88.664083], [27.173194, 88.664029], [27.173209, 88.663931], [27.17326, 88.663868], [27.173356, 88.66383], [27.173546, 88.663816], [27.173748, 88.663826], [27.173965, 88.66402], [27.174034, 88.664029], [27.17409, 88.664014], [27.174122, 88.663981], [27.174137, 88.663953], [27.174143, 88.663906], [27.174108, 88.663747], [27.174038, 88.66352], [27.173945, 88.663432], [27.173912, 88.663404], [27.173894, 88.663377], [27.173883, 88.663347], [27.173884, 88.663315], [27.173888, 88.663296], [27.173904, 88.663259], [27.173977, 88.663125], [27.17404, 88.66301], [27.17407, 88.662977], [27.174094, 88.662942], [27.174098, 88.662918], [27.174093, 88.662889], [27.174067, 88.662859], [27.173986, 88.66282], [27.173932, 88.662786], [27.17391, 88.66275], [27.173906, 88.662677], [27.173926, 88.662613], [27.173962, 88.662577], [27.17405, 88.662534], [27.174143, 88.662513], [27.174644, 88.662365], [27.174767, 88.662237], [27.17489, 88.661812], [27.17482, 88.661585], [27.174719, 88.661377], [27.174701, 88.661198], [27.1747, 88.661161], [27.174675, 88.661119], [27.174627, 88.661111], [27.174589, 88.661137], [27.174552, 88.661202], [27.174517, 88.661347], [27.174459, 88.661711], [27.174465, 88.661795], [27.174463, 88.661871], [27.174463, 88.661906], [27.174458, 88.661937], [27.174426, 88.661974], [27.174394, 88.661985], [27.174331, 88.66201], [27.174266, 88.662033], [27.174003, 88.662148], [27.173704, 88.662276], [27.173349, 88.662209], [27.173207, 88.662193], [27.173152, 88.662215], [27.173112, 88.662269], [27.173094, 88.662334], [27.173092, 88.66239], [27.173127, 88.662447], [27.173215, 88.662546], [27.17335, 88.662775], [27.173385, 88.662893], [27.173382, 88.662962], [27.173339, 88.663034], [27.173289, 88.66305], [27.17324, 88.663066], [27.173195, 88.663056], [27.173125, 88.662987], [27.17294, 88.662829], [27.172852, 88.662742], [27.172767, 88.662684], [27.172675, 88.662686], [27.172604, 88.662763], [27.172555, 88.662862], [27.172387, 88.663204], [27.172264, 88.663402], [27.172018, 88.663481], [27.171965, 88.663737], [27.172062, 88.664577], [27.171983, 88.664705], [27.171957, 88.665366], [27.171825, 88.665653], [27.171852, 88.66581], [27.171853, 88.665946], [27.171819, 88.665998], [27.171776, 88.666013], [27.171733, 88.666005], [27.171711, 88.665979], [27.171649, 88.665742], [27.171482, 88.665544], [27.171456, 88.665278], [27.171535, 88.6651], [27.171552, 88.664883], [27.171465, 88.664646], [27.171307, 88.6643], [27.171192, 88.663866], [27.171178, 88.663523], [27.171172, 88.66341], [27.171154, 88.663357], [27.17112, 88.663322], [27.171042, 88.663316], [27.171004, 88.663341], [27.170982, 88.663372], [27.170938, 88.663485], [27.170885, 88.663668], [27.170938, 88.664251], [27.170841, 88.664478], [27.170718, 88.664912], [27.170499, 88.665406], [27.170147, 88.666393], [27.170007, 88.667124], [27.169957, 88.667475], [27.169936, 88.66752], [27.169899, 88.667539], [27.169852, 88.667536], [27.169823, 88.667485], [27.169854, 88.66729], [27.169938, 88.666886], [27.16999, 88.666627], [27.169948, 88.666413], [27.169935, 88.666074], [27.169941, 88.665881], [27.170058, 88.665372], [27.170035, 88.665245], [27.170087, 88.665048], [27.170136, 88.664917], [27.170207, 88.664732], [27.17021, 88.664557], [27.170194, 88.664419], [27.170259, 88.664259], [27.170291, 88.664015], [27.1702, 88.663767], [27.170023, 88.663595], [27.170003, 88.663569], [27.16998, 88.663526], [27.16998, 88.663477], [27.170001, 88.663434], [27.170011, 88.663412], [27.170064, 88.663362], [27.170123, 88.66328], [27.170255, 88.663185], [27.170353, 88.663072], [27.170391, 88.662985], [27.170466, 88.662788], [27.170398, 88.662501], [27.170395, 88.662374], [27.170424, 88.662257], [27.170466, 88.662017], [27.170498, 88.661802], [27.170641, 88.661599], [27.170848, 88.661489], [27.170951, 88.661409], [27.170974, 88.661311], [27.171067, 88.661169], [27.171097, 88.661118], [27.171252, 88.660958], [27.171327, 88.660762], [27.171401, 88.660689], [27.171489, 88.660631], [27.171657, 88.660391], [27.171825, 88.660307], [27.172082, 88.660266], [27.172184, 88.660263], [27.172228, 88.660249], [27.172255, 88.660211], [27.172255, 88.660163], [27.172249, 88.660125], [27.172233, 88.660016], [27.172172, 88.659623], [27.172104, 88.659324], [27.172, 88.65919], [27.171858, 88.659077], [27.171798, 88.659086], [27.171759, 88.659087], [27.171745, 88.659087], [27.17172, 88.659083], [27.171702, 88.659065], [27.171693, 88.659042], [27.171694, 88.659025], [27.171705, 88.65898], [27.171712, 88.658926], [27.171719, 88.658891], [27.171732, 88.658655], [27.171767, 88.658491], [27.171864, 88.658426], [27.171944, 88.658422], [27.171964, 88.658398], [27.171963, 88.658367], [27.171926, 88.658346], [27.171887, 88.658331], [27.171869, 88.658301], [27.171874, 88.658247], [27.171897, 88.65821], [27.171929, 88.658186], [27.171984, 88.658073], [27.171994, 88.657902], [27.171923, 88.657625], [27.171745, 88.657352], [27.171524, 88.65705], [27.171376, 88.656963], [27.17123, 88.656905], [27.171142, 88.656792], [27.171107, 88.656595], [27.171117, 88.656381], [27.171204, 88.656257], [27.17133, 88.656159], [27.171492, 88.65601], [27.171716, 88.655814], [27.171845, 88.655704], [27.171868, 88.6556], [27.171842, 88.655527], [27.171778, 88.65547], [27.171656, 88.655422], [27.171528, 88.655224], [27.171482, 88.654896], [27.171495, 88.654634], [27.171586, 88.654379], [27.171673, 88.654248], [27.17179, 88.654198], [27.171845, 88.654088], [27.171848, 88.653954], [27.171897, 88.653761], [27.171945, 88.653524], [27.171932, 88.653346], [27.171923, 88.653201], [27.171955, 88.653048], [27.172052, 88.652666], [27.172117, 88.652262], [27.172149, 88.651796], [27.172146, 88.651545], [27.172152, 88.651294], [27.172139, 88.651039], [27.172201, 88.650868], [27.172318, 88.650712], [27.172441, 88.650585], [27.172491, 88.65055], [27.17253, 88.650514], [27.172539, 88.650476], [27.172525, 88.650434], [27.172489, 88.650425], [27.172417, 88.650463], [27.172337, 88.650512], [27.172315, 88.650522], [27.172278, 88.650536], [27.172226, 88.650544], [27.172187, 88.650531], [27.172157, 88.650505], [27.172142, 88.650451], [27.172135, 88.650383], [27.172237, 88.650038], [27.172282, 88.649602], [27.172224, 88.649424], [27.172127, 88.649213], [27.17211, 88.649071], [27.172146, 88.648863], [27.172385, 88.648219], [27.172534, 88.647692], [27.172725, 88.647521], [27.172878, 88.647291], [27.172942, 88.647029], [27.17291, 88.646709], [27.172958, 88.646516], [27.173125, 88.646019], [27.173172, 88.645932], [27.17321, 88.645852], [27.173281, 88.645758], [27.173377, 88.645726], [27.173477, 88.645715], [27.173692, 88.645908], [27.173768, 88.645916], [27.174197, 88.645725], [27.174299, 88.645575], [27.174315, 88.645486], [27.174496, 88.645318], [27.174616, 88.645219], [27.174679, 88.645171], [27.174726, 88.645141], [27.174739, 88.64509], [27.174727, 88.645027], [27.174651, 88.644978], [27.17447, 88.644902], [27.174326, 88.644835], [27.174424, 88.644782], [27.174661, 88.644694], [27.17482, 88.644585], [27.174989, 88.644326], [27.175208, 88.644128], [27.175424, 88.643999], [27.175917, 88.643623], [27.176109, 88.643376], [27.176201, 88.643287], [27.176341, 88.643184], [27.176578, 88.643067], [27.176703, 88.64298], [27.176831, 88.642812], [27.176949, 88.642693], [27.177103, 88.642579], [27.177279, 88.642486], [27.177389, 88.642435], [27.17745, 88.642375], [27.17747, 88.642287], [27.177463, 88.642156], [27.177458, 88.641997], [27.177519, 88.641795], [27.177586, 88.641623], [27.177636, 88.641425], [27.177679, 88.64117], [27.177687, 88.640957], [27.177708, 88.640673], [27.177719, 88.640451], [27.177796, 88.640355], [27.177978, 88.640313], [27.178084, 88.640247], [27.178116, 88.640169], [27.178186, 88.639948], [27.17825, 88.639594], [27.178415, 88.639342], [27.178655, 88.639216], [27.178833, 88.639159], [27.178887, 88.639136], [27.17893, 88.639087], [27.178936, 88.639013], [27.178905, 88.638897], [27.178868, 88.638581], [27.178959, 88.638161], [27.179065, 88.63788], [27.179188, 88.637706], [27.179391, 88.63752], [27.179449, 88.637451], [27.179492, 88.6374], [27.179561, 88.637304], [27.179657, 88.636951], [27.17986, 88.636633], [27.179972, 88.636243], [27.180004, 88.635944], [27.179918, 88.635728], [27.179839, 88.635374], [27.179769, 88.634919], [27.179755, 88.634867], [27.179759, 88.634812], [27.179796, 88.634751], [27.17987, 88.634703], [27.179976, 88.634585], [27.180047, 88.63452], [27.18014, 88.634463], [27.180393, 88.634396], [27.180446, 88.634382], [27.180482, 88.634337], [27.18049, 88.63427], [27.18048, 88.634192], [27.18069, 88.634193], [27.180884, 88.634199], [27.181185, 88.634348], [27.181478, 88.634352], [27.181901, 88.634165], [27.182398, 88.633966], [27.182739, 88.633833], [27.182823, 88.633795], [27.182965, 88.633732], [27.18332, 88.633511], [27.183619, 88.63318], [27.184191, 88.632536], [27.184528, 88.632186], [27.184776, 88.631907], [27.184934, 88.631562], [27.185212, 88.630976], [27.185216, 88.630361], [27.185284, 88.630011], [27.185361, 88.629713], [27.18554, 88.629358], [27.185677, 88.628906], [27.185921, 88.628575], [27.186016, 88.62831], [27.186062, 88.628071], [27.186121, 88.627797], [27.186322, 88.627591], [27.186668, 88.627466], [27.18692, 88.62737], [27.187202, 88.627087], [27.187373, 88.626837], [27.187531, 88.626463], [27.187672, 88.626194], [27.187872, 88.62603], [27.188013, 88.625776], [27.188, 88.625541], [27.188009, 88.625181], [27.188099, 88.624801], [27.188291, 88.624556], [27.1885, 88.624475], [27.18858, 88.624466], [27.188641, 88.624489], [27.18867, 88.624537], [27.18868, 88.62459], [27.18862, 88.624796], [27.188526, 88.624979], [27.188513, 88.625363], [27.18868, 88.625795], [27.188838, 88.626045], [27.189094, 88.6264], [27.189209, 88.626943], [27.189188, 88.627255], [27.189239, 88.627351], [27.189277, 88.627416], [27.18934, 88.627461], [27.189393, 88.627457], [27.189433, 88.627437], [27.189457, 88.627394], [27.189495, 88.627274], [27.189499, 88.627126], [27.189423, 88.626962], [27.189316, 88.626823], [27.189303, 88.626631], [27.18926, 88.625392], [27.189282, 88.625118], [27.189478, 88.624917], [27.189917, 88.624386], [27.189986, 88.624391], [27.190023, 88.624416], [27.190045, 88.624451], [27.190051, 88.624499], [27.190045, 88.624542], [27.190038, 88.624575], [27.18974, 88.624848], [27.189697, 88.625003], [27.189831, 88.626146], [27.18994, 88.626382], [27.190341, 88.627004], [27.190413, 88.627165], [27.190475, 88.627787], [27.190613, 88.62812], [27.190918, 88.62842], [27.191544, 88.628748], [27.191744, 88.62871], [27.19183, 88.628721], [27.191987, 88.628871], [27.192288, 88.629375], [27.192329, 88.629405], [27.192359, 88.629423], [27.192395, 88.629417], [27.192412, 88.629381], [27.192414, 88.629342], [27.192297, 88.629128], [27.191925, 88.628501], [27.19182, 88.628399], [27.191644, 88.628361], [27.191381, 88.628308], [27.191066, 88.628061], [27.190828, 88.627648], [27.190828, 88.627315], [27.190981, 88.626393], [27.190985, 88.62577], [27.190895, 88.625384], [27.190871, 88.62508], [27.19089, 88.625009], [27.190911, 88.62498], [27.190972, 88.624961], [27.191028, 88.624967], [27.191071, 88.625007], [27.1911, 88.625076], [27.191081, 88.625239], [27.191109, 88.625545], [27.191243, 88.626065], [27.191291, 88.626548], [27.19119, 88.626865], [27.191152, 88.627192], [27.191224, 88.627353], [27.191844, 88.627793], [27.19234, 88.627954], [27.19256, 88.627937], [27.193037, 88.627793], [27.193304, 88.627492], [27.1936, 88.627149], [27.193963, 88.626822], [27.194239, 88.626757], [27.194521, 88.626789], [27.194854, 88.626818], [27.1949, 88.626808], [27.194921, 88.626789], [27.194936, 88.626758], [27.194933, 88.626714], [27.194912, 88.626677], [27.194875, 88.626669], [27.194693, 88.626666], [27.194197, 88.62657], [27.193977, 88.626586], [27.193619, 88.626666], [27.193462, 88.626784], [27.192918, 88.626999], [27.192779, 88.627015], [27.192717, 88.626972], [27.192696, 88.626943], [27.192691, 88.626885], [27.192698, 88.626816], [27.192722, 88.626596], [27.192717, 88.626264], [27.192717, 88.62599], [27.192622, 88.625749], [27.192488, 88.625363], [27.192255, 88.624724], [27.192183, 88.624252], [27.192259, 88.624075], [27.192431, 88.623807], [27.192455, 88.62356], [27.192364, 88.623308], [27.192197, 88.623158], [27.19204, 88.622981], [27.192021, 88.622777], [27.19203, 88.622283], [27.192049, 88.622192], [27.192062, 88.622153], [27.192083, 88.622112], [27.192142, 88.622087], [27.192182, 88.622096], [27.192224, 88.622136], [27.19224, 88.622214], [27.192235, 88.622493], [27.192293, 88.62282], [27.192517, 88.623126], [27.192722, 88.62348], [27.19308, 88.624225], [27.193214, 88.624612], [27.193385, 88.625062], [27.193557, 88.625175], [27.193867, 88.625368], [27.194068, 88.625346], [27.19433, 88.625218], [27.194688, 88.625159], [27.195098, 88.625255], [27.195309, 88.625464], [27.195381, 88.625481], [27.195431, 88.625451], [27.195463, 88.625416], [27.195469, 88.625366], [27.195158, 88.62511], [27.194612, 88.624869], [27.194464, 88.624783], [27.194101, 88.624805], [27.194026, 88.624812], [27.19391, 88.624756], [27.193888, 88.624671], [27.193901, 88.624563], [27.194049, 88.624241], [27.19401, 88.624032], [27.19363, 88.623426], [27.193344, 88.622795], [27.193458, 88.622117], [27.193365, 88.621463], [27.193374, 88.621424], [27.193394, 88.621409], [27.193439, 88.6214], [27.193473, 88.621433], [27.193496, 88.621469], [27.193565, 88.621709], [27.193587, 88.62246], [27.193673, 88.623083], [27.194016, 88.623659], [27.194167, 88.623905], [27.19425, 88.624054], [27.194335, 88.62407], [27.194403, 88.624036], [27.194431, 88.624002], [27.194444, 88.623902], [27.194424, 88.623781], [27.194332, 88.623674], [27.194194, 88.623464], [27.194145, 88.623126], [27.193991, 88.622778], [27.19397, 88.622557], [27.194026, 88.622372], [27.194144, 88.622189], [27.194199, 88.621998], [27.194166, 88.621817], [27.193903, 88.621123], [27.193901, 88.62094], [27.19394, 88.620683], [27.194122, 88.620282], [27.194209, 88.619907], [27.194402, 88.619242], [27.194316, 88.618577], [27.194467, 88.617954], [27.194656, 88.61773], [27.194755, 88.617501], [27.194789, 88.617332], [27.194767, 88.617156], [27.194695, 88.616955], [27.194617, 88.616667], [27.194531, 88.615959], [27.194209, 88.615422], [27.193973, 88.614821], [27.193801, 88.614199], [27.19363, 88.613555], [27.19348, 88.612847], [27.193458, 88.612139], [27.19348, 88.611388], [27.193587, 88.610723], [27.193716, 88.610036], [27.193887, 88.609371], [27.19408, 88.608663], [27.194381, 88.607998], [27.194502, 88.607805], [27.194569, 88.607768], [27.194626, 88.607747], [27.19469, 88.607782], [27.195007, 88.608002], [27.195886, 88.608619], [27.196222, 88.608998], [27.195888, 88.60951], [27.195799, 88.609757], [27.195814, 88.610112], [27.195893, 88.610409], [27.195892, 88.610456], [27.195851, 88.610502], [27.195811, 88.61054], [27.195736, 88.610531], [27.195695, 88.610495], [27.195663, 88.610433], [27.195622, 88.609985], [27.195608, 88.609915], [27.195574, 88.609873], [27.19552, 88.609863], [27.195444, 88.6099], [27.195411, 88.610019], [27.195395, 88.610192], [27.19542, 88.610469], [27.195492, 88.610755], [27.19564, 88.61107], [27.195819, 88.611172], [27.196152, 88.611136], [27.196446, 88.611084], [27.196794, 88.611138], [27.197216, 88.611239], [27.197305, 88.611237], [27.197343, 88.611178], [27.197356, 88.611139], [27.197358, 88.611093], [27.197355, 88.61107], [27.19734, 88.61104], [27.197138, 88.610836], [27.196905, 88.610505], [27.196619, 88.610184], [27.196328, 88.609927], [27.19624, 88.60972], [27.196224, 88.609644], [27.196218, 88.60958], [27.196227, 88.609503], [27.196255, 88.609438], [27.196307, 88.609369], [27.196365, 88.609272], [27.196476, 88.609026], [27.196616, 88.608742], [27.196711, 88.608562], [27.196847, 88.608411], [27.197161, 88.608255], [27.197292, 88.607915], [27.19736, 88.607751], [27.197417, 88.607704], [27.197465, 88.60767], [27.197516, 88.607671], [27.197548, 88.60769], [27.197576, 88.60773], [27.197583, 88.607776], [27.197549, 88.607924], [27.197436, 88.608172], [27.197361, 88.608316], [27.197251, 88.608521], [27.197146, 88.608616], [27.19704, 88.60872], [27.196867, 88.608903], [27.196713, 88.609178], [27.196729, 88.60943], [27.196853, 88.609609], [27.197031, 88.609798], [27.197255, 88.609948], [27.197442, 88.60997], [27.197619, 88.609887], [27.197914, 88.609853], [27.198361, 88.609893], [27.198411, 88.609893], [27.198442, 88.60987], [27.198457, 88.609829], [27.198458, 88.609787], [27.198451, 88.609747], [27.198424, 88.609714], [27.198393, 88.609695], [27.198353, 88.609686], [27.198045, 88.609669], [27.19785, 88.609663], [27.197608, 88.609642], [27.197436, 88.609612], [27.197306, 88.609612], [27.19717, 88.609484], [27.19713, 88.609335], [27.197162, 88.609186], [27.197257, 88.609052], [27.197442, 88.608956], [27.197592, 88.60885], [27.197825, 88.608661], [27.198074, 88.608524], [27.198336, 88.608127], [27.198794, 88.607682], [27.199084, 88.607386], [27.199168, 88.607284], [27.199248, 88.607141], [27.199283, 88.606997], [27.199277, 88.606843], [27.199166, 88.606075], [27.199154, 88.605947], [27.19916, 88.605863], [27.199203, 88.605796], [27.199246, 88.605788], [27.199294, 88.6058], [27.19932, 88.60584], [27.19934, 88.605933], [27.19941, 88.606402], [27.199705, 88.607188], [27.199688, 88.60755], [27.199598, 88.607776], [27.199334, 88.607979], [27.199256, 88.608101], [27.199187, 88.608273], [27.199106, 88.608604], [27.199113, 88.608714], [27.199144, 88.60881], [27.199241, 88.608953], [27.199546, 88.609186], [27.199696, 88.609194], [27.200116, 88.609039], [27.200769, 88.608999], [27.201261, 88.608717], [27.201874, 88.608441], [27.202508, 88.608435], [27.202883, 88.608575], [27.203377, 88.608677], [27.2042, 88.609213], [27.204381, 88.609355], [27.204846, 88.609192], [27.20493, 88.609176], [27.205, 88.609189], [27.20507, 88.609248], [27.205144, 88.609666], [27.205669, 88.610002], [27.207007, 88.609742], [27.207317, 88.610058], [27.207448, 88.610137], [27.207542, 88.610146], [27.207575, 88.61011], [27.207573, 88.610047], [27.207534, 88.610004], [27.207476, 88.609947], [27.207303, 88.609868], [27.207184, 88.609656], [27.20705, 88.609562], [27.206914, 88.609513], [27.205867, 88.609613], [27.205688, 88.609481], [27.205545, 88.609084], [27.205516, 88.608666], [27.205473, 88.608592], [27.205411, 88.608564], [27.205316, 88.608573], [27.20524, 88.608622], [27.204949, 88.60876], [27.204663, 88.608712], [27.20393, 88.608384], [27.203749, 88.608103], [27.202799, 88.607716], [27.202606, 88.607555], [27.202184, 88.607443], [27.201039, 88.607896], [27.200867, 88.607869], [27.200741, 88.607776], [27.200697, 88.607679], [27.200678, 88.607581], [27.200676, 88.607317], [27.200781, 88.607081], [27.200817, 88.607032], [27.200876, 88.607007], [27.200974, 88.606965], [27.202093, 88.607177], [27.202682, 88.607062], [27.203625, 88.607352], [27.204183, 88.60762], [27.204784, 88.607845], [27.205614, 88.607453], [27.205721, 88.607437], [27.205853, 88.607478], [27.20595, 88.607594], [27.206222, 88.608108], [27.206926, 88.608261], [27.207389, 88.608068], [27.207823, 88.608234], [27.208782, 88.608663], [27.209221, 88.608859], [27.209779, 88.608722], [27.210266, 88.608983], [27.210683, 88.609464], [27.210838, 88.609559], [27.210998, 88.609572], [27.211616, 88.609433], [27.212222, 88.609398], [27.212522, 88.609304], [27.212771, 88.609286], [27.213026, 88.608982], [27.213326, 88.608902], [27.213596, 88.608883], [27.214013, 88.608575], [27.214249, 88.608473], [27.214498, 88.608596], [27.214655, 88.608551], [27.214707, 88.608406], [27.214683, 88.608304], [27.214645, 88.608253], [27.214572, 88.608191], [27.214494, 88.608163], [27.214244, 88.608151], [27.213457, 88.608435], [27.212794, 88.608454], [27.212215, 88.608803], [27.212, 88.608891], [27.211406, 88.609012], [27.211308, 88.60895], [27.211322, 88.608835], [27.211394, 88.608746], [27.211687, 88.608787], [27.212136, 88.608519], [27.212291, 88.608331], [27.21226, 88.608135], [27.212162, 88.608038], [27.211878, 88.608052], [27.211415, 88.607824], [27.210523, 88.607982], [27.210428, 88.607893], [27.210469, 88.607759], [27.210607, 88.607631], [27.210922, 88.607534], [27.211561, 88.607534], [27.211835, 88.6077], [27.212026, 88.607751], [27.212174, 88.607652], [27.212172, 88.607496], [27.212045, 88.607443], [27.211761, 88.607464], [27.211494, 88.607266], [27.210812, 88.606957], [27.210402, 88.606955], [27.21012, 88.607091], [27.209937, 88.60704], [27.20972, 88.60678], [27.208897, 88.606375], [27.208651, 88.606362], [27.20836, 88.606123], [27.208043, 88.606104], [27.207224, 88.605906], [27.207086, 88.605748], [27.207054, 88.605564], [27.207029, 88.605351], [27.206983, 88.605238], [27.206868, 88.605133], [27.206184, 88.604777], [27.205919, 88.604777], [27.205357, 88.604911], [27.205025, 88.604863], [27.204488, 88.604779], [27.204188, 88.604573], [27.204087, 88.60442], [27.203861, 88.604254], [27.203739, 88.604058], [27.203743, 88.603891], [27.203818, 88.603825], [27.203876, 88.603827], [27.20393, 88.603851], [27.204013, 88.603946], [27.204118, 88.604146], [27.204252, 88.604305], [27.204758, 88.604428], [27.205242, 88.604487], [27.205936, 88.604425], [27.206566, 88.604104], [27.207011, 88.603987], [27.207119, 88.603979], [27.207272, 88.603994], [27.207469, 88.604089], [27.207897, 88.604538], [27.208141, 88.604729], [27.208816, 88.604619], [27.209438, 88.604812], [27.211265, 88.605209], [27.211602, 88.605327], [27.212119, 88.605249], [27.212198, 88.60515], [27.212143, 88.60501], [27.211468, 88.604973], [27.211225, 88.604669], [27.211046, 88.604354], [27.210965, 88.604258], [27.210894, 88.604213], [27.2108, 88.604206], [27.210373, 88.604313], [27.209968, 88.604125], [27.208407, 88.603564], [27.208274, 88.603484], [27.208079, 88.6032], [27.207303, 88.602939], [27.2067, 88.60298], [27.205903, 88.602548], [27.2055, 88.602451], [27.205273, 88.60225], [27.205173, 88.601995], [27.204928, 88.601925], [27.20487, 88.60184], [27.204858, 88.601735], [27.204877, 88.601628], [27.204975, 88.6015], [27.204988, 88.601431], [27.20497, 88.60136], [27.204933, 88.601279], [27.20486, 88.601231], [27.204787, 88.601216], [27.204331, 88.601327], [27.204161, 88.601207], [27.204028, 88.601014], [27.203827, 88.600963], [27.203507, 88.600948], [27.20337, 88.60092], [27.203331, 88.600889], [27.203305, 88.600831], [27.203312, 88.600772], [27.203337, 88.600733], [27.20338, 88.600717], [27.203715, 88.60076], [27.20445, 88.600536], [27.204541, 88.600526], [27.204586, 88.600537], [27.204623, 88.600605], [27.20464, 88.600667], [27.204665, 88.600828], [27.204698, 88.600877], [27.20477, 88.600909], [27.205075, 88.60078], [27.20534, 88.600717], [27.205449, 88.600692], [27.205523, 88.600708], [27.205577, 88.600745], [27.205635, 88.600818], [27.206685, 88.602196], [27.206769, 88.602292], [27.206841, 88.602336], [27.207048, 88.602408], [27.207537, 88.602414], [27.208119, 88.602269], [27.209226, 88.602526], [27.211439, 88.602822], [27.212227, 88.602532], [27.212775, 88.602017], [27.212887, 88.601952], [27.213004, 88.601915], [27.213099, 88.601912], [27.213231, 88.601966], [27.214145, 88.602226], [27.214627, 88.60198], [27.214719, 88.601975], [27.214812, 88.602006], [27.214888, 88.602049], [27.214971, 88.602125], [27.21524, 88.602726], [27.21532, 88.602835], [27.215451, 88.602929], [27.216053, 88.603256], [27.216547, 88.603685], [27.21704, 88.603363], [27.217113, 88.603265], [27.217133, 88.603159], [27.21712, 88.603118], [27.217082, 88.603076], [27.217028, 88.603068], [27.21696, 88.603081], [27.216558, 88.603476], [27.216499, 88.6035], [27.216458, 88.603497], [27.216449, 88.603444], [27.216804, 88.603084], [27.217147, 88.602548], [27.217492, 88.602348], [27.217587, 88.602281], [27.217603, 88.602235], [27.217599, 88.602184], [27.217574, 88.602128], [27.217534, 88.602097], [27.217487, 88.602084], [27.21742, 88.602089], [27.217302, 88.602088], [27.217204, 88.602115], [27.217056, 88.602225], [27.216905, 88.602334], [27.216568, 88.602719], [27.216197, 88.602959], [27.216159, 88.602967], [27.216144, 88.602965], [27.216132, 88.602953], [27.216125, 88.602934], [27.216126, 88.602908], [27.216157, 88.602868], [27.216504, 88.60244], [27.216773, 88.602301], [27.216988, 88.602038], [27.217216, 88.60177], [27.217512, 88.601703], [27.217984, 88.601325], [27.218564, 88.601003], [27.218971, 88.600488], [27.219443, 88.600016], [27.219669, 88.599867], [27.219794, 88.599659], [27.219931, 88.599538], [27.220323, 88.599333], [27.220367, 88.599279], [27.220374, 88.599239], [27.220367, 88.599206], [27.220358, 88.599167], [27.220345, 88.599143], [27.220324, 88.599125], [27.220284, 88.599108], [27.220256, 88.599106], [27.220108, 88.59915], [27.219886, 88.599324], [27.21948, 88.599734], [27.219242, 88.599876], [27.218767, 88.600378], [27.218538, 88.600491], [27.217937, 88.600568], [27.217579, 88.600756], [27.216942, 88.600684], [27.216763, 88.600697], [27.216692, 88.60066], [27.216673, 88.600599], [27.216675, 88.600563], [27.216691, 88.600526], [27.216713, 88.6005], [27.216733, 88.600485], [27.216773, 88.600469], [27.216839, 88.600471], [27.21719, 88.600574], [27.217634, 88.600571], [27.218035, 88.600375], [27.218498, 88.600008], [27.219168, 88.599423], [27.21947, 88.598946], [27.219802, 88.598693], [27.220027, 88.598519], [27.220076, 88.598454], [27.2201, 88.598356], [27.22011, 88.598249], [27.219979, 88.597355], [27.219984, 88.59731], [27.219982, 88.597079], [27.22, 88.597014], [27.220029, 88.596969], [27.220064, 88.596937], [27.220117, 88.59692], [27.220448, 88.596891], [27.221422, 88.597022], [27.221968, 88.597433], [27.222085, 88.597717], [27.22215, 88.597804], [27.222211, 88.597839], [27.222299, 88.597854], [27.222367, 88.597838], [27.222427, 88.597806], [27.222543, 88.597669], [27.223051, 88.597175], [27.223249, 88.59676], [27.223766, 88.596167], [27.223926, 88.595684], [27.224369, 88.595311], [27.22456, 88.594989], [27.224707, 88.594828], [27.224811, 88.594783], [27.224918, 88.594769], [27.225085, 88.594767], [27.22539, 88.594649], [27.225753, 88.594616], [27.225882, 88.594643], [27.225975, 88.594675], [27.226137, 88.594783], [27.226287, 88.594785], [27.226418, 88.594694], [27.226585, 88.594595], [27.226676, 88.594504], [27.226824, 88.594472], [27.227007, 88.594501], [27.227234, 88.594482], [27.227756, 88.594544], [27.227868, 88.594611], [27.227911, 88.594673], [27.227947, 88.594834], [27.22815, 88.595279], [27.228226, 88.595365], [27.228341, 88.595408], [27.228799, 88.595542], [27.229138, 88.595703], [27.229631, 88.595622], [27.230435, 88.596089], [27.230797, 88.596309], [27.230997, 88.596328], [27.231157, 88.596314], [27.232777, 88.596273], [27.232822, 88.596263], [27.232871, 88.59624], [27.232901, 88.596204], [27.232908, 88.596145], [27.232992, 88.596144], [27.233046, 88.596147], [27.233153, 88.596151], [27.233268, 88.59621], [27.233347, 88.596239], [27.233432, 88.596263], [27.233504, 88.596261], [27.23363, 88.596218], [27.233742, 88.596177], [27.233833, 88.596145], [27.233909, 88.596151], [27.23401, 88.59618], [27.234083, 88.596194], [27.234167, 88.596202], [27.234246, 88.596204], [27.234329, 88.596226], [27.234396, 88.596269], [27.23447, 88.596344], [27.234591, 88.596454], [27.234677, 88.59647], [27.234775, 88.596483], [27.234875, 88.596481], [27.235006, 88.596462], [27.235102, 88.596464], [27.235223, 88.596497], [27.235321, 88.59651], [27.235433, 88.59647], [27.235591, 88.596395], [27.235684, 88.596397], [27.23581, 88.596478], [27.235913, 88.596593], [27.236032, 88.596668], [27.236158, 88.596727], [27.236266, 88.596832], [27.236342, 88.596918], [27.236437, 88.597028], [27.236528, 88.597097], [27.236638, 88.59717], [27.236764, 88.597173], [27.236864, 88.597151], [27.236964, 88.59717], [27.237067, 88.597248], [27.237217, 88.597376], [27.237346, 88.597513], [27.237425, 88.59762], [27.23746, 88.597669], [27.237475, 88.59776], [27.237441, 88.597851], [27.237346, 88.597897], [27.23727, 88.597929], [27.237174, 88.597991], [27.237127, 88.598079], [27.237131, 88.598184], [27.237167, 88.598377], [27.23726, 88.598543], [27.237391, 88.598637], [27.237549, 88.598726], [27.237718, 88.598763], [27.237854, 88.598793], [27.238011, 88.59879], [27.238171, 88.598744], [27.238314, 88.598712], [27.238436, 88.59872], [27.238591, 88.598777], [27.238698, 88.598836], [27.23892, 88.598962], [27.239018, 88.598991], [27.239118, 88.599023], [27.239187, 88.599053], [27.239225, 88.599064], [27.239254, 88.59912], [27.23927, 88.599227], [27.239244, 88.599294], [27.239168, 88.599329], [27.239042, 88.599326], [27.238946, 88.59931], [27.238867, 88.599289], [27.238786, 88.5993], [27.238703, 88.599385], [27.238705, 88.599479], [27.238762, 88.5996], [27.238784, 88.599739], [27.238827, 88.599874], [27.238856, 88.600005], [27.23886, 88.600163], [27.23886, 88.600163], [27.238798, 88.600249], [27.238677, 88.600284], [27.2386, 88.600319], [27.238522, 88.60041], [27.238379, 88.600627], [27.238243, 88.600877], [27.238107, 88.601086], [27.238061, 88.601231], [27.238088, 88.60137], [27.238164, 88.601601], [27.238209, 88.601756], [27.238219, 88.601853], [27.238185, 88.601955], [27.238116, 88.601998], [27.238016, 88.601966], [27.237914, 88.601912], [27.237797, 88.601877], [27.237661, 88.60184], [27.237525, 88.601821], [27.237417, 88.601778], [27.237336, 88.601756], [27.237022, 88.601692], [27.236867, 88.601644], [27.236685, 88.601585], [27.236549, 88.601523], [27.236416, 88.601435], [27.236268, 88.6013], [27.236208, 88.601228], [27.236149, 88.601156], [27.236089, 88.601105], [27.236022, 88.601072], [27.235946, 88.601067], [27.235889, 88.601102], [27.235853, 88.601185], [27.23586, 88.601365], [27.235858, 88.601515], [27.235832, 88.601673], [27.235805, 88.601799], [27.235801, 88.601917], [27.235789, 88.60206], [27.235719, 88.602226], [27.235657, 88.602381], [27.235603, 88.602521], [27.235514, 88.60273], [27.235417, 88.602859], [27.235252, 88.602974], [27.23504, 88.603089], [27.234859, 88.603232], [27.234744, 88.603326], [27.234656, 88.603427], [27.234558, 88.603511], [27.234432, 88.603562], [27.234291, 88.603583], [27.234186, 88.603599], [27.234026, 88.603672], [27.233731, 88.603808], [27.233599, 88.603881], [27.233528, 88.603983], [27.233454, 88.604109], [27.233378, 88.604176], [27.23327, 88.604254], [27.233163, 88.604296], [27.23301, 88.60431], [27.232862, 88.604331], [27.232781, 88.604364], [27.232707, 88.604431], [27.2327, 88.604514], [27.232755, 88.604594], [27.232927, 88.604731], [27.233227, 88.604956], [27.233361, 88.605037], [27.233657, 88.605174], [27.233809, 88.605294], [27.233998, 88.605436], [27.234229, 88.605538], [27.234336, 88.605605], [27.234427, 88.605681], [27.234527, 88.605815], [27.234646, 88.605892], [27.23488, 88.605965], [27.235076, 88.60608], [27.235283, 88.606236], [27.235433, 88.606367], [27.235579, 88.606531], [27.235674, 88.606694], [27.235777, 88.606812], [27.235913, 88.606898], [27.23601, 88.606955], [27.236108, 88.60704], [27.236187, 88.60715], [27.236237, 88.607279], [27.236304, 88.607421], [27.236411, 88.607475], [27.236547, 88.607507], [27.236673, 88.607526], [27.23679, 88.607585], [27.236898, 88.6077], [27.236988, 88.607842], [27.237086, 88.607944], [27.237227, 88.607993], [27.237348, 88.608017], [27.237446, 88.608073], [27.237539, 88.608204], [27.237673, 88.60839], [27.23779, 88.608564], [27.237849, 88.608687], [27.237935, 88.608768], [27.238061, 88.608827], [27.238238, 88.608945], [27.238355, 88.609079], [27.238472, 88.609208], [27.238581, 88.609328], [27.238684, 88.609497], [27.238782, 88.609648], [27.238932, 88.609841], [27.239025, 88.609967], [27.239058, 88.610095], [27.23913, 88.610262], [27.239213, 88.610447], [27.239311, 88.610567], [27.239402, 88.610677], [27.239454, 88.610793], [27.239492, 88.610927], [27.239559, 88.611013], [27.239654, 88.611107], [27.239738, 88.6112], [27.239902, 88.61138], [27.239962, 88.611471], [27.240036, 88.611579], [27.240127, 88.611651], [27.240208, 88.611622], [27.240286, 88.611557], [27.240375, 88.611514], [27.240503, 88.611509], [27.240625, 88.611565], [27.240711, 88.611683], [27.24071, 88.611654], [27.240674, 88.611476], [27.240618, 88.611373], [27.240436, 88.611257], [27.240229, 88.611306], [27.240098, 88.611345], [27.239966, 88.611263], [27.239944, 88.611097], [27.239861, 88.610898], [27.239708, 88.610783], [27.239619, 88.610703], [27.239537, 88.610598], [27.239477, 88.610488], [27.239398, 88.610369], [27.239372, 88.610258], [27.239294, 88.610081], [27.239285, 88.609873], [27.2392, 88.609653], [27.23917, 88.609388], [27.239117, 88.609249], [27.239109, 88.609074], [27.239085, 88.608867], [27.239, 88.608651], [27.238849, 88.608485], [27.238657, 88.608425], [27.238556, 88.608288], [27.238512, 88.608084], [27.238509, 88.607609], [27.238528, 88.607398], [27.238481, 88.607126], [27.238408, 88.607024], [27.238312, 88.606979], [27.23808, 88.607005], [27.237958, 88.607022], [27.237763, 88.606952], [27.237508, 88.606803], [27.237249, 88.606583], [27.236984, 88.606325], [27.236591, 88.605916], [27.23623, 88.605777], [27.236024, 88.605687], [27.235865, 88.60551], [27.23575, 88.605117], [27.235597, 88.604912], [27.235546, 88.604678], [27.235617, 88.604027], [27.235709, 88.603472], [27.235842, 88.603359], [27.23601, 88.603273], [27.236246, 88.603162], [27.236619, 88.603316], [27.236834, 88.603498], [27.23703, 88.60391], [27.237138, 88.604098], [27.23727, 88.604195], [27.237685, 88.604259], [27.238017, 88.604092], [27.238242, 88.603955], [27.238358, 88.603968], [27.238574, 88.604066], [27.238757, 88.604019], [27.238925, 88.603989], [27.239063, 88.60405], [27.239378, 88.604443], [27.239457, 88.604471], [27.239523, 88.604438], [27.239683, 88.604269], [27.239927, 88.604237], [27.239961, 88.60413], [27.240118, 88.603743], [27.240366, 88.603515], [27.240697, 88.603276], [27.240938, 88.603049], [27.241017, 88.602964], [27.241077, 88.602838], [27.241121, 88.602693], [27.24119, 88.602486], [27.241252, 88.602348], [27.241271, 88.602227], [27.241269, 88.602061], [27.241296, 88.601893], [27.241359, 88.601805], [27.24154, 88.601617], [27.241706, 88.601536], [27.241781, 88.601466], [27.2418, 88.60135], [27.241783, 88.601153], [27.24181, 88.600945], [27.241937, 88.600627], [27.242007, 88.600423], [27.242078, 88.60008], [27.242041, 88.599937], [27.242058, 88.59977], [27.242119, 88.599656], [27.242227, 88.599618], [27.242432, 88.599591], [27.242569, 88.599548], [27.242886, 88.599415], [27.24299, 88.59935], [27.243004, 88.599135], [27.243111, 88.599001], [27.243247, 88.598889], [27.243327, 88.598596], [27.243394, 88.598163], [27.243435, 88.598278], [27.243448, 88.598447], [27.24346, 88.598635], [27.24346, 88.598777], [27.243481, 88.598889], [27.243574, 88.5991], [27.243634, 88.599242], [27.24367, 88.599348], [27.243677, 88.599427], [27.243676, 88.599647], [27.24366, 88.599884], [27.243644, 88.600104], [27.243629, 88.600364], [27.243617, 88.600591], [27.243637, 88.600826], [27.243711, 88.60102], [27.243795, 88.601125], [27.243885, 88.601192], [27.244111, 88.601414], [27.244143, 88.601534], [27.244078, 88.601804], [27.244018, 88.602098], [27.243991, 88.602387], [27.243902, 88.60261], [27.243884, 88.602682], [27.243882, 88.602756], [27.243902, 88.60285], [27.243956, 88.602932], [27.244039, 88.603029], [27.244076, 88.603107], [27.244097, 88.603174], [27.244125, 88.603385], [27.244158, 88.60349], [27.244289, 88.603709], [27.244408, 88.603908], [27.244459, 88.604224], [27.244368, 88.604443], [27.244335, 88.604663], [27.244467, 88.604965], [27.244542, 88.605496], [27.244689, 88.605806], [27.244843, 88.605922], [27.244944, 88.606117], [27.245012, 88.606419], [27.245104, 88.60655], [27.245403, 88.606728], [27.245569, 88.606876], [27.245662, 88.607084], [27.245796, 88.607322], [27.245942, 88.607399], [27.246228, 88.607461], [27.246392, 88.607544], [27.246588, 88.607695], [27.246712, 88.607725], [27.246832, 88.607695], [27.246918, 88.607617], [27.246996, 88.607393], [27.247028, 88.607234], [27.247101, 88.607122], [27.247206, 88.607057], [27.247327, 88.607036], [27.247514, 88.607109], [27.247751, 88.607343], [27.247822, 88.607375], [27.247915, 88.607402], [27.248082, 88.607466], [27.248327, 88.60758], [27.248509, 88.60771], [27.248605, 88.607794], [27.248669, 88.607852], [27.248721, 88.607882], [27.24878, 88.607901], [27.248822, 88.607891], [27.24885, 88.607858], [27.24886, 88.607805], [27.248852, 88.607742], [27.248824, 88.60769], [27.248766, 88.607648], [27.248563, 88.607552], [27.248256, 88.607405], [27.247806, 88.607091], [27.247564, 88.606867], [27.247473, 88.606814], [27.247362, 88.606776], [27.24726, 88.60679], [27.246798, 88.606857], [27.246507, 88.60684], [27.246191, 88.606733], [27.245916, 88.606574], [27.24572, 88.606303], [27.245356, 88.605875], [27.245312, 88.605821], [27.245277, 88.605764], [27.245268, 88.605732], [27.245265, 88.605687], [27.245276, 88.605626], [27.245294, 88.60558], [27.24573, 88.605166], [27.245908, 88.605009], [27.245946, 88.604964], [27.245962, 88.604905], [27.245968, 88.604852], [27.245963, 88.604812], [27.245898, 88.604405], [27.245798, 88.604005], [27.24579, 88.603928], [27.245735, 88.603748], [27.245714, 88.603625], [27.245738, 88.60351], [27.245767, 88.603333], [27.245738, 88.60318], [27.245618, 88.603035], [27.24539, 88.602809], [27.245322, 88.602708], [27.245314, 88.602661], [27.245337, 88.60242], [27.245238, 88.602152], [27.245251, 88.601963], [27.245371, 88.601586], [27.245393, 88.601527], [27.245581, 88.601245], [27.245604, 88.601103], [27.24559, 88.60098], [27.245555, 88.600902], [27.24549, 88.60081], [27.245363, 88.600573], [27.245342, 88.60039], [27.245365, 88.600187], [27.245393, 88.600087], [27.245465, 88.599994], [27.245561, 88.599941], [27.245743, 88.599857], [27.245858, 88.599796], [27.245918, 88.599714], [27.245946, 88.599625], [27.245993, 88.599446], [27.246038, 88.599388], [27.246089, 88.599348], [27.246194, 88.599321], [27.246426, 88.599265], [27.246627, 88.599039], [27.246848, 88.598553], [27.247113, 88.598371], [27.247245, 88.598207], [27.247324, 88.598082], [27.247439, 88.598036], [27.247538, 88.597999], [27.247571, 88.597969], [27.247617, 88.597885], [27.247635, 88.597822], [27.24766, 88.597688], [27.247681, 88.59759], [27.247703, 88.597539], [27.247739, 88.597502], [27.247785, 88.597461], [27.247926, 88.597436], [27.248138, 88.597434], [27.248312, 88.597427], [27.248398, 88.597384], [27.248494, 88.597303], [27.248677, 88.59705], [27.248763, 88.596674], [27.248926, 88.596309], [27.24914, 88.59614], [27.24929, 88.596018], [27.249439, 88.595775], [27.24952, 88.595664], [27.249681, 88.595626], [27.250137, 88.595686], [27.250472, 88.595736], [27.250729, 88.595734], [27.250947, 88.595715], [27.250992, 88.595738], [27.251021, 88.595768], [27.25103, 88.595794], [27.251028, 88.595852], [27.251004, 88.595891], [27.250907, 88.59595], [27.250843, 88.595967], [27.250806, 88.595964], [27.250773, 88.595953], [27.25067, 88.595911], [27.250616, 88.595902], [27.250371, 88.595878], [27.250056, 88.595842], [27.249819, 88.59579], [27.24961, 88.595963], [27.24938, 88.596249], [27.249211, 88.59653], [27.249194, 88.596715], [27.249062, 88.597187], [27.248868, 88.597338], [27.248605, 88.597679], [27.248431, 88.597751], [27.248261, 88.597862], [27.248187, 88.597992], [27.248087, 88.598229], [27.247957, 88.598449], [27.247778, 88.598655], [27.247552, 88.598974], [27.247431, 88.599386], [27.247315, 88.59961], [27.247149, 88.599838], [27.246998, 88.600018], [27.246866, 88.60028], [27.246792, 88.600416], [27.246717, 88.600709], [27.246675, 88.600966], [27.246651, 88.601109], [27.246599, 88.601376], [27.246608, 88.601538], [27.246611, 88.601662], [27.246648, 88.601735], [27.246666, 88.601777], [27.246789, 88.601903], [27.246859, 88.601998], [27.24687, 88.602088], [27.246862, 88.602155], [27.246854, 88.602298], [27.246864, 88.602374], [27.246875, 88.602471], [27.246898, 88.602514], [27.246975, 88.602612], [27.247152, 88.602815], [27.247208, 88.603077], [27.247248, 88.603396], [27.24725, 88.604018], [27.247249, 88.604474], [27.247275, 88.604586], [27.247315, 88.604654], [27.247364, 88.604694], [27.247528, 88.604767], [27.247662, 88.604807], [27.247734, 88.604803], [27.247784, 88.604781], [27.247852, 88.604739], [27.247931, 88.604706], [27.247992, 88.604691], [27.248036, 88.604688], [27.248075, 88.604695], [27.248135, 88.604728], [27.248391, 88.604964], [27.248651, 88.605223], [27.24879, 88.605251], [27.248983, 88.605186], [27.249248, 88.605129], [27.249481, 88.605069], [27.249741, 88.605112], [27.249987, 88.605217], [27.250078, 88.605243], [27.25027, 88.605297], [27.250384, 88.605325], [27.250475, 88.605385], [27.250563, 88.605536], [27.250672, 88.605735], [27.250789, 88.605868], [27.250807, 88.605884], [27.250826, 88.605893], [27.250847, 88.605894], [27.250867, 88.605885], [27.250881, 88.605861], [27.250886, 88.60584], [27.250879, 88.605788], [27.250844, 88.605695], [27.250701, 88.605394], [27.250561, 88.605161], [27.250432, 88.605076], [27.250289, 88.604919], [27.250161, 88.604642], [27.250021, 88.604549], [27.249746, 88.604412], [27.249502, 88.604328], [27.249363, 88.60434], [27.249216, 88.604392], [27.249102, 88.604477], [27.248792, 88.604511], [27.248701, 88.604479], [27.248739, 88.604409], [27.248928, 88.604306], [27.249105, 88.604279], [27.249331, 88.604193], [27.249538, 88.604106], [27.24974, 88.604059], [27.249971, 88.604043], [27.25006, 88.604083], [27.250214, 88.604193], [27.250362, 88.604273], [27.250659, 88.604436], [27.251005, 88.604533], [27.25124, 88.604649], [27.2514, 88.604763], [27.251465, 88.604926], [27.251521, 88.605149], [27.251595, 88.605279], [27.25172, 88.605433], [27.251809, 88.605686], [27.251847, 88.605856], [27.251924, 88.606096], [27.252064, 88.606206], [27.252399, 88.606353], [27.252834, 88.606563], [27.252905, 88.606636], [27.252946, 88.606716], [27.252956, 88.606786], [27.252943, 88.606885], [27.252884, 88.606997], [27.252722, 88.607213], [27.252476, 88.60767], [27.252434, 88.60791], [27.252399, 88.6081], [27.252363, 88.60834], [27.25237, 88.608375], [27.252387, 88.608413], [27.252406, 88.608437], [27.252426, 88.608451], [27.25246, 88.608455], [27.252493, 88.608445], [27.252512, 88.608414], [27.252527, 88.608369], [27.252553, 88.60826], [27.252586, 88.607997], [27.252659, 88.607803], [27.252778, 88.607663], [27.252911, 88.607563], [27.253014, 88.607472], [27.253101, 88.60737], [27.253163, 88.60728], [27.253314, 88.60717], [27.253539, 88.607071], [27.253587, 88.60703], [27.253614, 88.606967], [27.253623, 88.606904], [27.25361, 88.606837], [27.253578, 88.606736], [27.253543, 88.6065], [27.253593, 88.606253], [27.253898, 88.605793], [27.253955, 88.6054], [27.253975, 88.605186], [27.253928, 88.605066], [27.253786, 88.604949], [27.25367, 88.604909], [27.253501, 88.604779], [27.253409, 88.604706], [27.253228, 88.604413], [27.253065, 88.604306], [27.252852, 88.604233], [27.25258, 88.60417], [27.252509, 88.604134], [27.252461, 88.604086], [27.252339, 88.603929], [27.252302, 88.603876], [27.252284, 88.60382], [27.252283, 88.603769], [27.252309, 88.603717], [27.252353, 88.603694], [27.252397, 88.603694], [27.252449, 88.603709], [27.252695, 88.603872], [27.252917, 88.603933], [27.253252, 88.603986], [27.253486, 88.604086], [27.253649, 88.604199], [27.253895, 88.604306], [27.254058, 88.604313], [27.254224, 88.604255], [27.25428, 88.604243], [27.254361, 88.604233], [27.254427, 88.60424], [27.254505, 88.604288], [27.254593, 88.604365], [27.254676, 88.604375], [27.254708, 88.604346], [27.254716, 88.604312], [27.254689, 88.604245], [27.254655, 88.604193], [27.25461, 88.604125], [27.254512, 88.604037], [27.254473, 88.604008], [27.254414, 88.603958], [27.254365, 88.603912], [27.254322, 88.603859], [27.25432, 88.603819], [27.254343, 88.60378], [27.254416, 88.603754], [27.254518, 88.603768], [27.254595, 88.603795], [27.254665, 88.603835], [27.254816, 88.60397], [27.254927, 88.604034], [27.254967, 88.604045], [27.254994, 88.604045], [27.255019, 88.604037], [27.255032, 88.60402], [27.255039, 88.603995], [27.255038, 88.603972], [27.255016, 88.603841], [27.255, 88.603795], [27.254968, 88.603761], [27.254848, 88.603651], [27.254714, 88.603562], [27.254635, 88.603492], [27.254616, 88.603452], [27.254612, 88.603432], [27.254616, 88.603417], [27.254626, 88.603406], [27.254644, 88.603396], [27.25467, 88.603385], [27.254802, 88.60339], [27.255041, 88.603516], [27.255173, 88.603574], [27.255259, 88.60359], [27.255278, 88.603589], [27.255295, 88.603577], [27.255307, 88.603561], [27.25531, 88.603546], [27.255309, 88.603527], [27.255299, 88.603508], [27.255243, 88.60343], [27.25504, 88.603313], [27.254952, 88.603232], [27.254945, 88.603221], [27.254942, 88.603203], [27.254943, 88.603187], [27.254948, 88.603175], [27.254955, 88.603166], [27.254972, 88.603159], [27.254995, 88.603161], [27.255422, 88.603216], [27.255476, 88.603237], [27.255505, 88.603261], [27.255533, 88.603297], [27.255572, 88.603398], [27.25564, 88.603507], [27.25572, 88.603593], [27.25573, 88.603766], [27.25566, 88.603996], [27.255637, 88.604183], [27.255647, 88.604554], [27.255725, 88.604653], [27.255841, 88.60469], [27.256177, 88.604796], [27.256259, 88.604757], [27.256323, 88.604659], [27.256313, 88.60451], [27.256244, 88.604344], [27.256268, 88.604185], [27.256374, 88.60409], [27.256419, 88.60393], [27.256401, 88.603785], [27.25635, 88.603619], [27.256262, 88.603334], [27.25619, 88.603148], [27.256151, 88.602914], [27.256223, 88.602687], [27.256353, 88.602466], [27.256579, 88.602341], [27.256726, 88.602341], [27.257076, 88.602439], [27.257763, 88.602458], [27.258087, 88.602392], [27.258388, 88.602316], [27.258474, 88.602333], [27.258562, 88.602309], [27.258646, 88.602257], [27.25881, 88.602128], [27.258976, 88.602077], [27.259098, 88.602097], [27.259204, 88.602209], [27.259286, 88.602355], [27.259351, 88.60245], [27.259526, 88.60248], [27.259672, 88.602541], [27.259766, 88.602614], [27.259799, 88.602684], [27.259921, 88.602791], [27.26005, 88.602787], [27.260396, 88.602563], [27.260586, 88.602229], [27.260683, 88.602017], [27.260841, 88.601615], [27.260934, 88.601531], [27.261136, 88.601446], [27.26132, 88.601441], [27.261573, 88.601415], [27.261757, 88.601329], [27.261918, 88.601175], [27.261992, 88.601087], [27.262088, 88.601026], [27.262196, 88.600936], [27.262248, 88.600848], [27.26229, 88.600717], [27.262305, 88.600634], [27.262355, 88.60051], [27.2624, 88.600439], [27.262495, 88.600404], [27.262615, 88.600438], [27.262834, 88.600553], [27.263064, 88.600663], [27.263093, 88.600698], [27.263099, 88.600751], [27.263099, 88.600892], [27.263139, 88.600987], [27.263204, 88.601015], [27.263349, 88.601052], [27.263414, 88.601045], [27.263572, 88.600924], [27.26375, 88.600722], [27.263875, 88.600516], [27.263991, 88.600373], [27.264229, 88.600226], [27.264351, 88.600183], [27.264436, 88.600055], [27.264595, 88.59988], [27.265098, 88.599658], [27.265387, 88.599548], [27.26561, 88.599511], [27.265768, 88.59946], [27.265938, 88.599373], [27.266029, 88.599338], [27.266206, 88.599151], [27.266289, 88.599063], [27.266355, 88.599007], [27.26644, 88.598901], [27.266476, 88.598755], [27.266432, 88.598604], [27.266381, 88.598526], [27.266333, 88.598448], [27.266327, 88.598367], [27.266363, 88.598292], [27.266438, 88.59825], [27.266563, 88.598226], [27.266767, 88.598177], [27.267109, 88.597987], [27.267211, 88.597887], [27.267325, 88.597677], [27.267399, 88.59744], [27.267612, 88.597103], [27.267688, 88.596808], [27.267698, 88.596716], [27.267889, 88.596493], [27.268104, 88.59638], [27.268262, 88.59622], [27.268404, 88.596045], [27.268522, 88.595729], [27.268532, 88.595554], [27.268532, 88.595415], [27.26856, 88.595328], [27.268722, 88.595074], [27.268724, 88.595012], [27.268705, 88.594962], [27.26869, 88.594806], [27.268709, 88.594511], [27.268709, 88.594358], [27.268698, 88.59414], [27.268683, 88.593915], [27.2687, 88.593761], [27.268724, 88.593697], [27.268828, 88.593637], [27.268928, 88.593623], [27.269087, 88.593613], [27.26925, 88.593629], [27.26939, 88.59368], [27.269449, 88.59375], [27.269494, 88.593975], [27.269557, 88.594193], [27.269557, 88.594434], [27.269569, 88.594648], [27.269614, 88.594746], [27.269625, 88.594804], [27.269763, 88.595105], [27.269973, 88.595412], [27.270015, 88.59543], [27.270061, 88.595428], [27.270092, 88.595381], [27.270079, 88.595232], [27.269853, 88.594751], [27.269832, 88.594379], [27.269866, 88.594103], [27.269885, 88.59388], [27.269841, 88.593641], [27.269828, 88.593441], [27.269844, 88.593403], [27.269891, 88.593387], [27.269935, 88.593399], [27.269984, 88.593477], [27.270018, 88.593657], [27.270012, 88.593864], [27.270016, 88.594134], [27.27003, 88.594476], [27.270084, 88.594752], [27.270203, 88.594927], [27.270294, 88.595016], [27.270481, 88.595324], [27.270521, 88.595426], [27.270538, 88.595523], [27.270576, 88.595681], [27.270646, 88.595797], [27.270715, 88.59602], [27.27087, 88.596374], [27.271097, 88.596889], [27.271196, 88.597167], [27.271221, 88.597318], [27.271265, 88.597501], [27.271335, 88.597568], [27.27144, 88.597582], [27.271496, 88.59752], [27.271567, 88.597303], [27.2716, 88.597176], [27.271564, 88.597106], [27.271608, 88.596972], [27.271637, 88.596884], [27.271689, 88.596725], [27.271628, 88.596511], [27.271625, 88.596361], [27.271717, 88.596204], [27.271923, 88.595963], [27.272124, 88.595748], [27.272452, 88.595625], [27.272651, 88.595589], [27.272826, 88.59548], [27.273015, 88.595412], [27.273238, 88.595398], [27.27347, 88.595406], [27.273649, 88.595468], [27.273845, 88.595545], [27.274058, 88.595628], [27.274332, 88.59579], [27.275353, 88.596277], [27.275591, 88.596319], [27.275683, 88.596306], [27.275991, 88.596141], [27.276142, 88.596083], [27.277208, 88.596096], [27.277853, 88.596102], [27.278185, 88.596137], [27.278332, 88.596282], [27.278716, 88.596774], [27.278968, 88.596963], [27.279257, 88.597077], [27.279487, 88.597047], [27.279712, 88.597016], [27.27987, 88.597038], [27.279995, 88.597048], [27.280142, 88.59711], [27.280332, 88.597282], [27.280402, 88.597345], [27.28079, 88.597684], [27.280971, 88.597747], [27.28124, 88.597731], [27.281609, 88.597762], [27.281695, 88.597777], [27.282134, 88.597701], [27.282193, 88.59766], [27.282217, 88.597564], [27.282048, 88.597204], [27.281838, 88.596971], [27.281771, 88.59688], [27.281765, 88.59681], [27.281794, 88.596717], [27.281957, 88.596574], [27.2823, 88.596027], [27.282549, 88.595532], [27.282614, 88.595291], [27.282644, 88.594984], [27.282726, 88.594687], [27.282962, 88.59433], [27.283136, 88.594146], [27.283463, 88.594012], [27.283855, 88.594024], [27.284286, 88.5941], [27.284849, 88.59438], [27.285171, 88.594383], [27.285298, 88.594406], [27.285475, 88.594541], [27.285721, 88.594655], [27.286165, 88.594783], [27.286375, 88.594809], [27.286705, 88.59471], [27.286868, 88.594596], [27.287027, 88.594319], [27.287107, 88.594249], [27.287187, 88.594234], [27.287275, 88.594268], [27.287456, 88.594344], [27.288452, 88.594881], [27.288775, 88.595077], [27.289128, 88.595294], [27.289737, 88.595771], [27.29013, 88.596052], [27.290323, 88.596101], [27.290367, 88.59607], [27.290401, 88.596022], [27.290423, 88.595955], [27.290564, 88.595528], [27.290625, 88.59529], [27.290699, 88.595128], [27.290787, 88.595058], [27.29093, 88.595027], [27.291073, 88.595037], [27.291242, 88.595131], [27.29129, 88.595212], [27.291313, 88.595336], [27.291357, 88.595399], [27.291426, 88.595414], [27.291547, 88.595347], [27.291595, 88.595313], [27.291773, 88.595191], [27.292073, 88.594918], [27.292207, 88.594751], [27.292378, 88.594398], [27.292434, 88.594206], [27.292415, 88.593992], [27.292394, 88.593899], [27.292411, 88.593748], [27.292457, 88.593657], [27.292526, 88.59355], [27.292524, 88.593431], [27.292489, 88.593275], [27.292445, 88.593015], [27.292403, 88.59265], [27.292358, 88.592302], [27.292323, 88.59217], [27.292296, 88.591999], [27.292309, 88.591867], [27.292358, 88.591732], [27.292437, 88.591649], [27.292635, 88.591485], [27.2929, 88.591287], [27.293234, 88.591205], [27.293317, 88.59122], [27.293391, 88.591205], [27.293468, 88.591167], [27.293522, 88.591116], [27.293586, 88.590995], [27.293649, 88.590917], [27.293729, 88.590851], [27.293871, 88.590802], [27.294039, 88.590719], [27.294552, 88.590554], [27.294721, 88.590505], [27.294809, 88.590462], [27.294872, 88.590384], [27.29499, 88.590063], [27.295044, 88.589959], [27.29527, 88.589723], [27.295323, 88.589639], [27.295352, 88.589542], [27.295386, 88.589126], [27.295408, 88.589023], [27.295491, 88.588824], [27.295517, 88.588718], [27.295522, 88.588603], [27.295526, 88.588419], [27.295543, 88.588178], [27.295575, 88.588087], [27.295621, 88.58803], [27.295683, 88.587995], [27.295775, 88.587978], [27.296018, 88.588006], [27.296262, 88.587999], [27.296495, 88.587918], [27.296707, 88.5878], [27.29686, 88.587745], [27.297009, 88.587764], [27.297134, 88.587813], [27.297269, 88.587929], [27.297336, 88.588018], [27.297374, 88.58806], [27.297403, 88.588074], [27.297433, 88.588072], [27.297456, 88.588061], [27.297495, 88.588012], [27.297545, 88.587927], [27.29761, 88.587795], [27.297675, 88.587723], [27.29776, 88.587649], [27.29788, 88.587591], [27.298006, 88.587564], [27.298158, 88.587568], [27.298315, 88.587627], [27.298508, 88.587779], [27.298768, 88.587988], [27.298863, 88.588061], [27.299059, 88.58825], [27.299356, 88.588594], [27.299475, 88.588643], [27.299777, 88.588689], [27.300113, 88.588821], [27.300516, 88.588912], [27.301027, 88.58897], [27.30129, 88.588956], [27.301516, 88.588896], [27.301739, 88.588795], [27.301971, 88.588635], [27.302107, 88.588501], [27.3023, 88.588233], [27.30248, 88.588043], [27.302652, 88.587901], [27.302946, 88.587838], [27.303188, 88.587888], [27.303301, 88.587911], [27.303488, 88.587948], [27.303641, 88.588208], [27.30372, 88.588472], [27.303882, 88.588935], [27.303953, 88.589035], [27.304063, 88.589022], [27.304301, 88.588929], [27.304535, 88.588814], [27.304702, 88.588662], [27.304833, 88.588486], [27.305038, 88.588288], [27.305213, 88.588278], [27.305506, 88.588353], [27.305746, 88.588488], [27.306017, 88.588574], [27.306299, 88.58854], [27.306459, 88.588539], [27.30669, 88.58855], [27.306895, 88.588688], [27.307011, 88.58879], [27.307148, 88.588795], [27.307291, 88.588681], [27.3074, 88.588325], [27.307592, 88.588141], [27.30769, 88.588087], [27.307866, 88.588145], [27.308082, 88.588285], [27.308185, 88.588313], [27.30835, 88.588281], [27.308651, 88.588169], [27.30882, 88.588169], [27.308979, 88.588216], [27.309099, 88.588375], [27.309229, 88.588634], [27.30933, 88.588909], [27.309537, 88.589244], [27.30966, 88.589416], [27.309796, 88.589457], [27.309943, 88.589466], [27.310127, 88.589438], [27.310266, 88.589399], [27.310343, 88.589382], [27.310844, 88.589037], [27.311122, 88.5889], [27.311289, 88.588839], [27.311396, 88.588809], [27.311534, 88.588843], [27.311583, 88.588874], [27.311667, 88.588927], [27.311777, 88.589043], [27.311878, 88.589234], [27.312014, 88.589526], [27.312178, 88.58988], [27.312272, 88.590184], [27.312312, 88.590364], [27.31236, 88.590707], [27.312387, 88.590972], [27.312371, 88.591241], [27.312279, 88.591541], [27.312188, 88.591987], [27.312089, 88.592331], [27.312051, 88.592493], [27.312091, 88.59264], [27.312308, 88.592834], [27.312472, 88.592874], [27.312644, 88.592896], [27.312799, 88.593001], [27.313011, 88.593287], [27.313207, 88.593475], [27.313368, 88.593662], [27.313492, 88.593838], [27.313593, 88.593996], [27.313806, 88.594327], [27.313963, 88.594555], [27.314118, 88.594832], [27.314181, 88.594926], [27.314284, 88.59508], [27.314413, 88.595348], [27.314549, 88.595508], [27.314818, 88.59564], [27.315066, 88.595722], [27.315274, 88.595714], [27.315415, 88.595628], [27.315523, 88.595551], [27.315697, 88.595516], [27.315966, 88.595489], [27.316112, 88.595511], [27.316154, 88.595518], [27.316197, 88.595533], [27.316229, 88.595551], [27.316262, 88.59558], [27.316383, 88.595693], [27.31661, 88.595884], [27.316736, 88.595863], [27.316967, 88.595833], [27.317183, 88.595801], [27.317346, 88.595813], [27.317478, 88.59588], [27.317593, 88.596016], [27.317631, 88.596216], [27.317469, 88.596204], [27.317305, 88.596161], [27.317164, 88.596163], [27.317018, 88.596151], [27.316595, 88.596236], [27.316562, 88.596243], [27.31619, 88.596318], [27.315858, 88.59636], [27.31557, 88.596384], [27.315465, 88.596432], [27.315421, 88.596524], [27.315324, 88.596663], [27.315178, 88.596905], [27.314975, 88.597139], [27.314853, 88.597181], [27.31468, 88.597162], [27.314552, 88.597201], [27.314177, 88.597228], [27.313984, 88.597213], [27.313814, 88.5972], [27.313504, 88.59718], [27.313274, 88.59706], [27.313014, 88.59687], [27.312885, 88.596657], [27.312879, 88.596445], [27.312889, 88.596251], [27.312819, 88.596065], [27.312738, 88.595958], [27.312582, 88.595841], [27.312177, 88.595624], [27.311882, 88.595482], [27.311566, 88.59539], [27.311195, 88.595296], [27.310923, 88.595213], [27.31068, 88.595154], [27.31034, 88.59515], [27.310201, 88.595166], [27.310106, 88.595145], [27.310057, 88.595134], [27.309973, 88.59507], [27.309761, 88.595058], [27.309542, 88.594967], [27.309376, 88.594948], [27.309191, 88.594806], [27.308994, 88.594781], [27.3089, 88.594764], [27.308782, 88.594746], [27.308622, 88.594663], [27.308148, 88.594397], [27.307831, 88.594186], [27.307495, 88.593924], [27.307413, 88.59386], [27.306902, 88.593527], [27.30684, 88.593533], [27.30681, 88.593564], [27.306787, 88.593631], [27.306809, 88.593696], [27.307071, 88.593909], [27.30745, 88.59426], [27.307662, 88.594495], [27.307716, 88.594575], [27.307908, 88.594902], [27.308021, 88.595179], [27.308246, 88.595477], [27.308434, 88.595665], [27.308545, 88.595791], [27.308783, 88.596002], [27.308972, 88.59616], [27.309062, 88.596281], [27.309117, 88.596357], [27.309306, 88.596563], [27.309492, 88.596831], [27.309705, 88.59697], [27.309781, 88.597026], [27.310014, 88.597177], [27.310241, 88.597302], [27.310503, 88.597423], [27.31069, 88.597555], [27.310845, 88.597654], [27.311012, 88.597772], [27.311246, 88.597964], [27.311456, 88.59813], [27.311565, 88.598282], [27.311701, 88.598465], [27.311903, 88.598681], [27.312144, 88.598908], [27.312385, 88.599127], [27.312616, 88.599368], [27.312773, 88.599549], [27.313077, 88.599905], [27.313261, 88.600233], [27.313319, 88.600312], [27.313417, 88.600447], [27.313495, 88.600567], [27.313714, 88.600773], [27.314003, 88.600951], [27.314126, 88.601045], [27.314269, 88.601178], [27.314488, 88.601287], [27.314606, 88.601395], [27.314787, 88.601648], [27.314824, 88.601702], [27.314886, 88.601716], [27.314954, 88.601668], [27.315308, 88.601377], [27.315868, 88.601005], [27.316129, 88.600844], [27.316423, 88.600842], [27.316633, 88.600943], [27.316826, 88.60107], [27.316888, 88.60111], [27.317291, 88.601376], [27.317332, 88.601456], [27.317325, 88.601578], [27.317291, 88.601684], [27.317274, 88.601795], [27.317312, 88.601927], [27.317428, 88.602063], [27.317626, 88.602265], [27.317765, 88.602427], [27.317918, 88.602593], [27.318075, 88.602791], [27.318389, 88.603194], [27.318566, 88.603367], [27.318695, 88.603401], [27.318756, 88.603417], [27.318982, 88.603431], [27.319116, 88.603452], [27.31925, 88.603599], [27.319368, 88.60378], [27.319422, 88.603967], [27.319514, 88.604299], [27.319554, 88.604544], [27.319576, 88.60488], [27.319708, 88.605109], [27.319793, 88.605247], [27.319831, 88.60537], [27.319952, 88.605503], [27.320156, 88.605626], [27.320338, 88.605735], [27.320484, 88.605735], [27.32065, 88.605855], [27.320708, 88.606053], [27.320924, 88.606314], [27.321004, 88.606401], [27.3212, 88.606544], [27.321343, 88.606678], [27.321626, 88.60692], [27.322039, 88.607387], [27.321794, 88.607407], [27.321373, 88.607005], [27.321038, 88.606771], [27.320548, 88.606719], [27.320099, 88.606668], [27.319779, 88.60654], [27.319529, 88.606356], [27.319033, 88.605989], [27.31879, 88.605721], [27.318543, 88.605455], [27.318079, 88.604763], [27.317979, 88.604579], [27.317704, 88.604339], [27.317508, 88.604208], [27.317368, 88.604232], [27.317346, 88.604353], [27.317461, 88.604554], [27.317656, 88.60482], [27.317944, 88.605326], [27.318025, 88.605689], [27.318092, 88.606112], [27.318126, 88.606458], [27.318147, 88.606555], [27.318194, 88.606771], [27.318245, 88.606963], [27.318384, 88.60733], [27.318612, 88.607617], [27.319517, 88.608564], [27.319821, 88.608839], [27.320166, 88.608932], [27.320379, 88.608982], [27.320948, 88.608807], [27.321246, 88.608824], [27.321515, 88.608891], [27.321742, 88.609009], [27.32213, 88.609303], [27.322322, 88.609425], [27.322584, 88.609593], [27.323047, 88.609806], [27.323156, 88.609852], [27.323377, 88.609922], [27.324105, 88.610081], [27.32485, 88.610205], [27.325068, 88.610193], [27.325246, 88.610124], [27.325583, 88.610025], [27.326018, 88.610029], [27.326269, 88.610039], [27.32712, 88.610257], [27.327161, 88.610275], [27.327195, 88.610313], [27.327226, 88.610365], [27.327217, 88.610445], [27.327023, 88.610954], [27.32697, 88.611144], [27.326947, 88.611305], [27.326965, 88.611342], [27.326977, 88.611369], [27.327019, 88.611424], [27.327058, 88.611479], [27.327111, 88.611524], [27.327378, 88.611618], [27.327535, 88.61164], [27.327993, 88.611714], [27.328308, 88.611707], [27.328519, 88.611687], [27.3286, 88.611676], [27.32873, 88.61169], [27.329042, 88.611761], [27.329068, 88.611767], [27.329385, 88.611857], [27.329442, 88.611873], [27.329611, 88.611927], [27.329942, 88.612057], [27.329976, 88.612076], [27.330084, 88.612146], [27.330217, 88.612271], [27.330297, 88.612384], [27.330311, 88.612412], [27.330324, 88.612439], [27.330367, 88.6126], [27.330433, 88.612851], [27.330521, 88.613243], [27.330579, 88.613435], [27.330699, 88.613526], [27.330968, 88.613708], [27.331325, 88.613772], [27.331393, 88.613814]]}]}